time_s,serving_AP,BER_AP0,BER_AP1,BER_AP2,BER_AP3,BER_AP4,BER_AP5,BER_AP6,BER_AP7,BER_AP8,BER_AP9,BER_AP10,BER_AP11,BER_AP12,BER_AP13,BER_AP14,BER_AP15,BER_AP16,BER_AP17,Reff_AP0_Mbps,Reff_AP1_Mbps,Reff_AP2_Mbps,Reff_AP3_Mbps,Reff_AP4_Mbps,Reff_AP5_Mbps,Reff_AP6_Mbps,Reff_AP7_Mbps,Reff_AP8_Mbps,Reff_AP9_Mbps,Reff_AP10_Mbps,Reff_AP11_Mbps,Reff_AP12_Mbps,Reff_AP13_Mbps,Reff_AP14_Mbps,Reff_AP15_Mbps,Reff_AP16_Mbps,Reff_AP17_Mbps
0.000000e+00,8,5.000000e-01,5.000000e-01,5.000000e-01,5.000000e-01,5.000000e-01,5.000000e-01,5.000000e-01,5.000000e-01,8.887908e-03,8.887908e-03,5.000000e-01,5.000000e-01,5.000000e-01,5.000000e-01,5.000000e-01,5.000000e-01,5.000000e-01,5.000000e-01,0.000000e+00,0.000000e+00,0.000000e+00,0.000000e+00,0.000000e+00,0.000000e+00,0.000000e+00,0.000000e+00,2.373237e-04,2.373237e-04,0.000000e+00,0.000000e+00,0.000000e+00,0.000000e+00,0.000000e+00,0.000000e+00,0.000000e+00,0.000000e+00
1.000000e-01,9,5.000000e-01,5.000000e-01,5.000000e-01,5.000000e-01,5.000000e-01,5.000000e-01,5.000000e-01,5.000000e-01,2.316748e-02,2.443442e-03,5.000000e-01,5.000000e-01,5.000000e-01,5.000000e-01,5.000000e-01,5.000000e-01,5.000000e-01,5.000000e-01,0.000000e+00,0.000000e+00,0.000000e+00,0.000000e+00,0.000000e+00,0.000000e+00,0.000000e+00,0.000000e+00,2.153813e-09,4.237830e-02,0.000000e+00,0.000000e+00,0.000000e+00,0.000000e+00,0.000000e+00,0.000000e+00,0.000000e+00,0.000000e+00
2.000000e-01,9,5.000000e-01,5.000000e-01,5.000000e-01,5.000000e-01,5.000000e-01,5.000000e-01,5.000000e-01,5.000000e-01,4.719660e-02,4.304787e-04,5.000000e-01,5.000000e-01,5.000000e-01,5.000000e-01,5.000000e-01,5.000000e-01,5.000000e-01,5.000000e-01,0.000000e+00,0.000000e+00,0.000000e+00,0.000000e+00,0.000000e+00,0.000000e+00,0.000000e+00,0.000000e+00,0.000000e+00,2.125815e-01,0.000000e+00,0.000000e+00,0.000000e+00,0.000000e+00,0.000000e+00,0.000000e+00,0.000000e+00,0.000000e+00
3.000000e-01,9,5.000000e-01,5.000000e-01,5.000000e-01,5.000000e-01,5.000000e-01,5.000000e-01,5.000000e-01,5.000000e-01,5.000000e-01,4.231057e-05,5.000000e-01,5.000000e-01,5.000000e-01,5.000000e-01,5.000000e-01,5.000000e-01,5.000000e-01,5.000000e-01,0.000000e+00,0.000000e+00,0.000000e+00,0.000000e+00,0.000000e+00,0.000000e+00,0.000000e+00,0.000000e+00,0.000000e+00,2.900152e-01,0.000000e+00,0.000000e+00,0.000000e+00,0.000000e+00,0.000000e+00,0.000000e+00,0.000000e+00,0.000000e+00
4.000000e-01,9,5.000000e-01,5.000000e-01,5.000000e-01,5.000000e-01,5.000000e-01,5.000000e-01,5.000000e-01,5.000000e-01,5.000000e-01,1.970809e-06,5.000000e-01,5.000000e-01,5.000000e-01,5.000000e-01,5.000000e-01,5.000000e-01,5.000000e-01,5.000000e-01,0.000000e+00,0.000000e+00,0.000000e+00,0.000000e+00,0.000000e+00,0.000000e+00,0.000000e+00,0.000000e+00,0.000000e+00,2.995274e-01,0.000000e+00,0.000000e+00,0.000000e+00,0.000000e+00,0.000000e+00,0.000000e+00,0.000000e+00,0.000000e+00
5.000000e-01,9,5.000000e-01,5.000000e-01,5.000000e-01,5.000000e-01,5.000000e-01,5.000000e-01,5.000000e-01,5.000000e-01,5.000000e-01,3.640922e-08,5.000000e-01,5.000000e-01,5.000000e-01,5.000000e-01,5.000000e-01,5.000000e-01,5.000000e-01,5.000000e-01,0.000000e+00,0.000000e+00,0.000000e+00,0.000000e+00,0.000000e+00,0.000000e+00,0.000000e+00,0.000000e+00,0.000000e+00,2.999913e-01,0.000000e+00,0.000000e+00,0.000000e+00,0.000000e+00,0.000000e+00,0.000000e+00,0.000000e+00,0.000000e+00
6.000000e-01,9,5.000000e-01,5.000000e-01,5.000000e-01,5.000000e-01,5.000000e-01,5.000000e-01,5.000000e-01,5.000000e-01,5.000000e-01,2.244919e-10,5.000000e-01,5.000000e-01,5.000000e-01,5.000000e-01,5.000000e-01,5.000000e-01,5.000000e-01,5.000000e-01,0.000000e+00,0.000000e+00,0.000000e+00,0.000000e+00,0.000000e+00,0.000000e+00,0.000000e+00,0.000000e+00,0.000000e+00,2.999999e-01,0.000000e+00,0.000000e+00,0.000000e+00,0.000000e+00,0.000000e+00,0.000000e+00,0.000000e+00,0.000000e+00
7.000000e-01,9,5.000000e-01,5.000000e-01,5.000000e-01,5.000000e-01,5.000000e-01,5.000000e-01,5.000000e-01,5.000000e-01,5.000000e-01,4.044171e-13,5.000000e-01,5.000000e-01,5.000000e-01,5.000000e-01,5.000000e-01,5.000000e-01,5.000000e-01,5.000000e-01,0.000000e+00,0.000000e+00,0.000000e+00,0.000000e+00,0.000000e+00,0.000000e+00,0.000000e+00,0.000000e+00,0.000000e+00,3.000000e-01,0.000000e+00,0.000000e+00,0.000000e+00,0.000000e+00,0.000000e+00,0.000000e+00,0.000000e+00,0.000000e+00
8.000000e-01,9,5.000000e-01,5.000000e-01,5.000000e-01,5.000000e-01,5.000000e-01,5.000000e-01,5.000000e-01,5.000000e-01,5.000000e-01,2.033855e-16,5.000000e-01,5.000000e-01,5.000000e-01,5.000000e-01,5.000000e-01,5.000000e-01,5.000000e-01,5.000000e-01,0.000000e+00,0.000000e+00,0.000000e+00,0.000000e+00,0.000000e+00,0.000000e+00,0.000000e+00,0.000000e+00,0.000000e+00,3.000000e-01,0.000000e+00,0.000000e+00,0.000000e+00,0.000000e+00,0.000000e+00,0.000000e+00,0.000000e+00,0.000000e+00
9.000000e-01,9,5.000000e-01,5.000000e-01,5.000000e-01,5.000000e-01,5.000000e-01,5.000000e-01,5.000000e-01,5.000000e-01,5.000000e-01,3.152716e-20,5.000000e-01,5.000000e-01,5.000000e-01,5.000000e-01,5.000000e-01,5.000000e-01,5.000000e-01,5.000000e-01,0.000000e+00,0.000000e+00,0.000000e+00,0.000000e+00,0.000000e+00,0.000000e+00,0.000000e+00,0.000000e+00,0.000000e+00,3.000000e-01,0.000000e+00,0.000000e+00,0.000000e+00,0.000000e+00,0.000000e+00,0.000000e+00,0.000000e+00,0.000000e+00
1.000000e+00,9,5.000000e-01,5.000000e-01,5.000000e-01,5.000000e-01,5.000000e-01,5.000000e-01,5.000000e-01,5.000000e-01,5.000000e-01,2.028507e-24,5.000000e-01,5.000000e-01,5.000000e-01,5.000000e-01,5.000000e-01,5.000000e-01,5.000000e-01,5.000000e-01,0.000000e+00,0.000000e+00,0.000000e+00,0.000000e+00,0.000000e+00,0.000000e+00,0.000000e+00,0.000000e+00,0.000000e+00,3.000000e-01,0.000000e+00,0.000000e+00,0.000000e+00,0.000000e+00,0.000000e+00,0.000000e+00,0.000000e+00,0.000000e+00
1.100000e+00,9,5.000000e-01,5.000000e-01,5.000000e-01,5.000000e-01,5.000000e-01,5.000000e-01,5.000000e-01,5.000000e-01,5.000000e-01,9.182495e-29,5.000000e-01,5.000000e-01,5.000000e-01,5.000000e-01,5.000000e-01,5.000000e-01,5.000000e-01,5.000000e-01,0.000000e+00,0.000000e+00,0.000000e+00,0.000000e+00,0.000000e+00,0.000000e+00,0.000000e+00,0.000000e+00,0.000000e+00,3.000000e-01,0.000000e+00,0.000000e+00,0.000000e+00,0.000000e+00,0.000000e+00,0.000000e+00,0.000000e+00,0.000000e+00
1.200000e+00,9,5.000000e-01,5.000000e-01,5.000000e-01,5.000000e-01,5.000000e-01,5.000000e-01,5.000000e-01,5.000000e-01,5.000000e-01,6.155606e-33,5.000000e-01,5.000000e-01,5.000000e-01,5.000000e-01,5.000000e-01,5.000000e-01,5.000000e-01,5.000000e-01,0.000000e+00,0.000000e+00,0.000000e+00,0.000000e+00,0.000000e+00,0.000000e+00,0.000000e+00,0.000000e+00,0.000000e+00,3.000000e-01,0.000000e+00,0.000000e+00,0.000000e+00,0.000000e+00,0.000000e+00,0.000000e+00,0.000000e+00,0.000000e+00
1.300000e+00,9,5.000000e-01,5.000000e-01,5.000000e-01,5.000000e-01,5.000000e-01,5.000000e-01,5.000000e-01,5.000000e-01,5.000000e-01,1.482314e-36,5.000000e-01,5.000000e-01,5.000000e-01,5.000000e-01,5.000000e-01,5.000000e-01,5.000000e-01,5.000000e-01,0.000000e+00,0.000000e+00,0.000000e+00,0.000000e+00,0.000000e+00,0.000000e+00,0.000000e+00,0.000000e+00,0.000000e+00,3.000000e-01,0.000000e+00,0.000000e+00,0.000000e+00,0.000000e+00,0.000000e+00,0.000000e+00,0.000000e+00,0.000000e+00
1.400000e+00,9,5.000000e-01,5.000000e-01,5.000000e-01,5.000000e-01,5.000000e-01,5.000000e-01,5.000000e-01,5.000000e-01,5.000000e-01,3.131489e-39,5.000000e-01,5.000000e-01,5.000000e-01,5.000000e-01,5.000000e-01,5.000000e-01,5.000000e-01,5.000000e-01,0.000000e+00,0.000000e+00,0.000000e+00,0.000000e+00,0.000000e+00,0.000000e+00,0.000000e+00,0.000000e+00,0.000000e+00,3.000000e-01,0.000000e+00,0.000000e+00,0.000000e+00,0.000000e+00,0.000000e+00,0.000000e+00,0.000000e+00,0.000000e+00
1.500000e+00,9,5.000000e-01,5.000000e-01,5.000000e-01,5.000000e-01,5.000000e-01,5.000000e-01,5.000000e-01,5.000000e-01,5.000000e-01,1.204217e-40,5.000000e-01,5.000000e-01,5.000000e-01,5.000000e-01,5.000000e-01,5.000000e-01,5.000000e-01,5.000000e-01,0.000000e+00,0.000000e+00,0.000000e+00,0.000000e+00,0.000000e+00,0.000000e+00,0.000000e+00,0.000000e+00,0.000000e+00,3.000000e-01,0.000000e+00,0.000000e+00,0.000000e+00,0.000000e+00,0.000000e+00,0.000000e+00,0.000000e+00,0.000000e+00
1.600000e+00,9,5.000000e-01,5.000000e-01,5.000000e-01,5.000000e-01,5.000000e-01,5.000000e-01,5.000000e-01,5.000000e-01,5.000000e-01,5.233867e-36,5.000000e-01,5.000000e-01,5.000000e-01,5.000000e-01,5.000000e-01,5.000000e-01,5.000000e-01,5.000000e-01,0.000000e+00,0.000000e+00,0.000000e+00,0.000000e+00,0.000000e+00,0.000000e+00,0.000000e+00,0.000000e+00,0.000000e+00,3.000000e-01,0.000000e+00,0.000000e+00,0.000000e+00,0.000000e+00,0.000000e+00,0.000000e+00,0.000000e+00,0.000000e+00
1.700000e+00,9,5.000000e-01,5.000000e-01,5.000000e-01,5.000000e-01,5.000000e-01,5.000000e-01,5.000000e-01,5.000000e-01,5.000000e-01,6.367198e-31,5.000000e-01,5.000000e-01,5.000000e-01,5.000000e-01,5.000000e-01,5.000000e-01,5.000000e-01,5.000000e-01,0.000000e+00,0.000000e+00,0.000000e+00,0.000000e+00,0.000000e+00,0.000000e+00,0.000000e+00,0.000000e+00,0.000000e+00,3.000000e-01,0.000000e+00,0.000000e+00,0.000000e+00,0.000000e+00,0.000000e+00,0.000000e+00,0.000000e+00,0.000000e+00
1.800000e+00,9,5.000000e-01,5.000000e-01,5.000000e-01,5.000000e-01,5.000000e-01,5.000000e-01,5.000000e-01,5.000000e-01,5.000000e-01,7.891072e-26,5.000000e-01,5.000000e-01,5.000000e-01,5.000000e-01,5.000000e-01,5.000000e-01,5.000000e-01,5.000000e-01,0.000000e+00,0.000000e+00,0.000000e+00,0.000000e+00,0.000000e+00,0.000000e+00,0.000000e+00,0.000000e+00,0.000000e+00,3.000000e-01,0.000000e+00,0.000000e+00,0.000000e+00,0.000000e+00,0.000000e+00,0.000000e+00,0.000000e+00,0.000000e+00
1.900000e+00,9,5.000000e-01,5.000000e-01,5.000000e-01,5.000000e-01,5.000000e-01,5.000000e-01,5.000000e-01,5.000000e-01,5.000000e-01,4.551468e-21,5.000000e-01,5.000000e-01,5.000000e-01,5.000000e-01,5.000000e-01,5.000000e-01,5.000000e-01,5.000000e-01,0.000000e+00,0.000000e+00,0.000000e+00,0.000000e+00,0.000000e+00,0.000000e+00,0.000000e+00,0.000000e+00,0.000000e+00,3.000000e-01,0.000000e+00,0.000000e+00,0.000000e+00,0.000000e+00,0.000000e+00,0.000000e+00,0.000000e+00,0.000000e+00
2.000000e+00,9,5.000000e-01,5.000000e-01,5.000000e-01,5.000000e-01,5.000000e-01,5.000000e-01,5.000000e-01,5.000000e-01,5.000000e-01,7.402498e-17,5.000000e-01,5.000000e-01,5.000000e-01,5.000000e-01,5.000000e-01,5.000000e-01,5.000000e-01,5.000000e-01,0.000000e+00,0.000000e+00,0.000000e+00,0.000000e+00,0.000000e+00,0.000000e+00,0.000000e+00,0.000000e+00,0.000000e+00,3.000000e-01,0.000000e+00,0.000000e+00,0.000000e+00,0.000000e+00,0.000000e+00,0.000000e+00,0.000000e+00,0.000000e+00
2.100000e+00,9,5.000000e-01,5.000000e-01,5.000000e-01,5.000000e-01,5.000000e-01,5.000000e-01,5.000000e-01,5.000000e-01,5.000000e-01,2.690200e-13,5.000000e-01,5.000000e-01,5.000000e-01,5.000000e-01,5.000000e-01,5.000000e-01,5.000000e-01,5.000000e-01,0.000000e+00,0.000000e+00,0.000000e+00,0.000000e+00,0.000000e+00,0.000000e+00,0.000000e+00,0.000000e+00,0.000000e+00,3.000000e-01,0.000000e+00,0.000000e+00,0.000000e+00,0.000000e+00,0.000000e+00,0.000000e+00,0.000000e+00,0.000000e+00
2.200000e+00,9,5.000000e-01,5.000000e-01,5.000000e-01,5.000000e-01,5.000000e-01,5.000000e-01,5.000000e-01,5.000000e-01,5.000000e-01,2.139775e-10,5.000000e-01,5.000000e-01,5.000000e-01,5.000000e-01,5.000000e-01,5.000000e-01,5.000000e-01,5.000000e-01,0.000000e+00,0.000000e+00,0.000000e+00,0.000000e+00,0.000000e+00,0.000000e+00,0.000000e+00,0.000000e+00,0.000000e+00,2.999999e-01,0.000000e+00,0.000000e+00,0.000000e+00,0.000000e+00,0.000000e+00,0.000000e+00,0.000000e+00,0.000000e+00
2.300000e+00,9,5.000000e-01,5.000000e-01,5.000000e-01,5.000000e-01,5.000000e-01,5.000000e-01,5.000000e-01,5.000000e-01,5.000000e-01,4.198581e-08,5.000000e-01,5.000000e-01,5.000000e-01,5.000000e-01,5.000000e-01,5.000000e-01,5.000000e-01,5.000000e-01,0.000000e+00,0.000000e+00,0.000000e+00,0.000000e+00,0.000000e+00,0.000000e+00,0.000000e+00,0.000000e+00,0.000000e+00,2.999899e-01,0.000000e+00,0.000000e+00,0.000000e+00,0.000000e+00,0.000000e+00,0.000000e+00,0.000000e+00,0.000000e+00
2.400000e+00,9,5.000000e-01,5.000000e-01,5.000000e-01,5.000000e-01,5.000000e-01,5.000000e-01,5.000000e-01,5.000000e-01,5.000000e-01,2.467051e-06,5.000000e-01,5.000000e-01,5.000000e-01,5.000000e-01,5.000000e-01,5.000000e-01,5.000000e-01,5.000000e-01,0.000000e+00,0.000000e+00,0.000000e+00,0.000000e+00,0.000000e+00,0.000000e+00,0.000000e+00,0.000000e+00,0.000000e+00,2.994085e-01,0.000000e+00,0.000000e+00,0.000000e+00,0.000000e+00,0.000000e+00,0.000000e+00,0.000000e+00,0.000000e+00
2.500000e+00,9,5.000000e-01,5.000000e-01,5.000000e-01,5.000000e-01,5.000000e-01,5.000000e-01,5.000000e-01,5.000000e-01,5.000000e-01,5.395545e-05,5.000000e-01,5.000000e-01,5.000000e-01,5.000000e-01,5.000000e-01,5.000000e-01,5.000000e-01,5.000000e-01,0.000000e+00,0.000000e+00,0.000000e+00,0.000000e+00,0.000000e+00,0.000000e+00,0.000000e+00,0.000000e+00,0.000000e+00,2.873259e-01,0.000000e+00,0.000000e+00,0.000000e+00,0.000000e+00,0.000000e+00,0.000000e+00,0.000000e+00,0.000000e+00
2.600000e+00,9,5.000000e-01,5.000000e-01,5.000000e-01,5.000000e-01,5.000000e-01,5.000000e-01,5.000000e-01,5.000000e-01,5.000000e-01,5.409676e-04,5.000000e-01,5.000000e-01,5.000000e-01,5.000000e-01,5.000000e-01,5.000000e-01,5.000000e-01,5.000000e-01,0.000000e+00,0.000000e+00,0.000000e+00,0.000000e+00,0.000000e+00,0.000000e+00,0.000000e+00,0.000000e+00,0.000000e+00,1.945893e-01,0.000000e+00,0.000000e+00,0.000000e+00,0.000000e+00,0.000000e+00,0.000000e+00,0.000000e+00,0.000000e+00
2.700000e+00,9,5.000000e-01,5.000000e-01,5.000000e-01,5.000000e-01,5.000000e-01,5.000000e-01,5.000000e-01,5.000000e-01,5.000000e-01,2.982786e-03,5.000000e-01,5.000000e-01,5.000000e-01,5.000000e-01,5.000000e-01,5.000000e-01,5.000000e-01,5.000000e-01,0.000000e+00,0.000000e+00,0.000000e+00,0.000000e+00,0.000000e+00,0.000000e+00,0.000000e+00,0.000000e+00,0.000000e+00,2.749455e-02,0.000000e+00,0.000000e+00,0.000000e+00,0.000000e+00,0.000000e+00,0.000000e+00,0.000000e+00,0.000000e+00
2.800000e+00,9,5.000000e-01,5.000000e-01,5.000000e-01,5.000000e-01,5.000000e-01,5.000000e-01,5.000000e-01,5.000000e-01,5.000000e-01,1.050126e-02,5.000000e-01,5.000000e-01,5.000000e-01,5.000000e-01,5.000000e-01,5.000000e-01,5.000000e-01,5.000000e-01,0.000000e+00,0.000000e+00,0.000000e+00,0.000000e+00,0.000000e+00,0.000000e+00,0.000000e+00,0.000000e+00,0.000000e+00,6.446398e-05,0.000000e+00,0.000000e+00,0.000000e+00,0.000000e+00,0.000000e+00,0.000000e+00,0.000000e+00,0.000000e+00
2.900000e+00,9,5.000000e-01,5.000000e-01,5.000000e-01,5.000000e-01,5.000000e-01,5.000000e-01,5.000000e-01,5.000000e-01,5.000000e-01,2.654137e-02,5.000000e-01,5.000000e-01,5.000000e-01,5.000000e-01,5.000000e-01,5.000000e-01,5.000000e-01,5.000000e-01,0.000000e+00,0.000000e+00,0.000000e+00,0.000000e+00,0.000000e+00,0.000000e+00,0.000000e+00,0.000000e+00,0.000000e+00,1.352447e-10,0.000000e+00,0.000000e+00,0.000000e+00,0.000000e+00,0.000000e+00,0.000000e+00,0.000000e+00,0.000000e+00
3.000000e+00,-1,5.000000e-01,5.000000e-01,5.000000e-01,5.000000e-01,5.000000e-01,5.000000e-01,5.000000e-01,5.000000e-01,5.000000e-01,5.000000e-01,5.000000e-01,5.000000e-01,5.000000e-01,5.000000e-01,5.000000e-01,5.000000e-01,5.000000e-01,5.000000e-01,0.000000e+00,0.000000e+00,0.000000e+00,0.000000e+00,0.000000e+00,0.000000e+00,0.000000e+00,0.000000e+00,0.000000e+00,0.000000e+00,0.000000e+00,0.000000e+00,0.000000e+00,0.000000e+00,0.000000e+00,0.000000e+00,0.000000e+00,0.000000e+00
3.100000e+00,9,5.000000e-01,5.000000e-01,5.000000e-01,5.000000e-01,5.000000e-01,5.000000e-01,5.000000e-01,5.000000e-01,5.000000e-01,3.112160e-02,5.000000e-01,5.000000e-01,5.000000e-01,5.000000e-01,5.000000e-01,5.000000e-01,5.000000e-01,5.000000e-01,0.000000e+00,0.000000e+00,0.000000e+00,0.000000e+00,0.000000e+00,0.000000e+00,0.000000e+00,0.000000e+00,0.000000e+00,3.108414e-12,0.000000e+00,0.000000e+00,0.000000e+00,0.000000e+00,0.000000e+00,0.000000e+00,0.000000e+00,0.000000e+00
3.200000e+00,9,5.000000e-01,5.000000e-01,5.000000e-01,5.000000e-01,5.000000e-01,5.000000e-01,5.000000e-01,5.000000e-01,5.000000e-01,1.630488e-02,5.000000e-01,5.000000e-01,5.000000e-01,5.000000e-01,5.000000e-01,5.000000e-01,5.000000e-01,5.000000e-01,0.000000e+00,0.000000e+00,0.000000e+00,0.000000e+00,0.000000e+00,0.000000e+00,0.000000e+00,0.000000e+00,0.000000e+00,5.828222e-07,0.000000e+00,0.000000e+00,0.000000e+00,0.000000e+00,0.000000e+00,0.000000e+00,0.000000e+00,0.000000e+00
3.300000e+00,9,5.000000e-01,5.000000e-01,5.000000e-01,5.000000e-01,5.000000e-01,5.000000e-01,5.000000e-01,5.000000e-01,5.000000e-01,7.425160e-03,5.000000e-01,5.000000e-01,5.000000e-01,5.000000e-01,5.000000e-01,5.000000e-01,5.000000e-01,5.000000e-01,0.000000e+00,0.000000e+00,0.000000e+00,0.000000e+00,0.000000e+00,0.000000e+00,0.000000e+00,0.000000e+00,0.000000e+00,7.722025e-04,0.000000e+00,0.000000e+00,0.000000e+00,0.000000e+00,0.000000e+00,0.000000e+00,0.000000e+00,0.000000e+00
3.400000e+00,9,5.000000e-01,5.000000e-01,5.000000e-01,5.000000e-01,5.000000e-01,5.000000e-01,5.000000e-01,5.000000e-01,5.000000e-01,2.891002e-03,5.000000e-01,5.000000e-01,5.000000e-01,5.000000e-01,5.000000e-01,5.000000e-01,5.000000e-01,5.000000e-01,0.000000e+00,0.000000e+00,0.000000e+00,0.000000e+00,0.000000e+00,0.000000e+00,0.000000e+00,0.000000e+00,0.000000e+00,2.959577e-02,0.000000e+00,0.000000e+00,0.000000e+00,0.000000e+00,0.000000e+00,0.000000e+00,0.000000e+00,0.000000e+00
3.500000e+00,9,5.000000e-01,5.000000e-01,5.000000e-01,5.000000e-01,5.000000e-01,5.000000e-01,5.000000e-01,5.000000e-01,5.000000e-01,9.527854e-04,5.000000e-01,5.000000e-01,5.000000e-01,5.000000e-01,5.000000e-01,5.000000e-01,5.000000e-01,5.000000e-01,0.000000e+00,0.000000e+00,0.000000e+00,0.000000e+00,0.000000e+00,0.000000e+00,0.000000e+00,0.000000e+00,0.000000e+00,1.399368e-01,0.000000e+00,0.000000e+00,0.000000e+00,0.000000e+00,0.000000e+00,0.000000e+00,0.000000e+00,0.000000e+00
3.600000e+00,9,5.000000e-01,5.000000e-01,5.000000e-01,5.000000e-01,5.000000e-01,5.000000e-01,5.000000e-01,5.000000e-01,5.000000e-01,2.661140e-04,5.000000e-01,5.000000e-01,5.000000e-01,5.000000e-01,5.000000e-01,5.000000e-01,5.000000e-01,5.000000e-01,0.000000e+00,0.000000e+00,0.000000e+00,0.000000e+00,0.000000e+00,0.000000e+00,0.000000e+00,0.000000e+00,0.000000e+00,2.424664e-01,0.000000e+00,0.000000e+00,0.000000e+00,0.000000e+00,0.000000e+00,0.000000e+00,0.000000e+00,0.000000e+00
3.700000e+00,9,5.000000e-01,5.000000e-01,5.000000e-01,5.000000e-01,5.000000e-01,5.000000e-01,5.000000e-01,5.000000e-01,5.000000e-01,6.410478e-05,5.000000e-01,5.000000e-01,5.000000e-01,5.000000e-01,5.000000e-01,5.000000e-01,5.000000e-01,5.000000e-01,0.000000e+00,0.000000e+00,0.000000e+00,0.000000e+00,0.000000e+00,0.000000e+00,0.000000e+00,0.000000e+00,0.000000e+00,2.850022e-01,0.000000e+00,0.000000e+00,0.000000e+00,0.000000e+00,0.000000e+00,0.000000e+00,0.000000e+00,0.000000e+00
3.800000e+00,9,5.000000e-01,5.000000e-01,5.000000e-01,5.000000e-01,5.000000e-01,5.000000e-01,5.000000e-01,5.000000e-01,5.000000e-01,1.384104e-05,5.000000e-01,5.000000e-01,5.000000e-01,5.000000e-01,5.000000e-01,5.000000e-01,5.000000e-01,5.000000e-01,0.000000e+00,0.000000e+00,0.000000e+00,0.000000e+00,0.000000e+00,0.000000e+00,0.000000e+00,0.000000e+00,0.000000e+00,2.966964e-01,0.000000e+00,0.000000e+00,0.000000e+00,0.000000e+00,0.000000e+00,0.000000e+00,0.000000e+00,0.000000e+00
3.900000e+00,9,5.000000e-01,5.000000e-01,5.000000e-01,5.000000e-01,5.000000e-01,5.000000e-01,5.000000e-01,5.000000e-01,5.000000e-01,2.849685e-06,5.000000e-01,5.000000e-01,5.000000e-01,5.000000e-01,5.000000e-01,5.000000e-01,5.000000e-01,5.000000e-01,0.000000e+00,0.000000e+00,0.000000e+00,0.000000e+00,0.000000e+00,0.000000e+00,0.000000e+00,0.000000e+00,0.000000e+00,2.993169e-01,0.000000e+00,0.000000e+00,0.000000e+00,0.000000e+00,0.000000e+00,0.000000e+00,0.000000e+00,0.000000e+00
4.000000e+00,9,5.000000e-01,5.000000e-01,5.000000e-01,5.000000e-01,5.000000e-01,5.000000e-01,5.000000e-01,5.000000e-01,5.000000e-01,6.087159e-07,5.000000e-01,5.000000e-01,5.000000e-01,5.000000e-01,5.000000e-01,5.000000e-01,5.000000e-01,5.000000e-01,0.000000e+00,0.000000e+00,0.000000e+00,0.000000e+00,0.000000e+00,0.000000e+00,0.000000e+00,0.000000e+00,0.000000e+00,2.998539e-01,0.000000e+00,0.000000e+00,0.000000e+00,0.000000e+00,0.000000e+00,0.000000e+00,0.000000e+00,0.000000e+00
4.100000e+00,9,5.000000e-01,5.000000e-01,5.000000e-01,5.000000e-01,5.000000e-01,5.000000e-01,5.000000e-01,5.000000e-01,5.000000e-01,1.492460e-07,5.000000e-01,5.000000e-01,5.000000e-01,5.000000e-01,5.000000e-01,5.000000e-01,5.000000e-01,5.000000e-01,0.000000e+00,0.000000e+00,0.000000e+00,0.000000e+00,0.000000e+00,0.000000e+00,0.000000e+00,0.000000e+00,0.000000e+00,2.999642e-01,0.000000e+00,0.000000e+00,0.000000e+00,0.000000e+00,0.000000e+00,0.000000e+00,0.000000e+00,0.000000e+00
4.200000e+00,9,5.000000e-01,5.000000e-01,5.000000e-01,5.000000e-01,5.000000e-01,5.000000e-01,5.000000e-01,5.000000e-01,5.000000e-01,4.674406e-08,5.000000e-01,5.000000e-01,5.000000e-01,5.000000e-01,5.000000e-01,5.000000e-01,5.000000e-01,5.000000e-01,0.000000e+00,0.000000e+00,0.000000e+00,0.000000e+00,0.000000e+00,0.000000e+00,0.000000e+00,0.000000e+00,0.000000e+00,2.999888e-01,0.000000e+00,0.000000e+00,0.000000e+00,0.000000e+00,0.000000e+00,0.000000e+00,0.000000e+00,0.000000e+00
4.300000e+00,9,5.000000e-01,5.000000e-01,5.000000e-01,5.000000e-01,5.000000e-01,5.000000e-01,5.000000e-01,5.000000e-01,5.000000e-01,2.063831e-08,5.000000e-01,5.000000e-01,5.000000e-01,5.000000e-01,5.000000e-01,5.000000e-01,5.000000e-01,5.000000e-01,0.000000e+00,0.000000e+00,0.000000e+00,0.000000e+00,0.000000e+00,0.000000e+00,0.000000e+00,0.000000e+00,0.000000e+00,2.999950e-01,0.000000e+00,0.000000e+00,0.000000e+00,0.000000e+00,0.000000e+00,0.000000e+00,0.000000e+00,0.000000e+00
4.400000e+00,9,5.000000e-01,5.000000e-01,5.000000e-01,5.000000e-01,5.000000e-01,5.000000e-01,5.000000e-01,5.000000e-01,5.000000e-01,1.384119e-08,5.000000e-01,5.000000e-01,5.000000e-01,5.000000e-01,5.000000e-01,5.000000e-01,5.000000e-01,5.000000e-01,0.000000e+00,0.000000e+00,0.000000e+00,0.000000e+00,0.000000e+00,0.000000e+00,0.000000e+00,0.000000e+00,0.000000e+00,2.999967e-01,0.000000e+00,0.000000e+00,0.000000e+00,0.000000e+00,0.000000e+00,0.000000e+00,0.000000e+00,0.000000e+00
4.500000e+00,9,5.000000e-01,5.000000e-01,5.000000e-01,5.000000e-01,5.000000e-01,5.000000e-01,5.000000e-01,5.000000e-01,5.000000e-01,1.464671e-08,5.000000e-01,5.000000e-01,5.000000e-01,5.000000e-01,5.000000e-01,5.000000e-01,5.000000e-01,5.000000e-01,0.000000e+00,0.000000e+00,0.000000e+00,0.000000e+00,0.000000e+00,0.000000e+00,0.000000e+00,0.000000e+00,0.000000e+00,2.999965e-01,0.000000e+00,0.000000e+00,0.000000e+00,0.000000e+00,0.000000e+00,0.000000e+00,0.000000e+00,0.000000e+00
4.600000e+00,9,5.000000e-01,5.000000e-01,5.000000e-01,5.000000e-01,5.000000e-01,5.000000e-01,5.000000e-01,5.000000e-01,5.000000e-01,1.784141e-10,5.000000e-01,5.000000e-01,5.000000e-01,5.000000e-01,5.000000e-01,5.000000e-01,5.000000e-01,5.000000e-01,0.000000e+00,0.000000e+00,0.000000e+00,0.000000e+00,0.000000e+00,0.000000e+00,0.000000e+00,0.000000e+00,0.000000e+00,3.000000e-01,0.000000e+00,0.000000e+00,0.000000e+00,0.000000e+00,0.000000e+00,0.000000e+00,0.000000e+00,0.000000e+00
4.700000e+00,9,5.000000e-01,5.000000e-01,5.000000e-01,5.000000e-01,5.000000e-01,5.000000e-01,5.000000e-01,5.000000e-01,5.000000e-01,1.132809e-12,5.000000e-01,5.000000e-01,5.000000e-01,5.000000e-01,5.000000e-01,5.000000e-01,5.000000e-01,5.000000e-01,0.000000e+00,0.000000e+00,0.000000e+00,0.000000e+00,0.000000e+00,0.000000e+00,0.000000e+00,0.000000e+00,0.000000e+00,3.000000e-01,0.000000e+00,0.000000e+00,0.000000e+00,0.000000e+00,0.000000e+00,0.000000e+00,0.000000e+00,0.000000e+00
4.800000e+00,9,5.000000e-01,5.000000e-01,5.000000e-01,5.000000e-01,5.000000e-01,5.000000e-01,5.000000e-01,5.000000e-01,5.000000e-01,4.368588e-15,5.000000e-01,5.000000e-01,5.000000e-01,5.000000e-01,5.000000e-01,5.000000e-01,5.000000e-01,5.000000e-01,0.000000e+00,0.000000e+00,0.000000e+00,0.000000e+00,0.000000e+00,0.000000e+00,0.000000e+00,0.000000e+00,0.000000e+00,3.000000e-01,0.000000e+00,0.000000e+00,0.000000e+00,0.000000e+00,0.000000e+00,0.000000e+00,0.000000e+00,0.000000e+00
4.900000e+00,9,5.000000e-01,5.000000e-01,5.000000e-01,5.000000e-01,5.000000e-01,5.000000e-01,5.000000e-01,5.000000e-01,5.000000e-01,1.340675e-17,5.000000e-01,5.000000e-01,5.000000e-01,5.000000e-01,5.000000e-01,5.000000e-01,5.000000e-01,5.000000e-01,0.000000e+00,0.000000e+00,0.000000e+00,0.000000e+00,0.000000e+00,0.000000e+00,0.000000e+00,0.000000e+00,0.000000e+00,3.000000e-01,0.000000e+00,0.000000e+00,0.000000e+00,0.000000e+00,0.000000e+00,0.000000e+00,0.000000e+00,0.000000e+00
5.000000e+00,9,5.000000e-01,5.000000e-01,5.000000e-01,5.000000e-01,5.000000e-01,5.000000e-01,5.000000e-01,5.000000e-01,5.000000e-01,4.803880e-20,5.000000e-01,5.000000e-01,5.000000e-01,5.000000e-01,5.000000e-01,5.000000e-01,5.000000e-01,5.000000e-01,0.000000e+00,0.000000e+00,0.000000e+00,0.000000e+00,0.000000e+00,0.000000e+00,0.000000e+00,0.000000e+00,0.000000e+00,3.000000e-01,0.000000e+00,0.000000e+00,0.000000e+00,0.000000e+00,0.000000e+00,0.000000e+00,0.000000e+00,0.000000e+00
5.100000e+00,9,5.000000e-01,5.000000e-01,5.000000e-01,5.000000e-01,5.000000e-01,5.000000e-01,5.000000e-01,5.000000e-01,5.000000e-01,3.195978e-22,5.000000e-01,5.000000e-01,5.000000e-01,5.000000e-01,5.000000e-01,5.000000e-01,5.000000e-01,5.000000e-01,0.000000e+00,0.000000e+00,0.000000e+00,0.000000e+00,0.000000e+00,0.000000e+00,0.000000e+00,0.000000e+00,0.000000e+00,3.000000e-01,0.000000e+00,0.000000e+00,0.000000e+00,0.000000e+00,0.000000e+00,0.000000e+00,0.000000e+00,0.000000e+00
5.200000e+00,9,5.000000e-01,5.000000e-01,5.000000e-01,5.000000e-01,5.000000e-01,5.000000e-01,5.000000e-01,5.000000e-01,5.000000e-01,6.394662e-24,5.000000e-01,5.000000e-01,5.000000e-01,5.000000e-01,5.000000e-01,5.000000e-01,5.000000e-01,5.000000e-01,0.000000e+00,0.000000e+00,0.000000e+00,0.000000e+00,0.000000e+00,0.000000e+00,0.000000e+00,0.000000e+00,0.000000e+00,3.000000e-01,0.000000e+00,0.000000e+00,0.000000e+00,0.000000e+00,0.000000e+00,0.000000e+00,0.000000e+00,0.000000e+00
5.300000e+00,9,5.000000e-01,5.000000e-01,5.000000e-01,5.000000e-01,5.000000e-01,5.000000e-01,5.000000e-01,5.000000e-01,5.000000e-01,5.849949e-25,5.000000e-01,5.000000e-01,5.000000e-01,5.000000e-01,5.000000e-01,5.000000e-01,5.000000e-01,5.000000e-01,0.000000e+00,0.000000e+00,0.000000e+00,0.000000e+00,0.000000e+00,0.000000e+00,0.000000e+00,0.000000e+00,0.000000e+00,3.000000e-01,0.000000e+00,0.000000e+00,0.000000e+00,0.000000e+00,0.000000e+00,0.000000e+00,0.000000e+00,0.000000e+00
5.400000e+00,9,5.000000e-01,5.000000e-01,5.000000e-01,5.000000e-01,5.000000e-01,5.000000e-01,5.000000e-01,5.000000e-01,5.000000e-01,3.216963e-25,5.000000e-01,5.000000e-01,5.000000e-01,5.000000e-01,5.000000e-01,5.000000e-01,5.000000e-01,5.000000e-01,0.000000e+00,0.000000e+00,0.000000e+00,0.000000e+00,0.000000e+00,0.000000e+00,0.000000e+00,0.000000e+00,0.000000e+00,3.000000e-01,0.000000e+00,0.000000e+00,0.000000e+00,0.000000e+00,0.000000e+00,0.000000e+00,0.000000e+00,0.000000e+00
5.500000e+00,9,5.000000e-01,5.000000e-01,5.000000e-01,5.000000e-01,5.000000e-01,5.000000e-01,5.000000e-01,5.000000e-01,5.000000e-01,1.141017e-24,5.000000e-01,5.000000e-01,5.000000e-01,5.000000e-01,5.000000e-01,5.000000e-01,5.000000e-01,5.000000e-01,0.000000e+00,0.000000e+00,0.000000e+00,0.000000e+00,0.000000e+00,0.000000e+00,0.000000e+00,0.000000e+00,0.000000e+00,3.000000e-01,0.000000e+00,0.000000e+00,0.000000e+00,0.000000e+00,0.000000e+00,0.000000e+00,0.000000e+00,0.000000e+00
5.600000e+00,9,5.000000e-01,5.000000e-01,5.000000e-01,5.000000e-01,5.000000e-01,5.000000e-01,5.000000e-01,5.000000e-01,5.000000e-01,2.250777e-23,5.000000e-01,5.000000e-01,5.000000e-01,5.000000e-01,5.000000e-01,5.000000e-01,5.000000e-01,5.000000e-01,0.000000e+00,0.000000e+00,0.000000e+00,0.000000e+00,0.000000e+00,0.000000e+00,0.000000e+00,0.000000e+00,0.000000e+00,3.000000e-01,0.000000e+00,0.000000e+00,0.000000e+00,0.000000e+00,0.000000e+00,0.000000e+00,0.000000e+00,0.000000e+00
5.700000e+00,9,5.000000e-01,5.000000e-01,5.000000e-01,5.000000e-01,5.000000e-01,5.000000e-01,5.000000e-01,5.000000e-01,5.000000e-01,1.767090e-21,5.000000e-01,5.000000e-01,5.000000e-01,5.000000e-01,5.000000e-01,5.000000e-01,5.000000e-01,5.000000e-01,0.000000e+00,0.000000e+00,0.000000e+00,0.000000e+00,0.000000e+00,0.000000e+00,0.000000e+00,0.000000e+00,0.000000e+00,3.000000e-01,0.000000e+00,0.000000e+00,0.000000e+00,0.000000e+00,0.000000e+00,0.000000e+00,0.000000e+00,0.000000e+00
5.800000e+00,9,5.000000e-01,5.000000e-01,5.000000e-01,5.000000e-01,5.000000e-01,5.000000e-01,5.000000e-01,5.000000e-01,5.000000e-01,3.514569e-19,5.000000e-01,5.000000e-01,5.000000e-01,5.000000e-01,5.000000e-01,5.000000e-01,5.000000e-01,5.000000e-01,0.000000e+00,0.000000e+00,0.000000e+00,0.000000e+00,0.000000e+00,0.000000e+00,0.000000e+00,0.000000e+00,0.000000e+00,3.000000e-01,0.000000e+00,0.000000e+00,0.000000e+00,0.000000e+00,0.000000e+00,0.000000e+00,0.000000e+00,0.000000e+00
5.900000e+00,9,5.000000e-01,5.000000e-01,5.000000e-01,5.000000e-01,5.000000e-01,5.000000e-01,5.000000e-01,5.000000e-01,5.000000e-01,1.090956e-16,5.000000e-01,5.000000e-01,5.000000e-01,5.000000e-01,5.000000e-01,5.000000e-01,5.000000e-01,5.000000e-01,0.000000e+00,0.000000e+00,0.000000e+00,0.000000e+00,0.000000e+00,0.000000e+00,0.000000e+00,0.000000e+00,0.000000e+00,3.000000e-01,0.000000e+00,0.000000e+00,0.000000e+00,0.000000e+00,0.000000e+00,0.000000e+00,0.000000e+00,0.000000e+00
6.000000e+00,9,5.000000e-01,5.000000e-01,5.000000e-01,5.000000e-01,5.000000e-01,5.000000e-01,5.000000e-01,5.000000e-01,5.000000e-01,3.402261e-14,5.000000e-01,5.000000e-01,5.000000e-01,5.000000e-01,5.000000e-01,5.000000e-01,5.000000e-01,5.000000e-01,0.000000e+00,0.000000e+00,0.000000e+00,0.000000e+00,0.000000e+00,0.000000e+00,0.000000e+00,0.000000e+00,0.000000e+00,3.000000e-01,0.000000e+00,0.000000e+00,0.000000e+00,0.000000e+00,0.000000e+00,0.000000e+00,0.000000e+00,0.000000e+00
6.100000e+00,9,5.000000e-01,5.000000e-01,5.000000e-01,5.000000e-01,5.000000e-01,5.000000e-01,5.000000e-01,5.000000e-01,5.000000e-01,2.934256e-17,5.000000e-01,5.000000e-01,5.000000e-01,5.000000e-01,5.000000e-01,5.000000e-01,5.000000e-01,5.000000e-01,0.000000e+00,0.000000e+00,0.000000e+00,0.000000e+00,0.000000e+00,0.000000e+00,0.000000e+00,0.000000e+00,0.000000e+00,3.000000e-01,0.000000e+00,0.000000e+00,0.000000e+00,0.000000e+00,0.000000e+00,0.000000e+00,0.000000e+00,0.000000e+00
6.200000e+00,9,5.000000e-01,5.000000e-01,5.000000e-01,5.000000e-01,5.000000e-01,5.000000e-01,5.000000e-01,5.000000e-01,5.000000e-01,1.420704e-20,5.000000e-01,5.000000e-01,5.000000e-01,5.000000e-01,5.000000e-01,5.000000e-01,5.000000e-01,5.000000e-01,0.000000e+00,0.000000e+00,0.000000e+00,0.000000e+00,0.000000e+00,0.000000e+00,0.000000e+00,0.000000e+00,0.000000e+00,3.000000e-01,0.000000e+00,0.000000e+00,0.000000e+00,0.000000e+00,0.000000e+00,0.000000e+00,0.000000e+00,0.000000e+00
6.300000e+00,9,5.000000e-01,5.000000e-01,5.000000e-01,5.000000e-01,5.000000e-01,5.000000e-01,5.000000e-01,5.000000e-01,5.000000e-01,6.000786e-24,5.000000e-01,5.000000e-01,5.000000e-01,5.000000e-01,5.000000e-01,5.000000e-01,5.000000e-01,5.000000e-01,0.000000e+00,0.000000e+00,0.000000e+00,0.000000e+00,0.000000e+00,0.000000e+00,0.000000e+00,0.000000e+00,0.000000e+00,3.000000e-01,0.000000e+00,0.000000e+00,0.000000e+00,0.000000e+00,0.000000e+00,0.000000e+00,0.000000e+00,0.000000e+00
6.400000e+00,9,5.000000e-01,5.000000e-01,5.000000e-01,5.000000e-01,5.000000e-01,5.000000e-01,5.000000e-01,5.000000e-01,5.000000e-01,3.992436e-27,5.000000e-01,5.000000e-01,5.000000e-01,5.000000e-01,5.000000e-01,5.000000e-01,5.000000e-01,5.000000e-01,0.000000e+00,0.000000e+00,0.000000e+00,0.000000e+00,0.000000e+00,0.000000e+00,0.000000e+00,0.000000e+00,0.000000e+00,3.000000e-01,0.000000e+00,0.000000e+00,0.000000e+00,0.000000e+00,0.000000e+00,0.000000e+00,0.000000e+00,0.000000e+00
6.500000e+00,9,5.000000e-01,5.000000e-01,5.000000e-01,5.000000e-01,5.000000e-01,5.000000e-01,5.000000e-01,5.000000e-01,5.000000e-01,8.223204e-30,5.000000e-01,5.000000e-01,5.000000e-01,5.000000e-01,5.000000e-01,5.000000e-01,5.000000e-01,5.000000e-01,0.000000e+00,0.000000e+00,0.000000e+00,0.000000e+00,0.000000e+00,0.000000e+00,0.000000e+00,0.000000e+00,0.000000e+00,3.000000e-01,0.000000e+00,0.000000e+00,0.000000e+00,0.000000e+00,0.000000e+00,0.000000e+00,0.000000e+00,0.000000e+00
6.600000e+00,9,5.000000e-01,5.000000e-01,5.000000e-01,5.000000e-01,5.000000e-01,5.000000e-01,5.000000e-01,5.000000e-01,5.000000e-01,1.009274e-31,5.000000e-01,5.000000e-01,5.000000e-01,5.000000e-01,5.000000e-01,5.000000e-01,5.000000e-01,5.000000e-01,0.000000e+00,0.000000e+00,0.000000e+00,0.000000e+00,0.000000e+00,0.000000e+00,0.000000e+00,0.000000e+00,0.000000e+00,3.000000e-01,0.000000e+00,0.000000e+00,0.000000e+00,0.000000e+00,0.000000e+00,0.000000e+00,0.000000e+00,0.000000e+00
6.700000e+00,9,5.000000e-01,5.000000e-01,5.000000e-01,5.000000e-01,5.000000e-01,5.000000e-01,5.000000e-01,5.000000e-01,5.000000e-01,1.228945e-32,5.000000e-01,5.000000e-01,5.000000e-01,5.000000e-01,5.000000e-01,5.000000e-01,5.000000e-01,5.000000e-01,0.000000e+00,0.000000e+00,0.000000e+00,0.000000e+00,0.000000e+00,0.000000e+00,0.000000e+00,0.000000e+00,0.000000e+00,3.000000e-01,0.000000e+00,0.000000e+00,0.000000e+00,0.000000e+00,0.000000e+00,0.000000e+00,0.000000e+00,0.000000e+00
6.800000e+00,9,5.000000e-01,5.000000e-01,5.000000e-01,5.000000e-01,5.000000e-01,5.000000e-01,5.000000e-01,5.000000e-01,5.000000e-01,1.918418e-32,5.000000e-01,5.000000e-01,5.000000e-01,5.000000e-01,5.000000e-01,5.000000e-01,5.000000e-01,5.000000e-01,0.000000e+00,0.000000e+00,0.000000e+00,0.000000e+00,0.000000e+00,0.000000e+00,0.000000e+00,0.000000e+00,0.000000e+00,3.000000e-01,0.000000e+00,0.000000e+00,0.000000e+00,0.000000e+00,0.000000e+00,0.000000e+00,0.000000e+00,0.000000e+00
6.900000e+00,9,5.000000e-01,5.000000e-01,5.000000e-01,5.000000e-01,5.000000e-01,5.000000e-01,5.000000e-01,5.000000e-01,5.000000e-01,3.634201e-31,5.000000e-01,5.000000e-01,5.000000e-01,5.000000e-01,5.000000e-01,5.000000e-01,5.000000e-01,5.000000e-01,0.000000e+00,0.000000e+00,0.000000e+00,0.000000e+00,0.000000e+00,0.000000e+00,0.000000e+00,0.000000e+00,0.000000e+00,3.000000e-01,0.000000e+00,0.000000e+00,0.000000e+00,0.000000e+00,0.000000e+00,0.000000e+00,0.000000e+00,0.000000e+00
7.000000e+00,9,5.000000e-01,5.000000e-01,5.000000e-01,5.000000e-01,5.000000e-01,5.000000e-01,5.000000e-01,5.000000e-01,5.000000e-01,5.866554e-29,5.000000e-01,5.000000e-01,5.000000e-01,5.000000e-01,5.000000e-01,5.000000e-01,5.000000e-01,5.000000e-01,0.000000e+00,0.000000e+00,0.000000e+00,0.000000e+00,0.000000e+00,0.000000e+00,0.000000e+00,0.000000e+00,0.000000e+00,3.000000e-01,0.000000e+00,0.000000e+00,0.000000e+00,0.000000e+00,0.000000e+00,0.000000e+00,0.000000e+00,0.000000e+00
7.100000e+00,9,5.000000e-01,5.000000e-01,5.000000e-01,5.000000e-01,5.000000e-01,5.000000e-01,5.000000e-01,5.000000e-01,5.000000e-01,4.546890e-26,5.000000e-01,5.000000e-01,5.000000e-01,5.000000e-01,5.000000e-01,5.000000e-01,5.000000e-01,5.000000e-01,0.000000e+00,0.000000e+00,0.000000e+00,0.000000e+00,0.000000e+00,0.000000e+00,0.000000e+00,0.000000e+00,0.000000e+00,3.000000e-01,0.000000e+00,0.000000e+00,0.000000e+00,0.000000e+00,0.000000e+00,0.000000e+00,0.000000e+00,0.000000e+00
7.200000e+00,9,5.000000e-01,5.000000e-01,5.000000e-01,5.000000e-01,5.000000e-01,5.000000e-01,5.000000e-01,5.000000e-01,5.000000e-01,8.608355e-23,5.000000e-01,5.000000e-01,5.000000e-01,5.000000e-01,5.000000e-01,5.000000e-01,5.000000e-01,5.000000e-01,0.000000e+00,0.000000e+00,0.000000e+00,0.000000e+00,0.000000e+00,0.000000e+00,0.000000e+00,0.000000e+00,0.000000e+00,3.000000e-01,0.000000e+00,0.000000e+00,0.000000e+00,0.000000e+00,0.000000e+00,0.000000e+00,0.000000e+00,0.000000e+00
7.300000e+00,9,5.000000e-01,5.000000e-01,5.000000e-01,5.000000e-01,5.000000e-01,5.000000e-01,5.000000e-01,5.000000e-01,5.000000e-01,2.064622e-19,5.000000e-01,5.000000e-01,5.000000e-01,5.000000e-01,5.000000e-01,5.000000e-01,5.000000e-01,5.000000e-01,0.000000e+00,0.000000e+00,0.000000e+00,0.000000e+00,0.000000e+00,0.000000e+00,0.000000e+00,0.000000e+00,0.000000e+00,3.000000e-01,0.000000e+00,0.000000e+00,0.000000e+00,0.000000e+00,0.000000e+00,0.000000e+00,0.000000e+00,0.000000e+00
7.400000e+00,9,5.000000e-01,5.000000e-01,5.000000e-01,5.000000e-01,5.000000e-01,5.000000e-01,5.000000e-01,5.000000e-01,5.000000e-01,3.640555e-16,5.000000e-01,5.000000e-01,5.000000e-01,5.000000e-01,5.000000e-01,5.000000e-01,5.000000e-01,5.000000e-01,0.000000e+00,0.000000e+00,0.000000e+00,0.000000e+00,0.000000e+00,0.000000e+00,0.000000e+00,0.000000e+00,0.000000e+00,3.000000e-01,0.000000e+00,0.000000e+00,0.000000e+00,0.000000e+00,0.000000e+00,0.000000e+00,0.000000e+00,0.000000e+00
7.500000e+00,9,5.000000e-01,5.000000e-01,5.000000e-01,5.000000e-01,5.000000e-01,5.000000e-01,5.000000e-01,5.000000e-01,5.000000e-01,3.220795e-13,5.000000e-01,5.000000e-01,5.000000e-01,5.000000e-01,5.000000e-01,5.000000e-01,5.000000e-01,5.000000e-01,0.000000e+00,0.000000e+00,0.000000e+00,0.000000e+00,0.000000e+00,0.000000e+00,0.000000e+00,0.000000e+00,0.000000e+00,3.000000e-01,0.000000e+00,0.000000e+00,0.000000e+00,0.000000e+00,0.000000e+00,0.000000e+00,0.000000e+00,0.000000e+00
7.600000e+00,9,5.000000e-01,5.000000e-01,5.000000e-01,5.000000e-01,5.000000e-01,5.000000e-01,5.000000e-01,5.000000e-01,5.000000e-01,5.614829e-17,5.000000e-01,5.000000e-01,5.000000e-01,5.000000e-01,5.000000e-01,5.000000e-01,5.000000e-01,5.000000e-01,0.000000e+00,0.000000e+00,0.000000e+00,0.000000e+00,0.000000e+00,0.000000e+00,0.000000e+00,0.000000e+00,0.000000e+00,3.000000e-01,0.000000e+00,0.000000e+00,0.000000e+00,0.000000e+00,0.000000e+00,0.000000e+00,0.000000e+00,0.000000e+00
7.700000e+00,9,5.000000e-01,5.000000e-01,5.000000e-01,5.000000e-01,5.000000e-01,5.000000e-01,5.000000e-01,5.000000e-01,5.000000e-01,1.560007e-21,5.000000e-01,5.000000e-01,5.000000e-01,5.000000e-01,5.000000e-01,5.000000e-01,5.000000e-01,5.000000e-01,0.000000e+00,0.000000e+00,0.000000e+00,0.000000e+00,0.000000e+00,0.000000e+00,0.000000e+00,0.000000e+00,0.000000e+00,3.000000e-01,0.000000e+00,0.000000e+00,0.000000e+00,0.000000e+00,0.000000e+00,0.000000e+00,0.000000e+00,0.000000e+00
7.800000e+00,9,5.000000e-01,5.000000e-01,5.000000e-01,5.000000e-01,5.000000e-01,5.000000e-01,5.000000e-01,5.000000e-01,5.000000e-01,7.860366e-27,5.000000e-01,5.000000e-01,5.000000e-01,5.000000e-01,5.000000e-01,5.000000e-01,5.000000e-01,5.000000e-01,0.000000e+00,0.000000e+00,0.000000e+00,0.000000e+00,0.000000e+00,0.000000e+00,0.000000e+00,0.000000e+00,0.000000e+00,3.000000e-01,0.000000e+00,0.000000e+00,0.000000e+00,0.000000e+00,0.000000e+00,0.000000e+00,0.000000e+00,0.000000e+00
7.900000e+00,9,5.000000e-01,5.000000e-01,5.000000e-01,5.000000e-01,5.000000e-01,5.000000e-01,5.000000e-01,5.000000e-01,5.000000e-01,1.098415e-32,5.000000e-01,5.000000e-01,5.000000e-01,5.000000e-01,5.000000e-01,5.000000e-01,5.000000e-01,5.000000e-01,0.000000e+00,0.000000e+00,0.000000e+00,0.000000e+00,0.000000e+00,0.000000e+00,0.000000e+00,0.000000e+00,0.000000e+00,3.000000e-01,0.000000e+00,0.000000e+00,0.000000e+00,0.000000e+00,0.000000e+00,0.000000e+00,0.000000e+00,0.000000e+00
8.000000e+00,9,5.000000e-01,5.000000e-01,5.000000e-01,5.000000e-01,5.000000e-01,5.000000e-01,5.000000e-01,5.000000e-01,5.000000e-01,9.200390e-39,5.000000e-01,5.000000e-01,5.000000e-01,5.000000e-01,5.000000e-01,5.000000e-01,5.000000e-01,5.000000e-01,0.000000e+00,0.000000e+00,0.000000e+00,0.000000e+00,0.000000e+00,0.000000e+00,0.000000e+00,0.000000e+00,0.000000e+00,3.000000e-01,0.000000e+00,0.000000e+00,0.000000e+00,0.000000e+00,0.000000e+00,0.000000e+00,0.000000e+00,0.000000e+00
8.100000e+00,9,5.000000e-01,5.000000e-01,5.000000e-01,5.000000e-01,5.000000e-01,5.000000e-01,5.000000e-01,5.000000e-01,5.000000e-01,1.383277e-44,5.000000e-01,5.000000e-01,5.000000e-01,5.000000e-01,5.000000e-01,5.000000e-01,5.000000e-01,5.000000e-01,0.000000e+00,0.000000e+00,0.000000e+00,0.000000e+00,0.000000e+00,0.000000e+00,0.000000e+00,0.000000e+00,0.000000e+00,3.000000e-01,0.000000e+00,0.000000e+00,0.000000e+00,0.000000e+00,0.000000e+00,0.000000e+00,0.000000e+00,0.000000e+00
8.200000e+00,9,5.000000e-01,5.000000e-01,5.000000e-01,5.000000e-01,5.000000e-01,5.000000e-01,5.000000e-01,5.000000e-01,5.000000e-01,1.378797e-49,5.000000e-01,5.000000e-01,5.000000e-01,5.000000e-01,5.000000e-01,5.000000e-01,5.000000e-01,5.000000e-01,0.000000e+00,0.000000e+00,0.000000e+00,0.000000e+00,0.000000e+00,0.000000e+00,0.000000e+00,0.000000e+00,0.000000e+00,3.000000e-01,0.000000e+00,0.000000e+00,0.000000e+00,0.000000e+00,0.000000e+00,0.000000e+00,0.000000e+00,0.000000e+00
8.300000e+00,9,5.000000e-01,5.000000e-01,5.000000e-01,5.000000e-01,5.000000e-01,5.000000e-01,5.000000e-01,5.000000e-01,5.000000e-01,3.361163e-53,5.000000e-01,5.000000e-01,5.000000e-01,5.000000e-01,5.000000e-01,5.000000e-01,5.000000e-01,5.000000e-01,0.000000e+00,0.000000e+00,0.000000e+00,0.000000e+00,0.000000e+00,0.000000e+00,0.000000e+00,0.000000e+00,0.000000e+00,3.000000e-01,0.000000e+00,0.000000e+00,0.000000e+00,0.000000e+00,0.000000e+00,0.000000e+00,0.000000e+00,0.000000e+00
8.400000e+00,9,5.000000e-01,5.000000e-01,5.000000e-01,5.000000e-01,5.000000e-01,5.000000e-01,5.000000e-01,5.000000e-01,5.000000e-01,5.678246e-55,5.000000e-01,5.000000e-01,5.000000e-01,5.000000e-01,5.000000e-01,5.000000e-01,5.000000e-01,5.000000e-01,0.000000e+00,0.000000e+00,0.000000e+00,0.000000e+00,0.000000e+00,0.000000e+00,0.000000e+00,0.000000e+00,0.000000e+00,3.000000e-01,0.000000e+00,0.000000e+00,0.000000e+00,0.000000e+00,0.000000e+00,0.000000e+00,0.000000e+00,0.000000e+00
8.500000e+00,9,5.000000e-01,5.000000e-01,5.000000e-01,5.000000e-01,5.000000e-01,5.000000e-01,5.000000e-01,5.000000e-01,5.000000e-01,1.140562e-54,5.000000e-01,5.000000e-01,5.000000e-01,5.000000e-01,5.000000e-01,5.000000e-01,5.000000e-01,5.000000e-01,0.000000e+00,0.000000e+00,0.000000e+00,0.000000e+00,0.000000e+00,0.000000e+00,0.000000e+00,0.000000e+00,0.000000e+00,3.000000e-01,0.000000e+00,0.000000e+00,0.000000e+00,0.000000e+00,0.000000e+00,0.000000e+00,0.000000e+00,0.000000e+00
8.600000e+00,9,5.000000e-01,5.000000e-01,5.000000e-01,5.000000e-01,5.000000e-01,5.000000e-01,5.000000e-01,5.000000e-01,5.000000e-01,2.480621e-52,5.000000e-01,5.000000e-01,5.000000e-01,5.000000e-01,5.000000e-01,5.000000e-01,5.000000e-01,5.000000e-01,0.000000e+00,0.000000e+00,0.000000e+00,0.000000e+00,0.000000e+00,0.000000e+00,0.000000e+00,0.000000e+00,0.000000e+00,3.000000e-01,0.000000e+00,0.000000e+00,0.000000e+00,0.000000e+00,0.000000e+00,0.000000e+00,0.000000e+00,0.000000e+00
8.700000e+00,9,5.000000e-01,5.000000e-01,5.000000e-01,5.000000e-01,5.000000e-01,5.000000e-01,5.000000e-01,5.000000e-01,5.000000e-01,2.889934e-48,5.000000e-01,5.000000e-01,5.000000e-01,5.000000e-01,5.000000e-01,5.000000e-01,5.000000e-01,5.000000e-01,0.000000e+00,0.000000e+00,0.000000e+00,0.000000e+00,0.000000e+00,0.000000e+00,0.000000e+00,0.000000e+00,0.000000e+00,3.000000e-01,0.000000e+00,0.000000e+00,0.000000e+00,0.000000e+00,0.000000e+00,0.000000e+00,0.000000e+00,0.000000e+00
8.800000e+00,9,5.000000e-01,5.000000e-01,5.000000e-01,5.000000e-01,5.000000e-01,5.000000e-01,5.000000e-01,5.000000e-01,5.000000e-01,5.741204e-43,5.000000e-01,5.000000e-01,5.000000e-01,5.000000e-01,5.000000e-01,5.000000e-01,5.000000e-01,5.000000e-01,0.000000e+00,0.000000e+00,0.000000e+00,0.000000e+00,0.000000e+00,0.000000e+00,0.000000e+00,0.000000e+00,0.000000e+00,3.000000e-01,0.000000e+00,0.000000e+00,0.000000e+00,0.000000e+00,0.000000e+00,0.000000e+00,0.000000e+00,0.000000e+00
8.900000e+00,9,5.000000e-01,5.000000e-01,5.000000e-01,5.000000e-01,5.000000e-01,5.000000e-01,5.000000e-01,5.000000e-01,5.000000e-01,5.135846e-37,5.000000e-01,5.000000e-01,5.000000e-01,5.000000e-01,5.000000e-01,5.000000e-01,5.000000e-01,5.000000e-01,0.000000e+00,0.000000e+00,0.000000e+00,0.000000e+00,0.000000e+00,0.000000e+00,0.000000e+00,0.000000e+00,0.000000e+00,3.000000e-01,0.000000e+00,0.000000e+00,0.000000e+00,0.000000e+00,0.000000e+00,0.000000e+00,0.000000e+00,0.000000e+00
9.000000e+00,9,5.000000e-01,5.000000e-01,5.000000e-01,5.000000e-01,5.000000e-01,5.000000e-01,5.000000e-01,5.000000e-01,5.000000e-01,5.844361e-31,5.000000e-01,5.000000e-01,5.000000e-01,5.000000e-01,5.000000e-01,5.000000e-01,5.000000e-01,5.000000e-01,0.000000e+00,0.000000e+00,0.000000e+00,0.000000e+00,0.000000e+00,0.000000e+00,0.000000e+00,0.000000e+00,0.000000e+00,3.000000e-01,0.000000e+00,0.000000e+00,0.000000e+00,0.000000e+00,0.000000e+00,0.000000e+00,0.000000e+00,0.000000e+00
9.100000e+00,9,5.000000e-01,5.000000e-01,5.000000e-01,5.000000e-01,5.000000e-01,5.000000e-01,5.000000e-01,5.000000e-01,5.000000e-01,1.055684e-31,5.000000e-01,5.000000e-01,5.000000e-01,5.000000e-01,5.000000e-01,5.000000e-01,5.000000e-01,5.000000e-01,0.000000e+00,0.000000e+00,0.000000e+00,0.000000e+00,0.000000e+00,0.000000e+00,0.000000e+00,0.000000e+00,0.000000e+00,3.000000e-01,0.000000e+00,0.000000e+00,0.000000e+00,0.000000e+00,0.000000e+00,0.000000e+00,0.000000e+00,0.000000e+00
9.200000e+00,9,5.000000e-01,5.000000e-01,5.000000e-01,5.000000e-01,5.000000e-01,5.000000e-01,5.000000e-01,5.000000e-01,5.000000e-01,2.252810e-31,5.000000e-01,5.000000e-01,5.000000e-01,5.000000e-01,5.000000e-01,5.000000e-01,5.000000e-01,5.000000e-01,0.000000e+00,0.000000e+00,0.000000e+00,0.000000e+00,0.000000e+00,0.000000e+00,0.000000e+00,0.000000e+00,0.000000e+00,3.000000e-01,0.000000e+00,0.000000e+00,0.000000e+00,0.000000e+00,0.000000e+00,0.000000e+00,0.000000e+00,0.000000e+00
9.300000e+00,9,5.000000e-01,5.000000e-01,5.000000e-01,5.000000e-01,5.000000e-01,5.000000e-01,5.000000e-01,5.000000e-01,5.000000e-01,5.176026e-30,5.000000e-01,5.000000e-01,5.000000e-01,5.000000e-01,5.000000e-01,5.000000e-01,5.000000e-01,5.000000e-01,0.000000e+00,0.000000e+00,0.000000e+00,0.000000e+00,0.000000e+00,0.000000e+00,0.000000e+00,0.000000e+00,0.000000e+00,3.000000e-01,0.000000e+00,0.000000e+00,0.000000e+00,0.000000e+00,0.000000e+00,0.000000e+00,0.000000e+00,0.000000e+00
9.400000e+00,9,5.000000e-01,5.000000e-01,5.000000e-01,5.000000e-01,5.000000e-01,5.000000e-01,5.000000e-01,5.000000e-01,5.000000e-01,8.821083e-28,5.000000e-01,5.000000e-01,5.000000e-01,5.000000e-01,5.000000e-01,5.000000e-01,5.000000e-01,5.000000e-01,0.000000e+00,0.000000e+00,0.000000e+00,0.000000e+00,0.000000e+00,0.000000e+00,0.000000e+00,0.000000e+00,0.000000e+00,3.000000e-01,0.000000e+00,0.000000e+00,0.000000e+00,0.000000e+00,0.000000e+00,0.000000e+00,0.000000e+00,0.000000e+00
9.500000e+00,9,5.000000e-01,5.000000e-01,5.000000e-01,5.000000e-01,5.000000e-01,5.000000e-01,5.000000e-01,5.000000e-01,5.000000e-01,6.302091e-25,5.000000e-01,5.000000e-01,5.000000e-01,5.000000e-01,5.000000e-01,5.000000e-01,5.000000e-01,5.000000e-01,0.000000e+00,0.000000e+00,0.000000e+00,0.000000e+00,0.000000e+00,0.000000e+00,0.000000e+00,0.000000e+00,0.000000e+00,3.000000e-01,0.000000e+00,0.000000e+00,0.000000e+00,0.000000e+00,0.000000e+00,0.000000e+00,0.000000e+00,0.000000e+00
9.600000e+00,9,5.000000e-01,5.000000e-01,5.000000e-01,5.000000e-01,5.000000e-01,5.000000e-01,5.000000e-01,5.000000e-01,5.000000e-01,9.820786e-22,5.000000e-01,5.000000e-01,5.000000e-01,5.000000e-01,5.000000e-01,5.000000e-01,5.000000e-01,5.000000e-01,0.000000e+00,0.000000e+00,0.000000e+00,0.000000e+00,0.000000e+00,0.000000e+00,0.000000e+00,0.000000e+00,0.000000e+00,3.000000e-01,0.000000e+00,0.000000e+00,0.000000e+00,0.000000e+00,0.000000e+00,0.000000e+00,0.000000e+00,0.000000e+00
9.700000e+00,9,5.000000e-01,5.000000e-01,5.000000e-01,5.000000e-01,5.000000e-01,5.000000e-01,5.000000e-01,5.000000e-01,5.000000e-01,1.792141e-18,5.000000e-01,5.000000e-01,5.000000e-01,5.000000e-01,5.000000e-01,5.000000e-01,5.000000e-01,5.000000e-01,0.000000e+00,0.000000e+00,0.000000e+00,0.000000e+00,0.000000e+00,0.000000e+00,0.000000e+00,0.000000e+00,0.000000e+00,3.000000e-01,0.000000e+00,0.000000e+00,0.000000e+00,0.000000e+00,0.000000e+00,0.000000e+00,0.000000e+00,0.000000e+00
9.800000e+00,9,5.000000e-01,5.000000e-01,5.000000e-01,5.000000e-01,5.000000e-01,5.000000e-01,5.000000e-01,5.000000e-01,5.000000e-01,2.308791e-15,5.000000e-01,5.000000e-01,5.000000e-01,5.000000e-01,5.000000e-01,5.000000e-01,5.000000e-01,5.000000e-01,0.000000e+00,0.000000e+00,0.000000e+00,0.000000e+00,0.000000e+00,0.000000e+00,0.000000e+00,0.000000e+00,0.000000e+00,3.000000e-01,0.000000e+00,0.000000e+00,0.000000e+00,0.000000e+00,0.000000e+00,0.000000e+00,0.000000e+00,0.000000e+00
9.900000e+00,9,5.000000e-01,5.000000e-01,5.000000e-01,5.000000e-01,5.000000e-01,5.000000e-01,5.000000e-01,5.000000e-01,5.000000e-01,1.482763e-12,5.000000e-01,5.000000e-01,5.000000e-01,5.000000e-01,5.000000e-01,5.000000e-01,5.000000e-01,5.000000e-01,0.000000e+00,0.000000e+00,0.000000e+00,0.000000e+00,0.000000e+00,0.000000e+00,0.000000e+00,0.000000e+00,0.000000e+00,3.000000e-01,0.000000e+00,0.000000e+00,0.000000e+00,0.000000e+00,0.000000e+00,0.000000e+00,0.000000e+00,0.000000e+00
1.000000e+01,9,5.000000e-01,5.000000e-01,5.000000e-01,5.000000e-01,5.000000e-01,5.000000e-01,5.000000e-01,5.000000e-01,5.000000e-01,3.934632e-10,5.000000e-01,5.000000e-01,5.000000e-01,5.000000e-01,5.000000e-01,5.000000e-01,5.000000e-01,5.000000e-01,0.000000e+00,0.000000e+00,0.000000e+00,0.000000e+00,0.000000e+00,0.000000e+00,0.000000e+00,0.000000e+00,0.000000e+00,2.999999e-01,0.000000e+00,0.000000e+00,0.000000e+00,0.000000e+00,0.000000e+00,0.000000e+00,0.000000e+00,0.000000e+00
1.010000e+01,9,5.000000e-01,5.000000e-01,5.000000e-01,5.000000e-01,5.000000e-01,5.000000e-01,5.000000e-01,5.000000e-01,5.000000e-01,4.090670e-08,5.000000e-01,5.000000e-01,5.000000e-01,5.000000e-01,5.000000e-01,5.000000e-01,5.000000e-01,5.000000e-01,0.000000e+00,0.000000e+00,0.000000e+00,0.000000e+00,0.000000e+00,0.000000e+00,0.000000e+00,0.000000e+00,0.000000e+00,2.999902e-01,0.000000e+00,0.000000e+00,0.000000e+00,0.000000e+00,0.000000e+00,0.000000e+00,0.000000e+00,0.000000e+00
1.020000e+01,9,5.000000e-01,5.000000e-01,5.000000e-01,5.000000e-01,5.000000e-01,5.000000e-01,5.000000e-01,5.000000e-01,5.000000e-01,1.739360e-06,5.000000e-01,5.000000e-01,5.000000e-01,5.000000e-01,5.000000e-01,5.000000e-01,5.000000e-01,5.000000e-01,0.000000e+00,0.000000e+00,0.000000e+00,0.000000e+00,0.000000e+00,0.000000e+00,0.000000e+00,0.000000e+00,0.000000e+00,2.995828e-01,0.000000e+00,0.000000e+00,0.000000e+00,0.000000e+00,0.000000e+00,0.000000e+00,0.000000e+00,0.000000e+00
1.030000e+01,9,5.000000e-01,5.000000e-01,5.000000e-01,5.000000e-01,5.000000e-01,5.000000e-01,5.000000e-01,5.000000e-01,5.000000e-01,3.342931e-05,5.000000e-01,5.000000e-01,5.000000e-01,5.000000e-01,5.000000e-01,5.000000e-01,5.000000e-01,5.000000e-01,0.000000e+00,0.000000e+00,0.000000e+00,0.000000e+00,0.000000e+00,0.000000e+00,0.000000e+00,0.000000e+00,0.000000e+00,2.920832e-01,0.000000e+00,0.000000e+00,0.000000e+00,0.000000e+00,0.000000e+00,0.000000e+00,0.000000e+00,0.000000e+00
1.040000e+01,9,5.000000e-01,5.000000e-01,5.000000e-01,5.000000e-01,5.000000e-01,5.000000e-01,5.000000e-01,5.000000e-01,5.000000e-01,3.290547e-04,5.000000e-01,5.000000e-01,5.000000e-01,5.000000e-01,5.000000e-01,5.000000e-01,5.000000e-01,5.000000e-01,0.000000e+00,0.000000e+00,0.000000e+00,0.000000e+00,0.000000e+00,0.000000e+00,0.000000e+00,0.000000e+00,0.000000e+00,2.305564e-01,0.000000e+00,0.000000e+00,0.000000e+00,0.000000e+00,0.000000e+00,0.000000e+00,0.000000e+00,0.000000e+00
1.050000e+01,9,5.000000e-01,5.000000e-01,5.000000e-01,5.000000e-01,5.000000e-01,5.000000e-01,5.000000e-01,5.000000e-01,5.000000e-01,1.884003e-03,5.000000e-01,5.000000e-01,5.000000e-01,5.000000e-01,5.000000e-01,5.000000e-01,5.000000e-01,5.000000e-01,0.000000e+00,0.000000e+00,0.000000e+00,0.000000e+00,0.000000e+00,0.000000e+00,0.000000e+00,0.000000e+00,0.000000e+00,6.636428e-02,0.000000e+00,0.000000e+00,0.000000e+00,0.000000e+00,0.000000e+00,0.000000e+00,0.000000e+00,0.000000e+00
1.060000e+01,9,5.000000e-01,5.000000e-01,5.000000e-01,5.000000e-01,5.000000e-01,5.000000e-01,5.000000e-01,5.000000e-01,5.000000e-01,2.017546e-03,5.000000e-01,5.000000e-01,5.000000e-01,5.000000e-01,5.000000e-01,5.000000e-01,5.000000e-01,5.000000e-01,0.000000e+00,0.000000e+00,0.000000e+00,0.000000e+00,0.000000e+00,0.000000e+00,0.000000e+00,0.000000e+00,0.000000e+00,5.962739e-02,0.000000e+00,0.000000e+00,0.000000e+00,0.000000e+00,0.000000e+00,0.000000e+00,0.000000e+00,0.000000e+00
1.070000e+01,9,5.000000e-01,5.000000e-01,5.000000e-01,5.000000e-01,5.000000e-01,5.000000e-01,5.000000e-01,5.000000e-01,5.000000e-01,2.396847e-03,5.000000e-01,5.000000e-01,5.000000e-01,5.000000e-01,5.000000e-01,5.000000e-01,5.000000e-01,5.000000e-01,0.000000e+00,0.000000e+00,0.000000e+00,0.000000e+00,0.000000e+00,0.000000e+00,0.000000e+00,0.000000e+00,0.000000e+00,4.399178e-02,0.000000e+00,0.000000e+00,0.000000e+00,0.000000e+00,0.000000e+00,0.000000e+00,0.000000e+00,0.000000e+00
1.080000e+01,9,5.000000e-01,5.000000e-01,5.000000e-01,5.000000e-01,5.000000e-01,5.000000e-01,5.000000e-01,5.000000e-01,5.000000e-01,3.119405e-03,5.000000e-01,5.000000e-01,5.000000e-01,5.000000e-01,5.000000e-01,5.000000e-01,5.000000e-01,5.000000e-01,0.000000e+00,0.000000e+00,0.000000e+00,0.000000e+00,0.000000e+00,0.000000e+00,0.000000e+00,0.000000e+00,0.000000e+00,2.463968e-02,0.000000e+00,0.000000e+00,0.000000e+00,0.000000e+00,0.000000e+00,0.000000e+00,0.000000e+00,0.000000e+00
1.090000e+01,9,5.000000e-01,5.000000e-01,5.000000e-01,5.000000e-01,5.000000e-01,5.000000e-01,5.000000e-01,5.000000e-01,5.000000e-01,4.367208e-03,5.000000e-01,5.000000e-01,5.000000e-01,5.000000e-01,5.000000e-01,5.000000e-01,5.000000e-01,5.000000e-01,0.000000e+00,0.000000e+00,0.000000e+00,0.000000e+00,0.000000e+00,0.000000e+00,0.000000e+00,0.000000e+00,0.000000e+00,9.046378e-03,0.000000e+00,0.000000e+00,0.000000e+00,0.000000e+00,0.000000e+00,0.000000e+00,0.000000e+00,0.000000e+00
1.100000e+01,9,5.000000e-01,5.000000e-01,5.000000e-01,5.000000e-01,5.000000e-01,5.000000e-01,5.000000e-01,5.000000e-01,5.000000e-01,6.437547e-03,5.000000e-01,5.000000e-01,5.000000e-01,5.000000e-01,5.000000e-01,5.000000e-01,5.000000e-01,5.000000e-01,0.000000e+00,0.000000e+00,0.000000e+00,0.000000e+00,0.000000e+00,0.000000e+00,0.000000e+00,0.000000e+00,0.000000e+00,1.711032e-03,0.000000e+00,0.000000e+00,0.000000e+00,0.000000e+00,0.000000e+00,0.000000e+00,0.000000e+00,0.000000e+00
1.110000e+01,9,5.000000e-01,5.000000e-01,5.000000e-01,5.000000e-01,5.000000e-01,5.000000e-01,5.000000e-01,5.000000e-01,5.000000e-01,9.772697e-03,5.000000e-01,5.000000e-01,5.000000e-01,5.000000e-01,5.000000e-01,5.000000e-01,5.000000e-01,5.000000e-01,0.000000e+00,0.000000e+00,0.000000e+00,0.000000e+00,0.000000e+00,0.000000e+00,0.000000e+00,0.000000e+00,0.000000e+00,1.161552e-04,0.000000e+00,0.000000e+00,0.000000e+00,0.000000e+00,0.000000e+00,0.000000e+00,0.000000e+00,0.000000e+00
1.120000e+01,9,5.000000e-01,5.000000e-01,5.000000e-01,5.000000e-01,5.000000e-01,5.000000e-01,5.000000e-01,5.000000e-01,5.000000e-01,1.496806e-02,5.000000e-01,5.000000e-01,5.000000e-01,5.000000e-01,5.000000e-01,5.000000e-01,5.000000e-01,5.000000e-01,0.000000e+00,0.000000e+00,0.000000e+00,0.000000e+00,0.000000e+00,0.000000e+00,0.000000e+00,0.000000e+00,0.000000e+00,1.727322e-06,0.000000e+00,0.000000e+00,0.000000e+00,0.000000e+00,0.000000e+00,0.000000e+00,0.000000e+00,0.000000e+00
1.130000e+01,9,5.000000e-01,5.000000e-01,5.000000e-01,5.000000e-01,5.000000e-01,5.000000e-01,5.000000e-01,5.000000e-01,5.000000e-01,2.273232e-02,5.000000e-01,5.000000e-01,5.000000e-01,5.000000e-01,5.000000e-01,5.000000e-01,5.000000e-01,5.000000e-01,0.000000e+00,0.000000e+00,0.000000e+00,0.000000e+00,0.000000e+00,0.000000e+00,0.000000e+00,0.000000e+00,0.000000e+00,3.075753e-09,0.000000e+00,0.000000e+00,0.000000e+00,0.000000e+00,0.000000e+00,0.000000e+00,0.000000e+00,0.000000e+00
1.140000e+01,9,5.000000e-01,5.000000e-01,5.000000e-01,5.000000e-01,5.000000e-01,5.000000e-01,5.000000e-01,5.000000e-01,5.000000e-01,3.378249e-02,5.000000e-01,5.000000e-01,5.000000e-01,5.000000e-01,5.000000e-01,5.000000e-01,5.000000e-01,5.000000e-01,0.000000e+00,0.000000e+00,0.000000e+00,0.000000e+00,0.000000e+00,0.000000e+00,0.000000e+00,0.000000e+00,0.000000e+00,3.443912e-13,0.000000e+00,0.000000e+00,0.000000e+00,0.000000e+00,0.000000e+00,0.000000e+00,0.000000e+00,0.000000e+00
1.150000e+01,9,5.000000e-01,5.000000e-01,5.000000e-01,5.000000e-01,5.000000e-01,5.000000e-01,5.000000e-01,5.000000e-01,5.000000e-01,4.868565e-02,5.000000e-01,5.000000e-01,5.000000e-01,5.000000e-01,5.000000e-01,5.000000e-01,5.000000e-01,5.000000e-01,0.000000e+00,0.000000e+00,0.000000e+00,0.000000e+00,0.000000e+00,0.000000e+00,0.000000e+00,0.000000e+00,0.000000e+00,0.000000e+00,0.000000e+00,0.000000e+00,0.000000e+00,0.000000e+00,0.000000e+00,0.000000e+00,0.000000e+00,0.000000e+00
1.160000e+01,-1,5.000000e-01,5.000000e-01,5.000000e-01,5.000000e-01,5.000000e-01,5.000000e-01,5.000000e-01,5.000000e-01,5.000000e-01,5.000000e-01,5.000000e-01,5.000000e-01,5.000000e-01,5.000000e-01,5.000000e-01,5.000000e-01,5.000000e-01,5.000000e-01,0.000000e+00,0.000000e+00,0.000000e+00,0.000000e+00,0.000000e+00,0.000000e+00,0.000000e+00,0.000000e+00,0.000000e+00,0.000000e+00,0.000000e+00,0.000000e+00,0.000000e+00,0.000000e+00,0.000000e+00,0.000000e+00,0.000000e+00,0.000000e+00
1.170000e+01,-1,5.000000e-01,5.000000e-01,5.000000e-01,5.000000e-01,5.000000e-01,5.000000e-01,5.000000e-01,5.000000e-01,5.000000e-01,5.000000e-01,5.000000e-01,5.000000e-01,5.000000e-01,5.000000e-01,5.000000e-01,5.000000e-01,5.000000e-01,5.000000e-01,0.000000e+00,0.000000e+00,0.000000e+00,0.000000e+00,0.000000e+00,0.000000e+00,0.000000e+00,0.000000e+00,0.000000e+00,0.000000e+00,0.000000e+00,0.000000e+00,0.000000e+00,0.000000e+00,0.000000e+00,0.000000e+00,0.000000e+00,0.000000e+00
1.180000e+01,-1,5.000000e-01,5.000000e-01,5.000000e-01,5.000000e-01,5.000000e-01,5.000000e-01,5.000000e-01,5.000000e-01,5.000000e-01,5.000000e-01,5.000000e-01,5.000000e-01,5.000000e-01,5.000000e-01,5.000000e-01,5.000000e-01,5.000000e-01,5.000000e-01,0.000000e+00,0.000000e+00,0.000000e+00,0.000000e+00,0.000000e+00,0.000000e+00,0.000000e+00,0.000000e+00,0.000000e+00,0.000000e+00,0.000000e+00,0.000000e+00,0.000000e+00,0.000000e+00,0.000000e+00,0.000000e+00,0.000000e+00,0.000000e+00
1.190000e+01,-1,5.000000e-01,5.000000e-01,5.000000e-01,5.000000e-01,5.000000e-01,5.000000e-01,5.000000e-01,5.000000e-01,5.000000e-01,5.000000e-01,5.000000e-01,5.000000e-01,5.000000e-01,5.000000e-01,5.000000e-01,5.000000e-01,5.000000e-01,5.000000e-01,0.000000e+00,0.000000e+00,0.000000e+00,0.000000e+00,0.000000e+00,0.000000e+00,0.000000e+00,0.000000e+00,0.000000e+00,0.000000e+00,0.000000e+00,0.000000e+00,0.000000e+00,0.000000e+00,0.000000e+00,0.000000e+00,0.000000e+00,0.000000e+00
1.200000e+01,-1,5.000000e-01,5.000000e-01,5.000000e-01,5.000000e-01,5.000000e-01,5.000000e-01,5.000000e-01,5.000000e-01,5.000000e-01,5.000000e-01,5.000000e-01,5.000000e-01,5.000000e-01,5.000000e-01,5.000000e-01,5.000000e-01,5.000000e-01,5.000000e-01,0.000000e+00,0.000000e+00,0.000000e+00,0.000000e+00,0.000000e+00,0.000000e+00,0.000000e+00,0.000000e+00,0.000000e+00,0.000000e+00,0.000000e+00,0.000000e+00,0.000000e+00,0.000000e+00,0.000000e+00,0.000000e+00,0.000000e+00,0.000000e+00
1.210000e+01,-1,5.000000e-01,5.000000e-01,5.000000e-01,5.000000e-01,5.000000e-01,5.000000e-01,5.000000e-01,5.000000e-01,5.000000e-01,5.000000e-01,5.000000e-01,5.000000e-01,5.000000e-01,5.000000e-01,5.000000e-01,5.000000e-01,5.000000e-01,5.000000e-01,0.000000e+00,0.000000e+00,0.000000e+00,0.000000e+00,0.000000e+00,0.000000e+00,0.000000e+00,0.000000e+00,0.000000e+00,0.000000e+00,0.000000e+00,0.000000e+00,0.000000e+00,0.000000e+00,0.000000e+00,0.000000e+00,0.000000e+00,0.000000e+00
1.220000e+01,-1,5.000000e-01,5.000000e-01,5.000000e-01,5.000000e-01,5.000000e-01,5.000000e-01,5.000000e-01,5.000000e-01,5.000000e-01,5.000000e-01,5.000000e-01,5.000000e-01,5.000000e-01,5.000000e-01,5.000000e-01,5.000000e-01,5.000000e-01,5.000000e-01,0.000000e+00,0.000000e+00,0.000000e+00,0.000000e+00,0.000000e+00,0.000000e+00,0.000000e+00,0.000000e+00,0.000000e+00,0.000000e+00,0.000000e+00,0.000000e+00,0.000000e+00,0.000000e+00,0.000000e+00,0.000000e+00,0.000000e+00,0.000000e+00
1.230000e+01,-1,5.000000e-01,5.000000e-01,5.000000e-01,5.000000e-01,5.000000e-01,5.000000e-01,5.000000e-01,5.000000e-01,5.000000e-01,5.000000e-01,5.000000e-01,5.000000e-01,5.000000e-01,5.000000e-01,5.000000e-01,5.000000e-01,5.000000e-01,5.000000e-01,0.000000e+00,0.000000e+00,0.000000e+00,0.000000e+00,0.000000e+00,0.000000e+00,0.000000e+00,0.000000e+00,0.000000e+00,0.000000e+00,0.000000e+00,0.000000e+00,0.000000e+00,0.000000e+00,0.000000e+00,0.000000e+00,0.000000e+00,0.000000e+00
1.240000e+01,-1,5.000000e-01,5.000000e-01,5.000000e-01,5.000000e-01,5.000000e-01,5.000000e-01,5.000000e-01,5.000000e-01,5.000000e-01,5.000000e-01,5.000000e-01,5.000000e-01,5.000000e-01,5.000000e-01,5.000000e-01,5.000000e-01,5.000000e-01,5.000000e-01,0.000000e+00,0.000000e+00,0.000000e+00,0.000000e+00,0.000000e+00,0.000000e+00,0.000000e+00,0.000000e+00,0.000000e+00,0.000000e+00,0.000000e+00,0.000000e+00,0.000000e+00,0.000000e+00,0.000000e+00,0.000000e+00,0.000000e+00,0.000000e+00
1.250000e+01,-1,5.000000e-01,5.000000e-01,5.000000e-01,5.000000e-01,5.000000e-01,5.000000e-01,5.000000e-01,5.000000e-01,5.000000e-01,5.000000e-01,5.000000e-01,5.000000e-01,5.000000e-01,5.000000e-01,5.000000e-01,5.000000e-01,5.000000e-01,5.000000e-01,0.000000e+00,0.000000e+00,0.000000e+00,0.000000e+00,0.000000e+00,0.000000e+00,0.000000e+00,0.000000e+00,0.000000e+00,0.000000e+00,0.000000e+00,0.000000e+00,0.000000e+00,0.000000e+00,0.000000e+00,0.000000e+00,0.000000e+00,0.000000e+00
1.260000e+01,9,5.000000e-01,5.000000e-01,5.000000e-01,5.000000e-01,5.000000e-01,5.000000e-01,5.000000e-01,5.000000e-01,5.000000e-01,3.751014e-02,5.000000e-01,5.000000e-01,5.000000e-01,5.000000e-01,5.000000e-01,5.000000e-01,5.000000e-01,5.000000e-01,0.000000e+00,0.000000e+00,0.000000e+00,0.000000e+00,0.000000e+00,0.000000e+00,0.000000e+00,0.000000e+00,0.000000e+00,1.562084e-14,0.000000e+00,0.000000e+00,0.000000e+00,0.000000e+00,0.000000e+00,0.000000e+00,0.000000e+00,0.000000e+00
1.270000e+01,9,5.000000e-01,5.000000e-01,5.000000e-01,5.000000e-01,5.000000e-01,5.000000e-01,5.000000e-01,5.000000e-01,5.000000e-01,2.630481e-02,5.000000e-01,5.000000e-01,5.000000e-01,5.000000e-01,5.000000e-01,5.000000e-01,5.000000e-01,5.000000e-01,0.000000e+00,0.000000e+00,0.000000e+00,0.000000e+00,0.000000e+00,0.000000e+00,0.000000e+00,0.000000e+00,0.000000e+00,1.642637e-10,0.000000e+00,0.000000e+00,0.000000e+00,0.000000e+00,0.000000e+00,0.000000e+00,0.000000e+00,0.000000e+00
1.280000e+01,9,5.000000e-01,5.000000e-01,5.000000e-01,5.000000e-01,5.000000e-01,5.000000e-01,5.000000e-01,5.000000e-01,5.000000e-01,1.821631e-02,5.000000e-01,5.000000e-01,5.000000e-01,5.000000e-01,5.000000e-01,5.000000e-01,5.000000e-01,5.000000e-01,0.000000e+00,0.000000e+00,0.000000e+00,0.000000e+00,0.000000e+00,0.000000e+00,0.000000e+00,0.000000e+00,0.000000e+00,1.229618e-07,0.000000e+00,0.000000e+00,0.000000e+00,0.000000e+00,0.000000e+00,0.000000e+00,0.000000e+00,0.000000e+00
1.290000e+01,9,5.000000e-01,5.000000e-01,5.000000e-01,5.000000e-01,5.000000e-01,5.000000e-01,5.000000e-01,5.000000e-01,5.000000e-01,1.261996e-02,5.000000e-01,5.000000e-01,5.000000e-01,5.000000e-01,5.000000e-01,5.000000e-01,5.000000e-01,5.000000e-01,0.000000e+00,0.000000e+00,0.000000e+00,0.000000e+00,0.000000e+00,0.000000e+00,0.000000e+00,0.000000e+00,0.000000e+00,1.160369e-05,0.000000e+00,0.000000e+00,0.000000e+00,0.000000e+00,0.000000e+00,0.000000e+00,0.000000e+00,0.000000e+00
1.300000e+01,9,5.000000e-01,5.000000e-01,5.000000e-01,5.000000e-01,5.000000e-01,5.000000e-01,5.000000e-01,5.000000e-01,5.000000e-01,8.887703e-03,5.000000e-01,5.000000e-01,5.000000e-01,5.000000e-01,5.000000e-01,5.000000e-01,5.000000e-01,5.000000e-01,0.000000e+00,0.000000e+00,0.000000e+00,0.000000e+00,0.000000e+00,0.000000e+00,0.000000e+00,0.000000e+00,0.000000e+00,2.373630e-04,0.000000e+00,0.000000e+00,0.000000e+00,0.000000e+00,0.000000e+00,0.000000e+00,0.000000e+00,0.000000e+00
1.310000e+01,9,5.000000e-01,5.000000e-01,5.000000e-01,5.000000e-01,5.000000e-01,5.000000e-01,5.000000e-01,5.000000e-01,5.000000e-01,6.478895e-03,5.000000e-01,5.000000e-01,5.000000e-01,5.000000e-01,5.000000e-01,5.000000e-01,5.000000e-01,5.000000e-01,0.000000e+00,0.000000e+00,0.000000e+00,0.000000e+00,0.000000e+00,0.000000e+00,0.000000e+00,0.000000e+00,0.000000e+00,1.655003e-03,0.000000e+00,0.000000e+00,0.000000e+00,0.000000e+00,0.000000e+00,0.000000e+00,0.000000e+00,0.000000e+00
1.320000e+01,9,5.000000e-01,5.000000e-01,5.000000e-01,5.000000e-01,5.000000e-01,5.000000e-01,5.000000e-01,5.000000e-01,5.000000e-01,4.980000e-03,5.000000e-01,5.000000e-01,5.000000e-01,5.000000e-01,5.000000e-01,5.000000e-01,5.000000e-01,5.000000e-01,0.000000e+00,0.000000e+00,0.000000e+00,0.000000e+00,0.000000e+00,0.000000e+00,0.000000e+00,0.000000e+00,0.000000e+00,5.528020e-03,0.000000e+00,0.000000e+00,0.000000e+00,0.000000e+00,0.000000e+00,0.000000e+00,0.000000e+00,0.000000e+00
1.330000e+01,9,5.000000e-01,5.000000e-01,5.000000e-01,5.000000e-01,5.000000e-01,5.000000e-01,5.000000e-01,5.000000e-01,5.000000e-01,4.105226e-03,5.000000e-01,5.000000e-01,5.000000e-01,5.000000e-01,5.000000e-01,5.000000e-01,5.000000e-01,5.000000e-01,0.000000e+00,0.000000e+00,0.000000e+00,0.000000e+00,0.000000e+00,0.000000e+00,0.000000e+00,0.000000e+00,0.000000e+00,1.116565e-02,0.000000e+00,0.000000e+00,0.000000e+00,0.000000e+00,0.000000e+00,0.000000e+00,0.000000e+00,0.000000e+00
1.340000e+01,9,5.000000e-01,5.000000e-01,5.000000e-01,5.000000e-01,5.000000e-01,5.000000e-01,5.000000e-01,5.000000e-01,5.000000e-01,3.677966e-03,5.000000e-01,5.000000e-01,5.000000e-01,5.000000e-01,5.000000e-01,5.000000e-01,5.000000e-01,5.000000e-01,0.000000e+00,0.000000e+00,0.000000e+00,0.000000e+00,0.000000e+00,0.000000e+00,0.000000e+00,0.000000e+00,0.000000e+00,1.573653e-02,0.000000e+00,0.000000e+00,0.000000e+00,0.000000e+00,0.000000e+00,0.000000e+00,0.000000e+00,0.000000e+00
1.350000e+01,9,5.000000e-01,5.000000e-01,5.000000e-01,5.000000e-01,5.000000e-01,5.000000e-01,5.000000e-01,5.000000e-01,5.000000e-01,3.609708e-03,5.000000e-01,5.000000e-01,5.000000e-01,5.000000e-01,5.000000e-01,5.000000e-01,5.000000e-01,5.000000e-01,0.000000e+00,0.000000e+00,0.000000e+00,0.000000e+00,0.000000e+00,0.000000e+00,0.000000e+00,0.000000e+00,0.000000e+00,1.662307e-02,0.000000e+00,0.000000e+00,0.000000e+00,0.000000e+00,0.000000e+00,0.000000e+00,0.000000e+00,0.000000e+00
1.360000e+01,9,5.000000e-01,5.000000e-01,5.000000e-01,5.000000e-01,5.000000e-01,5.000000e-01,5.000000e-01,5.000000e-01,5.000000e-01,4.489112e-03,5.000000e-01,5.000000e-01,5.000000e-01,5.000000e-01,5.000000e-01,5.000000e-01,5.000000e-01,5.000000e-01,0.000000e+00,0.000000e+00,0.000000e+00,0.000000e+00,0.000000e+00,0.000000e+00,0.000000e+00,0.000000e+00,0.000000e+00,8.202247e-03,0.000000e+00,0.000000e+00,0.000000e+00,0.000000e+00,0.000000e+00,0.000000e+00,0.000000e+00,0.000000e+00
1.370000e+01,9,5.000000e-01,5.000000e-01,5.000000e-01,5.000000e-01,5.000000e-01,5.000000e-01,5.000000e-01,5.000000e-01,5.000000e-01,5.984493e-03,5.000000e-01,5.000000e-01,5.000000e-01,5.000000e-01,5.000000e-01,5.000000e-01,5.000000e-01,5.000000e-01,0.000000e+00,0.000000e+00,0.000000e+00,0.000000e+00,0.000000e+00,0.000000e+00,0.000000e+00,0.000000e+00,0.000000e+00,2.464046e-03,0.000000e+00,0.000000e+00,0.000000e+00,0.000000e+00,0.000000e+00,0.000000e+00,0.000000e+00,0.000000e+00
1.380000e+01,9,5.000000e-01,5.000000e-01,5.000000e-01,5.000000e-01,5.000000e-01,5.000000e-01,5.000000e-01,5.000000e-01,5.000000e-01,8.396638e-03,5.000000e-01,5.000000e-01,5.000000e-01,5.000000e-01,5.000000e-01,5.000000e-01,5.000000e-01,5.000000e-01,0.000000e+00,0.000000e+00,0.000000e+00,0.000000e+00,0.000000e+00,0.000000e+00,0.000000e+00,0.000000e+00,0.000000e+00,3.527880e-04,0.000000e+00,0.000000e+00,0.000000e+00,0.000000e+00,0.000000e+00,0.000000e+00,0.000000e+00,0.000000e+00
1.390000e+01,9,5.000000e-01,5.000000e-01,5.000000e-01,5.000000e-01,5.000000e-01,5.000000e-01,5.000000e-01,5.000000e-01,3.116998e-02,1.215979e-02,5.000000e-01,5.000000e-01,5.000000e-01,5.000000e-01,5.000000e-01,5.000000e-01,5.000000e-01,5.000000e-01,0.000000e+00,0.000000e+00,0.000000e+00,0.000000e+00,0.000000e+00,0.000000e+00,0.000000e+00,0.000000e+00,2.986678e-12,1.684544e-05,0.000000e+00,0.000000e+00,0.000000e+00,0.000000e+00,0.000000e+00,0.000000e+00,0.000000e+00,0.000000e+00
1.400000e+01,8,5.000000e-01,5.000000e-01,5.000000e-01,5.000000e-01,5.000000e-01,5.000000e-01,5.000000e-01,5.000000e-01,1.525314e-02,1.784045e-02,5.000000e-01,5.000000e-01,5.000000e-01,5.000000e-01,5.000000e-01,5.000000e-01,5.000000e-01,5.000000e-01,0.000000e+00,0.000000e+00,0.000000e+00,0.000000e+00,0.000000e+00,0.000000e+00,0.000000e+00,0.000000e+00,1.370262e-06,1.670154e-07,0.000000e+00,0.000000e+00,0.000000e+00,0.000000e+00,0.000000e+00,0.000000e+00,0.000000e+00,0.000000e+00
1.410000e+01,8,5.000000e-01,5.000000e-01,5.000000e-01,5.000000e-01,5.000000e-01,5.000000e-01,5.000000e-01,5.000000e-01,6.196888e-03,2.609307e-02,5.000000e-01,5.000000e-01,5.000000e-01,5.000000e-01,5.000000e-01,5.000000e-01,5.000000e-01,5.000000e-01,0.000000e+00,0.000000e+00,0.000000e+00,0.000000e+00,0.000000e+00,0.000000e+00,0.000000e+00,0.000000e+00,2.076840e-03,1.954720e-10,0.000000e+00,0.000000e+00,0.000000e+00,0.000000e+00,0.000000e+00,0.000000e+00,0.000000e+00,0.000000e+00
1.420000e+01,8,5.000000e-01,5.000000e-01,5.000000e-01,5.000000e-01,5.000000e-01,5.000000e-01,5.000000e-01,5.000000e-01,2.014208e-03,3.756088e-02,5.000000e-01,5.000000e-01,5.000000e-01,5.000000e-01,5.000000e-01,5.000000e-01,5.000000e-01,5.000000e-01,0.000000e+00,0.000000e+00,0.000000e+00,0.000000e+00,0.000000e+00,0.000000e+00,0.000000e+00,0.000000e+00,5.978719e-02,1.498801e-14,0.000000e+00,0.000000e+00,0.000000e+00,0.000000e+00,0.000000e+00,0.000000e+00,0.000000e+00,0.000000e+00
1.430000e+01,8,5.000000e-01,5.000000e-01,5.000000e-01,5.000000e-01,5.000000e-01,5.000000e-01,5.000000e-01,5.000000e-01,5.055410e-04,5.000000e-01,5.000000e-01,5.000000e-01,5.000000e-01,5.000000e-01,5.000000e-01,5.000000e-01,5.000000e-01,5.000000e-01,0.000000e+00,0.000000e+00,0.000000e+00,0.000000e+00,0.000000e+00,0.000000e+00,0.000000e+00,0.000000e+00,2.001861e-01,0.000000e+00,0.000000e+00,0.000000e+00,0.000000e+00,0.000000e+00,0.000000e+00,0.000000e+00,0.000000e+00,0.000000e+00
1.440000e+01,8,5.000000e-01,5.000000e-01,5.000000e-01,5.000000e-01,5.000000e-01,5.000000e-01,5.000000e-01,5.000000e-01,9.528716e-05,5.000000e-01,5.000000e-01,5.000000e-01,5.000000e-01,5.000000e-01,5.000000e-01,5.000000e-01,5.000000e-01,5.000000e-01,0.000000e+00,0.000000e+00,0.000000e+00,0.000000e+00,0.000000e+00,0.000000e+00,0.000000e+00,0.000000e+00,2.779800e-01,0.000000e+00,0.000000e+00,0.000000e+00,0.000000e+00,0.000000e+00,0.000000e+00,0.000000e+00,0.000000e+00,0.000000e+00
1.450000e+01,8,5.000000e-01,5.000000e-01,5.000000e-01,5.000000e-01,5.000000e-01,5.000000e-01,5.000000e-01,5.000000e-01,1.332747e-05,5.000000e-01,5.000000e-01,5.000000e-01,5.000000e-01,5.000000e-01,5.000000e-01,5.000000e-01,5.000000e-01,5.000000e-01,0.000000e+00,0.000000e+00,0.000000e+00,0.000000e+00,0.000000e+00,0.000000e+00,0.000000e+00,0.000000e+00,2.968184e-01,0.000000e+00,0.000000e+00,0.000000e+00,0.000000e+00,0.000000e+00,0.000000e+00,0.000000e+00,0.000000e+00,0.000000e+00
1.460000e+01,8,5.000000e-01,5.000000e-01,5.000000e-01,5.000000e-01,5.000000e-01,5.000000e-01,5.000000e-01,5.000000e-01,1.402596e-06,5.000000e-01,5.000000e-01,5.000000e-01,5.000000e-01,5.000000e-01,5.000000e-01,5.000000e-01,5.000000e-01,5.000000e-01,0.000000e+00,0.000000e+00,0.000000e+00,0.000000e+00,0.000000e+00,0.000000e+00,0.000000e+00,0.000000e+00,2.996636e-01,0.000000e+00,0.000000e+00,0.000000e+00,0.000000e+00,0.000000e+00,0.000000e+00,0.000000e+00,0.000000e+00,0.000000e+00
1.470000e+01,8,5.000000e-01,5.000000e-01,5.000000e-01,5.000000e-01,5.000000e-01,5.000000e-01,5.000000e-01,5.000000e-01,1.167319e-07,5.000000e-01,5.000000e-01,5.000000e-01,5.000000e-01,5.000000e-01,5.000000e-01,5.000000e-01,5.000000e-01,5.000000e-01,0.000000e+00,0.000000e+00,0.000000e+00,0.000000e+00,0.000000e+00,0.000000e+00,0.000000e+00,0.000000e+00,2.999720e-01,0.000000e+00,0.000000e+00,0.000000e+00,0.000000e+00,0.000000e+00,0.000000e+00,0.000000e+00,0.000000e+00,0.000000e+00
1.480000e+01,8,5.000000e-01,5.000000e-01,5.000000e-01,5.000000e-01,5.000000e-01,5.000000e-01,5.000000e-01,5.000000e-01,8.431499e-09,5.000000e-01,5.000000e-01,5.000000e-01,5.000000e-01,5.000000e-01,5.000000e-01,5.000000e-01,5.000000e-01,5.000000e-01,0.000000e+00,0.000000e+00,0.000000e+00,0.000000e+00,0.000000e+00,0.000000e+00,0.000000e+00,0.000000e+00,2.999980e-01,0.000000e+00,0.000000e+00,0.000000e+00,0.000000e+00,0.000000e+00,0.000000e+00,0.000000e+00,0.000000e+00,0.000000e+00
1.490000e+01,8,5.000000e-01,5.000000e-01,5.000000e-01,5.000000e-01,5.000000e-01,5.000000e-01,5.000000e-01,5.000000e-01,6.066160e-10,5.000000e-01,5.000000e-01,5.000000e-01,5.000000e-01,5.000000e-01,5.000000e-01,5.000000e-01,5.000000e-01,5.000000e-01,0.000000e+00,0.000000e+00,0.000000e+00,0.000000e+00,0.000000e+00,0.000000e+00,0.000000e+00,0.000000e+00,2.999999e-01,0.000000e+00,0.000000e+00,0.000000e+00,0.000000e+00,0.000000e+00,0.000000e+00,0.000000e+00,0.000000e+00,0.000000e+00
1.500000e+01,8,5.000000e-01,5.000000e-01,5.000000e-01,5.000000e-01,5.000000e-01,5.000000e-01,5.000000e-01,5.000000e-01,5.179684e-11,5.000000e-01,5.000000e-01,5.000000e-01,5.000000e-01,5.000000e-01,5.000000e-01,5.000000e-01,5.000000e-01,5.000000e-01,0.000000e+00,0.000000e+00,0.000000e+00,0.000000e+00,0.000000e+00,0.000000e+00,0.000000e+00,0.000000e+00,3.000000e-01,0.000000e+00,0.000000e+00,0.000000e+00,0.000000e+00,0.000000e+00,0.000000e+00,0.000000e+00,0.000000e+00,0.000000e+00
1.510000e+01,8,5.000000e-01,5.000000e-01,5.000000e-01,5.000000e-01,5.000000e-01,5.000000e-01,5.000000e-01,5.000000e-01,1.942523e-12,5.000000e-01,5.000000e-01,5.000000e-01,5.000000e-01,5.000000e-01,5.000000e-01,5.000000e-01,5.000000e-01,5.000000e-01,0.000000e+00,0.000000e+00,0.000000e+00,0.000000e+00,0.000000e+00,0.000000e+00,0.000000e+00,0.000000e+00,3.000000e-01,0.000000e+00,0.000000e+00,0.000000e+00,0.000000e+00,0.000000e+00,0.000000e+00,0.000000e+00,0.000000e+00,0.000000e+00
1.520000e+01,8,5.000000e-01,5.000000e-01,5.000000e-01,5.000000e-01,5.000000e-01,5.000000e-01,5.000000e-01,5.000000e-01,9.831447e-14,5.000000e-01,5.000000e-01,5.000000e-01,5.000000e-01,5.000000e-01,5.000000e-01,5.000000e-01,5.000000e-01,5.000000e-01,0.000000e+00,0.000000e+00,0.000000e+00,0.000000e+00,0.000000e+00,0.000000e+00,0.000000e+00,0.000000e+00,3.000000e-01,0.000000e+00,0.000000e+00,0.000000e+00,0.000000e+00,0.000000e+00,0.000000e+00,0.000000e+00,0.000000e+00,0.000000e+00
1.530000e+01,8,5.000000e-01,5.000000e-01,5.000000e-01,5.000000e-01,5.000000e-01,5.000000e-01,5.000000e-01,5.000000e-01,8.684209e-15,5.000000e-01,5.000000e-01,5.000000e-01,5.000000e-01,5.000000e-01,5.000000e-01,5.000000e-01,5.000000e-01,5.000000e-01,0.000000e+00,0.000000e+00,0.000000e+00,0.000000e+00,0.000000e+00,0.000000e+00,0.000000e+00,0.000000e+00,3.000000e-01,0.000000e+00,0.000000e+00,0.000000e+00,0.000000e+00,0.000000e+00,0.000000e+00,0.000000e+00,0.000000e+00,0.000000e+00
1.540000e+01,8,5.000000e-01,5.000000e-01,5.000000e-01,5.000000e-01,5.000000e-01,5.000000e-01,5.000000e-01,5.000000e-01,1.691800e-15,5.000000e-01,5.000000e-01,5.000000e-01,5.000000e-01,5.000000e-01,5.000000e-01,5.000000e-01,5.000000e-01,5.000000e-01,0.000000e+00,0.000000e+00,0.000000e+00,0.000000e+00,0.000000e+00,0.000000e+00,0.000000e+00,0.000000e+00,3.000000e-01,0.000000e+00,0.000000e+00,0.000000e+00,0.000000e+00,0.000000e+00,0.000000e+00,0.000000e+00,0.000000e+00,0.000000e+00
1.550000e+01,8,5.000000e-01,5.000000e-01,5.000000e-01,5.000000e-01,5.000000e-01,5.000000e-01,5.000000e-01,5.000000e-01,8.614001e-16,5.000000e-01,5.000000e-01,5.000000e-01,5.000000e-01,5.000000e-01,5.000000e-01,5.000000e-01,5.000000e-01,5.000000e-01,0.000000e+00,0.000000e+00,0.000000e+00,0.000000e+00,0.000000e+00,0.000000e+00,0.000000e+00,0.000000e+00,3.000000e-01,0.000000e+00,0.000000e+00,0.000000e+00,0.000000e+00,0.000000e+00,0.000000e+00,0.000000e+00,0.000000e+00,0.000000e+00
1.560000e+01,8,5.000000e-01,5.000000e-01,5.000000e-01,5.000000e-01,5.000000e-01,5.000000e-01,5.000000e-01,5.000000e-01,1.232854e-15,5.000000e-01,5.000000e-01,5.000000e-01,5.000000e-01,5.000000e-01,5.000000e-01,5.000000e-01,5.000000e-01,5.000000e-01,0.000000e+00,0.000000e+00,0.000000e+00,0.000000e+00,0.000000e+00,0.000000e+00,0.000000e+00,0.000000e+00,3.000000e-01,0.000000e+00,0.000000e+00,0.000000e+00,0.000000e+00,0.000000e+00,0.000000e+00,0.000000e+00,0.000000e+00,0.000000e+00
1.570000e+01,8,5.000000e-01,5.000000e-01,5.000000e-01,5.000000e-01,5.000000e-01,5.000000e-01,5.000000e-01,5.000000e-01,4.770808e-15,5.000000e-01,5.000000e-01,5.000000e-01,5.000000e-01,5.000000e-01,5.000000e-01,5.000000e-01,5.000000e-01,5.000000e-01,0.000000e+00,0.000000e+00,0.000000e+00,0.000000e+00,0.000000e+00,0.000000e+00,0.000000e+00,0.000000e+00,3.000000e-01,0.000000e+00,0.000000e+00,0.000000e+00,0.000000e+00,0.000000e+00,0.000000e+00,0.000000e+00,0.000000e+00,0.000000e+00
1.580000e+01,8,5.000000e-01,5.000000e-01,5.000000e-01,5.000000e-01,5.000000e-01,5.000000e-01,5.000000e-01,5.000000e-01,4.328129e-14,5.000000e-01,5.000000e-01,5.000000e-01,5.000000e-01,5.000000e-01,5.000000e-01,5.000000e-01,5.000000e-01,5.000000e-01,0.000000e+00,0.000000e+00,0.000000e+00,0.000000e+00,0.000000e+00,0.000000e+00,0.000000e+00,0.000000e+00,3.000000e-01,0.000000e+00,0.000000e+00,0.000000e+00,0.000000e+00,0.000000e+00,0.000000e+00,0.000000e+00,0.000000e+00,0.000000e+00
1.590000e+01,8,5.000000e-01,5.000000e-01,5.000000e-01,5.000000e-01,5.000000e-01,5.000000e-01,5.000000e-01,5.000000e-01,7.399097e-13,5.000000e-01,5.000000e-01,5.000000e-01,5.000000e-01,5.000000e-01,5.000000e-01,5.000000e-01,5.000000e-01,5.000000e-01,0.000000e+00,0.000000e+00,0.000000e+00,0.000000e+00,0.000000e+00,0.000000e+00,0.000000e+00,0.000000e+00,3.000000e-01,0.000000e+00,0.000000e+00,0.000000e+00,0.000000e+00,0.000000e+00,0.000000e+00,0.000000e+00,0.000000e+00,0.000000e+00
1.600000e+01,8,5.000000e-01,5.000000e-01,5.000000e-01,5.000000e-01,5.000000e-01,5.000000e-01,5.000000e-01,5.000000e-01,1.848063e-11,5.000000e-01,5.000000e-01,5.000000e-01,5.000000e-01,5.000000e-01,5.000000e-01,5.000000e-01,5.000000e-01,5.000000e-01,0.000000e+00,0.000000e+00,0.000000e+00,0.000000e+00,0.000000e+00,0.000000e+00,0.000000e+00,0.000000e+00,3.000000e-01,0.000000e+00,0.000000e+00,0.000000e+00,0.000000e+00,0.000000e+00,0.000000e+00,0.000000e+00,0.000000e+00,0.000000e+00
1.610000e+01,8,5.000000e-01,5.000000e-01,5.000000e-01,5.000000e-01,5.000000e-01,5.000000e-01,5.000000e-01,5.000000e-01,5.252925e-10,5.000000e-01,5.000000e-01,5.000000e-01,5.000000e-01,5.000000e-01,5.000000e-01,5.000000e-01,5.000000e-01,5.000000e-01,0.000000e+00,0.000000e+00,0.000000e+00,0.000000e+00,0.000000e+00,0.000000e+00,0.000000e+00,0.000000e+00,2.999999e-01,0.000000e+00,0.000000e+00,0.000000e+00,0.000000e+00,0.000000e+00,0.000000e+00,0.000000e+00,0.000000e+00,0.000000e+00
1.620000e+01,8,5.000000e-01,5.000000e-01,5.000000e-01,5.000000e-01,5.000000e-01,5.000000e-01,5.000000e-01,5.000000e-01,1.373119e-08,5.000000e-01,5.000000e-01,5.000000e-01,5.000000e-01,5.000000e-01,5.000000e-01,5.000000e-01,5.000000e-01,5.000000e-01,0.000000e+00,0.000000e+00,0.000000e+00,0.000000e+00,0.000000e+00,0.000000e+00,0.000000e+00,0.000000e+00,2.999967e-01,0.000000e+00,0.000000e+00,0.000000e+00,0.000000e+00,0.000000e+00,0.000000e+00,0.000000e+00,0.000000e+00,0.000000e+00
1.630000e+01,8,5.000000e-01,5.000000e-01,5.000000e-01,5.000000e-01,5.000000e-01,5.000000e-01,5.000000e-01,5.000000e-01,2.819791e-07,5.000000e-01,5.000000e-01,5.000000e-01,5.000000e-01,5.000000e-01,5.000000e-01,5.000000e-01,5.000000e-01,5.000000e-01,0.000000e+00,0.000000e+00,0.000000e+00,0.000000e+00,0.000000e+00,0.000000e+00,0.000000e+00,0.000000e+00,2.999323e-01,0.000000e+00,0.000000e+00,0.000000e+00,0.000000e+00,0.000000e+00,0.000000e+00,0.000000e+00,0.000000e+00,0.000000e+00
1.640000e+01,8,5.000000e-01,5.000000e-01,5.000000e-01,5.000000e-01,5.000000e-01,5.000000e-01,5.000000e-01,5.000000e-01,4.127537e-06,5.000000e-01,5.000000e-01,5.000000e-01,5.000000e-01,5.000000e-01,5.000000e-01,5.000000e-01,5.000000e-01,5.000000e-01,0.000000e+00,0.000000e+00,0.000000e+00,0.000000e+00,0.000000e+00,0.000000e+00,0.000000e+00,0.000000e+00,2.990110e-01,0.000000e+00,0.000000e+00,0.000000e+00,0.000000e+00,0.000000e+00,0.000000e+00,0.000000e+00,0.000000e+00,0.000000e+00
1.650000e+01,8,5.000000e-01,5.000000e-01,5.000000e-01,5.000000e-01,5.000000e-01,5.000000e-01,5.000000e-01,5.000000e-01,4.125603e-05,5.000000e-01,5.000000e-01,5.000000e-01,5.000000e-01,5.000000e-01,5.000000e-01,5.000000e-01,5.000000e-01,5.000000e-01,0.000000e+00,0.000000e+00,0.000000e+00,0.000000e+00,0.000000e+00,0.000000e+00,0.000000e+00,0.000000e+00,2.902600e-01,0.000000e+00,0.000000e+00,0.000000e+00,0.000000e+00,0.000000e+00,0.000000e+00,0.000000e+00,0.000000e+00,0.000000e+00
1.660000e+01,8,5.000000e-01,5.000000e-01,5.000000e-01,5.000000e-01,5.000000e-01,5.000000e-01,5.000000e-01,5.000000e-01,2.231230e-05,5.000000e-01,5.000000e-01,5.000000e-01,5.000000e-01,5.000000e-01,5.000000e-01,5.000000e-01,5.000000e-01,5.000000e-01,0.000000e+00,0.000000e+00,0.000000e+00,0.000000e+00,0.000000e+00,0.000000e+00,0.000000e+00,0.000000e+00,2.946925e-01,0.000000e+00,0.000000e+00,0.000000e+00,0.000000e+00,0.000000e+00,0.000000e+00,0.000000e+00,0.000000e+00,0.000000e+00
1.670000e+01,8,5.000000e-01,5.000000e-01,5.000000e-01,5.000000e-01,5.000000e-01,5.000000e-01,5.000000e-01,5.000000e-01,1.468441e-05,5.000000e-01,5.000000e-01,5.000000e-01,5.000000e-01,5.000000e-01,5.000000e-01,5.000000e-01,5.000000e-01,5.000000e-01,0.000000e+00,0.000000e+00,0.000000e+00,0.000000e+00,0.000000e+00,0.000000e+00,0.000000e+00,0.000000e+00,2.964963e-01,0.000000e+00,0.000000e+00,0.000000e+00,0.000000e+00,0.000000e+00,0.000000e+00,0.000000e+00,0.000000e+00,0.000000e+00
1.680000e+01,8,5.000000e-01,5.000000e-01,5.000000e-01,5.000000e-01,5.000000e-01,5.000000e-01,5.000000e-01,5.000000e-01,1.217911e-05,5.000000e-01,5.000000e-01,5.000000e-01,5.000000e-01,5.000000e-01,5.000000e-01,5.000000e-01,5.000000e-01,5.000000e-01,0.000000e+00,0.000000e+00,0.000000e+00,0.000000e+00,0.000000e+00,0.000000e+00,0.000000e+00,0.000000e+00,2.970912e-01,0.000000e+00,0.000000e+00,0.000000e+00,0.000000e+00,0.000000e+00,0.000000e+00,0.000000e+00,0.000000e+00,0.000000e+00
1.690000e+01,8,5.000000e-01,5.000000e-01,5.000000e-01,5.000000e-01,5.000000e-01,5.000000e-01,5.000000e-01,5.000000e-01,1.293766e-05,5.000000e-01,5.000000e-01,5.000000e-01,5.000000e-01,5.000000e-01,5.000000e-01,5.000000e-01,5.000000e-01,5.000000e-01,0.000000e+00,0.000000e+00,0.000000e+00,0.000000e+00,0.000000e+00,0.000000e+00,0.000000e+00,0.000000e+00,2.969110e-01,0.000000e+00,0.000000e+00,0.000000e+00,0.000000e+00,0.000000e+00,0.000000e+00,0.000000e+00,0.000000e+00,0.000000e+00
1.700000e+01,8,5.000000e-01,5.000000e-01,5.000000e-01,5.000000e-01,5.000000e-01,5.000000e-01,5.000000e-01,5.000000e-01,1.751012e-05,5.000000e-01,5.000000e-01,5.000000e-01,5.000000e-01,5.000000e-01,5.000000e-01,5.000000e-01,5.000000e-01,5.000000e-01,0.000000e+00,0.000000e+00,0.000000e+00,0.000000e+00,0.000000e+00,0.000000e+00,0.000000e+00,0.000000e+00,2.958268e-01,0.000000e+00,0.000000e+00,0.000000e+00,0.000000e+00,0.000000e+00,0.000000e+00,0.000000e+00,0.000000e+00,0.000000e+00
1.710000e+01,8,5.000000e-01,5.000000e-01,5.000000e-01,5.000000e-01,5.000000e-01,5.000000e-01,5.000000e-01,5.000000e-01,2.942300e-05,5.000000e-01,5.000000e-01,5.000000e-01,5.000000e-01,5.000000e-01,5.000000e-01,5.000000e-01,5.000000e-01,5.000000e-01,0.000000e+00,0.000000e+00,0.000000e+00,0.000000e+00,0.000000e+00,0.000000e+00,0.000000e+00,0.000000e+00,2.930208e-01,0.000000e+00,0.000000e+00,0.000000e+00,0.000000e+00,0.000000e+00,0.000000e+00,0.000000e+00,0.000000e+00,0.000000e+00
1.720000e+01,8,5.000000e-01,5.000000e-01,5.000000e-01,5.000000e-01,5.000000e-01,5.000000e-01,5.000000e-01,5.000000e-01,5.884516e-05,5.000000e-01,5.000000e-01,5.000000e-01,5.000000e-01,5.000000e-01,5.000000e-01,5.000000e-01,5.000000e-01,5.000000e-01,0.000000e+00,0.000000e+00,0.000000e+00,0.000000e+00,0.000000e+00,0.000000e+00,0.000000e+00,0.000000e+00,2.862040e-01,0.000000e+00,0.000000e+00,0.000000e+00,0.000000e+00,0.000000e+00,0.000000e+00,0.000000e+00,0.000000e+00,0.000000e+00
1.730000e+01,8,5.000000e-01,5.000000e-01,5.000000e-01,5.000000e-01,5.000000e-01,5.000000e-01,5.000000e-01,5.000000e-01,1.329628e-04,5.000000e-01,5.000000e-01,5.000000e-01,5.000000e-01,5.000000e-01,5.000000e-01,5.000000e-01,5.000000e-01,5.000000e-01,0.000000e+00,0.000000e+00,0.000000e+00,0.000000e+00,0.000000e+00,0.000000e+00,0.000000e+00,0.000000e+00,2.697256e-01,0.000000e+00,0.000000e+00,0.000000e+00,0.000000e+00,0.000000e+00,0.000000e+00,0.000000e+00,0.000000e+00,0.000000e+00
1.740000e+01,8,5.000000e-01,5.000000e-01,5.000000e-01,5.000000e-01,5.000000e-01,5.000000e-01,5.000000e-01,5.000000e-01,3.213432e-04,5.000000e-01,5.000000e-01,5.000000e-01,5.000000e-01,5.000000e-01,5.000000e-01,5.000000e-01,5.000000e-01,5.000000e-01,0.000000e+00,0.000000e+00,0.000000e+00,0.000000e+00,0.000000e+00,0.000000e+00,0.000000e+00,0.000000e+00,2.319836e-01,0.000000e+00,0.000000e+00,0.000000e+00,0.000000e+00,0.000000e+00,0.000000e+00,0.000000e+00,0.000000e+00,0.000000e+00
1.750000e+01,8,5.000000e-01,5.000000e-01,5.000000e-01,5.000000e-01,5.000000e-01,5.000000e-01,5.000000e-01,5.000000e-01,7.894595e-04,5.000000e-01,5.000000e-01,5.000000e-01,5.000000e-01,5.000000e-01,5.000000e-01,5.000000e-01,5.000000e-01,5.000000e-01,0.000000e+00,0.000000e+00,0.000000e+00,0.000000e+00,0.000000e+00,0.000000e+00,0.000000e+00,0.000000e+00,1.594875e-01,0.000000e+00,0.000000e+00,0.000000e+00,0.000000e+00,0.000000e+00,0.000000e+00,0.000000e+00,0.000000e+00,0.000000e+00
1.760000e+01,8,5.000000e-01,5.000000e-01,5.000000e-01,5.000000e-01,5.000000e-01,5.000000e-01,5.000000e-01,5.000000e-01,1.889869e-03,5.000000e-01,5.000000e-01,5.000000e-01,5.000000e-01,5.000000e-01,5.000000e-01,5.000000e-01,5.000000e-01,5.000000e-01,0.000000e+00,0.000000e+00,0.000000e+00,0.000000e+00,0.000000e+00,0.000000e+00,0.000000e+00,0.000000e+00,6.605295e-02,0.000000e+00,0.000000e+00,0.000000e+00,0.000000e+00,0.000000e+00,0.000000e+00,0.000000e+00,0.000000e+00,0.000000e+00
1.770000e+01,8,5.000000e-01,5.000000e-01,5.000000e-01,5.000000e-01,5.000000e-01,5.000000e-01,5.000000e-01,5.000000e-01,4.272455e-03,5.000000e-01,5.000000e-01,5.000000e-01,5.000000e-01,5.000000e-01,5.000000e-01,5.000000e-01,5.000000e-01,5.000000e-01,0.000000e+00,0.000000e+00,0.000000e+00,0.000000e+00,0.000000e+00,0.000000e+00,0.000000e+00,0.000000e+00,9.761985e-03,0.000000e+00,0.000000e+00,0.000000e+00,0.000000e+00,0.000000e+00,0.000000e+00,0.000000e+00,0.000000e+00,0.000000e+00
1.780000e+01,8,5.000000e-01,5.000000e-01,5.000000e-01,5.000000e-01,5.000000e-01,5.000000e-01,5.000000e-01,5.000000e-01,8.941475e-03,5.000000e-01,5.000000e-01,5.000000e-01,5.000000e-01,5.000000e-01,5.000000e-01,5.000000e-01,5.000000e-01,5.000000e-01,0.000000e+00,0.000000e+00,0.000000e+00,0.000000e+00,0.000000e+00,0.000000e+00,0.000000e+00,0.000000e+00,2.272808e-04,0.000000e+00,0.000000e+00,0.000000e+00,0.000000e+00,0.000000e+00,0.000000e+00,0.000000e+00,0.000000e+00,0.000000e+00
1.790000e+01,8,5.000000e-01,5.000000e-01,5.000000e-01,5.000000e-01,5.000000e-01,5.000000e-01,5.000000e-01,5.000000e-01,1.715479e-02,5.000000e-01,5.000000e-01,5.000000e-01,5.000000e-01,5.000000e-01,5.000000e-01,5.000000e-01,5.000000e-01,5.000000e-01,0.000000e+00,0.000000e+00,0.000000e+00,0.000000e+00,0.000000e+00,0.000000e+00,0.000000e+00,0.000000e+00,2.918923e-07,0.000000e+00,0.000000e+00,0.000000e+00,0.000000e+00,0.000000e+00,0.000000e+00,0.000000e+00,0.000000e+00,0.000000e+00
1.800000e+01,8,5.000000e-01,5.000000e-01,5.000000e-01,5.000000e-01,5.000000e-01,5.000000e-01,5.000000e-01,5.000000e-01,3.012122e-02,5.000000e-01,5.000000e-01,5.000000e-01,5.000000e-01,5.000000e-01,5.000000e-01,5.000000e-01,5.000000e-01,5.000000e-01,0.000000e+00,0.000000e+00,0.000000e+00,0.000000e+00,0.000000e+00,0.000000e+00,0.000000e+00,0.000000e+00,7.097223e-12,0.000000e+00,0.000000e+00,0.000000e+00,0.000000e+00,0.000000e+00,0.000000e+00,0.000000e+00,0.000000e+00,0.000000e+00
1.810000e+01,8,5.000000e-01,5.000000e-01,5.000000e-01,5.000000e-01,5.000000e-01,5.000000e-01,5.000000e-01,5.000000e-01,1.231900e-02,5.000000e-01,5.000000e-01,5.000000e-01,5.000000e-01,5.000000e-01,5.000000e-01,5.000000e-01,5.000000e-01,5.000000e-01,0.000000e+00,0.000000e+00,0.000000e+00,0.000000e+00,0.000000e+00,0.000000e+00,0.000000e+00,0.000000e+00,1.480743e-05,0.000000e+00,0.000000e+00,0.000000e+00,0.000000e+00,0.000000e+00,0.000000e+00,0.000000e+00,0.000000e+00,0.000000e+00
1.820000e+01,8,5.000000e-01,5.000000e-01,5.000000e-01,5.000000e-01,5.000000e-01,5.000000e-01,5.000000e-01,5.000000e-01,3.637180e-03,5.000000e-01,5.000000e-01,5.000000e-01,5.000000e-01,5.000000e-01,5.000000e-01,5.000000e-01,5.000000e-01,5.000000e-01,0.000000e+00,0.000000e+00,0.000000e+00,0.000000e+00,0.000000e+00,0.000000e+00,0.000000e+00,0.000000e+00,1.626042e-02,0.000000e+00,0.000000e+00,0.000000e+00,0.000000e+00,0.000000e+00,0.000000e+00,0.000000e+00,0.000000e+00,0.000000e+00
1.830000e+01,8,5.000000e-01,5.000000e-01,5.000000e-01,5.000000e-01,5.000000e-01,5.000000e-01,5.000000e-01,5.000000e-01,6.877423e-04,5.000000e-01,5.000000e-01,5.000000e-01,5.000000e-01,5.000000e-01,5.000000e-01,5.000000e-01,5.000000e-01,5.000000e-01,0.000000e+00,0.000000e+00,0.000000e+00,0.000000e+00,0.000000e+00,0.000000e+00,0.000000e+00,0.000000e+00,1.730186e-01,0.000000e+00,0.000000e+00,0.000000e+00,0.000000e+00,0.000000e+00,0.000000e+00,0.000000e+00,0.000000e+00,0.000000e+00
1.840000e+01,8,5.000000e-01,5.000000e-01,5.000000e-01,5.000000e-01,5.000000e-01,5.000000e-01,5.000000e-01,5.000000e-01,7.127325e-05,5.000000e-01,5.000000e-01,5.000000e-01,5.000000e-01,5.000000e-01,5.000000e-01,5.000000e-01,5.000000e-01,5.000000e-01,0.000000e+00,0.000000e+00,0.000000e+00,0.000000e+00,0.000000e+00,0.000000e+00,0.000000e+00,0.000000e+00,2.833724e-01,0.000000e+00,0.000000e+00,0.000000e+00,0.000000e+00,0.000000e+00,0.000000e+00,0.000000e+00,0.000000e+00,0.000000e+00
1.850000e+01,8,5.000000e-01,5.000000e-01,5.000000e-01,5.000000e-01,5.000000e-01,5.000000e-01,5.000000e-01,5.000000e-01,3.331996e-06,5.000000e-01,5.000000e-01,5.000000e-01,5.000000e-01,5.000000e-01,5.000000e-01,5.000000e-01,5.000000e-01,5.000000e-01,0.000000e+00,0.000000e+00,0.000000e+00,0.000000e+00,0.000000e+00,0.000000e+00,0.000000e+00,0.000000e+00,2.992014e-01,0.000000e+00,0.000000e+00,0.000000e+00,0.000000e+00,0.000000e+00,0.000000e+00,0.000000e+00,0.000000e+00,0.000000e+00
1.860000e+01,8,5.000000e-01,5.000000e-01,5.000000e-01,5.000000e-01,5.000000e-01,5.000000e-01,5.000000e-01,5.000000e-01,5.579255e-08,5.000000e-01,5.000000e-01,5.000000e-01,5.000000e-01,5.000000e-01,5.000000e-01,5.000000e-01,5.000000e-01,5.000000e-01,0.000000e+00,0.000000e+00,0.000000e+00,0.000000e+00,0.000000e+00,0.000000e+00,0.000000e+00,0.000000e+00,2.999866e-01,0.000000e+00,0.000000e+00,0.000000e+00,0.000000e+00,0.000000e+00,0.000000e+00,0.000000e+00,0.000000e+00,0.000000e+00
1.870000e+01,8,5.000000e-01,5.000000e-01,5.000000e-01,5.000000e-01,5.000000e-01,5.000000e-01,5.000000e-01,5.000000e-01,2.598401e-10,5.000000e-01,5.000000e-01,5.000000e-01,5.000000e-01,5.000000e-01,5.000000e-01,5.000000e-01,5.000000e-01,5.000000e-01,0.000000e+00,0.000000e+00,0.000000e+00,0.000000e+00,0.000000e+00,0.000000e+00,0.000000e+00,0.000000e+00,2.999999e-01,0.000000e+00,0.000000e+00,0.000000e+00,0.000000e+00,0.000000e+00,0.000000e+00,0.000000e+00,0.000000e+00,0.000000e+00
1.880000e+01,8,5.000000e-01,5.000000e-01,5.000000e-01,5.000000e-01,5.000000e-01,5.000000e-01,5.000000e-01,5.000000e-01,2.633776e-13,5.000000e-01,5.000000e-01,5.000000e-01,5.000000e-01,5.000000e-01,5.000000e-01,5.000000e-01,5.000000e-01,5.000000e-01,0.000000e+00,0.000000e+00,0.000000e+00,0.000000e+00,0.000000e+00,0.000000e+00,0.000000e+00,0.000000e+00,3.000000e-01,0.000000e+00,0.000000e+00,0.000000e+00,0.000000e+00,0.000000e+00,0.000000e+00,0.000000e+00,0.000000e+00,0.000000e+00
1.890000e+01,8,5.000000e-01,5.000000e-01,5.000000e-01,5.000000e-01,5.000000e-01,5.000000e-01,5.000000e-01,5.000000e-01,4.818439e-17,5.000000e-01,5.000000e-01,5.000000e-01,5.000000e-01,5.000000e-01,5.000000e-01,5.000000e-01,5.000000e-01,5.000000e-01,0.000000e+00,0.000000e+00,0.000000e+00,0.000000e+00,0.000000e+00,0.000000e+00,0.000000e+00,0.000000e+00,3.000000e-01,0.000000e+00,0.000000e+00,0.000000e+00,0.000000e+00,0.000000e+00,0.000000e+00,0.000000e+00,0.000000e+00,0.000000e+00
1.900000e+01,8,5.000000e-01,5.000000e-01,5.000000e-01,5.000000e-01,5.000000e-01,5.000000e-01,5.000000e-01,5.000000e-01,1.501896e-21,5.000000e-01,5.000000e-01,5.000000e-01,5.000000e-01,5.000000e-01,5.000000e-01,5.000000e-01,5.000000e-01,5.000000e-01,0.000000e+00,0.000000e+00,0.000000e+00,0.000000e+00,0.000000e+00,0.000000e+00,0.000000e+00,0.000000e+00,3.000000e-01,0.000000e+00,0.000000e+00,0.000000e+00,0.000000e+00,0.000000e+00,0.000000e+00,0.000000e+00,0.000000e+00,0.000000e+00
1.910000e+01,8,5.000000e-01,5.000000e-01,5.000000e-01,5.000000e-01,5.000000e-01,5.000000e-01,5.000000e-01,5.000000e-01,9.326406e-27,5.000000e-01,5.000000e-01,5.000000e-01,5.000000e-01,5.000000e-01,5.000000e-01,5.000000e-01,5.000000e-01,5.000000e-01,0.000000e+00,0.000000e+00,0.000000e+00,0.000000e+00,0.000000e+00,0.000000e+00,0.000000e+00,0.000000e+00,3.000000e-01,0.000000e+00,0.000000e+00,0.000000e+00,0.000000e+00,0.000000e+00,0.000000e+00,0.000000e+00,0.000000e+00,0.000000e+00
1.920000e+01,8,5.000000e-01,5.000000e-01,5.000000e-01,5.000000e-01,5.000000e-01,5.000000e-01,5.000000e-01,5.000000e-01,1.807701e-32,5.000000e-01,5.000000e-01,5.000000e-01,5.000000e-01,5.000000e-01,5.000000e-01,5.000000e-01,5.000000e-01,5.000000e-01,0.000000e+00,0.000000e+00,0.000000e+00,0.000000e+00,0.000000e+00,0.000000e+00,0.000000e+00,0.000000e+00,3.000000e-01,0.000000e+00,0.000000e+00,0.000000e+00,0.000000e+00,0.000000e+00,0.000000e+00,0.000000e+00,0.000000e+00,0.000000e+00
1.930000e+01,8,5.000000e-01,5.000000e-01,5.000000e-01,5.000000e-01,5.000000e-01,5.000000e-01,5.000000e-01,5.000000e-01,2.393735e-38,5.000000e-01,5.000000e-01,5.000000e-01,5.000000e-01,5.000000e-01,5.000000e-01,5.000000e-01,5.000000e-01,5.000000e-01,0.000000e+00,0.000000e+00,0.000000e+00,0.000000e+00,0.000000e+00,0.000000e+00,0.000000e+00,0.000000e+00,3.000000e-01,0.000000e+00,0.000000e+00,0.000000e+00,0.000000e+00,0.000000e+00,0.000000e+00,0.000000e+00,0.000000e+00,0.000000e+00
1.940000e+01,8,5.000000e-01,5.000000e-01,5.000000e-01,5.000000e-01,5.000000e-01,5.000000e-01,5.000000e-01,5.000000e-01,6.430569e-44,5.000000e-01,5.000000e-01,5.000000e-01,5.000000e-01,5.000000e-01,5.000000e-01,5.000000e-01,5.000000e-01,5.000000e-01,0.000000e+00,0.000000e+00,0.000000e+00,0.000000e+00,0.000000e+00,0.000000e+00,0.000000e+00,0.000000e+00,3.000000e-01,0.000000e+00,0.000000e+00,0.000000e+00,0.000000e+00,0.000000e+00,0.000000e+00,0.000000e+00,0.000000e+00,0.000000e+00
1.950000e+01,8,5.000000e-01,5.000000e-01,5.000000e-01,5.000000e-01,5.000000e-01,5.000000e-01,5.000000e-01,5.000000e-01,1.248219e-48,5.000000e-01,5.000000e-01,5.000000e-01,5.000000e-01,5.000000e-01,5.000000e-01,5.000000e-01,5.000000e-01,5.000000e-01,0.000000e+00,0.000000e+00,0.000000e+00,0.000000e+00,0.000000e+00,0.000000e+00,0.000000e+00,0.000000e+00,3.000000e-01,0.000000e+00,0.000000e+00,0.000000e+00,0.000000e+00,0.000000e+00,0.000000e+00,0.000000e+00,0.000000e+00,0.000000e+00
1.960000e+01,8,5.000000e-01,5.000000e-01,5.000000e-01,5.000000e-01,5.000000e-01,5.000000e-01,5.000000e-01,5.000000e-01,2.870610e-45,5.000000e-01,5.000000e-01,5.000000e-01,5.000000e-01,5.000000e-01,5.000000e-01,5.000000e-01,5.000000e-01,5.000000e-01,0.000000e+00,0.000000e+00,0.000000e+00,0.000000e+00,0.000000e+00,0.000000e+00,0.000000e+00,0.000000e+00,3.000000e-01,0.000000e+00,0.000000e+00,0.000000e+00,0.000000e+00,0.000000e+00,0.000000e+00,0.000000e+00,0.000000e+00,0.000000e+00
1.970000e+01,8,5.000000e-01,5.000000e-01,5.000000e-01,5.000000e-01,5.000000e-01,5.000000e-01,5.000000e-01,5.000000e-01,1.112387e-40,5.000000e-01,5.000000e-01,5.000000e-01,5.000000e-01,5.000000e-01,5.000000e-01,5.000000e-01,5.000000e-01,5.000000e-01,0.000000e+00,0.000000e+00,0.000000e+00,0.000000e+00,0.000000e+00,0.000000e+00,0.000000e+00,0.000000e+00,3.000000e-01,0.000000e+00,0.000000e+00,0.000000e+00,0.000000e+00,0.000000e+00,0.000000e+00,0.000000e+00,0.000000e+00,0.000000e+00
1.980000e+01,8,5.000000e-01,5.000000e-01,5.000000e-01,5.000000e-01,5.000000e-01,5.000000e-01,5.000000e-01,5.000000e-01,2.246023e-35,5.000000e-01,5.000000e-01,5.000000e-01,5.000000e-01,5.000000e-01,5.000000e-01,5.000000e-01,5.000000e-01,5.000000e-01,0.000000e+00,0.000000e+00,0.000000e+00,0.000000e+00,0.000000e+00,0.000000e+00,0.000000e+00,0.000000e+00,3.000000e-01,0.000000e+00,0.000000e+00,0.000000e+00,0.000000e+00,0.000000e+00,0.000000e+00,0.000000e+00,0.000000e+00,0.000000e+00
1.990000e+01,8,5.000000e-01,5.000000e-01,5.000000e-01,5.000000e-01,5.000000e-01,5.000000e-01,5.000000e-01,5.000000e-01,7.372307e-30,5.000000e-01,5.000000e-01,5.000000e-01,5.000000e-01,5.000000e-01,5.000000e-01,5.000000e-01,5.000000e-01,5.000000e-01,0.000000e+00,0.000000e+00,0.000000e+00,0.000000e+00,0.000000e+00,0.000000e+00,0.000000e+00,0.000000e+00,3.000000e-01,0.000000e+00,0.000000e+00,0.000000e+00,0.000000e+00,0.000000e+00,0.000000e+00,0.000000e+00,0.000000e+00,0.000000e+00
2.000000e+01,8,5.000000e-01,5.000000e-01,5.000000e-01,5.000000e-01,5.000000e-01,5.000000e-01,5.000000e-01,5.000000e-01,1.487347e-24,5.000000e-01,5.000000e-01,5.000000e-01,5.000000e-01,5.000000e-01,5.000000e-01,5.000000e-01,5.000000e-01,5.000000e-01,0.000000e+00,0.000000e+00,0.000000e+00,0.000000e+00,0.000000e+00,0.000000e+00,0.000000e+00,0.000000e+00,3.000000e-01,0.000000e+00,0.000000e+00,0.000000e+00,0.000000e+00,0.000000e+00,0.000000e+00,0.000000e+00,0.000000e+00,0.000000e+00
2.010000e+01,8,5.000000e-01,5.000000e-01,5.000000e-01,5.000000e-01,5.000000e-01,5.000000e-01,5.000000e-01,5.000000e-01,9.334973e-20,5.000000e-01,5.000000e-01,5.000000e-01,5.000000e-01,5.000000e-01,5.000000e-01,5.000000e-01,5.000000e-01,5.000000e-01,0.000000e+00,0.000000e+00,0.000000e+00,0.000000e+00,0.000000e+00,0.000000e+00,0.000000e+00,0.000000e+00,3.000000e-01,0.000000e+00,0.000000e+00,0.000000e+00,0.000000e+00,0.000000e+00,0.000000e+00,0.000000e+00,0.000000e+00,0.000000e+00
2.020000e+01,8,5.000000e-01,5.000000e-01,5.000000e-01,5.000000e-01,5.000000e-01,5.000000e-01,5.000000e-01,5.000000e-01,1.253981e-15,5.000000e-01,5.000000e-01,5.000000e-01,5.000000e-01,5.000000e-01,5.000000e-01,5.000000e-01,5.000000e-01,5.000000e-01,0.000000e+00,0.000000e+00,0.000000e+00,0.000000e+00,0.000000e+00,0.000000e+00,0.000000e+00,0.000000e+00,3.000000e-01,0.000000e+00,0.000000e+00,0.000000e+00,0.000000e+00,0.000000e+00,0.000000e+00,0.000000e+00,0.000000e+00,0.000000e+00
2.030000e+01,8,5.000000e-01,5.000000e-01,5.000000e-01,5.000000e-01,5.000000e-01,5.000000e-01,5.000000e-01,5.000000e-01,3.221846e-12,5.000000e-01,5.000000e-01,5.000000e-01,5.000000e-01,5.000000e-01,5.000000e-01,5.000000e-01,5.000000e-01,5.000000e-01,0.000000e+00,0.000000e+00,0.000000e+00,0.000000e+00,0.000000e+00,0.000000e+00,0.000000e+00,0.000000e+00,3.000000e-01,0.000000e+00,0.000000e+00,0.000000e+00,0.000000e+00,0.000000e+00,0.000000e+00,0.000000e+00,0.000000e+00,0.000000e+00
2.040000e+01,8,5.000000e-01,5.000000e-01,5.000000e-01,5.000000e-01,5.000000e-01,5.000000e-01,5.000000e-01,5.000000e-01,1.705675e-09,5.000000e-01,5.000000e-01,5.000000e-01,5.000000e-01,5.000000e-01,5.000000e-01,5.000000e-01,5.000000e-01,5.000000e-01,0.000000e+00,0.000000e+00,0.000000e+00,0.000000e+00,0.000000e+00,0.000000e+00,0.000000e+00,0.000000e+00,2.999996e-01,0.000000e+00,0.000000e+00,0.000000e+00,0.000000e+00,0.000000e+00,0.000000e+00,0.000000e+00,0.000000e+00,0.000000e+00
2.050000e+01,8,5.000000e-01,5.000000e-01,5.000000e-01,5.000000e-01,5.000000e-01,5.000000e-01,5.000000e-01,5.000000e-01,2.237322e-07,5.000000e-01,5.000000e-01,5.000000e-01,5.000000e-01,5.000000e-01,5.000000e-01,5.000000e-01,5.000000e-01,5.000000e-01,0.000000e+00,0.000000e+00,0.000000e+00,0.000000e+00,0.000000e+00,0.000000e+00,0.000000e+00,0.000000e+00,2.999463e-01,0.000000e+00,0.000000e+00,0.000000e+00,0.000000e+00,0.000000e+00,0.000000e+00,0.000000e+00,0.000000e+00,0.000000e+00
2.060000e+01,8,5.000000e-01,5.000000e-01,5.000000e-01,5.000000e-01,5.000000e-01,5.000000e-01,5.000000e-01,5.000000e-01,9.159111e-06,5.000000e-01,5.000000e-01,5.000000e-01,5.000000e-01,5.000000e-01,5.000000e-01,5.000000e-01,5.000000e-01,5.000000e-01,0.000000e+00,0.000000e+00,0.000000e+00,0.000000e+00,0.000000e+00,0.000000e+00,0.000000e+00,0.000000e+00,2.978098e-01,0.000000e+00,0.000000e+00,0.000000e+00,0.000000e+00,0.000000e+00,0.000000e+00,0.000000e+00,0.000000e+00,0.000000e+00
2.070000e+01,8,5.000000e-01,5.000000e-01,5.000000e-01,5.000000e-01,5.000000e-01,5.000000e-01,5.000000e-01,5.000000e-01,1.477927e-04,5.000000e-01,5.000000e-01,5.000000e-01,5.000000e-01,5.000000e-01,5.000000e-01,5.000000e-01,5.000000e-01,5.000000e-01,0.000000e+00,0.000000e+00,0.000000e+00,0.000000e+00,0.000000e+00,0.000000e+00,0.000000e+00,0.000000e+00,2.665441e-01,0.000000e+00,0.000000e+00,0.000000e+00,0.000000e+00,0.000000e+00,0.000000e+00,0.000000e+00,0.000000e+00,0.000000e+00
2.080000e+01,8,5.000000e-01,5.000000e-01,5.000000e-01,5.000000e-01,5.000000e-01,5.000000e-01,5.000000e-01,5.000000e-01,1.160408e-03,5.000000e-01,5.000000e-01,5.000000e-01,5.000000e-01,5.000000e-01,5.000000e-01,5.000000e-01,5.000000e-01,5.000000e-01,0.000000e+00,0.000000e+00,0.000000e+00,0.000000e+00,0.000000e+00,0.000000e+00,0.000000e+00,0.000000e+00,1.185004e-01,0.000000e+00,0.000000e+00,0.000000e+00,0.000000e+00,0.000000e+00,0.000000e+00,0.000000e+00,0.000000e+00,0.000000e+00
2.090000e+01,8,5.000000e-01,5.000000e-01,5.000000e-01,5.000000e-01,5.000000e-01,5.000000e-01,5.000000e-01,5.000000e-01,5.289864e-03,4.587082e-02,5.000000e-01,5.000000e-01,5.000000e-01,5.000000e-01,5.000000e-01,5.000000e-01,5.000000e-01,5.000000e-01,0.000000e+00,0.000000e+00,0.000000e+00,0.000000e+00,0.000000e+00,0.000000e+00,0.000000e+00,0.000000e+00,4.308797e-03,0.000000e+00,0.000000e+00,0.000000e+00,0.000000e+00,0.000000e+00,0.000000e+00,0.000000e+00,0.000000e+00,0.000000e+00
2.100000e+01,8,5.000000e-01,5.000000e-01,5.000000e-01,5.000000e-01,5.000000e-01,5.000000e-01,5.000000e-01,5.000000e-01,1.611635e-02,2.389211e-02,5.000000e-01,5.000000e-01,5.000000e-01,5.000000e-01,5.000000e-01,5.000000e-01,5.000000e-01,5.000000e-01,0.000000e+00,0.000000e+00,0.000000e+00,0.000000e+00,0.000000e+00,0.000000e+00,0.000000e+00,0.000000e+00,6.793875e-07,1.189546e-09,0.000000e+00,0.000000e+00,0.000000e+00,0.000000e+00,0.000000e+00,0.000000e+00,0.000000e+00,0.000000e+00
2.110000e+01,8,5.000000e-01,5.000000e-01,5.000000e-01,5.000000e-01,5.000000e-01,5.000000e-01,5.000000e-01,5.000000e-01,5.275640e-03,4.205633e-02,5.000000e-01,5.000000e-01,5.000000e-01,5.000000e-01,5.000000e-01,5.000000e-01,5.000000e-01,5.000000e-01,0.000000e+00,0.000000e+00,0.000000e+00,0.000000e+00,0.000000e+00,0.000000e+00,0.000000e+00,0.000000e+00,4.358372e-03,3.663736e-16,0.000000e+00,0.000000e+00,0.000000e+00,0.000000e+00,0.000000e+00,0.000000e+00,0.000000e+00,0.000000e+00
2.120000e+01,8,5.000000e-01,5.000000e-01,5.000000e-01,5.000000e-01,5.000000e-01,5.000000e-01,5.000000e-01,5.000000e-01,1.151345e-03,5.000000e-01,5.000000e-01,5.000000e-01,5.000000e-01,5.000000e-01,5.000000e-01,5.000000e-01,5.000000e-01,5.000000e-01,0.000000e+00,0.000000e+00,0.000000e+00,0.000000e+00,0.000000e+00,0.000000e+00,0.000000e+00,0.000000e+00,1.193637e-01,0.000000e+00,0.000000e+00,0.000000e+00,0.000000e+00,0.000000e+00,0.000000e+00,0.000000e+00,0.000000e+00,0.000000e+00
2.130000e+01,8,5.000000e-01,5.000000e-01,5.000000e-01,5.000000e-01,5.000000e-01,5.000000e-01,5.000000e-01,5.000000e-01,1.452819e-04,5.000000e-01,5.000000e-01,5.000000e-01,5.000000e-01,5.000000e-01,5.000000e-01,5.000000e-01,5.000000e-01,5.000000e-01,0.000000e+00,0.000000e+00,0.000000e+00,0.000000e+00,0.000000e+00,0.000000e+00,0.000000e+00,0.000000e+00,2.670801e-01,0.000000e+00,0.000000e+00,0.000000e+00,0.000000e+00,0.000000e+00,0.000000e+00,0.000000e+00,0.000000e+00,0.000000e+00
2.140000e+01,8,5.000000e-01,5.000000e-01,5.000000e-01,5.000000e-01,5.000000e-01,5.000000e-01,5.000000e-01,5.000000e-01,8.860164e-06,5.000000e-01,5.000000e-01,5.000000e-01,5.000000e-01,5.000000e-01,5.000000e-01,5.000000e-01,5.000000e-01,5.000000e-01,0.000000e+00,0.000000e+00,0.000000e+00,0.000000e+00,0.000000e+00,0.000000e+00,0.000000e+00,0.000000e+00,2.978811e-01,0.000000e+00,0.000000e+00,0.000000e+00,0.000000e+00,0.000000e+00,0.000000e+00,0.000000e+00,0.000000e+00,0.000000e+00
2.150000e+01,8,5.000000e-01,5.000000e-01,5.000000e-01,5.000000e-01,5.000000e-01,5.000000e-01,5.000000e-01,5.000000e-01,2.107358e-07,5.000000e-01,5.000000e-01,5.000000e-01,5.000000e-01,5.000000e-01,5.000000e-01,5.000000e-01,5.000000e-01,5.000000e-01,0.000000e+00,0.000000e+00,0.000000e+00,0.000000e+00,0.000000e+00,0.000000e+00,0.000000e+00,0.000000e+00,2.999494e-01,0.000000e+00,0.000000e+00,0.000000e+00,0.000000e+00,0.000000e+00,0.000000e+00,0.000000e+00,0.000000e+00,0.000000e+00
2.160000e+01,8,5.000000e-01,5.000000e-01,5.000000e-01,5.000000e-01,5.000000e-01,5.000000e-01,5.000000e-01,5.000000e-01,1.539488e-09,5.000000e-01,5.000000e-01,5.000000e-01,5.000000e-01,5.000000e-01,5.000000e-01,5.000000e-01,5.000000e-01,5.000000e-01,0.000000e+00,0.000000e+00,0.000000e+00,0.000000e+00,0.000000e+00,0.000000e+00,0.000000e+00,0.000000e+00,2.999996e-01,0.000000e+00,0.000000e+00,0.000000e+00,0.000000e+00,0.000000e+00,0.000000e+00,0.000000e+00,0.000000e+00,0.000000e+00
2.170000e+01,8,5.000000e-01,5.000000e-01,5.000000e-01,5.000000e-01,5.000000e-01,5.000000e-01,5.000000e-01,5.000000e-01,2.722952e-12,5.000000e-01,5.000000e-01,5.000000e-01,5.000000e-01,5.000000e-01,5.000000e-01,5.000000e-01,5.000000e-01,5.000000e-01,0.000000e+00,0.000000e+00,0.000000e+00,0.000000e+00,0.000000e+00,0.000000e+00,0.000000e+00,0.000000e+00,3.000000e-01,0.000000e+00,0.000000e+00,0.000000e+00,0.000000e+00,0.000000e+00,0.000000e+00,0.000000e+00,0.000000e+00,0.000000e+00
2.180000e+01,8,5.000000e-01,5.000000e-01,5.000000e-01,5.000000e-01,5.000000e-01,5.000000e-01,5.000000e-01,5.000000e-01,9.616129e-16,5.000000e-01,5.000000e-01,5.000000e-01,5.000000e-01,5.000000e-01,5.000000e-01,5.000000e-01,5.000000e-01,5.000000e-01,0.000000e+00,0.000000e+00,0.000000e+00,0.000000e+00,0.000000e+00,0.000000e+00,0.000000e+00,0.000000e+00,3.000000e-01,0.000000e+00,0.000000e+00,0.000000e+00,0.000000e+00,0.000000e+00,0.000000e+00,0.000000e+00,0.000000e+00,0.000000e+00
2.190000e+01,8,5.000000e-01,5.000000e-01,5.000000e-01,5.000000e-01,5.000000e-01,5.000000e-01,5.000000e-01,5.000000e-01,6.238229e-20,5.000000e-01,5.000000e-01,5.000000e-01,5.000000e-01,5.000000e-01,5.000000e-01,5.000000e-01,5.000000e-01,5.000000e-01,0.000000e+00,0.000000e+00,0.000000e+00,0.000000e+00,0.000000e+00,0.000000e+00,0.000000e+00,0.000000e+00,3.000000e-01,0.000000e+00,0.000000e+00,0.000000e+00,0.000000e+00,0.000000e+00,0.000000e+00,0.000000e+00,0.000000e+00,0.000000e+00
2.200000e+01,8,5.000000e-01,5.000000e-01,5.000000e-01,5.000000e-01,5.000000e-01,5.000000e-01,5.000000e-01,5.000000e-01,8.257179e-25,5.000000e-01,5.000000e-01,5.000000e-01,5.000000e-01,5.000000e-01,5.000000e-01,5.000000e-01,5.000000e-01,5.000000e-01,0.000000e+00,0.000000e+00,0.000000e+00,0.000000e+00,0.000000e+00,0.000000e+00,0.000000e+00,0.000000e+00,3.000000e-01,0.000000e+00,0.000000e+00,0.000000e+00,0.000000e+00,0.000000e+00,0.000000e+00,0.000000e+00,0.000000e+00,0.000000e+00
2.210000e+01,8,5.000000e-01,5.000000e-01,5.000000e-01,5.000000e-01,5.000000e-01,5.000000e-01,5.000000e-01,5.000000e-01,3.230953e-30,5.000000e-01,5.000000e-01,5.000000e-01,5.000000e-01,5.000000e-01,5.000000e-01,5.000000e-01,5.000000e-01,5.000000e-01,0.000000e+00,0.000000e+00,0.000000e+00,0.000000e+00,0.000000e+00,0.000000e+00,0.000000e+00,0.000000e+00,3.000000e-01,0.000000e+00,0.000000e+00,0.000000e+00,0.000000e+00,0.000000e+00,0.000000e+00,0.000000e+00,0.000000e+00,0.000000e+00
2.220000e+01,8,5.000000e-01,5.000000e-01,5.000000e-01,5.000000e-01,5.000000e-01,5.000000e-01,5.000000e-01,5.000000e-01,7.415642e-36,5.000000e-01,5.000000e-01,5.000000e-01,5.000000e-01,5.000000e-01,5.000000e-01,5.000000e-01,5.000000e-01,5.000000e-01,0.000000e+00,0.000000e+00,0.000000e+00,0.000000e+00,0.000000e+00,0.000000e+00,0.000000e+00,0.000000e+00,3.000000e-01,0.000000e+00,0.000000e+00,0.000000e+00,0.000000e+00,0.000000e+00,0.000000e+00,0.000000e+00,0.000000e+00,0.000000e+00
2.230000e+01,8,5.000000e-01,5.000000e-01,5.000000e-01,5.000000e-01,5.000000e-01,5.000000e-01,5.000000e-01,5.000000e-01,2.679213e-41,5.000000e-01,5.000000e-01,5.000000e-01,5.000000e-01,5.000000e-01,5.000000e-01,5.000000e-01,5.000000e-01,5.000000e-01,0.000000e+00,0.000000e+00,0.000000e+00,0.000000e+00,0.000000e+00,0.000000e+00,0.000000e+00,0.000000e+00,3.000000e-01,0.000000e+00,0.000000e+00,0.000000e+00,0.000000e+00,0.000000e+00,0.000000e+00,0.000000e+00,0.000000e+00,0.000000e+00
2.240000e+01,8,5.000000e-01,5.000000e-01,5.000000e-01,5.000000e-01,5.000000e-01,5.000000e-01,5.000000e-01,5.000000e-01,5.010045e-46,5.000000e-01,5.000000e-01,5.000000e-01,5.000000e-01,5.000000e-01,5.000000e-01,5.000000e-01,5.000000e-01,5.000000e-01,0.000000e+00,0.000000e+00,0.000000e+00,0.000000e+00,0.000000e+00,0.000000e+00,0.000000e+00,0.000000e+00,3.000000e-01,0.000000e+00,0.000000e+00,0.000000e+00,0.000000e+00,0.000000e+00,0.000000e+00,0.000000e+00,0.000000e+00,0.000000e+00
2.250000e+01,8,5.000000e-01,5.000000e-01,5.000000e-01,5.000000e-01,5.000000e-01,5.000000e-01,5.000000e-01,5.000000e-01,1.622451e-49,5.000000e-01,5.000000e-01,5.000000e-01,5.000000e-01,5.000000e-01,5.000000e-01,5.000000e-01,5.000000e-01,5.000000e-01,0.000000e+00,0.000000e+00,0.000000e+00,0.000000e+00,0.000000e+00,0.000000e+00,0.000000e+00,0.000000e+00,3.000000e-01,0.000000e+00,0.000000e+00,0.000000e+00,0.000000e+00,0.000000e+00,0.000000e+00,0.000000e+00,0.000000e+00,0.000000e+00
2.260000e+01,8,5.000000e-01,5.000000e-01,5.000000e-01,5.000000e-01,5.000000e-01,5.000000e-01,5.000000e-01,5.000000e-01,2.988985e-51,5.000000e-01,5.000000e-01,5.000000e-01,5.000000e-01,5.000000e-01,5.000000e-01,5.000000e-01,5.000000e-01,5.000000e-01,0.000000e+00,0.000000e+00,0.000000e+00,0.000000e+00,0.000000e+00,0.000000e+00,0.000000e+00,0.000000e+00,3.000000e-01,0.000000e+00,0.000000e+00,0.000000e+00,0.000000e+00,0.000000e+00,0.000000e+00,0.000000e+00,0.000000e+00,0.000000e+00
2.270000e+01,8,5.000000e-01,5.000000e-01,5.000000e-01,5.000000e-01,5.000000e-01,5.000000e-01,5.000000e-01,5.000000e-01,4.422234e-51,5.000000e-01,5.000000e-01,5.000000e-01,5.000000e-01,5.000000e-01,5.000000e-01,5.000000e-01,5.000000e-01,5.000000e-01,0.000000e+00,0.000000e+00,0.000000e+00,0.000000e+00,0.000000e+00,0.000000e+00,0.000000e+00,0.000000e+00,3.000000e-01,0.000000e+00,0.000000e+00,0.000000e+00,0.000000e+00,0.000000e+00,0.000000e+00,0.000000e+00,0.000000e+00,0.000000e+00
2.280000e+01,8,5.000000e-01,5.000000e-01,5.000000e-01,5.000000e-01,5.000000e-01,5.000000e-01,5.000000e-01,5.000000e-01,4.988217e-49,5.000000e-01,5.000000e-01,5.000000e-01,5.000000e-01,5.000000e-01,5.000000e-01,5.000000e-01,5.000000e-01,5.000000e-01,0.000000e+00,0.000000e+00,0.000000e+00,0.000000e+00,0.000000e+00,0.000000e+00,0.000000e+00,0.000000e+00,3.000000e-01,0.000000e+00,0.000000e+00,0.000000e+00,0.000000e+00,0.000000e+00,0.000000e+00,0.000000e+00,0.000000e+00,0.000000e+00
2.290000e+01,8,5.000000e-01,5.000000e-01,5.000000e-01,5.000000e-01,5.000000e-01,5.000000e-01,5.000000e-01,5.000000e-01,2.324321e-45,5.000000e-01,5.000000e-01,5.000000e-01,5.000000e-01,5.000000e-01,5.000000e-01,5.000000e-01,5.000000e-01,5.000000e-01,0.000000e+00,0.000000e+00,0.000000e+00,0.000000e+00,0.000000e+00,0.000000e+00,0.000000e+00,0.000000e+00,3.000000e-01,0.000000e+00,0.000000e+00,0.000000e+00,0.000000e+00,0.000000e+00,0.000000e+00,0.000000e+00,0.000000e+00,0.000000e+00
2.300000e+01,8,5.000000e-01,5.000000e-01,5.000000e-01,5.000000e-01,5.000000e-01,5.000000e-01,5.000000e-01,5.000000e-01,1.601689e-40,5.000000e-01,5.000000e-01,5.000000e-01,5.000000e-01,5.000000e-01,5.000000e-01,5.000000e-01,5.000000e-01,5.000000e-01,0.000000e+00,0.000000e+00,0.000000e+00,0.000000e+00,0.000000e+00,0.000000e+00,0.000000e+00,0.000000e+00,3.000000e-01,0.000000e+00,0.000000e+00,0.000000e+00,0.000000e+00,0.000000e+00,0.000000e+00,0.000000e+00,0.000000e+00,0.000000e+00
2.310000e+01,8,5.000000e-01,5.000000e-01,5.000000e-01,5.000000e-01,5.000000e-01,5.000000e-01,5.000000e-01,5.000000e-01,4.845257e-35,5.000000e-01,5.000000e-01,5.000000e-01,5.000000e-01,5.000000e-01,5.000000e-01,5.000000e-01,5.000000e-01,5.000000e-01,0.000000e+00,0.000000e+00,0.000000e+00,0.000000e+00,0.000000e+00,0.000000e+00,0.000000e+00,0.000000e+00,3.000000e-01,0.000000e+00,0.000000e+00,0.000000e+00,0.000000e+00,0.000000e+00,0.000000e+00,0.000000e+00,0.000000e+00,0.000000e+00
2.320000e+01,8,5.000000e-01,5.000000e-01,5.000000e-01,5.000000e-01,5.000000e-01,5.000000e-01,5.000000e-01,5.000000e-01,1.998879e-29,5.000000e-01,5.000000e-01,5.000000e-01,5.000000e-01,5.000000e-01,5.000000e-01,5.000000e-01,5.000000e-01,5.000000e-01,0.000000e+00,0.000000e+00,0.000000e+00,0.000000e+00,0.000000e+00,0.000000e+00,0.000000e+00,0.000000e+00,3.000000e-01,0.000000e+00,0.000000e+00,0.000000e+00,0.000000e+00,0.000000e+00,0.000000e+00,0.000000e+00,0.000000e+00,0.000000e+00
2.330000e+01,8,5.000000e-01,5.000000e-01,5.000000e-01,5.000000e-01,5.000000e-01,5.000000e-01,5.000000e-01,5.000000e-01,4.355081e-24,5.000000e-01,5.000000e-01,5.000000e-01,5.000000e-01,5.000000e-01,5.000000e-01,5.000000e-01,5.000000e-01,5.000000e-01,0.000000e+00,0.000000e+00,0.000000e+00,0.000000e+00,0.000000e+00,0.000000e+00,0.000000e+00,0.000000e+00,3.000000e-01,0.000000e+00,0.000000e+00,0.000000e+00,0.000000e+00,0.000000e+00,0.000000e+00,0.000000e+00,0.000000e+00,0.000000e+00
2.340000e+01,8,5.000000e-01,5.000000e-01,5.000000e-01,5.000000e-01,5.000000e-01,5.000000e-01,5.000000e-01,5.000000e-01,2.638182e-19,5.000000e-01,5.000000e-01,5.000000e-01,5.000000e-01,5.000000e-01,5.000000e-01,5.000000e-01,5.000000e-01,5.000000e-01,0.000000e+00,0.000000e+00,0.000000e+00,0.000000e+00,0.000000e+00,0.000000e+00,0.000000e+00,0.000000e+00,3.000000e-01,0.000000e+00,0.000000e+00,0.000000e+00,0.000000e+00,0.000000e+00,0.000000e+00,0.000000e+00,0.000000e+00,0.000000e+00
2.350000e+01,8,5.000000e-01,5.000000e-01,5.000000e-01,5.000000e-01,5.000000e-01,5.000000e-01,5.000000e-01,5.000000e-01,3.189016e-15,5.000000e-01,5.000000e-01,5.000000e-01,5.000000e-01,5.000000e-01,5.000000e-01,5.000000e-01,5.000000e-01,5.000000e-01,0.000000e+00,0.000000e+00,0.000000e+00,0.000000e+00,0.000000e+00,0.000000e+00,0.000000e+00,0.000000e+00,3.000000e-01,0.000000e+00,0.000000e+00,0.000000e+00,0.000000e+00,0.000000e+00,0.000000e+00,0.000000e+00,0.000000e+00,0.000000e+00
2.360000e+01,8,5.000000e-01,5.000000e-01,5.000000e-01,5.000000e-01,5.000000e-01,5.000000e-01,5.000000e-01,5.000000e-01,7.130268e-12,5.000000e-01,5.000000e-01,5.000000e-01,5.000000e-01,5.000000e-01,5.000000e-01,5.000000e-01,5.000000e-01,5.000000e-01,0.000000e+00,0.000000e+00,0.000000e+00,0.000000e+00,0.000000e+00,0.000000e+00,0.000000e+00,0.000000e+00,3.000000e-01,0.000000e+00,0.000000e+00,0.000000e+00,0.000000e+00,0.000000e+00,0.000000e+00,0.000000e+00,0.000000e+00,0.000000e+00
2.370000e+01,8,5.000000e-01,5.000000e-01,5.000000e-01,5.000000e-01,5.000000e-01,5.000000e-01,5.000000e-01,5.000000e-01,3.263413e-09,5.000000e-01,5.000000e-01,5.000000e-01,5.000000e-01,5.000000e-01,5.000000e-01,5.000000e-01,5.000000e-01,5.000000e-01,0.000000e+00,0.000000e+00,0.000000e+00,0.000000e+00,0.000000e+00,0.000000e+00,0.000000e+00,0.000000e+00,2.999992e-01,0.000000e+00,0.000000e+00,0.000000e+00,0.000000e+00,0.000000e+00,0.000000e+00,0.000000e+00,0.000000e+00,0.000000e+00
2.380000e+01,8,5.000000e-01,5.000000e-01,5.000000e-01,5.000000e-01,5.000000e-01,5.000000e-01,5.000000e-01,5.000000e-01,3.738679e-07,5.000000e-01,5.000000e-01,5.000000e-01,5.000000e-01,5.000000e-01,5.000000e-01,5.000000e-01,5.000000e-01,5.000000e-01,0.000000e+00,0.000000e+00,0.000000e+00,0.000000e+00,0.000000e+00,0.000000e+00,0.000000e+00,0.000000e+00,2.999103e-01,0.000000e+00,0.000000e+00,0.000000e+00,0.000000e+00,0.000000e+00,0.000000e+00,0.000000e+00,0.000000e+00,0.000000e+00
2.390000e+01,8,5.000000e-01,5.000000e-01,5.000000e-01,5.000000e-01,5.000000e-01,5.000000e-01,5.000000e-01,5.000000e-01,1.361978e-05,5.000000e-01,5.000000e-01,5.000000e-01,5.000000e-01,5.000000e-01,5.000000e-01,5.000000e-01,5.000000e-01,5.000000e-01,0.000000e+00,0.000000e+00,0.000000e+00,0.000000e+00,0.000000e+00,0.000000e+00,0.000000e+00,0.000000e+00,2.967490e-01,0.000000e+00,0.000000e+00,0.000000e+00,0.000000e+00,0.000000e+00,0.000000e+00,0.000000e+00,0.000000e+00,0.000000e+00
2.400000e+01,8,5.000000e-01,5.000000e-01,5.000000e-01,5.000000e-01,5.000000e-01,5.000000e-01,5.000000e-01,5.000000e-01,1.997713e-04,5.000000e-01,5.000000e-01,5.000000e-01,5.000000e-01,5.000000e-01,5.000000e-01,5.000000e-01,5.000000e-01,5.000000e-01,0.000000e+00,0.000000e+00,0.000000e+00,0.000000e+00,0.000000e+00,0.000000e+00,0.000000e+00,0.000000e+00,2.556858e-01,0.000000e+00,0.000000e+00,0.000000e+00,0.000000e+00,0.000000e+00,0.000000e+00,0.000000e+00,0.000000e+00,0.000000e+00
2.410000e+01,8,5.000000e-01,5.000000e-01,5.000000e-01,5.000000e-01,5.000000e-01,5.000000e-01,5.000000e-01,5.000000e-01,7.195501e-04,5.000000e-01,5.000000e-01,5.000000e-01,5.000000e-01,5.000000e-01,5.000000e-01,5.000000e-01,5.000000e-01,5.000000e-01,0.000000e+00,0.000000e+00,0.000000e+00,0.000000e+00,0.000000e+00,0.000000e+00,0.000000e+00,0.000000e+00,1.686685e-01,0.000000e+00,0.000000e+00,0.000000e+00,0.000000e+00,0.000000e+00,0.000000e+00,0.000000e+00,0.000000e+00,0.000000e+00
2.420000e+01,8,5.000000e-01,5.000000e-01,5.000000e-01,5.000000e-01,5.000000e-01,5.000000e-01,5.000000e-01,5.000000e-01,2.227496e-03,5.000000e-01,5.000000e-01,5.000000e-01,5.000000e-01,5.000000e-01,5.000000e-01,5.000000e-01,5.000000e-01,5.000000e-01,0.000000e+00,0.000000e+00,0.000000e+00,0.000000e+00,0.000000e+00,0.000000e+00,0.000000e+00,0.000000e+00,5.039026e-02,0.000000e+00,0.000000e+00,0.000000e+00,0.000000e+00,0.000000e+00,0.000000e+00,0.000000e+00,0.000000e+00,0.000000e+00
2.430000e+01,8,5.000000e-01,5.000000e-01,5.000000e-01,5.000000e-01,5.000000e-01,5.000000e-01,5.000000e-01,5.000000e-01,5.882293e-03,5.000000e-01,5.000000e-01,5.000000e-01,5.000000e-01,5.000000e-01,5.000000e-01,5.000000e-01,5.000000e-01,5.000000e-01,0.000000e+00,0.000000e+00,0.000000e+00,0.000000e+00,0.000000e+00,0.000000e+00,0.000000e+00,0.000000e+00,2.675278e-03,0.000000e+00,0.000000e+00,0.000000e+00,0.000000e+00,0.000000e+00,0.000000e+00,0.000000e+00,0.000000e+00,0.000000e+00
2.440000e+01,8,5.000000e-01,5.000000e-01,5.000000e-01,5.000000e-01,5.000000e-01,5.000000e-01,5.000000e-01,5.000000e-01,1.332029e-02,5.000000e-01,5.000000e-01,5.000000e-01,5.000000e-01,5.000000e-01,5.000000e-01,5.000000e-01,5.000000e-01,5.000000e-01,0.000000e+00,0.000000e+00,0.000000e+00,0.000000e+00,0.000000e+00,0.000000e+00,0.000000e+00,0.000000e+00,6.577795e-06,0.000000e+00,0.000000e+00,0.000000e+00,0.000000e+00,0.000000e+00,0.000000e+00,0.000000e+00,0.000000e+00,0.000000e+00
2.450000e+01,8,5.000000e-01,5.000000e-01,5.000000e-01,5.000000e-01,5.000000e-01,5.000000e-01,5.000000e-01,5.000000e-01,2.621013e-02,5.000000e-01,5.000000e-01,5.000000e-01,5.000000e-01,5.000000e-01,5.000000e-01,5.000000e-01,5.000000e-01,5.000000e-01,0.000000e+00,0.000000e+00,0.000000e+00,0.000000e+00,0.000000e+00,0.000000e+00,0.000000e+00,0.000000e+00,1.775511e-10,0.000000e+00,0.000000e+00,0.000000e+00,0.000000e+00,0.000000e+00,0.000000e+00,0.000000e+00,0.000000e+00,0.000000e+00
2.460000e+01,8,5.000000e-01,5.000000e-01,5.000000e-01,5.000000e-01,5.000000e-01,5.000000e-01,5.000000e-01,5.000000e-01,4.559747e-02,5.000000e-01,5.000000e-01,5.000000e-01,5.000000e-01,5.000000e-01,5.000000e-01,5.000000e-01,5.000000e-01,5.000000e-01,0.000000e+00,0.000000e+00,0.000000e+00,0.000000e+00,0.000000e+00,0.000000e+00,0.000000e+00,0.000000e+00,3.330669e-17,0.000000e+00,0.000000e+00,0.000000e+00,0.000000e+00,0.000000e+00,0.000000e+00,0.000000e+00,0.000000e+00,0.000000e+00
2.470000e+01,-1,5.000000e-01,5.000000e-01,5.000000e-01,5.000000e-01,5.000000e-01,5.000000e-01,5.000000e-01,5.000000e-01,5.000000e-01,5.000000e-01,5.000000e-01,5.000000e-01,5.000000e-01,5.000000e-01,5.000000e-01,5.000000e-01,5.000000e-01,5.000000e-01,0.000000e+00,0.000000e+00,0.000000e+00,0.000000e+00,0.000000e+00,0.000000e+00,0.000000e+00,0.000000e+00,0.000000e+00,0.000000e+00,0.000000e+00,0.000000e+00,0.000000e+00,0.000000e+00,0.000000e+00,0.000000e+00,0.000000e+00,0.000000e+00
2.480000e+01,-1,5.000000e-01,5.000000e-01,5.000000e-01,5.000000e-01,5.000000e-01,5.000000e-01,5.000000e-01,5.000000e-01,5.000000e-01,5.000000e-01,5.000000e-01,5.000000e-01,5.000000e-01,5.000000e-01,5.000000e-01,5.000000e-01,5.000000e-01,5.000000e-01,0.000000e+00,0.000000e+00,0.000000e+00,0.000000e+00,0.000000e+00,0.000000e+00,0.000000e+00,0.000000e+00,0.000000e+00,0.000000e+00,0.000000e+00,0.000000e+00,0.000000e+00,0.000000e+00,0.000000e+00,0.000000e+00,0.000000e+00,0.000000e+00
2.490000e+01,-1,5.000000e-01,5.000000e-01,5.000000e-01,5.000000e-01,5.000000e-01,5.000000e-01,5.000000e-01,5.000000e-01,5.000000e-01,5.000000e-01,5.000000e-01,5.000000e-01,5.000000e-01,5.000000e-01,5.000000e-01,5.000000e-01,5.000000e-01,5.000000e-01,0.000000e+00,0.000000e+00,0.000000e+00,0.000000e+00,0.000000e+00,0.000000e+00,0.000000e+00,0.000000e+00,0.000000e+00,0.000000e+00,0.000000e+00,0.000000e+00,0.000000e+00,0.000000e+00,0.000000e+00,0.000000e+00,0.000000e+00,0.000000e+00
2.500000e+01,-1,5.000000e-01,5.000000e-01,5.000000e-01,5.000000e-01,5.000000e-01,5.000000e-01,5.000000e-01,5.000000e-01,5.000000e-01,5.000000e-01,5.000000e-01,5.000000e-01,5.000000e-01,5.000000e-01,5.000000e-01,5.000000e-01,5.000000e-01,5.000000e-01,0.000000e+00,0.000000e+00,0.000000e+00,0.000000e+00,0.000000e+00,0.000000e+00,0.000000e+00,0.000000e+00,0.000000e+00,0.000000e+00,0.000000e+00,0.000000e+00,0.000000e+00,0.000000e+00,0.000000e+00,0.000000e+00,0.000000e+00,0.000000e+00
2.510000e+01,-1,5.000000e-01,5.000000e-01,5.000000e-01,5.000000e-01,5.000000e-01,5.000000e-01,5.000000e-01,5.000000e-01,5.000000e-01,5.000000e-01,5.000000e-01,5.000000e-01,5.000000e-01,5.000000e-01,5.000000e-01,5.000000e-01,5.000000e-01,5.000000e-01,0.000000e+00,0.000000e+00,0.000000e+00,0.000000e+00,0.000000e+00,0.000000e+00,0.000000e+00,0.000000e+00,0.000000e+00,0.000000e+00,0.000000e+00,0.000000e+00,0.000000e+00,0.000000e+00,0.000000e+00,0.000000e+00,0.000000e+00,0.000000e+00
2.520000e+01,-1,5.000000e-01,5.000000e-01,5.000000e-01,5.000000e-01,5.000000e-01,5.000000e-01,5.000000e-01,5.000000e-01,5.000000e-01,5.000000e-01,5.000000e-01,5.000000e-01,5.000000e-01,5.000000e-01,5.000000e-01,5.000000e-01,5.000000e-01,5.000000e-01,0.000000e+00,0.000000e+00,0.000000e+00,0.000000e+00,0.000000e+00,0.000000e+00,0.000000e+00,0.000000e+00,0.000000e+00,0.000000e+00,0.000000e+00,0.000000e+00,0.000000e+00,0.000000e+00,0.000000e+00,0.000000e+00,0.000000e+00,0.000000e+00
2.530000e+01,-1,5.000000e-01,5.000000e-01,5.000000e-01,5.000000e-01,5.000000e-01,5.000000e-01,5.000000e-01,5.000000e-01,5.000000e-01,5.000000e-01,5.000000e-01,5.000000e-01,5.000000e-01,5.000000e-01,5.000000e-01,5.000000e-01,5.000000e-01,5.000000e-01,0.000000e+00,0.000000e+00,0.000000e+00,0.000000e+00,0.000000e+00,0.000000e+00,0.000000e+00,0.000000e+00,0.000000e+00,0.000000e+00,0.000000e+00,0.000000e+00,0.000000e+00,0.000000e+00,0.000000e+00,0.000000e+00,0.000000e+00,0.000000e+00
2.540000e+01,-1,5.000000e-01,5.000000e-01,5.000000e-01,5.000000e-01,5.000000e-01,5.000000e-01,5.000000e-01,5.000000e-01,5.000000e-01,5.000000e-01,5.000000e-01,5.000000e-01,5.000000e-01,5.000000e-01,5.000000e-01,5.000000e-01,5.000000e-01,5.000000e-01,0.000000e+00,0.000000e+00,0.000000e+00,0.000000e+00,0.000000e+00,0.000000e+00,0.000000e+00,0.000000e+00,0.000000e+00,0.000000e+00,0.000000e+00,0.000000e+00,0.000000e+00,0.000000e+00,0.000000e+00,0.000000e+00,0.000000e+00,0.000000e+00
2.550000e+01,-1,5.000000e-01,5.000000e-01,5.000000e-01,5.000000e-01,5.000000e-01,5.000000e-01,5.000000e-01,5.000000e-01,5.000000e-01,5.000000e-01,5.000000e-01,5.000000e-01,5.000000e-01,5.000000e-01,5.000000e-01,5.000000e-01,5.000000e-01,5.000000e-01,0.000000e+00,0.000000e+00,0.000000e+00,0.000000e+00,0.000000e+00,0.000000e+00,0.000000e+00,0.000000e+00,0.000000e+00,0.000000e+00,0.000000e+00,0.000000e+00,0.000000e+00,0.000000e+00,0.000000e+00,0.000000e+00,0.000000e+00,0.000000e+00
2.560000e+01,-1,5.000000e-01,5.000000e-01,5.000000e-01,5.000000e-01,5.000000e-01,5.000000e-01,5.000000e-01,5.000000e-01,5.000000e-01,5.000000e-01,5.000000e-01,5.000000e-01,5.000000e-01,5.000000e-01,5.000000e-01,5.000000e-01,5.000000e-01,5.000000e-01,0.000000e+00,0.000000e+00,0.000000e+00,0.000000e+00,0.000000e+00,0.000000e+00,0.000000e+00,0.000000e+00,0.000000e+00,0.000000e+00,0.000000e+00,0.000000e+00,0.000000e+00,0.000000e+00,0.000000e+00,0.000000e+00,0.000000e+00,0.000000e+00
2.570000e+01,-1,5.000000e-01,5.000000e-01,5.000000e-01,5.000000e-01,5.000000e-01,5.000000e-01,5.000000e-01,5.000000e-01,5.000000e-01,5.000000e-01,5.000000e-01,5.000000e-01,5.000000e-01,5.000000e-01,5.000000e-01,5.000000e-01,5.000000e-01,5.000000e-01,0.000000e+00,0.000000e+00,0.000000e+00,0.000000e+00,0.000000e+00,0.000000e+00,0.000000e+00,0.000000e+00,0.000000e+00,0.000000e+00,0.000000e+00,0.000000e+00,0.000000e+00,0.000000e+00,0.000000e+00,0.000000e+00,0.000000e+00,0.000000e+00
2.580000e+01,-1,5.000000e-01,5.000000e-01,5.000000e-01,5.000000e-01,5.000000e-01,5.000000e-01,5.000000e-01,5.000000e-01,5.000000e-01,5.000000e-01,5.000000e-01,5.000000e-01,5.000000e-01,5.000000e-01,5.000000e-01,5.000000e-01,5.000000e-01,5.000000e-01,0.000000e+00,0.000000e+00,0.000000e+00,0.000000e+00,0.000000e+00,0.000000e+00,0.000000e+00,0.000000e+00,0.000000e+00,0.000000e+00,0.000000e+00,0.000000e+00,0.000000e+00,0.000000e+00,0.000000e+00,0.000000e+00,0.000000e+00,0.000000e+00
2.590000e+01,-1,5.000000e-01,5.000000e-01,5.000000e-01,5.000000e-01,5.000000e-01,5.000000e-01,5.000000e-01,5.000000e-01,5.000000e-01,5.000000e-01,5.000000e-01,5.000000e-01,5.000000e-01,5.000000e-01,5.000000e-01,5.000000e-01,5.000000e-01,5.000000e-01,0.000000e+00,0.000000e+00,0.000000e+00,0.000000e+00,0.000000e+00,0.000000e+00,0.000000e+00,0.000000e+00,0.000000e+00,0.000000e+00,0.000000e+00,0.000000e+00,0.000000e+00,0.000000e+00,0.000000e+00,0.000000e+00,0.000000e+00,0.000000e+00
2.600000e+01,-1,5.000000e-01,5.000000e-01,5.000000e-01,5.000000e-01,5.000000e-01,5.000000e-01,5.000000e-01,5.000000e-01,5.000000e-01,5.000000e-01,5.000000e-01,5.000000e-01,5.000000e-01,5.000000e-01,5.000000e-01,5.000000e-01,5.000000e-01,5.000000e-01,0.000000e+00,0.000000e+00,0.000000e+00,0.000000e+00,0.000000e+00,0.000000e+00,0.000000e+00,0.000000e+00,0.000000e+00,0.000000e+00,0.000000e+00,0.000000e+00,0.000000e+00,0.000000e+00,0.000000e+00,0.000000e+00,0.000000e+00,0.000000e+00
2.610000e+01,-1,5.000000e-01,5.000000e-01,5.000000e-01,5.000000e-01,5.000000e-01,5.000000e-01,5.000000e-01,5.000000e-01,5.000000e-01,5.000000e-01,5.000000e-01,5.000000e-01,5.000000e-01,5.000000e-01,5.000000e-01,5.000000e-01,5.000000e-01,5.000000e-01,0.000000e+00,0.000000e+00,0.000000e+00,0.000000e+00,0.000000e+00,0.000000e+00,0.000000e+00,0.000000e+00,0.000000e+00,0.000000e+00,0.000000e+00,0.000000e+00,0.000000e+00,0.000000e+00,0.000000e+00,0.000000e+00,0.000000e+00,0.000000e+00
2.620000e+01,-1,5.000000e-01,5.000000e-01,5.000000e-01,5.000000e-01,5.000000e-01,5.000000e-01,5.000000e-01,5.000000e-01,5.000000e-01,5.000000e-01,5.000000e-01,5.000000e-01,5.000000e-01,5.000000e-01,5.000000e-01,5.000000e-01,5.000000e-01,5.000000e-01,0.000000e+00,0.000000e+00,0.000000e+00,0.000000e+00,0.000000e+00,0.000000e+00,0.000000e+00,0.000000e+00,0.000000e+00,0.000000e+00,0.000000e+00,0.000000e+00,0.000000e+00,0.000000e+00,0.000000e+00,0.000000e+00,0.000000e+00,0.000000e+00
2.630000e+01,-1,5.000000e-01,5.000000e-01,5.000000e-01,5.000000e-01,5.000000e-01,5.000000e-01,5.000000e-01,5.000000e-01,5.000000e-01,5.000000e-01,5.000000e-01,5.000000e-01,5.000000e-01,5.000000e-01,5.000000e-01,5.000000e-01,5.000000e-01,5.000000e-01,0.000000e+00,0.000000e+00,0.000000e+00,0.000000e+00,0.000000e+00,0.000000e+00,0.000000e+00,0.000000e+00,0.000000e+00,0.000000e+00,0.000000e+00,0.000000e+00,0.000000e+00,0.000000e+00,0.000000e+00,0.000000e+00,0.000000e+00,0.000000e+00
2.640000e+01,-1,5.000000e-01,5.000000e-01,5.000000e-01,5.000000e-01,5.000000e-01,5.000000e-01,5.000000e-01,5.000000e-01,5.000000e-01,5.000000e-01,5.000000e-01,5.000000e-01,5.000000e-01,5.000000e-01,5.000000e-01,5.000000e-01,5.000000e-01,5.000000e-01,0.000000e+00,0.000000e+00,0.000000e+00,0.000000e+00,0.000000e+00,0.000000e+00,0.000000e+00,0.000000e+00,0.000000e+00,0.000000e+00,0.000000e+00,0.000000e+00,0.000000e+00,0.000000e+00,0.000000e+00,0.000000e+00,0.000000e+00,0.000000e+00
2.650000e+01,-1,5.000000e-01,5.000000e-01,5.000000e-01,5.000000e-01,5.000000e-01,5.000000e-01,5.000000e-01,5.000000e-01,5.000000e-01,5.000000e-01,5.000000e-01,5.000000e-01,5.000000e-01,5.000000e-01,5.000000e-01,5.000000e-01,5.000000e-01,5.000000e-01,0.000000e+00,0.000000e+00,0.000000e+00,0.000000e+00,0.000000e+00,0.000000e+00,0.000000e+00,0.000000e+00,0.000000e+00,0.000000e+00,0.000000e+00,0.000000e+00,0.000000e+00,0.000000e+00,0.000000e+00,0.000000e+00,0.000000e+00,0.000000e+00
2.660000e+01,-1,5.000000e-01,5.000000e-01,5.000000e-01,5.000000e-01,5.000000e-01,5.000000e-01,5.000000e-01,5.000000e-01,5.000000e-01,5.000000e-01,5.000000e-01,5.000000e-01,5.000000e-01,5.000000e-01,5.000000e-01,5.000000e-01,5.000000e-01,5.000000e-01,0.000000e+00,0.000000e+00,0.000000e+00,0.000000e+00,0.000000e+00,0.000000e+00,0.000000e+00,0.000000e+00,0.000000e+00,0.000000e+00,0.000000e+00,0.000000e+00,0.000000e+00,0.000000e+00,0.000000e+00,0.000000e+00,0.000000e+00,0.000000e+00
2.670000e+01,-1,5.000000e-01,5.000000e-01,5.000000e-01,5.000000e-01,5.000000e-01,5.000000e-01,5.000000e-01,5.000000e-01,5.000000e-01,5.000000e-01,5.000000e-01,5.000000e-01,5.000000e-01,5.000000e-01,5.000000e-01,5.000000e-01,5.000000e-01,5.000000e-01,0.000000e+00,0.000000e+00,0.000000e+00,0.000000e+00,0.000000e+00,0.000000e+00,0.000000e+00,0.000000e+00,0.000000e+00,0.000000e+00,0.000000e+00,0.000000e+00,0.000000e+00,0.000000e+00,0.000000e+00,0.000000e+00,0.000000e+00,0.000000e+00
2.680000e+01,-1,5.000000e-01,5.000000e-01,5.000000e-01,5.000000e-01,5.000000e-01,5.000000e-01,5.000000e-01,5.000000e-01,5.000000e-01,5.000000e-01,5.000000e-01,5.000000e-01,5.000000e-01,5.000000e-01,5.000000e-01,5.000000e-01,5.000000e-01,5.000000e-01,0.000000e+00,0.000000e+00,0.000000e+00,0.000000e+00,0.000000e+00,0.000000e+00,0.000000e+00,0.000000e+00,0.000000e+00,0.000000e+00,0.000000e+00,0.000000e+00,0.000000e+00,0.000000e+00,0.000000e+00,0.000000e+00,0.000000e+00,0.000000e+00
2.690000e+01,-1,5.000000e-01,5.000000e-01,5.000000e-01,5.000000e-01,5.000000e-01,5.000000e-01,5.000000e-01,5.000000e-01,5.000000e-01,5.000000e-01,5.000000e-01,5.000000e-01,5.000000e-01,5.000000e-01,5.000000e-01,5.000000e-01,5.000000e-01,5.000000e-01,0.000000e+00,0.000000e+00,0.000000e+00,0.000000e+00,0.000000e+00,0.000000e+00,0.000000e+00,0.000000e+00,0.000000e+00,0.000000e+00,0.000000e+00,0.000000e+00,0.000000e+00,0.000000e+00,0.000000e+00,0.000000e+00,0.000000e+00,0.000000e+00
2.700000e+01,-1,5.000000e-01,5.000000e-01,5.000000e-01,5.000000e-01,5.000000e-01,5.000000e-01,5.000000e-01,5.000000e-01,5.000000e-01,5.000000e-01,5.000000e-01,5.000000e-01,5.000000e-01,5.000000e-01,5.000000e-01,5.000000e-01,5.000000e-01,5.000000e-01,0.000000e+00,0.000000e+00,0.000000e+00,0.000000e+00,0.000000e+00,0.000000e+00,0.000000e+00,0.000000e+00,0.000000e+00,0.000000e+00,0.000000e+00,0.000000e+00,0.000000e+00,0.000000e+00,0.000000e+00,0.000000e+00,0.000000e+00,0.000000e+00
2.710000e+01,-1,5.000000e-01,5.000000e-01,5.000000e-01,5.000000e-01,5.000000e-01,5.000000e-01,5.000000e-01,5.000000e-01,5.000000e-01,5.000000e-01,5.000000e-01,5.000000e-01,5.000000e-01,5.000000e-01,5.000000e-01,5.000000e-01,5.000000e-01,5.000000e-01,0.000000e+00,0.000000e+00,0.000000e+00,0.000000e+00,0.000000e+00,0.000000e+00,0.000000e+00,0.000000e+00,0.000000e+00,0.000000e+00,0.000000e+00,0.000000e+00,0.000000e+00,0.000000e+00,0.000000e+00,0.000000e+00,0.000000e+00,0.000000e+00
2.720000e+01,-1,5.000000e-01,5.000000e-01,5.000000e-01,5.000000e-01,5.000000e-01,5.000000e-01,5.000000e-01,5.000000e-01,5.000000e-01,5.000000e-01,5.000000e-01,5.000000e-01,5.000000e-01,5.000000e-01,5.000000e-01,5.000000e-01,5.000000e-01,5.000000e-01,0.000000e+00,0.000000e+00,0.000000e+00,0.000000e+00,0.000000e+00,0.000000e+00,0.000000e+00,0.000000e+00,0.000000e+00,0.000000e+00,0.000000e+00,0.000000e+00,0.000000e+00,0.000000e+00,0.000000e+00,0.000000e+00,0.000000e+00,0.000000e+00
2.730000e+01,-1,5.000000e-01,5.000000e-01,5.000000e-01,5.000000e-01,5.000000e-01,5.000000e-01,5.000000e-01,5.000000e-01,5.000000e-01,5.000000e-01,5.000000e-01,5.000000e-01,5.000000e-01,5.000000e-01,5.000000e-01,5.000000e-01,5.000000e-01,5.000000e-01,0.000000e+00,0.000000e+00,0.000000e+00,0.000000e+00,0.000000e+00,0.000000e+00,0.000000e+00,0.000000e+00,0.000000e+00,0.000000e+00,0.000000e+00,0.000000e+00,0.000000e+00,0.000000e+00,0.000000e+00,0.000000e+00,0.000000e+00,0.000000e+00
2.740000e+01,-1,5.000000e-01,5.000000e-01,5.000000e-01,5.000000e-01,5.000000e-01,5.000000e-01,5.000000e-01,5.000000e-01,5.000000e-01,5.000000e-01,5.000000e-01,5.000000e-01,5.000000e-01,5.000000e-01,5.000000e-01,5.000000e-01,5.000000e-01,5.000000e-01,0.000000e+00,0.000000e+00,0.000000e+00,0.000000e+00,0.000000e+00,0.000000e+00,0.000000e+00,0.000000e+00,0.000000e+00,0.000000e+00,0.000000e+00,0.000000e+00,0.000000e+00,0.000000e+00,0.000000e+00,0.000000e+00,0.000000e+00,0.000000e+00
2.750000e+01,-1,5.000000e-01,5.000000e-01,5.000000e-01,5.000000e-01,5.000000e-01,5.000000e-01,5.000000e-01,5.000000e-01,5.000000e-01,5.000000e-01,5.000000e-01,5.000000e-01,5.000000e-01,5.000000e-01,5.000000e-01,5.000000e-01,5.000000e-01,5.000000e-01,0.000000e+00,0.000000e+00,0.000000e+00,0.000000e+00,0.000000e+00,0.000000e+00,0.000000e+00,0.000000e+00,0.000000e+00,0.000000e+00,0.000000e+00,0.000000e+00,0.000000e+00,0.000000e+00,0.000000e+00,0.000000e+00,0.000000e+00,0.000000e+00
2.760000e+01,-1,5.000000e-01,5.000000e-01,5.000000e-01,5.000000e-01,5.000000e-01,5.000000e-01,5.000000e-01,5.000000e-01,5.000000e-01,5.000000e-01,5.000000e-01,5.000000e-01,5.000000e-01,5.000000e-01,5.000000e-01,5.000000e-01,5.000000e-01,5.000000e-01,0.000000e+00,0.000000e+00,0.000000e+00,0.000000e+00,0.000000e+00,0.000000e+00,0.000000e+00,0.000000e+00,0.000000e+00,0.000000e+00,0.000000e+00,0.000000e+00,0.000000e+00,0.000000e+00,0.000000e+00,0.000000e+00,0.000000e+00,0.000000e+00
2.770000e+01,-1,5.000000e-01,5.000000e-01,5.000000e-01,5.000000e-01,5.000000e-01,5.000000e-01,5.000000e-01,5.000000e-01,5.000000e-01,5.000000e-01,5.000000e-01,5.000000e-01,5.000000e-01,5.000000e-01,5.000000e-01,5.000000e-01,5.000000e-01,5.000000e-01,0.000000e+00,0.000000e+00,0.000000e+00,0.000000e+00,0.000000e+00,0.000000e+00,0.000000e+00,0.000000e+00,0.000000e+00,0.000000e+00,0.000000e+00,0.000000e+00,0.000000e+00,0.000000e+00,0.000000e+00,0.000000e+00,0.000000e+00,0.000000e+00
2.780000e+01,-1,5.000000e-01,5.000000e-01,5.000000e-01,5.000000e-01,5.000000e-01,5.000000e-01,5.000000e-01,5.000000e-01,5.000000e-01,5.000000e-01,5.000000e-01,5.000000e-01,5.000000e-01,5.000000e-01,5.000000e-01,5.000000e-01,5.000000e-01,5.000000e-01,0.000000e+00,0.000000e+00,0.000000e+00,0.000000e+00,0.000000e+00,0.000000e+00,0.000000e+00,0.000000e+00,0.000000e+00,0.000000e+00,0.000000e+00,0.000000e+00,0.000000e+00,0.000000e+00,0.000000e+00,0.000000e+00,0.000000e+00,0.000000e+00
2.790000e+01,-1,5.000000e-01,5.000000e-01,5.000000e-01,5.000000e-01,5.000000e-01,5.000000e-01,5.000000e-01,5.000000e-01,5.000000e-01,5.000000e-01,5.000000e-01,5.000000e-01,5.000000e-01,5.000000e-01,5.000000e-01,5.000000e-01,5.000000e-01,5.000000e-01,0.000000e+00,0.000000e+00,0.000000e+00,0.000000e+00,0.000000e+00,0.000000e+00,0.000000e+00,0.000000e+00,0.000000e+00,0.000000e+00,0.000000e+00,0.000000e+00,0.000000e+00,0.000000e+00,0.000000e+00,0.000000e+00,0.000000e+00,0.000000e+00
2.800000e+01,-1,5.000000e-01,5.000000e-01,5.000000e-01,5.000000e-01,5.000000e-01,5.000000e-01,5.000000e-01,5.000000e-01,5.000000e-01,5.000000e-01,5.000000e-01,5.000000e-01,5.000000e-01,5.000000e-01,5.000000e-01,5.000000e-01,5.000000e-01,5.000000e-01,0.000000e+00,0.000000e+00,0.000000e+00,0.000000e+00,0.000000e+00,0.000000e+00,0.000000e+00,0.000000e+00,0.000000e+00,0.000000e+00,0.000000e+00,0.000000e+00,0.000000e+00,0.000000e+00,0.000000e+00,0.000000e+00,0.000000e+00,0.000000e+00
2.810000e+01,-1,5.000000e-01,5.000000e-01,5.000000e-01,5.000000e-01,5.000000e-01,5.000000e-01,5.000000e-01,5.000000e-01,5.000000e-01,5.000000e-01,5.000000e-01,5.000000e-01,5.000000e-01,5.000000e-01,5.000000e-01,5.000000e-01,5.000000e-01,5.000000e-01,0.000000e+00,0.000000e+00,0.000000e+00,0.000000e+00,0.000000e+00,0.000000e+00,0.000000e+00,0.000000e+00,0.000000e+00,0.000000e+00,0.000000e+00,0.000000e+00,0.000000e+00,0.000000e+00,0.000000e+00,0.000000e+00,0.000000e+00,0.000000e+00
2.820000e+01,-1,5.000000e-01,5.000000e-01,5.000000e-01,5.000000e-01,5.000000e-01,5.000000e-01,5.000000e-01,5.000000e-01,5.000000e-01,5.000000e-01,5.000000e-01,5.000000e-01,5.000000e-01,5.000000e-01,5.000000e-01,5.000000e-01,5.000000e-01,5.000000e-01,0.000000e+00,0.000000e+00,0.000000e+00,0.000000e+00,0.000000e+00,0.000000e+00,0.000000e+00,0.000000e+00,0.000000e+00,0.000000e+00,0.000000e+00,0.000000e+00,0.000000e+00,0.000000e+00,0.000000e+00,0.000000e+00,0.000000e+00,0.000000e+00
2.830000e+01,-1,5.000000e-01,5.000000e-01,5.000000e-01,5.000000e-01,5.000000e-01,5.000000e-01,5.000000e-01,5.000000e-01,5.000000e-01,5.000000e-01,5.000000e-01,5.000000e-01,5.000000e-01,5.000000e-01,5.000000e-01,5.000000e-01,5.000000e-01,5.000000e-01,0.000000e+00,0.000000e+00,0.000000e+00,0.000000e+00,0.000000e+00,0.000000e+00,0.000000e+00,0.000000e+00,0.000000e+00,0.000000e+00,0.000000e+00,0.000000e+00,0.000000e+00,0.000000e+00,0.000000e+00,0.000000e+00,0.000000e+00,0.000000e+00
2.840000e+01,-1,5.000000e-01,5.000000e-01,5.000000e-01,5.000000e-01,5.000000e-01,5.000000e-01,5.000000e-01,5.000000e-01,5.000000e-01,5.000000e-01,5.000000e-01,5.000000e-01,5.000000e-01,5.000000e-01,5.000000e-01,5.000000e-01,5.000000e-01,5.000000e-01,0.000000e+00,0.000000e+00,0.000000e+00,0.000000e+00,0.000000e+00,0.000000e+00,0.000000e+00,0.000000e+00,0.000000e+00,0.000000e+00,0.000000e+00,0.000000e+00,0.000000e+00,0.000000e+00,0.000000e+00,0.000000e+00,0.000000e+00,0.000000e+00
2.850000e+01,-1,5.000000e-01,5.000000e-01,5.000000e-01,5.000000e-01,5.000000e-01,5.000000e-01,5.000000e-01,5.000000e-01,5.000000e-01,5.000000e-01,5.000000e-01,5.000000e-01,5.000000e-01,5.000000e-01,5.000000e-01,5.000000e-01,5.000000e-01,5.000000e-01,0.000000e+00,0.000000e+00,0.000000e+00,0.000000e+00,0.000000e+00,0.000000e+00,0.000000e+00,0.000000e+00,0.000000e+00,0.000000e+00,0.000000e+00,0.000000e+00,0.000000e+00,0.000000e+00,0.000000e+00,0.000000e+00,0.000000e+00,0.000000e+00
2.860000e+01,-1,5.000000e-01,5.000000e-01,5.000000e-01,5.000000e-01,5.000000e-01,5.000000e-01,5.000000e-01,5.000000e-01,5.000000e-01,5.000000e-01,5.000000e-01,5.000000e-01,5.000000e-01,5.000000e-01,5.000000e-01,5.000000e-01,5.000000e-01,5.000000e-01,0.000000e+00,0.000000e+00,0.000000e+00,0.000000e+00,0.000000e+00,0.000000e+00,0.000000e+00,0.000000e+00,0.000000e+00,0.000000e+00,0.000000e+00,0.000000e+00,0.000000e+00,0.000000e+00,0.000000e+00,0.000000e+00,0.000000e+00,0.000000e+00
2.870000e+01,-1,5.000000e-01,5.000000e-01,5.000000e-01,5.000000e-01,5.000000e-01,5.000000e-01,5.000000e-01,5.000000e-01,5.000000e-01,5.000000e-01,5.000000e-01,5.000000e-01,5.000000e-01,5.000000e-01,5.000000e-01,5.000000e-01,5.000000e-01,5.000000e-01,0.000000e+00,0.000000e+00,0.000000e+00,0.000000e+00,0.000000e+00,0.000000e+00,0.000000e+00,0.000000e+00,0.000000e+00,0.000000e+00,0.000000e+00,0.000000e+00,0.000000e+00,0.000000e+00,0.000000e+00,0.000000e+00,0.000000e+00,0.000000e+00
2.880000e+01,-1,5.000000e-01,5.000000e-01,5.000000e-01,5.000000e-01,5.000000e-01,5.000000e-01,5.000000e-01,5.000000e-01,5.000000e-01,5.000000e-01,5.000000e-01,5.000000e-01,5.000000e-01,5.000000e-01,5.000000e-01,5.000000e-01,5.000000e-01,5.000000e-01,0.000000e+00,0.000000e+00,0.000000e+00,0.000000e+00,0.000000e+00,0.000000e+00,0.000000e+00,0.000000e+00,0.000000e+00,0.000000e+00,0.000000e+00,0.000000e+00,0.000000e+00,0.000000e+00,0.000000e+00,0.000000e+00,0.000000e+00,0.000000e+00
2.890000e+01,-1,5.000000e-01,5.000000e-01,5.000000e-01,5.000000e-01,5.000000e-01,5.000000e-01,5.000000e-01,5.000000e-01,5.000000e-01,5.000000e-01,5.000000e-01,5.000000e-01,5.000000e-01,5.000000e-01,5.000000e-01,5.000000e-01,5.000000e-01,5.000000e-01,0.000000e+00,0.000000e+00,0.000000e+00,0.000000e+00,0.000000e+00,0.000000e+00,0.000000e+00,0.000000e+00,0.000000e+00,0.000000e+00,0.000000e+00,0.000000e+00,0.000000e+00,0.000000e+00,0.000000e+00,0.000000e+00,0.000000e+00,0.000000e+00
2.900000e+01,-1,5.000000e-01,5.000000e-01,5.000000e-01,5.000000e-01,5.000000e-01,5.000000e-01,5.000000e-01,5.000000e-01,5.000000e-01,5.000000e-01,5.000000e-01,5.000000e-01,5.000000e-01,5.000000e-01,5.000000e-01,5.000000e-01,5.000000e-01,5.000000e-01,0.000000e+00,0.000000e+00,0.000000e+00,0.000000e+00,0.000000e+00,0.000000e+00,0.000000e+00,0.000000e+00,0.000000e+00,0.000000e+00,0.000000e+00,0.000000e+00,0.000000e+00,0.000000e+00,0.000000e+00,0.000000e+00,0.000000e+00,0.000000e+00
2.910000e+01,-1,5.000000e-01,5.000000e-01,5.000000e-01,5.000000e-01,5.000000e-01,5.000000e-01,5.000000e-01,5.000000e-01,5.000000e-01,5.000000e-01,5.000000e-01,5.000000e-01,5.000000e-01,5.000000e-01,5.000000e-01,5.000000e-01,5.000000e-01,5.000000e-01,0.000000e+00,0.000000e+00,0.000000e+00,0.000000e+00,0.000000e+00,0.000000e+00,0.000000e+00,0.000000e+00,0.000000e+00,0.000000e+00,0.000000e+00,0.000000e+00,0.000000e+00,0.000000e+00,0.000000e+00,0.000000e+00,0.000000e+00,0.000000e+00
2.920000e+01,-1,5.000000e-01,5.000000e-01,5.000000e-01,5.000000e-01,5.000000e-01,5.000000e-01,5.000000e-01,5.000000e-01,5.000000e-01,5.000000e-01,5.000000e-01,5.000000e-01,5.000000e-01,5.000000e-01,5.000000e-01,5.000000e-01,5.000000e-01,5.000000e-01,0.000000e+00,0.000000e+00,0.000000e+00,0.000000e+00,0.000000e+00,0.000000e+00,0.000000e+00,0.000000e+00,0.000000e+00,0.000000e+00,0.000000e+00,0.000000e+00,0.000000e+00,0.000000e+00,0.000000e+00,0.000000e+00,0.000000e+00,0.000000e+00
2.930000e+01,-1,5.000000e-01,5.000000e-01,5.000000e-01,5.000000e-01,5.000000e-01,5.000000e-01,5.000000e-01,5.000000e-01,5.000000e-01,5.000000e-01,5.000000e-01,5.000000e-01,5.000000e-01,5.000000e-01,5.000000e-01,5.000000e-01,5.000000e-01,5.000000e-01,0.000000e+00,0.000000e+00,0.000000e+00,0.000000e+00,0.000000e+00,0.000000e+00,0.000000e+00,0.000000e+00,0.000000e+00,0.000000e+00,0.000000e+00,0.000000e+00,0.000000e+00,0.000000e+00,0.000000e+00,0.000000e+00,0.000000e+00,0.000000e+00
2.940000e+01,-1,5.000000e-01,5.000000e-01,5.000000e-01,5.000000e-01,5.000000e-01,5.000000e-01,5.000000e-01,5.000000e-01,5.000000e-01,5.000000e-01,5.000000e-01,5.000000e-01,5.000000e-01,5.000000e-01,5.000000e-01,5.000000e-01,5.000000e-01,5.000000e-01,0.000000e+00,0.000000e+00,0.000000e+00,0.000000e+00,0.000000e+00,0.000000e+00,0.000000e+00,0.000000e+00,0.000000e+00,0.000000e+00,0.000000e+00,0.000000e+00,0.000000e+00,0.000000e+00,0.000000e+00,0.000000e+00,0.000000e+00,0.000000e+00
2.950000e+01,-1,5.000000e-01,5.000000e-01,5.000000e-01,5.000000e-01,5.000000e-01,5.000000e-01,5.000000e-01,5.000000e-01,5.000000e-01,5.000000e-01,5.000000e-01,5.000000e-01,5.000000e-01,5.000000e-01,5.000000e-01,5.000000e-01,5.000000e-01,5.000000e-01,0.000000e+00,0.000000e+00,0.000000e+00,0.000000e+00,0.000000e+00,0.000000e+00,0.000000e+00,0.000000e+00,0.000000e+00,0.000000e+00,0.000000e+00,0.000000e+00,0.000000e+00,0.000000e+00,0.000000e+00,0.000000e+00,0.000000e+00,0.000000e+00
2.960000e+01,-1,5.000000e-01,5.000000e-01,5.000000e-01,5.000000e-01,5.000000e-01,5.000000e-01,5.000000e-01,5.000000e-01,5.000000e-01,5.000000e-01,5.000000e-01,5.000000e-01,5.000000e-01,5.000000e-01,5.000000e-01,5.000000e-01,5.000000e-01,5.000000e-01,0.000000e+00,0.000000e+00,0.000000e+00,0.000000e+00,0.000000e+00,0.000000e+00,0.000000e+00,0.000000e+00,0.000000e+00,0.000000e+00,0.000000e+00,0.000000e+00,0.000000e+00,0.000000e+00,0.000000e+00,0.000000e+00,0.000000e+00,0.000000e+00
2.970000e+01,-1,5.000000e-01,5.000000e-01,5.000000e-01,5.000000e-01,5.000000e-01,5.000000e-01,5.000000e-01,5.000000e-01,5.000000e-01,5.000000e-01,5.000000e-01,5.000000e-01,5.000000e-01,5.000000e-01,5.000000e-01,5.000000e-01,5.000000e-01,5.000000e-01,0.000000e+00,0.000000e+00,0.000000e+00,0.000000e+00,0.000000e+00,0.000000e+00,0.000000e+00,0.000000e+00,0.000000e+00,0.000000e+00,0.000000e+00,0.000000e+00,0.000000e+00,0.000000e+00,0.000000e+00,0.000000e+00,0.000000e+00,0.000000e+00
2.980000e+01,-1,5.000000e-01,5.000000e-01,5.000000e-01,5.000000e-01,5.000000e-01,5.000000e-01,5.000000e-01,5.000000e-01,5.000000e-01,5.000000e-01,5.000000e-01,5.000000e-01,5.000000e-01,5.000000e-01,5.000000e-01,5.000000e-01,5.000000e-01,5.000000e-01,0.000000e+00,0.000000e+00,0.000000e+00,0.000000e+00,0.000000e+00,0.000000e+00,0.000000e+00,0.000000e+00,0.000000e+00,0.000000e+00,0.000000e+00,0.000000e+00,0.000000e+00,0.000000e+00,0.000000e+00,0.000000e+00,0.000000e+00,0.000000e+00
2.990000e+01,-1,5.000000e-01,5.000000e-01,5.000000e-01,5.000000e-01,5.000000e-01,5.000000e-01,5.000000e-01,5.000000e-01,5.000000e-01,5.000000e-01,5.000000e-01,5.000000e-01,5.000000e-01,5.000000e-01,5.000000e-01,5.000000e-01,5.000000e-01,5.000000e-01,0.000000e+00,0.000000e+00,0.000000e+00,0.000000e+00,0.000000e+00,0.000000e+00,0.000000e+00,0.000000e+00,0.000000e+00,0.000000e+00,0.000000e+00,0.000000e+00,0.000000e+00,0.000000e+00,0.000000e+00,0.000000e+00,0.000000e+00,0.000000e+00
3.000000e+01,-1,5.000000e-01,5.000000e-01,5.000000e-01,5.000000e-01,5.000000e-01,5.000000e-01,5.000000e-01,5.000000e-01,5.000000e-01,5.000000e-01,5.000000e-01,5.000000e-01,5.000000e-01,5.000000e-01,5.000000e-01,5.000000e-01,5.000000e-01,5.000000e-01,0.000000e+00,0.000000e+00,0.000000e+00,0.000000e+00,0.000000e+00,0.000000e+00,0.000000e+00,0.000000e+00,0.000000e+00,0.000000e+00,0.000000e+00,0.000000e+00,0.000000e+00,0.000000e+00,0.000000e+00,0.000000e+00,0.000000e+00,0.000000e+00
3.010000e+01,-1,5.000000e-01,5.000000e-01,5.000000e-01,5.000000e-01,5.000000e-01,5.000000e-01,5.000000e-01,5.000000e-01,5.000000e-01,5.000000e-01,5.000000e-01,5.000000e-01,5.000000e-01,5.000000e-01,5.000000e-01,5.000000e-01,5.000000e-01,5.000000e-01,0.000000e+00,0.000000e+00,0.000000e+00,0.000000e+00,0.000000e+00,0.000000e+00,0.000000e+00,0.000000e+00,0.000000e+00,0.000000e+00,0.000000e+00,0.000000e+00,0.000000e+00,0.000000e+00,0.000000e+00,0.000000e+00,0.000000e+00,0.000000e+00
3.020000e+01,-1,5.000000e-01,5.000000e-01,5.000000e-01,5.000000e-01,5.000000e-01,5.000000e-01,5.000000e-01,5.000000e-01,5.000000e-01,5.000000e-01,5.000000e-01,5.000000e-01,5.000000e-01,5.000000e-01,5.000000e-01,5.000000e-01,5.000000e-01,5.000000e-01,0.000000e+00,0.000000e+00,0.000000e+00,0.000000e+00,0.000000e+00,0.000000e+00,0.000000e+00,0.000000e+00,0.000000e+00,0.000000e+00,0.000000e+00,0.000000e+00,0.000000e+00,0.000000e+00,0.000000e+00,0.000000e+00,0.000000e+00,0.000000e+00
3.030000e+01,-1,5.000000e-01,5.000000e-01,5.000000e-01,5.000000e-01,5.000000e-01,5.000000e-01,5.000000e-01,5.000000e-01,5.000000e-01,5.000000e-01,5.000000e-01,5.000000e-01,5.000000e-01,5.000000e-01,5.000000e-01,5.000000e-01,5.000000e-01,5.000000e-01,0.000000e+00,0.000000e+00,0.000000e+00,0.000000e+00,0.000000e+00,0.000000e+00,0.000000e+00,0.000000e+00,0.000000e+00,0.000000e+00,0.000000e+00,0.000000e+00,0.000000e+00,0.000000e+00,0.000000e+00,0.000000e+00,0.000000e+00,0.000000e+00
3.040000e+01,-1,5.000000e-01,5.000000e-01,5.000000e-01,5.000000e-01,5.000000e-01,5.000000e-01,5.000000e-01,5.000000e-01,5.000000e-01,5.000000e-01,5.000000e-01,5.000000e-01,5.000000e-01,5.000000e-01,5.000000e-01,5.000000e-01,5.000000e-01,5.000000e-01,0.000000e+00,0.000000e+00,0.000000e+00,0.000000e+00,0.000000e+00,0.000000e+00,0.000000e+00,0.000000e+00,0.000000e+00,0.000000e+00,0.000000e+00,0.000000e+00,0.000000e+00,0.000000e+00,0.000000e+00,0.000000e+00,0.000000e+00,0.000000e+00
3.050000e+01,-1,5.000000e-01,5.000000e-01,5.000000e-01,5.000000e-01,5.000000e-01,5.000000e-01,5.000000e-01,5.000000e-01,5.000000e-01,5.000000e-01,5.000000e-01,5.000000e-01,5.000000e-01,5.000000e-01,5.000000e-01,5.000000e-01,5.000000e-01,5.000000e-01,0.000000e+00,0.000000e+00,0.000000e+00,0.000000e+00,0.000000e+00,0.000000e+00,0.000000e+00,0.000000e+00,0.000000e+00,0.000000e+00,0.000000e+00,0.000000e+00,0.000000e+00,0.000000e+00,0.000000e+00,0.000000e+00,0.000000e+00,0.000000e+00
3.060000e+01,-1,5.000000e-01,5.000000e-01,5.000000e-01,5.000000e-01,5.000000e-01,5.000000e-01,5.000000e-01,5.000000e-01,5.000000e-01,5.000000e-01,5.000000e-01,5.000000e-01,5.000000e-01,5.000000e-01,5.000000e-01,5.000000e-01,5.000000e-01,5.000000e-01,0.000000e+00,0.000000e+00,0.000000e+00,0.000000e+00,0.000000e+00,0.000000e+00,0.000000e+00,0.000000e+00,0.000000e+00,0.000000e+00,0.000000e+00,0.000000e+00,0.000000e+00,0.000000e+00,0.000000e+00,0.000000e+00,0.000000e+00,0.000000e+00
3.070000e+01,-1,5.000000e-01,5.000000e-01,5.000000e-01,5.000000e-01,5.000000e-01,5.000000e-01,5.000000e-01,5.000000e-01,5.000000e-01,5.000000e-01,5.000000e-01,5.000000e-01,5.000000e-01,5.000000e-01,5.000000e-01,5.000000e-01,5.000000e-01,5.000000e-01,0.000000e+00,0.000000e+00,0.000000e+00,0.000000e+00,0.000000e+00,0.000000e+00,0.000000e+00,0.000000e+00,0.000000e+00,0.000000e+00,0.000000e+00,0.000000e+00,0.000000e+00,0.000000e+00,0.000000e+00,0.000000e+00,0.000000e+00,0.000000e+00
3.080000e+01,-1,5.000000e-01,5.000000e-01,5.000000e-01,5.000000e-01,5.000000e-01,5.000000e-01,5.000000e-01,5.000000e-01,5.000000e-01,5.000000e-01,5.000000e-01,5.000000e-01,5.000000e-01,5.000000e-01,5.000000e-01,5.000000e-01,5.000000e-01,5.000000e-01,0.000000e+00,0.000000e+00,0.000000e+00,0.000000e+00,0.000000e+00,0.000000e+00,0.000000e+00,0.000000e+00,0.000000e+00,0.000000e+00,0.000000e+00,0.000000e+00,0.000000e+00,0.000000e+00,0.000000e+00,0.000000e+00,0.000000e+00,0.000000e+00
3.090000e+01,-1,5.000000e-01,5.000000e-01,5.000000e-01,5.000000e-01,5.000000e-01,5.000000e-01,5.000000e-01,5.000000e-01,5.000000e-01,5.000000e-01,5.000000e-01,5.000000e-01,5.000000e-01,5.000000e-01,5.000000e-01,5.000000e-01,5.000000e-01,5.000000e-01,0.000000e+00,0.000000e+00,0.000000e+00,0.000000e+00,0.000000e+00,0.000000e+00,0.000000e+00,0.000000e+00,0.000000e+00,0.000000e+00,0.000000e+00,0.000000e+00,0.000000e+00,0.000000e+00,0.000000e+00,0.000000e+00,0.000000e+00,0.000000e+00
3.100000e+01,-1,5.000000e-01,5.000000e-01,5.000000e-01,5.000000e-01,5.000000e-01,5.000000e-01,5.000000e-01,5.000000e-01,5.000000e-01,5.000000e-01,5.000000e-01,5.000000e-01,5.000000e-01,5.000000e-01,5.000000e-01,5.000000e-01,5.000000e-01,5.000000e-01,0.000000e+00,0.000000e+00,0.000000e+00,0.000000e+00,0.000000e+00,0.000000e+00,0.000000e+00,0.000000e+00,0.000000e+00,0.000000e+00,0.000000e+00,0.000000e+00,0.000000e+00,0.000000e+00,0.000000e+00,0.000000e+00,0.000000e+00,0.000000e+00
3.110000e+01,-1,5.000000e-01,5.000000e-01,5.000000e-01,5.000000e-01,5.000000e-01,5.000000e-01,5.000000e-01,5.000000e-01,5.000000e-01,5.000000e-01,5.000000e-01,5.000000e-01,5.000000e-01,5.000000e-01,5.000000e-01,5.000000e-01,5.000000e-01,5.000000e-01,0.000000e+00,0.000000e+00,0.000000e+00,0.000000e+00,0.000000e+00,0.000000e+00,0.000000e+00,0.000000e+00,0.000000e+00,0.000000e+00,0.000000e+00,0.000000e+00,0.000000e+00,0.000000e+00,0.000000e+00,0.000000e+00,0.000000e+00,0.000000e+00
3.120000e+01,-1,5.000000e-01,5.000000e-01,5.000000e-01,5.000000e-01,5.000000e-01,5.000000e-01,5.000000e-01,5.000000e-01,5.000000e-01,5.000000e-01,5.000000e-01,5.000000e-01,5.000000e-01,5.000000e-01,5.000000e-01,5.000000e-01,5.000000e-01,5.000000e-01,0.000000e+00,0.000000e+00,0.000000e+00,0.000000e+00,0.000000e+00,0.000000e+00,0.000000e+00,0.000000e+00,0.000000e+00,0.000000e+00,0.000000e+00,0.000000e+00,0.000000e+00,0.000000e+00,0.000000e+00,0.000000e+00,0.000000e+00,0.000000e+00
3.130000e+01,-1,5.000000e-01,5.000000e-01,5.000000e-01,5.000000e-01,5.000000e-01,5.000000e-01,5.000000e-01,5.000000e-01,5.000000e-01,5.000000e-01,5.000000e-01,5.000000e-01,5.000000e-01,5.000000e-01,5.000000e-01,5.000000e-01,5.000000e-01,5.000000e-01,0.000000e+00,0.000000e+00,0.000000e+00,0.000000e+00,0.000000e+00,0.000000e+00,0.000000e+00,0.000000e+00,0.000000e+00,0.000000e+00,0.000000e+00,0.000000e+00,0.000000e+00,0.000000e+00,0.000000e+00,0.000000e+00,0.000000e+00,0.000000e+00
3.140000e+01,-1,5.000000e-01,5.000000e-01,5.000000e-01,5.000000e-01,5.000000e-01,5.000000e-01,5.000000e-01,5.000000e-01,5.000000e-01,5.000000e-01,5.000000e-01,5.000000e-01,5.000000e-01,5.000000e-01,5.000000e-01,5.000000e-01,5.000000e-01,5.000000e-01,0.000000e+00,0.000000e+00,0.000000e+00,0.000000e+00,0.000000e+00,0.000000e+00,0.000000e+00,0.000000e+00,0.000000e+00,0.000000e+00,0.000000e+00,0.000000e+00,0.000000e+00,0.000000e+00,0.000000e+00,0.000000e+00,0.000000e+00,0.000000e+00
3.150000e+01,-1,5.000000e-01,5.000000e-01,5.000000e-01,5.000000e-01,5.000000e-01,5.000000e-01,5.000000e-01,5.000000e-01,5.000000e-01,5.000000e-01,5.000000e-01,5.000000e-01,5.000000e-01,5.000000e-01,5.000000e-01,5.000000e-01,5.000000e-01,5.000000e-01,0.000000e+00,0.000000e+00,0.000000e+00,0.000000e+00,0.000000e+00,0.000000e+00,0.000000e+00,0.000000e+00,0.000000e+00,0.000000e+00,0.000000e+00,0.000000e+00,0.000000e+00,0.000000e+00,0.000000e+00,0.000000e+00,0.000000e+00,0.000000e+00
3.160000e+01,-1,5.000000e-01,5.000000e-01,5.000000e-01,5.000000e-01,5.000000e-01,5.000000e-01,5.000000e-01,5.000000e-01,5.000000e-01,5.000000e-01,5.000000e-01,5.000000e-01,5.000000e-01,5.000000e-01,5.000000e-01,5.000000e-01,5.000000e-01,5.000000e-01,0.000000e+00,0.000000e+00,0.000000e+00,0.000000e+00,0.000000e+00,0.000000e+00,0.000000e+00,0.000000e+00,0.000000e+00,0.000000e+00,0.000000e+00,0.000000e+00,0.000000e+00,0.000000e+00,0.000000e+00,0.000000e+00,0.000000e+00,0.000000e+00
3.170000e+01,-1,5.000000e-01,5.000000e-01,5.000000e-01,5.000000e-01,5.000000e-01,5.000000e-01,5.000000e-01,5.000000e-01,5.000000e-01,5.000000e-01,5.000000e-01,5.000000e-01,5.000000e-01,5.000000e-01,5.000000e-01,5.000000e-01,5.000000e-01,5.000000e-01,0.000000e+00,0.000000e+00,0.000000e+00,0.000000e+00,0.000000e+00,0.000000e+00,0.000000e+00,0.000000e+00,0.000000e+00,0.000000e+00,0.000000e+00,0.000000e+00,0.000000e+00,0.000000e+00,0.000000e+00,0.000000e+00,0.000000e+00,0.000000e+00
3.180000e+01,-1,5.000000e-01,5.000000e-01,5.000000e-01,5.000000e-01,5.000000e-01,5.000000e-01,5.000000e-01,5.000000e-01,5.000000e-01,5.000000e-01,5.000000e-01,5.000000e-01,5.000000e-01,5.000000e-01,5.000000e-01,5.000000e-01,5.000000e-01,5.000000e-01,0.000000e+00,0.000000e+00,0.000000e+00,0.000000e+00,0.000000e+00,0.000000e+00,0.000000e+00,0.000000e+00,0.000000e+00,0.000000e+00,0.000000e+00,0.000000e+00,0.000000e+00,0.000000e+00,0.000000e+00,0.000000e+00,0.000000e+00,0.000000e+00
3.190000e+01,-1,5.000000e-01,5.000000e-01,5.000000e-01,5.000000e-01,5.000000e-01,5.000000e-01,5.000000e-01,5.000000e-01,5.000000e-01,5.000000e-01,5.000000e-01,5.000000e-01,5.000000e-01,5.000000e-01,5.000000e-01,5.000000e-01,5.000000e-01,5.000000e-01,0.000000e+00,0.000000e+00,0.000000e+00,0.000000e+00,0.000000e+00,0.000000e+00,0.000000e+00,0.000000e+00,0.000000e+00,0.000000e+00,0.000000e+00,0.000000e+00,0.000000e+00,0.000000e+00,0.000000e+00,0.000000e+00,0.000000e+00,0.000000e+00
3.200000e+01,-1,5.000000e-01,5.000000e-01,5.000000e-01,5.000000e-01,5.000000e-01,5.000000e-01,5.000000e-01,5.000000e-01,5.000000e-01,5.000000e-01,5.000000e-01,5.000000e-01,5.000000e-01,5.000000e-01,5.000000e-01,5.000000e-01,5.000000e-01,5.000000e-01,0.000000e+00,0.000000e+00,0.000000e+00,0.000000e+00,0.000000e+00,0.000000e+00,0.000000e+00,0.000000e+00,0.000000e+00,0.000000e+00,0.000000e+00,0.000000e+00,0.000000e+00,0.000000e+00,0.000000e+00,0.000000e+00,0.000000e+00,0.000000e+00
3.210000e+01,-1,5.000000e-01,5.000000e-01,5.000000e-01,5.000000e-01,5.000000e-01,5.000000e-01,5.000000e-01,5.000000e-01,5.000000e-01,5.000000e-01,5.000000e-01,5.000000e-01,5.000000e-01,5.000000e-01,5.000000e-01,5.000000e-01,5.000000e-01,5.000000e-01,0.000000e+00,0.000000e+00,0.000000e+00,0.000000e+00,0.000000e+00,0.000000e+00,0.000000e+00,0.000000e+00,0.000000e+00,0.000000e+00,0.000000e+00,0.000000e+00,0.000000e+00,0.000000e+00,0.000000e+00,0.000000e+00,0.000000e+00,0.000000e+00
3.220000e+01,-1,5.000000e-01,5.000000e-01,5.000000e-01,5.000000e-01,5.000000e-01,5.000000e-01,5.000000e-01,5.000000e-01,5.000000e-01,5.000000e-01,5.000000e-01,5.000000e-01,5.000000e-01,5.000000e-01,5.000000e-01,5.000000e-01,5.000000e-01,5.000000e-01,0.000000e+00,0.000000e+00,0.000000e+00,0.000000e+00,0.000000e+00,0.000000e+00,0.000000e+00,0.000000e+00,0.000000e+00,0.000000e+00,0.000000e+00,0.000000e+00,0.000000e+00,0.000000e+00,0.000000e+00,0.000000e+00,0.000000e+00,0.000000e+00
3.230000e+01,-1,5.000000e-01,5.000000e-01,5.000000e-01,5.000000e-01,5.000000e-01,5.000000e-01,5.000000e-01,5.000000e-01,5.000000e-01,5.000000e-01,5.000000e-01,5.000000e-01,5.000000e-01,5.000000e-01,5.000000e-01,5.000000e-01,5.000000e-01,5.000000e-01,0.000000e+00,0.000000e+00,0.000000e+00,0.000000e+00,0.000000e+00,0.000000e+00,0.000000e+00,0.000000e+00,0.000000e+00,0.000000e+00,0.000000e+00,0.000000e+00,0.000000e+00,0.000000e+00,0.000000e+00,0.000000e+00,0.000000e+00,0.000000e+00
3.240000e+01,-1,5.000000e-01,5.000000e-01,5.000000e-01,5.000000e-01,5.000000e-01,5.000000e-01,5.000000e-01,5.000000e-01,5.000000e-01,5.000000e-01,5.000000e-01,5.000000e-01,5.000000e-01,5.000000e-01,5.000000e-01,5.000000e-01,5.000000e-01,5.000000e-01,0.000000e+00,0.000000e+00,0.000000e+00,0.000000e+00,0.000000e+00,0.000000e+00,0.000000e+00,0.000000e+00,0.000000e+00,0.000000e+00,0.000000e+00,0.000000e+00,0.000000e+00,0.000000e+00,0.000000e+00,0.000000e+00,0.000000e+00,0.000000e+00
3.250000e+01,-1,5.000000e-01,5.000000e-01,5.000000e-01,5.000000e-01,5.000000e-01,5.000000e-01,5.000000e-01,5.000000e-01,5.000000e-01,5.000000e-01,5.000000e-01,5.000000e-01,5.000000e-01,5.000000e-01,5.000000e-01,5.000000e-01,5.000000e-01,5.000000e-01,0.000000e+00,0.000000e+00,0.000000e+00,0.000000e+00,0.000000e+00,0.000000e+00,0.000000e+00,0.000000e+00,0.000000e+00,0.000000e+00,0.000000e+00,0.000000e+00,0.000000e+00,0.000000e+00,0.000000e+00,0.000000e+00,0.000000e+00,0.000000e+00
3.260000e+01,-1,5.000000e-01,5.000000e-01,5.000000e-01,5.000000e-01,5.000000e-01,5.000000e-01,5.000000e-01,5.000000e-01,5.000000e-01,5.000000e-01,5.000000e-01,5.000000e-01,5.000000e-01,5.000000e-01,5.000000e-01,5.000000e-01,5.000000e-01,5.000000e-01,0.000000e+00,0.000000e+00,0.000000e+00,0.000000e+00,0.000000e+00,0.000000e+00,0.000000e+00,0.000000e+00,0.000000e+00,0.000000e+00,0.000000e+00,0.000000e+00,0.000000e+00,0.000000e+00,0.000000e+00,0.000000e+00,0.000000e+00,0.000000e+00
3.270000e+01,-1,5.000000e-01,5.000000e-01,5.000000e-01,5.000000e-01,5.000000e-01,5.000000e-01,5.000000e-01,5.000000e-01,5.000000e-01,5.000000e-01,5.000000e-01,5.000000e-01,5.000000e-01,5.000000e-01,5.000000e-01,5.000000e-01,5.000000e-01,5.000000e-01,0.000000e+00,0.000000e+00,0.000000e+00,0.000000e+00,0.000000e+00,0.000000e+00,0.000000e+00,0.000000e+00,0.000000e+00,0.000000e+00,0.000000e+00,0.000000e+00,0.000000e+00,0.000000e+00,0.000000e+00,0.000000e+00,0.000000e+00,0.000000e+00
3.280000e+01,-1,5.000000e-01,5.000000e-01,5.000000e-01,5.000000e-01,5.000000e-01,5.000000e-01,5.000000e-01,5.000000e-01,5.000000e-01,5.000000e-01,5.000000e-01,5.000000e-01,5.000000e-01,5.000000e-01,5.000000e-01,5.000000e-01,5.000000e-01,5.000000e-01,0.000000e+00,0.000000e+00,0.000000e+00,0.000000e+00,0.000000e+00,0.000000e+00,0.000000e+00,0.000000e+00,0.000000e+00,0.000000e+00,0.000000e+00,0.000000e+00,0.000000e+00,0.000000e+00,0.000000e+00,0.000000e+00,0.000000e+00,0.000000e+00
3.290000e+01,-1,5.000000e-01,5.000000e-01,5.000000e-01,5.000000e-01,5.000000e-01,5.000000e-01,5.000000e-01,5.000000e-01,5.000000e-01,5.000000e-01,5.000000e-01,5.000000e-01,5.000000e-01,5.000000e-01,5.000000e-01,5.000000e-01,5.000000e-01,5.000000e-01,0.000000e+00,0.000000e+00,0.000000e+00,0.000000e+00,0.000000e+00,0.000000e+00,0.000000e+00,0.000000e+00,0.000000e+00,0.000000e+00,0.000000e+00,0.000000e+00,0.000000e+00,0.000000e+00,0.000000e+00,0.000000e+00,0.000000e+00,0.000000e+00
3.300000e+01,-1,5.000000e-01,5.000000e-01,5.000000e-01,5.000000e-01,5.000000e-01,5.000000e-01,5.000000e-01,5.000000e-01,5.000000e-01,5.000000e-01,5.000000e-01,5.000000e-01,5.000000e-01,5.000000e-01,5.000000e-01,5.000000e-01,5.000000e-01,5.000000e-01,0.000000e+00,0.000000e+00,0.000000e+00,0.000000e+00,0.000000e+00,0.000000e+00,0.000000e+00,0.000000e+00,0.000000e+00,0.000000e+00,0.000000e+00,0.000000e+00,0.000000e+00,0.000000e+00,0.000000e+00,0.000000e+00,0.000000e+00,0.000000e+00
3.310000e+01,-1,5.000000e-01,5.000000e-01,5.000000e-01,5.000000e-01,5.000000e-01,5.000000e-01,5.000000e-01,5.000000e-01,5.000000e-01,5.000000e-01,5.000000e-01,5.000000e-01,5.000000e-01,5.000000e-01,5.000000e-01,5.000000e-01,5.000000e-01,5.000000e-01,0.000000e+00,0.000000e+00,0.000000e+00,0.000000e+00,0.000000e+00,0.000000e+00,0.000000e+00,0.000000e+00,0.000000e+00,0.000000e+00,0.000000e+00,0.000000e+00,0.000000e+00,0.000000e+00,0.000000e+00,0.000000e+00,0.000000e+00,0.000000e+00
3.320000e+01,-1,5.000000e-01,5.000000e-01,5.000000e-01,5.000000e-01,5.000000e-01,5.000000e-01,5.000000e-01,5.000000e-01,5.000000e-01,5.000000e-01,5.000000e-01,5.000000e-01,5.000000e-01,5.000000e-01,5.000000e-01,5.000000e-01,5.000000e-01,5.000000e-01,0.000000e+00,0.000000e+00,0.000000e+00,0.000000e+00,0.000000e+00,0.000000e+00,0.000000e+00,0.000000e+00,0.000000e+00,0.000000e+00,0.000000e+00,0.000000e+00,0.000000e+00,0.000000e+00,0.000000e+00,0.000000e+00,0.000000e+00,0.000000e+00
3.330000e+01,-1,5.000000e-01,5.000000e-01,5.000000e-01,5.000000e-01,5.000000e-01,5.000000e-01,5.000000e-01,5.000000e-01,5.000000e-01,5.000000e-01,5.000000e-01,5.000000e-01,5.000000e-01,5.000000e-01,5.000000e-01,5.000000e-01,5.000000e-01,5.000000e-01,0.000000e+00,0.000000e+00,0.000000e+00,0.000000e+00,0.000000e+00,0.000000e+00,0.000000e+00,0.000000e+00,0.000000e+00,0.000000e+00,0.000000e+00,0.000000e+00,0.000000e+00,0.000000e+00,0.000000e+00,0.000000e+00,0.000000e+00,0.000000e+00
3.340000e+01,-1,5.000000e-01,5.000000e-01,5.000000e-01,5.000000e-01,5.000000e-01,5.000000e-01,5.000000e-01,5.000000e-01,5.000000e-01,5.000000e-01,5.000000e-01,5.000000e-01,5.000000e-01,5.000000e-01,5.000000e-01,5.000000e-01,5.000000e-01,5.000000e-01,0.000000e+00,0.000000e+00,0.000000e+00,0.000000e+00,0.000000e+00,0.000000e+00,0.000000e+00,0.000000e+00,0.000000e+00,0.000000e+00,0.000000e+00,0.000000e+00,0.000000e+00,0.000000e+00,0.000000e+00,0.000000e+00,0.000000e+00,0.000000e+00
3.350000e+01,-1,5.000000e-01,5.000000e-01,5.000000e-01,5.000000e-01,5.000000e-01,5.000000e-01,5.000000e-01,5.000000e-01,5.000000e-01,5.000000e-01,5.000000e-01,5.000000e-01,5.000000e-01,5.000000e-01,5.000000e-01,5.000000e-01,5.000000e-01,5.000000e-01,0.000000e+00,0.000000e+00,0.000000e+00,0.000000e+00,0.000000e+00,0.000000e+00,0.000000e+00,0.000000e+00,0.000000e+00,0.000000e+00,0.000000e+00,0.000000e+00,0.000000e+00,0.000000e+00,0.000000e+00,0.000000e+00,0.000000e+00,0.000000e+00
3.360000e+01,-1,5.000000e-01,5.000000e-01,5.000000e-01,5.000000e-01,5.000000e-01,5.000000e-01,5.000000e-01,5.000000e-01,5.000000e-01,5.000000e-01,5.000000e-01,5.000000e-01,5.000000e-01,5.000000e-01,5.000000e-01,5.000000e-01,5.000000e-01,5.000000e-01,0.000000e+00,0.000000e+00,0.000000e+00,0.000000e+00,0.000000e+00,0.000000e+00,0.000000e+00,0.000000e+00,0.000000e+00,0.000000e+00,0.000000e+00,0.000000e+00,0.000000e+00,0.000000e+00,0.000000e+00,0.000000e+00,0.000000e+00,0.000000e+00
3.370000e+01,-1,5.000000e-01,5.000000e-01,5.000000e-01,5.000000e-01,5.000000e-01,5.000000e-01,5.000000e-01,5.000000e-01,5.000000e-01,5.000000e-01,5.000000e-01,5.000000e-01,5.000000e-01,5.000000e-01,5.000000e-01,5.000000e-01,5.000000e-01,5.000000e-01,0.000000e+00,0.000000e+00,0.000000e+00,0.000000e+00,0.000000e+00,0.000000e+00,0.000000e+00,0.000000e+00,0.000000e+00,0.000000e+00,0.000000e+00,0.000000e+00,0.000000e+00,0.000000e+00,0.000000e+00,0.000000e+00,0.000000e+00,0.000000e+00
3.380000e+01,-1,5.000000e-01,5.000000e-01,5.000000e-01,5.000000e-01,5.000000e-01,5.000000e-01,5.000000e-01,5.000000e-01,5.000000e-01,5.000000e-01,5.000000e-01,5.000000e-01,5.000000e-01,5.000000e-01,5.000000e-01,5.000000e-01,5.000000e-01,5.000000e-01,0.000000e+00,0.000000e+00,0.000000e+00,0.000000e+00,0.000000e+00,0.000000e+00,0.000000e+00,0.000000e+00,0.000000e+00,0.000000e+00,0.000000e+00,0.000000e+00,0.000000e+00,0.000000e+00,0.000000e+00,0.000000e+00,0.000000e+00,0.000000e+00
3.390000e+01,-1,5.000000e-01,5.000000e-01,5.000000e-01,5.000000e-01,5.000000e-01,5.000000e-01,5.000000e-01,5.000000e-01,5.000000e-01,5.000000e-01,5.000000e-01,5.000000e-01,5.000000e-01,5.000000e-01,5.000000e-01,5.000000e-01,5.000000e-01,5.000000e-01,0.000000e+00,0.000000e+00,0.000000e+00,0.000000e+00,0.000000e+00,0.000000e+00,0.000000e+00,0.000000e+00,0.000000e+00,0.000000e+00,0.000000e+00,0.000000e+00,0.000000e+00,0.000000e+00,0.000000e+00,0.000000e+00,0.000000e+00,0.000000e+00
3.400000e+01,-1,5.000000e-01,5.000000e-01,5.000000e-01,5.000000e-01,5.000000e-01,5.000000e-01,5.000000e-01,5.000000e-01,5.000000e-01,5.000000e-01,5.000000e-01,5.000000e-01,5.000000e-01,5.000000e-01,5.000000e-01,5.000000e-01,5.000000e-01,5.000000e-01,0.000000e+00,0.000000e+00,0.000000e+00,0.000000e+00,0.000000e+00,0.000000e+00,0.000000e+00,0.000000e+00,0.000000e+00,0.000000e+00,0.000000e+00,0.000000e+00,0.000000e+00,0.000000e+00,0.000000e+00,0.000000e+00,0.000000e+00,0.000000e+00
3.410000e+01,-1,5.000000e-01,5.000000e-01,5.000000e-01,5.000000e-01,5.000000e-01,5.000000e-01,5.000000e-01,5.000000e-01,5.000000e-01,5.000000e-01,5.000000e-01,5.000000e-01,5.000000e-01,5.000000e-01,5.000000e-01,5.000000e-01,5.000000e-01,5.000000e-01,0.000000e+00,0.000000e+00,0.000000e+00,0.000000e+00,0.000000e+00,0.000000e+00,0.000000e+00,0.000000e+00,0.000000e+00,0.000000e+00,0.000000e+00,0.000000e+00,0.000000e+00,0.000000e+00,0.000000e+00,0.000000e+00,0.000000e+00,0.000000e+00
3.420000e+01,-1,5.000000e-01,5.000000e-01,5.000000e-01,5.000000e-01,5.000000e-01,5.000000e-01,5.000000e-01,5.000000e-01,5.000000e-01,5.000000e-01,5.000000e-01,5.000000e-01,5.000000e-01,5.000000e-01,5.000000e-01,5.000000e-01,5.000000e-01,5.000000e-01,0.000000e+00,0.000000e+00,0.000000e+00,0.000000e+00,0.000000e+00,0.000000e+00,0.000000e+00,0.000000e+00,0.000000e+00,0.000000e+00,0.000000e+00,0.000000e+00,0.000000e+00,0.000000e+00,0.000000e+00,0.000000e+00,0.000000e+00,0.000000e+00
3.430000e+01,-1,5.000000e-01,5.000000e-01,5.000000e-01,5.000000e-01,5.000000e-01,5.000000e-01,5.000000e-01,5.000000e-01,5.000000e-01,5.000000e-01,5.000000e-01,5.000000e-01,5.000000e-01,5.000000e-01,5.000000e-01,5.000000e-01,5.000000e-01,5.000000e-01,0.000000e+00,0.000000e+00,0.000000e+00,0.000000e+00,0.000000e+00,0.000000e+00,0.000000e+00,0.000000e+00,0.000000e+00,0.000000e+00,0.000000e+00,0.000000e+00,0.000000e+00,0.000000e+00,0.000000e+00,0.000000e+00,0.000000e+00,0.000000e+00
3.440000e+01,-1,5.000000e-01,5.000000e-01,5.000000e-01,5.000000e-01,5.000000e-01,5.000000e-01,5.000000e-01,5.000000e-01,5.000000e-01,5.000000e-01,5.000000e-01,5.000000e-01,5.000000e-01,5.000000e-01,5.000000e-01,5.000000e-01,5.000000e-01,5.000000e-01,0.000000e+00,0.000000e+00,0.000000e+00,0.000000e+00,0.000000e+00,0.000000e+00,0.000000e+00,0.000000e+00,0.000000e+00,0.000000e+00,0.000000e+00,0.000000e+00,0.000000e+00,0.000000e+00,0.000000e+00,0.000000e+00,0.000000e+00,0.000000e+00
3.450000e+01,-1,5.000000e-01,5.000000e-01,5.000000e-01,5.000000e-01,5.000000e-01,5.000000e-01,5.000000e-01,5.000000e-01,5.000000e-01,5.000000e-01,5.000000e-01,5.000000e-01,5.000000e-01,5.000000e-01,5.000000e-01,5.000000e-01,5.000000e-01,5.000000e-01,0.000000e+00,0.000000e+00,0.000000e+00,0.000000e+00,0.000000e+00,0.000000e+00,0.000000e+00,0.000000e+00,0.000000e+00,0.000000e+00,0.000000e+00,0.000000e+00,0.000000e+00,0.000000e+00,0.000000e+00,0.000000e+00,0.000000e+00,0.000000e+00
3.460000e+01,-1,5.000000e-01,5.000000e-01,5.000000e-01,5.000000e-01,5.000000e-01,5.000000e-01,5.000000e-01,5.000000e-01,5.000000e-01,5.000000e-01,5.000000e-01,5.000000e-01,5.000000e-01,5.000000e-01,5.000000e-01,5.000000e-01,5.000000e-01,5.000000e-01,0.000000e+00,0.000000e+00,0.000000e+00,0.000000e+00,0.000000e+00,0.000000e+00,0.000000e+00,0.000000e+00,0.000000e+00,0.000000e+00,0.000000e+00,0.000000e+00,0.000000e+00,0.000000e+00,0.000000e+00,0.000000e+00,0.000000e+00,0.000000e+00
3.470000e+01,-1,5.000000e-01,5.000000e-01,5.000000e-01,5.000000e-01,5.000000e-01,5.000000e-01,5.000000e-01,5.000000e-01,5.000000e-01,5.000000e-01,5.000000e-01,5.000000e-01,5.000000e-01,5.000000e-01,5.000000e-01,5.000000e-01,5.000000e-01,5.000000e-01,0.000000e+00,0.000000e+00,0.000000e+00,0.000000e+00,0.000000e+00,0.000000e+00,0.000000e+00,0.000000e+00,0.000000e+00,0.000000e+00,0.000000e+00,0.000000e+00,0.000000e+00,0.000000e+00,0.000000e+00,0.000000e+00,0.000000e+00,0.000000e+00
3.480000e+01,-1,5.000000e-01,5.000000e-01,5.000000e-01,5.000000e-01,5.000000e-01,5.000000e-01,5.000000e-01,5.000000e-01,5.000000e-01,5.000000e-01,5.000000e-01,5.000000e-01,5.000000e-01,5.000000e-01,5.000000e-01,5.000000e-01,5.000000e-01,5.000000e-01,0.000000e+00,0.000000e+00,0.000000e+00,0.000000e+00,0.000000e+00,0.000000e+00,0.000000e+00,0.000000e+00,0.000000e+00,0.000000e+00,0.000000e+00,0.000000e+00,0.000000e+00,0.000000e+00,0.000000e+00,0.000000e+00,0.000000e+00,0.000000e+00
3.490000e+01,-1,5.000000e-01,5.000000e-01,5.000000e-01,5.000000e-01,5.000000e-01,5.000000e-01,5.000000e-01,5.000000e-01,5.000000e-01,5.000000e-01,5.000000e-01,5.000000e-01,5.000000e-01,5.000000e-01,5.000000e-01,5.000000e-01,5.000000e-01,5.000000e-01,0.000000e+00,0.000000e+00,0.000000e+00,0.000000e+00,0.000000e+00,0.000000e+00,0.000000e+00,0.000000e+00,0.000000e+00,0.000000e+00,0.000000e+00,0.000000e+00,0.000000e+00,0.000000e+00,0.000000e+00,0.000000e+00,0.000000e+00,0.000000e+00
3.500000e+01,-1,5.000000e-01,5.000000e-01,5.000000e-01,5.000000e-01,5.000000e-01,5.000000e-01,5.000000e-01,5.000000e-01,5.000000e-01,5.000000e-01,5.000000e-01,5.000000e-01,5.000000e-01,5.000000e-01,5.000000e-01,5.000000e-01,5.000000e-01,5.000000e-01,0.000000e+00,0.000000e+00,0.000000e+00,0.000000e+00,0.000000e+00,0.000000e+00,0.000000e+00,0.000000e+00,0.000000e+00,0.000000e+00,0.000000e+00,0.000000e+00,0.000000e+00,0.000000e+00,0.000000e+00,0.000000e+00,0.000000e+00,0.000000e+00
3.510000e+01,-1,5.000000e-01,5.000000e-01,5.000000e-01,5.000000e-01,5.000000e-01,5.000000e-01,5.000000e-01,5.000000e-01,5.000000e-01,5.000000e-01,5.000000e-01,5.000000e-01,5.000000e-01,5.000000e-01,5.000000e-01,5.000000e-01,5.000000e-01,5.000000e-01,0.000000e+00,0.000000e+00,0.000000e+00,0.000000e+00,0.000000e+00,0.000000e+00,0.000000e+00,0.000000e+00,0.000000e+00,0.000000e+00,0.000000e+00,0.000000e+00,0.000000e+00,0.000000e+00,0.000000e+00,0.000000e+00,0.000000e+00,0.000000e+00
3.520000e+01,-1,5.000000e-01,5.000000e-01,5.000000e-01,5.000000e-01,5.000000e-01,5.000000e-01,5.000000e-01,5.000000e-01,5.000000e-01,5.000000e-01,5.000000e-01,5.000000e-01,5.000000e-01,5.000000e-01,5.000000e-01,5.000000e-01,5.000000e-01,5.000000e-01,0.000000e+00,0.000000e+00,0.000000e+00,0.000000e+00,0.000000e+00,0.000000e+00,0.000000e+00,0.000000e+00,0.000000e+00,0.000000e+00,0.000000e+00,0.000000e+00,0.000000e+00,0.000000e+00,0.000000e+00,0.000000e+00,0.000000e+00,0.000000e+00
3.530000e+01,-1,5.000000e-01,5.000000e-01,5.000000e-01,5.000000e-01,5.000000e-01,5.000000e-01,5.000000e-01,5.000000e-01,5.000000e-01,5.000000e-01,5.000000e-01,5.000000e-01,5.000000e-01,5.000000e-01,5.000000e-01,5.000000e-01,5.000000e-01,5.000000e-01,0.000000e+00,0.000000e+00,0.000000e+00,0.000000e+00,0.000000e+00,0.000000e+00,0.000000e+00,0.000000e+00,0.000000e+00,0.000000e+00,0.000000e+00,0.000000e+00,0.000000e+00,0.000000e+00,0.000000e+00,0.000000e+00,0.000000e+00,0.000000e+00
3.540000e+01,-1,5.000000e-01,5.000000e-01,5.000000e-01,5.000000e-01,5.000000e-01,5.000000e-01,5.000000e-01,5.000000e-01,5.000000e-01,5.000000e-01,5.000000e-01,5.000000e-01,5.000000e-01,5.000000e-01,5.000000e-01,5.000000e-01,5.000000e-01,5.000000e-01,0.000000e+00,0.000000e+00,0.000000e+00,0.000000e+00,0.000000e+00,0.000000e+00,0.000000e+00,0.000000e+00,0.000000e+00,0.000000e+00,0.000000e+00,0.000000e+00,0.000000e+00,0.000000e+00,0.000000e+00,0.000000e+00,0.000000e+00,0.000000e+00
3.550000e+01,-1,5.000000e-01,5.000000e-01,5.000000e-01,5.000000e-01,5.000000e-01,5.000000e-01,5.000000e-01,5.000000e-01,5.000000e-01,5.000000e-01,5.000000e-01,5.000000e-01,5.000000e-01,5.000000e-01,5.000000e-01,5.000000e-01,5.000000e-01,5.000000e-01,0.000000e+00,0.000000e+00,0.000000e+00,0.000000e+00,0.000000e+00,0.000000e+00,0.000000e+00,0.000000e+00,0.000000e+00,0.000000e+00,0.000000e+00,0.000000e+00,0.000000e+00,0.000000e+00,0.000000e+00,0.000000e+00,0.000000e+00,0.000000e+00
3.560000e+01,-1,5.000000e-01,5.000000e-01,5.000000e-01,5.000000e-01,5.000000e-01,5.000000e-01,5.000000e-01,5.000000e-01,5.000000e-01,5.000000e-01,5.000000e-01,5.000000e-01,5.000000e-01,5.000000e-01,5.000000e-01,5.000000e-01,5.000000e-01,5.000000e-01,0.000000e+00,0.000000e+00,0.000000e+00,0.000000e+00,0.000000e+00,0.000000e+00,0.000000e+00,0.000000e+00,0.000000e+00,0.000000e+00,0.000000e+00,0.000000e+00,0.000000e+00,0.000000e+00,0.000000e+00,0.000000e+00,0.000000e+00,0.000000e+00
3.570000e+01,-1,5.000000e-01,5.000000e-01,5.000000e-01,5.000000e-01,5.000000e-01,5.000000e-01,5.000000e-01,5.000000e-01,5.000000e-01,5.000000e-01,5.000000e-01,5.000000e-01,5.000000e-01,5.000000e-01,5.000000e-01,5.000000e-01,5.000000e-01,5.000000e-01,0.000000e+00,0.000000e+00,0.000000e+00,0.000000e+00,0.000000e+00,0.000000e+00,0.000000e+00,0.000000e+00,0.000000e+00,0.000000e+00,0.000000e+00,0.000000e+00,0.000000e+00,0.000000e+00,0.000000e+00,0.000000e+00,0.000000e+00,0.000000e+00
3.580000e+01,-1,5.000000e-01,5.000000e-01,5.000000e-01,5.000000e-01,5.000000e-01,5.000000e-01,5.000000e-01,5.000000e-01,5.000000e-01,5.000000e-01,5.000000e-01,5.000000e-01,5.000000e-01,5.000000e-01,5.000000e-01,5.000000e-01,5.000000e-01,5.000000e-01,0.000000e+00,0.000000e+00,0.000000e+00,0.000000e+00,0.000000e+00,0.000000e+00,0.000000e+00,0.000000e+00,0.000000e+00,0.000000e+00,0.000000e+00,0.000000e+00,0.000000e+00,0.000000e+00,0.000000e+00,0.000000e+00,0.000000e+00,0.000000e+00
3.590000e+01,-1,5.000000e-01,5.000000e-01,5.000000e-01,5.000000e-01,5.000000e-01,5.000000e-01,5.000000e-01,5.000000e-01,5.000000e-01,5.000000e-01,5.000000e-01,5.000000e-01,5.000000e-01,5.000000e-01,5.000000e-01,5.000000e-01,5.000000e-01,5.000000e-01,0.000000e+00,0.000000e+00,0.000000e+00,0.000000e+00,0.000000e+00,0.000000e+00,0.000000e+00,0.000000e+00,0.000000e+00,0.000000e+00,0.000000e+00,0.000000e+00,0.000000e+00,0.000000e+00,0.000000e+00,0.000000e+00,0.000000e+00,0.000000e+00
3.600000e+01,-1,5.000000e-01,5.000000e-01,5.000000e-01,5.000000e-01,5.000000e-01,5.000000e-01,5.000000e-01,5.000000e-01,5.000000e-01,5.000000e-01,5.000000e-01,5.000000e-01,5.000000e-01,5.000000e-01,5.000000e-01,5.000000e-01,5.000000e-01,5.000000e-01,0.000000e+00,0.000000e+00,0.000000e+00,0.000000e+00,0.000000e+00,0.000000e+00,0.000000e+00,0.000000e+00,0.000000e+00,0.000000e+00,0.000000e+00,0.000000e+00,0.000000e+00,0.000000e+00,0.000000e+00,0.000000e+00,0.000000e+00,0.000000e+00
3.610000e+01,-1,5.000000e-01,5.000000e-01,5.000000e-01,5.000000e-01,5.000000e-01,5.000000e-01,5.000000e-01,5.000000e-01,5.000000e-01,5.000000e-01,5.000000e-01,5.000000e-01,5.000000e-01,5.000000e-01,5.000000e-01,5.000000e-01,5.000000e-01,5.000000e-01,0.000000e+00,0.000000e+00,0.000000e+00,0.000000e+00,0.000000e+00,0.000000e+00,0.000000e+00,0.000000e+00,0.000000e+00,0.000000e+00,0.000000e+00,0.000000e+00,0.000000e+00,0.000000e+00,0.000000e+00,0.000000e+00,0.000000e+00,0.000000e+00
3.620000e+01,-1,5.000000e-01,5.000000e-01,5.000000e-01,5.000000e-01,5.000000e-01,5.000000e-01,5.000000e-01,5.000000e-01,5.000000e-01,5.000000e-01,5.000000e-01,5.000000e-01,5.000000e-01,5.000000e-01,5.000000e-01,5.000000e-01,5.000000e-01,5.000000e-01,0.000000e+00,0.000000e+00,0.000000e+00,0.000000e+00,0.000000e+00,0.000000e+00,0.000000e+00,0.000000e+00,0.000000e+00,0.000000e+00,0.000000e+00,0.000000e+00,0.000000e+00,0.000000e+00,0.000000e+00,0.000000e+00,0.000000e+00,0.000000e+00
3.630000e+01,-1,5.000000e-01,5.000000e-01,5.000000e-01,5.000000e-01,5.000000e-01,5.000000e-01,5.000000e-01,5.000000e-01,5.000000e-01,5.000000e-01,5.000000e-01,5.000000e-01,5.000000e-01,5.000000e-01,5.000000e-01,5.000000e-01,5.000000e-01,5.000000e-01,0.000000e+00,0.000000e+00,0.000000e+00,0.000000e+00,0.000000e+00,0.000000e+00,0.000000e+00,0.000000e+00,0.000000e+00,0.000000e+00,0.000000e+00,0.000000e+00,0.000000e+00,0.000000e+00,0.000000e+00,0.000000e+00,0.000000e+00,0.000000e+00
3.640000e+01,-1,5.000000e-01,5.000000e-01,5.000000e-01,5.000000e-01,5.000000e-01,5.000000e-01,5.000000e-01,5.000000e-01,5.000000e-01,5.000000e-01,5.000000e-01,5.000000e-01,5.000000e-01,5.000000e-01,5.000000e-01,5.000000e-01,5.000000e-01,5.000000e-01,0.000000e+00,0.000000e+00,0.000000e+00,0.000000e+00,0.000000e+00,0.000000e+00,0.000000e+00,0.000000e+00,0.000000e+00,0.000000e+00,0.000000e+00,0.000000e+00,0.000000e+00,0.000000e+00,0.000000e+00,0.000000e+00,0.000000e+00,0.000000e+00
3.650000e+01,-1,5.000000e-01,5.000000e-01,5.000000e-01,5.000000e-01,5.000000e-01,5.000000e-01,5.000000e-01,5.000000e-01,5.000000e-01,5.000000e-01,5.000000e-01,5.000000e-01,5.000000e-01,5.000000e-01,5.000000e-01,5.000000e-01,5.000000e-01,5.000000e-01,0.000000e+00,0.000000e+00,0.000000e+00,0.000000e+00,0.000000e+00,0.000000e+00,0.000000e+00,0.000000e+00,0.000000e+00,0.000000e+00,0.000000e+00,0.000000e+00,0.000000e+00,0.000000e+00,0.000000e+00,0.000000e+00,0.000000e+00,0.000000e+00
3.660000e+01,-1,5.000000e-01,5.000000e-01,5.000000e-01,5.000000e-01,5.000000e-01,5.000000e-01,5.000000e-01,5.000000e-01,5.000000e-01,5.000000e-01,5.000000e-01,5.000000e-01,5.000000e-01,5.000000e-01,5.000000e-01,5.000000e-01,5.000000e-01,5.000000e-01,0.000000e+00,0.000000e+00,0.000000e+00,0.000000e+00,0.000000e+00,0.000000e+00,0.000000e+00,0.000000e+00,0.000000e+00,0.000000e+00,0.000000e+00,0.000000e+00,0.000000e+00,0.000000e+00,0.000000e+00,0.000000e+00,0.000000e+00,0.000000e+00
3.670000e+01,-1,5.000000e-01,5.000000e-01,5.000000e-01,5.000000e-01,5.000000e-01,5.000000e-01,5.000000e-01,5.000000e-01,5.000000e-01,5.000000e-01,5.000000e-01,5.000000e-01,5.000000e-01,5.000000e-01,5.000000e-01,5.000000e-01,5.000000e-01,5.000000e-01,0.000000e+00,0.000000e+00,0.000000e+00,0.000000e+00,0.000000e+00,0.000000e+00,0.000000e+00,0.000000e+00,0.000000e+00,0.000000e+00,0.000000e+00,0.000000e+00,0.000000e+00,0.000000e+00,0.000000e+00,0.000000e+00,0.000000e+00,0.000000e+00
3.680000e+01,-1,5.000000e-01,5.000000e-01,5.000000e-01,5.000000e-01,5.000000e-01,5.000000e-01,5.000000e-01,5.000000e-01,5.000000e-01,5.000000e-01,5.000000e-01,5.000000e-01,5.000000e-01,5.000000e-01,5.000000e-01,5.000000e-01,5.000000e-01,5.000000e-01,0.000000e+00,0.000000e+00,0.000000e+00,0.000000e+00,0.000000e+00,0.000000e+00,0.000000e+00,0.000000e+00,0.000000e+00,0.000000e+00,0.000000e+00,0.000000e+00,0.000000e+00,0.000000e+00,0.000000e+00,0.000000e+00,0.000000e+00,0.000000e+00
3.690000e+01,-1,5.000000e-01,5.000000e-01,5.000000e-01,5.000000e-01,5.000000e-01,5.000000e-01,5.000000e-01,5.000000e-01,5.000000e-01,5.000000e-01,5.000000e-01,5.000000e-01,5.000000e-01,5.000000e-01,5.000000e-01,5.000000e-01,5.000000e-01,5.000000e-01,0.000000e+00,0.000000e+00,0.000000e+00,0.000000e+00,0.000000e+00,0.000000e+00,0.000000e+00,0.000000e+00,0.000000e+00,0.000000e+00,0.000000e+00,0.000000e+00,0.000000e+00,0.000000e+00,0.000000e+00,0.000000e+00,0.000000e+00,0.000000e+00
3.700000e+01,-1,5.000000e-01,5.000000e-01,5.000000e-01,5.000000e-01,5.000000e-01,5.000000e-01,5.000000e-01,5.000000e-01,5.000000e-01,5.000000e-01,5.000000e-01,5.000000e-01,5.000000e-01,5.000000e-01,5.000000e-01,5.000000e-01,5.000000e-01,5.000000e-01,0.000000e+00,0.000000e+00,0.000000e+00,0.000000e+00,0.000000e+00,0.000000e+00,0.000000e+00,0.000000e+00,0.000000e+00,0.000000e+00,0.000000e+00,0.000000e+00,0.000000e+00,0.000000e+00,0.000000e+00,0.000000e+00,0.000000e+00,0.000000e+00
3.710000e+01,-1,5.000000e-01,5.000000e-01,5.000000e-01,5.000000e-01,5.000000e-01,5.000000e-01,5.000000e-01,5.000000e-01,5.000000e-01,5.000000e-01,5.000000e-01,5.000000e-01,5.000000e-01,5.000000e-01,5.000000e-01,5.000000e-01,5.000000e-01,5.000000e-01,0.000000e+00,0.000000e+00,0.000000e+00,0.000000e+00,0.000000e+00,0.000000e+00,0.000000e+00,0.000000e+00,0.000000e+00,0.000000e+00,0.000000e+00,0.000000e+00,0.000000e+00,0.000000e+00,0.000000e+00,0.000000e+00,0.000000e+00,0.000000e+00
3.720000e+01,-1,5.000000e-01,5.000000e-01,5.000000e-01,5.000000e-01,5.000000e-01,5.000000e-01,5.000000e-01,5.000000e-01,5.000000e-01,5.000000e-01,5.000000e-01,5.000000e-01,5.000000e-01,5.000000e-01,5.000000e-01,5.000000e-01,5.000000e-01,5.000000e-01,0.000000e+00,0.000000e+00,0.000000e+00,0.000000e+00,0.000000e+00,0.000000e+00,0.000000e+00,0.000000e+00,0.000000e+00,0.000000e+00,0.000000e+00,0.000000e+00,0.000000e+00,0.000000e+00,0.000000e+00,0.000000e+00,0.000000e+00,0.000000e+00
3.730000e+01,9,5.000000e-01,5.000000e-01,5.000000e-01,5.000000e-01,5.000000e-01,5.000000e-01,5.000000e-01,5.000000e-01,5.000000e-01,4.215715e-02,5.000000e-01,5.000000e-01,5.000000e-01,5.000000e-01,5.000000e-01,5.000000e-01,5.000000e-01,5.000000e-01,0.000000e+00,0.000000e+00,0.000000e+00,0.000000e+00,0.000000e+00,0.000000e+00,0.000000e+00,0.000000e+00,0.000000e+00,3.330669e-16,0.000000e+00,0.000000e+00,0.000000e+00,0.000000e+00,0.000000e+00,0.000000e+00,0.000000e+00,0.000000e+00
3.740000e+01,9,5.000000e-01,5.000000e-01,5.000000e-01,5.000000e-01,5.000000e-01,5.000000e-01,5.000000e-01,5.000000e-01,5.000000e-01,3.068290e-02,5.000000e-01,5.000000e-01,5.000000e-01,5.000000e-01,5.000000e-01,5.000000e-01,5.000000e-01,5.000000e-01,0.000000e+00,0.000000e+00,0.000000e+00,0.000000e+00,0.000000e+00,0.000000e+00,0.000000e+00,0.000000e+00,0.000000e+00,4.464995e-12,0.000000e+00,0.000000e+00,0.000000e+00,0.000000e+00,0.000000e+00,0.000000e+00,0.000000e+00,0.000000e+00
3.750000e+01,9,5.000000e-01,5.000000e-01,5.000000e-01,5.000000e-01,5.000000e-01,5.000000e-01,5.000000e-01,5.000000e-01,5.000000e-01,2.219823e-02,5.000000e-01,5.000000e-01,5.000000e-01,5.000000e-01,5.000000e-01,5.000000e-01,5.000000e-01,5.000000e-01,0.000000e+00,0.000000e+00,0.000000e+00,0.000000e+00,0.000000e+00,0.000000e+00,0.000000e+00,0.000000e+00,0.000000e+00,4.761849e-09,0.000000e+00,0.000000e+00,0.000000e+00,0.000000e+00,0.000000e+00,0.000000e+00,0.000000e+00,0.000000e+00
3.760000e+01,9,5.000000e-01,5.000000e-01,5.000000e-01,5.000000e-01,5.000000e-01,5.000000e-01,5.000000e-01,5.000000e-01,5.000000e-01,1.187813e-02,5.000000e-01,5.000000e-01,5.000000e-01,5.000000e-01,5.000000e-01,5.000000e-01,5.000000e-01,5.000000e-01,0.000000e+00,0.000000e+00,0.000000e+00,0.000000e+00,0.000000e+00,0.000000e+00,0.000000e+00,0.000000e+00,0.000000e+00,2.116070e-05,0.000000e+00,0.000000e+00,0.000000e+00,0.000000e+00,0.000000e+00,0.000000e+00,0.000000e+00,0.000000e+00
3.770000e+01,9,5.000000e-01,5.000000e-01,5.000000e-01,5.000000e-01,5.000000e-01,5.000000e-01,5.000000e-01,5.000000e-01,5.000000e-01,5.779002e-03,5.000000e-01,5.000000e-01,5.000000e-01,5.000000e-01,5.000000e-01,5.000000e-01,5.000000e-01,5.000000e-01,0.000000e+00,0.000000e+00,0.000000e+00,0.000000e+00,0.000000e+00,0.000000e+00,0.000000e+00,0.000000e+00,0.000000e+00,2.907141e-03,0.000000e+00,0.000000e+00,0.000000e+00,0.000000e+00,0.000000e+00,0.000000e+00,0.000000e+00,0.000000e+00
3.780000e+01,9,5.000000e-01,5.000000e-01,5.000000e-01,5.000000e-01,5.000000e-01,5.000000e-01,5.000000e-01,5.000000e-01,5.000000e-01,2.567213e-03,5.000000e-01,5.000000e-01,5.000000e-01,5.000000e-01,5.000000e-01,5.000000e-01,5.000000e-01,5.000000e-01,0.000000e+00,0.000000e+00,0.000000e+00,0.000000e+00,0.000000e+00,0.000000e+00,0.000000e+00,0.000000e+00,0.000000e+00,3.837366e-02,0.000000e+00,0.000000e+00,0.000000e+00,0.000000e+00,0.000000e+00,0.000000e+00,0.000000e+00,0.000000e+00
3.790000e+01,9,5.000000e-01,5.000000e-01,5.000000e-01,5.000000e-01,5.000000e-01,5.000000e-01,5.000000e-01,5.000000e-01,5.000000e-01,1.055692e-03,5.000000e-01,5.000000e-01,5.000000e-01,5.000000e-01,5.000000e-01,5.000000e-01,5.000000e-01,5.000000e-01,0.000000e+00,0.000000e+00,0.000000e+00,0.000000e+00,0.000000e+00,0.000000e+00,0.000000e+00,0.000000e+00,0.000000e+00,1.288672e-01,0.000000e+00,0.000000e+00,0.000000e+00,0.000000e+00,0.000000e+00,0.000000e+00,0.000000e+00,0.000000e+00
3.800000e+01,9,5.000000e-01,5.000000e-01,5.000000e-01,5.000000e-01,5.000000e-01,5.000000e-01,5.000000e-01,5.000000e-01,5.000000e-01,4.121568e-04,5.000000e-01,5.000000e-01,5.000000e-01,5.000000e-01,5.000000e-01,5.000000e-01,5.000000e-01,5.000000e-01,0.000000e+00,0.000000e+00,0.000000e+00,0.000000e+00,0.000000e+00,0.000000e+00,0.000000e+00,0.000000e+00,0.000000e+00,2.157217e-01,0.000000e+00,0.000000e+00,0.000000e+00,0.000000e+00,0.000000e+00,0.000000e+00,0.000000e+00,0.000000e+00
3.810000e+01,9,5.000000e-01,5.000000e-01,5.000000e-01,5.000000e-01,5.000000e-01,5.000000e-01,5.000000e-01,5.000000e-01,5.000000e-01,1.586365e-04,5.000000e-01,5.000000e-01,5.000000e-01,5.000000e-01,5.000000e-01,5.000000e-01,5.000000e-01,5.000000e-01,0.000000e+00,0.000000e+00,0.000000e+00,0.000000e+00,0.000000e+00,0.000000e+00,0.000000e+00,0.000000e+00,0.000000e+00,2.642414e-01,0.000000e+00,0.000000e+00,0.000000e+00,0.000000e+00,0.000000e+00,0.000000e+00,0.000000e+00,0.000000e+00
3.820000e+01,9,5.000000e-01,5.000000e-01,5.000000e-01,5.000000e-01,5.000000e-01,5.000000e-01,5.000000e-01,5.000000e-01,5.000000e-01,6.321684e-05,5.000000e-01,5.000000e-01,5.000000e-01,5.000000e-01,5.000000e-01,5.000000e-01,5.000000e-01,5.000000e-01,0.000000e+00,0.000000e+00,0.000000e+00,0.000000e+00,0.000000e+00,0.000000e+00,0.000000e+00,0.000000e+00,0.000000e+00,2.852048e-01,0.000000e+00,0.000000e+00,0.000000e+00,0.000000e+00,0.000000e+00,0.000000e+00,0.000000e+00,0.000000e+00
3.830000e+01,9,5.000000e-01,5.000000e-01,5.000000e-01,5.000000e-01,5.000000e-01,5.000000e-01,5.000000e-01,5.000000e-01,5.000000e-01,2.760681e-05,5.000000e-01,5.000000e-01,5.000000e-01,5.000000e-01,5.000000e-01,5.000000e-01,5.000000e-01,5.000000e-01,0.000000e+00,0.000000e+00,0.000000e+00,0.000000e+00,0.000000e+00,0.000000e+00,0.000000e+00,0.000000e+00,0.000000e+00,2.934469e-01,0.000000e+00,0.000000e+00,0.000000e+00,0.000000e+00,0.000000e+00,0.000000e+00,0.000000e+00,0.000000e+00
3.840000e+01,9,5.000000e-01,5.000000e-01,5.000000e-01,5.000000e-01,5.000000e-01,5.000000e-01,5.000000e-01,5.000000e-01,5.000000e-01,1.401088e-05,5.000000e-01,5.000000e-01,5.000000e-01,5.000000e-01,5.000000e-01,5.000000e-01,5.000000e-01,5.000000e-01,0.000000e+00,0.000000e+00,0.000000e+00,0.000000e+00,0.000000e+00,0.000000e+00,0.000000e+00,0.000000e+00,0.000000e+00,2.966561e-01,0.000000e+00,0.000000e+00,0.000000e+00,0.000000e+00,0.000000e+00,0.000000e+00,0.000000e+00,0.000000e+00
3.850000e+01,9,5.000000e-01,5.000000e-01,5.000000e-01,5.000000e-01,5.000000e-01,5.000000e-01,5.000000e-01,5.000000e-01,5.000000e-01,8.715299e-06,5.000000e-01,5.000000e-01,5.000000e-01,5.000000e-01,5.000000e-01,5.000000e-01,5.000000e-01,5.000000e-01,0.000000e+00,0.000000e+00,0.000000e+00,0.000000e+00,0.000000e+00,0.000000e+00,0.000000e+00,0.000000e+00,0.000000e+00,2.979156e-01,0.000000e+00,0.000000e+00,0.000000e+00,0.000000e+00,0.000000e+00,0.000000e+00,0.000000e+00,0.000000e+00
3.860000e+01,9,5.000000e-01,5.000000e-01,5.000000e-01,5.000000e-01,5.000000e-01,5.000000e-01,5.000000e-01,5.000000e-01,5.000000e-01,6.914848e-06,5.000000e-01,5.000000e-01,5.000000e-01,5.000000e-01,5.000000e-01,5.000000e-01,5.000000e-01,5.000000e-01,0.000000e+00,0.000000e+00,0.000000e+00,0.000000e+00,0.000000e+00,0.000000e+00,0.000000e+00,0.000000e+00,0.000000e+00,2.983450e-01,0.000000e+00,0.000000e+00,0.000000e+00,0.000000e+00,0.000000e+00,0.000000e+00,0.000000e+00,0.000000e+00
3.870000e+01,9,5.000000e-01,5.000000e-01,5.000000e-01,5.000000e-01,5.000000e-01,5.000000e-01,5.000000e-01,5.000000e-01,5.000000e-01,7.140674e-06,5.000000e-01,5.000000e-01,5.000000e-01,5.000000e-01,5.000000e-01,5.000000e-01,5.000000e-01,5.000000e-01,0.000000e+00,0.000000e+00,0.000000e+00,0.000000e+00,0.000000e+00,0.000000e+00,0.000000e+00,0.000000e+00,0.000000e+00,2.982911e-01,0.000000e+00,0.000000e+00,0.000000e+00,0.000000e+00,0.000000e+00,0.000000e+00,0.000000e+00,0.000000e+00
3.880000e+01,9,5.000000e-01,5.000000e-01,5.000000e-01,5.000000e-01,5.000000e-01,5.000000e-01,5.000000e-01,5.000000e-01,5.000000e-01,9.570196e-06,5.000000e-01,5.000000e-01,5.000000e-01,5.000000e-01,5.000000e-01,5.000000e-01,5.000000e-01,5.000000e-01,0.000000e+00,0.000000e+00,0.000000e+00,0.000000e+00,0.000000e+00,0.000000e+00,0.000000e+00,0.000000e+00,0.000000e+00,2.977119e-01,0.000000e+00,0.000000e+00,0.000000e+00,0.000000e+00,0.000000e+00,0.000000e+00,0.000000e+00,0.000000e+00
3.890000e+01,9,5.000000e-01,5.000000e-01,5.000000e-01,5.000000e-01,5.000000e-01,5.000000e-01,5.000000e-01,5.000000e-01,5.000000e-01,1.622930e-05,5.000000e-01,5.000000e-01,5.000000e-01,5.000000e-01,5.000000e-01,5.000000e-01,5.000000e-01,5.000000e-01,0.000000e+00,0.000000e+00,0.000000e+00,0.000000e+00,0.000000e+00,0.000000e+00,0.000000e+00,0.000000e+00,0.000000e+00,2.961301e-01,0.000000e+00,0.000000e+00,0.000000e+00,0.000000e+00,0.000000e+00,0.000000e+00,0.000000e+00,0.000000e+00
3.900000e+01,9,5.000000e-01,5.000000e-01,5.000000e-01,5.000000e-01,5.000000e-01,5.000000e-01,5.000000e-01,5.000000e-01,5.000000e-01,3.333305e-05,5.000000e-01,5.000000e-01,5.000000e-01,5.000000e-01,5.000000e-01,5.000000e-01,5.000000e-01,5.000000e-01,0.000000e+00,0.000000e+00,0.000000e+00,0.000000e+00,0.000000e+00,0.000000e+00,0.000000e+00,0.000000e+00,0.000000e+00,2.921057e-01,0.000000e+00,0.000000e+00,0.000000e+00,0.000000e+00,0.000000e+00,0.000000e+00,0.000000e+00,0.000000e+00
3.910000e+01,9,5.000000e-01,5.000000e-01,5.000000e-01,5.000000e-01,5.000000e-01,5.000000e-01,5.000000e-01,5.000000e-01,5.000000e-01,3.285347e-05,5.000000e-01,5.000000e-01,5.000000e-01,5.000000e-01,5.000000e-01,5.000000e-01,5.000000e-01,5.000000e-01,0.000000e+00,0.000000e+00,0.000000e+00,0.000000e+00,0.000000e+00,0.000000e+00,0.000000e+00,0.000000e+00,0.000000e+00,2.922178e-01,0.000000e+00,0.000000e+00,0.000000e+00,0.000000e+00,0.000000e+00,0.000000e+00,0.000000e+00,0.000000e+00
3.920000e+01,9,5.000000e-01,5.000000e-01,5.000000e-01,5.000000e-01,5.000000e-01,5.000000e-01,5.000000e-01,5.000000e-01,5.000000e-01,4.026616e-05,5.000000e-01,5.000000e-01,5.000000e-01,5.000000e-01,5.000000e-01,5.000000e-01,5.000000e-01,5.000000e-01,0.000000e+00,0.000000e+00,0.000000e+00,0.000000e+00,0.000000e+00,0.000000e+00,0.000000e+00,0.000000e+00,0.000000e+00,2.904899e-01,0.000000e+00,0.000000e+00,0.000000e+00,0.000000e+00,0.000000e+00,0.000000e+00,0.000000e+00,0.000000e+00
3.930000e+01,9,5.000000e-01,5.000000e-01,5.000000e-01,5.000000e-01,5.000000e-01,5.000000e-01,5.000000e-01,5.000000e-01,5.000000e-01,6.032338e-05,5.000000e-01,5.000000e-01,5.000000e-01,5.000000e-01,5.000000e-01,5.000000e-01,5.000000e-01,5.000000e-01,0.000000e+00,0.000000e+00,0.000000e+00,0.000000e+00,0.000000e+00,0.000000e+00,0.000000e+00,0.000000e+00,0.000000e+00,2.858658e-01,0.000000e+00,0.000000e+00,0.000000e+00,0.000000e+00,0.000000e+00,0.000000e+00,0.000000e+00,0.000000e+00
3.940000e+01,9,5.000000e-01,5.000000e-01,5.000000e-01,5.000000e-01,5.000000e-01,5.000000e-01,5.000000e-01,5.000000e-01,5.000000e-01,1.068947e-04,5.000000e-01,5.000000e-01,5.000000e-01,5.000000e-01,5.000000e-01,5.000000e-01,5.000000e-01,5.000000e-01,0.000000e+00,0.000000e+00,0.000000e+00,0.000000e+00,0.000000e+00,0.000000e+00,0.000000e+00,0.000000e+00,0.000000e+00,2.754104e-01,0.000000e+00,0.000000e+00,0.000000e+00,0.000000e+00,0.000000e+00,0.000000e+00,0.000000e+00,0.000000e+00
3.950000e+01,9,5.000000e-01,5.000000e-01,5.000000e-01,5.000000e-01,5.000000e-01,5.000000e-01,5.000000e-01,5.000000e-01,5.000000e-01,2.145349e-04,5.000000e-01,5.000000e-01,5.000000e-01,5.000000e-01,5.000000e-01,5.000000e-01,5.000000e-01,5.000000e-01,0.000000e+00,0.000000e+00,0.000000e+00,0.000000e+00,0.000000e+00,0.000000e+00,0.000000e+00,0.000000e+00,0.000000e+00,2.526831e-01,0.000000e+00,0.000000e+00,0.000000e+00,0.000000e+00,0.000000e+00,0.000000e+00,0.000000e+00,0.000000e+00
3.960000e+01,9,5.000000e-01,5.000000e-01,5.000000e-01,5.000000e-01,5.000000e-01,5.000000e-01,5.000000e-01,5.000000e-01,5.000000e-01,4.648817e-04,5.000000e-01,5.000000e-01,5.000000e-01,5.000000e-01,5.000000e-01,5.000000e-01,5.000000e-01,5.000000e-01,0.000000e+00,0.000000e+00,0.000000e+00,0.000000e+00,0.000000e+00,0.000000e+00,0.000000e+00,0.000000e+00,0.000000e+00,2.068080e-01,0.000000e+00,0.000000e+00,0.000000e+00,0.000000e+00,0.000000e+00,0.000000e+00,0.000000e+00,0.000000e+00
3.970000e+01,9,5.000000e-01,5.000000e-01,5.000000e-01,5.000000e-01,5.000000e-01,5.000000e-01,5.000000e-01,5.000000e-01,5.000000e-01,1.038438e-03,5.000000e-01,5.000000e-01,5.000000e-01,5.000000e-01,5.000000e-01,5.000000e-01,5.000000e-01,5.000000e-01,0.000000e+00,0.000000e+00,0.000000e+00,0.000000e+00,0.000000e+00,0.000000e+00,0.000000e+00,0.000000e+00,0.000000e+00,1.306602e-01,0.000000e+00,0.000000e+00,0.000000e+00,0.000000e+00,0.000000e+00,0.000000e+00,0.000000e+00,0.000000e+00
3.980000e+01,9,5.000000e-01,5.000000e-01,5.000000e-01,5.000000e-01,5.000000e-01,5.000000e-01,5.000000e-01,5.000000e-01,5.000000e-01,2.297122e-03,5.000000e-01,5.000000e-01,5.000000e-01,5.000000e-01,5.000000e-01,5.000000e-01,5.000000e-01,5.000000e-01,0.000000e+00,0.000000e+00,0.000000e+00,0.000000e+00,0.000000e+00,0.000000e+00,0.000000e+00,0.000000e+00,0.000000e+00,4.765421e-02,0.000000e+00,0.000000e+00,0.000000e+00,0.000000e+00,0.000000e+00,0.000000e+00,0.000000e+00,0.000000e+00
3.990000e+01,9,5.000000e-01,5.000000e-01,5.000000e-01,5.000000e-01,5.000000e-01,5.000000e-01,5.000000e-01,5.000000e-01,5.000000e-01,4.877805e-03,5.000000e-01,5.000000e-01,5.000000e-01,5.000000e-01,5.000000e-01,5.000000e-01,5.000000e-01,5.000000e-01,0.000000e+00,0.000000e+00,0.000000e+00,0.000000e+00,0.000000e+00,0.000000e+00,0.000000e+00,0.000000e+00,0.000000e+00,6.001384e-03,0.000000e+00,0.000000e+00,0.000000e+00,0.000000e+00,0.000000e+00,0.000000e+00,0.000000e+00,0.000000e+00
4.000000e+01,9,5.000000e-01,5.000000e-01,5.000000e-01,5.000000e-01,5.000000e-01,5.000000e-01,5.000000e-01,5.000000e-01,5.000000e-01,9.733733e-03,5.000000e-01,5.000000e-01,5.000000e-01,5.000000e-01,5.000000e-01,5.000000e-01,5.000000e-01,5.000000e-01,0.000000e+00,0.000000e+00,0.000000e+00,0.000000e+00,0.000000e+00,0.000000e+00,0.000000e+00,0.000000e+00,0.000000e+00,1.198697e-04,0.000000e+00,0.000000e+00,0.000000e+00,0.000000e+00,0.000000e+00,0.000000e+00,0.000000e+00,0.000000e+00
4.010000e+01,9,5.000000e-01,5.000000e-01,5.000000e-01,5.000000e-01,5.000000e-01,5.000000e-01,5.000000e-01,5.000000e-01,5.000000e-01,1.803749e-02,5.000000e-01,5.000000e-01,5.000000e-01,5.000000e-01,5.000000e-01,5.000000e-01,5.000000e-01,5.000000e-01,0.000000e+00,0.000000e+00,0.000000e+00,0.000000e+00,0.000000e+00,0.000000e+00,0.000000e+00,0.000000e+00,0.000000e+00,1.422478e-07,0.000000e+00,0.000000e+00,0.000000e+00,0.000000e+00,0.000000e+00,0.000000e+00,0.000000e+00,0.000000e+00
4.020000e+01,9,5.000000e-01,5.000000e-01,5.000000e-01,5.000000e-01,5.000000e-01,5.000000e-01,5.000000e-01,5.000000e-01,5.000000e-01,3.091089e-02,5.000000e-01,5.000000e-01,5.000000e-01,5.000000e-01,5.000000e-01,5.000000e-01,5.000000e-01,5.000000e-01,0.000000e+00,0.000000e+00,0.000000e+00,0.000000e+00,0.000000e+00,0.000000e+00,0.000000e+00,0.000000e+00,0.000000e+00,3.699074e-12,0.000000e+00,0.000000e+00,0.000000e+00,0.000000e+00,0.000000e+00,0.000000e+00,0.000000e+00,0.000000e+00
4.030000e+01,-1,5.000000e-01,5.000000e-01,5.000000e-01,5.000000e-01,5.000000e-01,5.000000e-01,5.000000e-01,5.000000e-01,5.000000e-01,5.000000e-01,5.000000e-01,5.000000e-01,5.000000e-01,5.000000e-01,5.000000e-01,5.000000e-01,5.000000e-01,5.000000e-01,0.000000e+00,0.000000e+00,0.000000e+00,0.000000e+00,0.000000e+00,0.000000e+00,0.000000e+00,0.000000e+00,0.000000e+00,0.000000e+00,0.000000e+00,0.000000e+00,0.000000e+00,0.000000e+00,0.000000e+00,0.000000e+00,0.000000e+00,0.000000e+00
4.040000e+01,-1,5.000000e-01,5.000000e-01,5.000000e-01,5.000000e-01,5.000000e-01,5.000000e-01,5.000000e-01,5.000000e-01,5.000000e-01,5.000000e-01,5.000000e-01,5.000000e-01,5.000000e-01,5.000000e-01,5.000000e-01,5.000000e-01,5.000000e-01,5.000000e-01,0.000000e+00,0.000000e+00,0.000000e+00,0.000000e+00,0.000000e+00,0.000000e+00,0.000000e+00,0.000000e+00,0.000000e+00,0.000000e+00,0.000000e+00,0.000000e+00,0.000000e+00,0.000000e+00,0.000000e+00,0.000000e+00,0.000000e+00,0.000000e+00
4.050000e+01,-1,5.000000e-01,5.000000e-01,5.000000e-01,5.000000e-01,5.000000e-01,5.000000e-01,5.000000e-01,5.000000e-01,5.000000e-01,5.000000e-01,5.000000e-01,5.000000e-01,5.000000e-01,5.000000e-01,5.000000e-01,5.000000e-01,5.000000e-01,5.000000e-01,0.000000e+00,0.000000e+00,0.000000e+00,0.000000e+00,0.000000e+00,0.000000e+00,0.000000e+00,0.000000e+00,0.000000e+00,0.000000e+00,0.000000e+00,0.000000e+00,0.000000e+00,0.000000e+00,0.000000e+00,0.000000e+00,0.000000e+00,0.000000e+00
4.060000e+01,-1,5.000000e-01,5.000000e-01,5.000000e-01,5.000000e-01,5.000000e-01,5.000000e-01,5.000000e-01,5.000000e-01,5.000000e-01,5.000000e-01,5.000000e-01,5.000000e-01,5.000000e-01,5.000000e-01,5.000000e-01,5.000000e-01,5.000000e-01,5.000000e-01,0.000000e+00,0.000000e+00,0.000000e+00,0.000000e+00,0.000000e+00,0.000000e+00,0.000000e+00,0.000000e+00,0.000000e+00,0.000000e+00,0.000000e+00,0.000000e+00,0.000000e+00,0.000000e+00,0.000000e+00,0.000000e+00,0.000000e+00,0.000000e+00
4.070000e+01,-1,5.000000e-01,5.000000e-01,5.000000e-01,5.000000e-01,5.000000e-01,5.000000e-01,5.000000e-01,5.000000e-01,5.000000e-01,5.000000e-01,5.000000e-01,5.000000e-01,5.000000e-01,5.000000e-01,5.000000e-01,5.000000e-01,5.000000e-01,5.000000e-01,0.000000e+00,0.000000e+00,0.000000e+00,0.000000e+00,0.000000e+00,0.000000e+00,0.000000e+00,0.000000e+00,0.000000e+00,0.000000e+00,0.000000e+00,0.000000e+00,0.000000e+00,0.000000e+00,0.000000e+00,0.000000e+00,0.000000e+00,0.000000e+00
4.080000e+01,9,5.000000e-01,5.000000e-01,5.000000e-01,5.000000e-01,5.000000e-01,5.000000e-01,5.000000e-01,5.000000e-01,5.000000e-01,4.807194e-02,5.000000e-01,5.000000e-01,5.000000e-01,5.000000e-01,5.000000e-01,5.000000e-01,5.000000e-01,5.000000e-01,0.000000e+00,0.000000e+00,0.000000e+00,0.000000e+00,0.000000e+00,0.000000e+00,0.000000e+00,0.000000e+00,0.000000e+00,0.000000e+00,0.000000e+00,0.000000e+00,0.000000e+00,0.000000e+00,0.000000e+00,0.000000e+00,0.000000e+00,0.000000e+00
4.090000e+01,9,5.000000e-01,5.000000e-01,5.000000e-01,5.000000e-01,5.000000e-01,5.000000e-01,5.000000e-01,5.000000e-01,5.000000e-01,3.682551e-02,5.000000e-01,5.000000e-01,5.000000e-01,5.000000e-01,5.000000e-01,5.000000e-01,5.000000e-01,5.000000e-01,0.000000e+00,0.000000e+00,0.000000e+00,0.000000e+00,0.000000e+00,0.000000e+00,0.000000e+00,0.000000e+00,0.000000e+00,2.761125e-14,0.000000e+00,0.000000e+00,0.000000e+00,0.000000e+00,0.000000e+00,0.000000e+00,0.000000e+00,0.000000e+00
4.100000e+01,9,5.000000e-01,5.000000e-01,5.000000e-01,5.000000e-01,5.000000e-01,5.000000e-01,5.000000e-01,5.000000e-01,5.000000e-01,2.830920e-02,5.000000e-01,5.000000e-01,5.000000e-01,5.000000e-01,5.000000e-01,5.000000e-01,5.000000e-01,5.000000e-01,0.000000e+00,0.000000e+00,0.000000e+00,0.000000e+00,0.000000e+00,0.000000e+00,0.000000e+00,0.000000e+00,0.000000e+00,3.159313e-11,0.000000e+00,0.000000e+00,0.000000e+00,0.000000e+00,0.000000e+00,0.000000e+00,0.000000e+00,0.000000e+00
4.110000e+01,9,5.000000e-01,5.000000e-01,5.000000e-01,5.000000e-01,5.000000e-01,5.000000e-01,5.000000e-01,5.000000e-01,5.000000e-01,2.208297e-02,5.000000e-01,5.000000e-01,5.000000e-01,5.000000e-01,5.000000e-01,5.000000e-01,5.000000e-01,5.000000e-01,0.000000e+00,0.000000e+00,0.000000e+00,0.000000e+00,0.000000e+00,0.000000e+00,0.000000e+00,0.000000e+00,0.000000e+00,5.232729e-09,0.000000e+00,0.000000e+00,0.000000e+00,0.000000e+00,0.000000e+00,0.000000e+00,0.000000e+00,0.000000e+00
4.120000e+01,9,5.000000e-01,5.000000e-01,5.000000e-01,5.000000e-01,5.000000e-01,5.000000e-01,5.000000e-01,5.000000e-01,5.000000e-01,1.769480e-02,5.000000e-01,5.000000e-01,5.000000e-01,5.000000e-01,5.000000e-01,5.000000e-01,5.000000e-01,5.000000e-01,0.000000e+00,0.000000e+00,0.000000e+00,0.000000e+00,0.000000e+00,0.000000e+00,0.000000e+00,0.000000e+00,0.000000e+00,1.880514e-07,0.000000e+00,0.000000e+00,0.000000e+00,0.000000e+00,0.000000e+00,0.000000e+00,0.000000e+00,0.000000e+00
4.130000e+01,9,5.000000e-01,5.000000e-01,5.000000e-01,5.000000e-01,5.000000e-01,5.000000e-01,5.000000e-01,5.000000e-01,5.000000e-01,1.474411e-02,5.000000e-01,5.000000e-01,5.000000e-01,5.000000e-01,5.000000e-01,5.000000e-01,5.000000e-01,5.000000e-01,0.000000e+00,0.000000e+00,0.000000e+00,0.000000e+00,0.000000e+00,0.000000e+00,0.000000e+00,0.000000e+00,0.000000e+00,2.071821e-06,0.000000e+00,0.000000e+00,0.000000e+00,0.000000e+00,0.000000e+00,0.000000e+00,0.000000e+00,0.000000e+00
4.140000e+01,9,5.000000e-01,5.000000e-01,5.000000e-01,5.000000e-01,5.000000e-01,5.000000e-01,5.000000e-01,5.000000e-01,5.000000e-01,1.291728e-02,5.000000e-01,5.000000e-01,5.000000e-01,5.000000e-01,5.000000e-01,5.000000e-01,5.000000e-01,5.000000e-01,0.000000e+00,0.000000e+00,0.000000e+00,0.000000e+00,0.000000e+00,0.000000e+00,0.000000e+00,0.000000e+00,0.000000e+00,9.119287e-06,0.000000e+00,0.000000e+00,0.000000e+00,0.000000e+00,0.000000e+00,0.000000e+00,0.000000e+00,0.000000e+00
4.150000e+01,9,5.000000e-01,5.000000e-01,5.000000e-01,5.000000e-01,5.000000e-01,5.000000e-01,5.000000e-01,5.000000e-01,5.000000e-01,1.200065e-02,5.000000e-01,5.000000e-01,5.000000e-01,5.000000e-01,5.000000e-01,5.000000e-01,5.000000e-01,5.000000e-01,0.000000e+00,0.000000e+00,0.000000e+00,0.000000e+00,0.000000e+00,0.000000e+00,0.000000e+00,0.000000e+00,0.000000e+00,1.916238e-05,0.000000e+00,0.000000e+00,0.000000e+00,0.000000e+00,0.000000e+00,0.000000e+00,0.000000e+00,0.000000e+00
4.160000e+01,9,5.000000e-01,5.000000e-01,5.000000e-01,5.000000e-01,5.000000e-01,5.000000e-01,5.000000e-01,5.000000e-01,5.000000e-01,1.188119e-02,5.000000e-01,5.000000e-01,5.000000e-01,5.000000e-01,5.000000e-01,5.000000e-01,5.000000e-01,5.000000e-01,0.000000e+00,0.000000e+00,0.000000e+00,0.000000e+00,0.000000e+00,0.000000e+00,0.000000e+00,0.000000e+00,0.000000e+00,2.110835e-05,0.000000e+00,0.000000e+00,0.000000e+00,0.000000e+00,0.000000e+00,0.000000e+00,0.000000e+00,0.000000e+00
4.170000e+01,9,5.000000e-01,5.000000e-01,5.000000e-01,5.000000e-01,5.000000e-01,5.000000e-01,5.000000e-01,5.000000e-01,5.000000e-01,1.254389e-02,5.000000e-01,5.000000e-01,5.000000e-01,5.000000e-01,5.000000e-01,5.000000e-01,5.000000e-01,5.000000e-01,0.000000e+00,0.000000e+00,0.000000e+00,0.000000e+00,0.000000e+00,0.000000e+00,0.000000e+00,0.000000e+00,0.000000e+00,1.234131e-05,0.000000e+00,0.000000e+00,0.000000e+00,0.000000e+00,0.000000e+00,0.000000e+00,0.000000e+00,0.000000e+00
4.180000e+01,9,5.000000e-01,5.000000e-01,5.000000e-01,5.000000e-01,5.000000e-01,5.000000e-01,5.000000e-01,5.000000e-01,5.000000e-01,1.407123e-02,5.000000e-01,5.000000e-01,5.000000e-01,5.000000e-01,5.000000e-01,5.000000e-01,5.000000e-01,5.000000e-01,0.000000e+00,0.000000e+00,0.000000e+00,0.000000e+00,0.000000e+00,0.000000e+00,0.000000e+00,0.000000e+00,0.000000e+00,3.577281e-06,0.000000e+00,0.000000e+00,0.000000e+00,0.000000e+00,0.000000e+00,0.000000e+00,0.000000e+00,0.000000e+00
4.190000e+01,9,5.000000e-01,5.000000e-01,5.000000e-01,5.000000e-01,5.000000e-01,5.000000e-01,5.000000e-01,5.000000e-01,5.000000e-01,1.664550e-02,5.000000e-01,5.000000e-01,5.000000e-01,5.000000e-01,5.000000e-01,5.000000e-01,5.000000e-01,5.000000e-01,0.000000e+00,0.000000e+00,0.000000e+00,0.000000e+00,0.000000e+00,0.000000e+00,0.000000e+00,0.000000e+00,0.000000e+00,4.417813e-07,0.000000e+00,0.000000e+00,0.000000e+00,0.000000e+00,0.000000e+00,0.000000e+00,0.000000e+00,0.000000e+00
4.200000e+01,9,5.000000e-01,5.000000e-01,5.000000e-01,5.000000e-01,5.000000e-01,5.000000e-01,5.000000e-01,5.000000e-01,5.000000e-01,2.055005e-02,5.000000e-01,5.000000e-01,5.000000e-01,5.000000e-01,5.000000e-01,5.000000e-01,5.000000e-01,5.000000e-01,0.000000e+00,0.000000e+00,0.000000e+00,0.000000e+00,0.000000e+00,0.000000e+00,0.000000e+00,0.000000e+00,0.000000e+00,1.831981e-08,0.000000e+00,0.000000e+00,0.000000e+00,0.000000e+00,0.000000e+00,0.000000e+00,0.000000e+00,0.000000e+00
4.210000e+01,9,5.000000e-01,5.000000e-01,5.000000e-01,5.000000e-01,5.000000e-01,5.000000e-01,5.000000e-01,5.000000e-01,5.000000e-01,2.648247e-02,5.000000e-01,5.000000e-01,5.000000e-01,5.000000e-01,5.000000e-01,5.000000e-01,5.000000e-01,5.000000e-01,0.000000e+00,0.000000e+00,0.000000e+00,0.000000e+00,0.000000e+00,0.000000e+00,0.000000e+00,0.000000e+00,0.000000e+00,1.419524e-10,0.000000e+00,0.000000e+00,0.000000e+00,0.000000e+00,0.000000e+00,0.000000e+00,0.000000e+00,0.000000e+00
4.220000e+01,9,5.000000e-01,5.000000e-01,5.000000e-01,5.000000e-01,5.000000e-01,5.000000e-01,5.000000e-01,5.000000e-01,5.000000e-01,3.465806e-02,5.000000e-01,5.000000e-01,5.000000e-01,5.000000e-01,5.000000e-01,5.000000e-01,5.000000e-01,5.000000e-01,0.000000e+00,0.000000e+00,0.000000e+00,0.000000e+00,0.000000e+00,0.000000e+00,0.000000e+00,0.000000e+00,0.000000e+00,1.667333e-13,0.000000e+00,0.000000e+00,0.000000e+00,0.000000e+00,0.000000e+00,0.000000e+00,0.000000e+00,0.000000e+00
4.230000e+01,9,5.000000e-01,5.000000e-01,5.000000e-01,5.000000e-01,5.000000e-01,5.000000e-01,5.000000e-01,5.000000e-01,5.000000e-01,4.553567e-02,5.000000e-01,5.000000e-01,5.000000e-01,5.000000e-01,5.000000e-01,5.000000e-01,5.000000e-01,5.000000e-01,0.000000e+00,0.000000e+00,0.000000e+00,0.000000e+00,0.000000e+00,0.000000e+00,0.000000e+00,0.000000e+00,0.000000e+00,3.330669e-17,0.000000e+00,0.000000e+00,0.000000e+00,0.000000e+00,0.000000e+00,0.000000e+00,0.000000e+00,0.000000e+00
4.240000e+01,-1,5.000000e-01,5.000000e-01,5.000000e-01,5.000000e-01,5.000000e-01,5.000000e-01,5.000000e-01,5.000000e-01,5.000000e-01,5.000000e-01,5.000000e-01,5.000000e-01,5.000000e-01,5.000000e-01,5.000000e-01,5.000000e-01,5.000000e-01,5.000000e-01,0.000000e+00,0.000000e+00,0.000000e+00,0.000000e+00,0.000000e+00,0.000000e+00,0.000000e+00,0.000000e+00,0.000000e+00,0.000000e+00,0.000000e+00,0.000000e+00,0.000000e+00,0.000000e+00,0.000000e+00,0.000000e+00,0.000000e+00,0.000000e+00
4.250000e+01,-1,5.000000e-01,5.000000e-01,5.000000e-01,5.000000e-01,5.000000e-01,5.000000e-01,5.000000e-01,5.000000e-01,5.000000e-01,5.000000e-01,5.000000e-01,5.000000e-01,5.000000e-01,5.000000e-01,5.000000e-01,5.000000e-01,5.000000e-01,5.000000e-01,0.000000e+00,0.000000e+00,0.000000e+00,0.000000e+00,0.000000e+00,0.000000e+00,0.000000e+00,0.000000e+00,0.000000e+00,0.000000e+00,0.000000e+00,0.000000e+00,0.000000e+00,0.000000e+00,0.000000e+00,0.000000e+00,0.000000e+00,0.000000e+00
4.260000e+01,-1,5.000000e-01,5.000000e-01,5.000000e-01,5.000000e-01,5.000000e-01,5.000000e-01,5.000000e-01,5.000000e-01,5.000000e-01,5.000000e-01,5.000000e-01,5.000000e-01,5.000000e-01,5.000000e-01,5.000000e-01,5.000000e-01,5.000000e-01,5.000000e-01,0.000000e+00,0.000000e+00,0.000000e+00,0.000000e+00,0.000000e+00,0.000000e+00,0.000000e+00,0.000000e+00,0.000000e+00,0.000000e+00,0.000000e+00,0.000000e+00,0.000000e+00,0.000000e+00,0.000000e+00,0.000000e+00,0.000000e+00,0.000000e+00
4.270000e+01,-1,5.000000e-01,5.000000e-01,5.000000e-01,5.000000e-01,5.000000e-01,5.000000e-01,5.000000e-01,5.000000e-01,5.000000e-01,5.000000e-01,5.000000e-01,5.000000e-01,5.000000e-01,5.000000e-01,5.000000e-01,5.000000e-01,5.000000e-01,5.000000e-01,0.000000e+00,0.000000e+00,0.000000e+00,0.000000e+00,0.000000e+00,0.000000e+00,0.000000e+00,0.000000e+00,0.000000e+00,0.000000e+00,0.000000e+00,0.000000e+00,0.000000e+00,0.000000e+00,0.000000e+00,0.000000e+00,0.000000e+00,0.000000e+00
4.280000e+01,-1,5.000000e-01,5.000000e-01,5.000000e-01,5.000000e-01,5.000000e-01,5.000000e-01,5.000000e-01,5.000000e-01,5.000000e-01,5.000000e-01,5.000000e-01,5.000000e-01,5.000000e-01,5.000000e-01,5.000000e-01,5.000000e-01,5.000000e-01,5.000000e-01,0.000000e+00,0.000000e+00,0.000000e+00,0.000000e+00,0.000000e+00,0.000000e+00,0.000000e+00,0.000000e+00,0.000000e+00,0.000000e+00,0.000000e+00,0.000000e+00,0.000000e+00,0.000000e+00,0.000000e+00,0.000000e+00,0.000000e+00,0.000000e+00
4.290000e+01,-1,5.000000e-01,5.000000e-01,5.000000e-01,5.000000e-01,5.000000e-01,5.000000e-01,5.000000e-01,5.000000e-01,5.000000e-01,5.000000e-01,5.000000e-01,5.000000e-01,5.000000e-01,5.000000e-01,5.000000e-01,5.000000e-01,5.000000e-01,5.000000e-01,0.000000e+00,0.000000e+00,0.000000e+00,0.000000e+00,0.000000e+00,0.000000e+00,0.000000e+00,0.000000e+00,0.000000e+00,0.000000e+00,0.000000e+00,0.000000e+00,0.000000e+00,0.000000e+00,0.000000e+00,0.000000e+00,0.000000e+00,0.000000e+00
4.300000e+01,-1,5.000000e-01,5.000000e-01,5.000000e-01,5.000000e-01,5.000000e-01,5.000000e-01,5.000000e-01,5.000000e-01,5.000000e-01,5.000000e-01,5.000000e-01,5.000000e-01,5.000000e-01,5.000000e-01,5.000000e-01,5.000000e-01,5.000000e-01,5.000000e-01,0.000000e+00,0.000000e+00,0.000000e+00,0.000000e+00,0.000000e+00,0.000000e+00,0.000000e+00,0.000000e+00,0.000000e+00,0.000000e+00,0.000000e+00,0.000000e+00,0.000000e+00,0.000000e+00,0.000000e+00,0.000000e+00,0.000000e+00,0.000000e+00
4.310000e+01,-1,5.000000e-01,5.000000e-01,5.000000e-01,5.000000e-01,5.000000e-01,5.000000e-01,5.000000e-01,5.000000e-01,5.000000e-01,5.000000e-01,5.000000e-01,5.000000e-01,5.000000e-01,5.000000e-01,5.000000e-01,5.000000e-01,5.000000e-01,5.000000e-01,0.000000e+00,0.000000e+00,0.000000e+00,0.000000e+00,0.000000e+00,0.000000e+00,0.000000e+00,0.000000e+00,0.000000e+00,0.000000e+00,0.000000e+00,0.000000e+00,0.000000e+00,0.000000e+00,0.000000e+00,0.000000e+00,0.000000e+00,0.000000e+00
4.320000e+01,-1,5.000000e-01,5.000000e-01,5.000000e-01,5.000000e-01,5.000000e-01,5.000000e-01,5.000000e-01,5.000000e-01,5.000000e-01,5.000000e-01,5.000000e-01,5.000000e-01,5.000000e-01,5.000000e-01,5.000000e-01,5.000000e-01,5.000000e-01,5.000000e-01,0.000000e+00,0.000000e+00,0.000000e+00,0.000000e+00,0.000000e+00,0.000000e+00,0.000000e+00,0.000000e+00,0.000000e+00,0.000000e+00,0.000000e+00,0.000000e+00,0.000000e+00,0.000000e+00,0.000000e+00,0.000000e+00,0.000000e+00,0.000000e+00
4.330000e+01,-1,5.000000e-01,5.000000e-01,5.000000e-01,5.000000e-01,5.000000e-01,5.000000e-01,5.000000e-01,5.000000e-01,5.000000e-01,5.000000e-01,5.000000e-01,5.000000e-01,5.000000e-01,5.000000e-01,5.000000e-01,5.000000e-01,5.000000e-01,5.000000e-01,0.000000e+00,0.000000e+00,0.000000e+00,0.000000e+00,0.000000e+00,0.000000e+00,0.000000e+00,0.000000e+00,0.000000e+00,0.000000e+00,0.000000e+00,0.000000e+00,0.000000e+00,0.000000e+00,0.000000e+00,0.000000e+00,0.000000e+00,0.000000e+00
4.340000e+01,-1,5.000000e-01,5.000000e-01,5.000000e-01,5.000000e-01,5.000000e-01,5.000000e-01,5.000000e-01,5.000000e-01,5.000000e-01,5.000000e-01,5.000000e-01,5.000000e-01,5.000000e-01,5.000000e-01,5.000000e-01,5.000000e-01,5.000000e-01,5.000000e-01,0.000000e+00,0.000000e+00,0.000000e+00,0.000000e+00,0.000000e+00,0.000000e+00,0.000000e+00,0.000000e+00,0.000000e+00,0.000000e+00,0.000000e+00,0.000000e+00,0.000000e+00,0.000000e+00,0.000000e+00,0.000000e+00,0.000000e+00,0.000000e+00
4.350000e+01,-1,5.000000e-01,5.000000e-01,5.000000e-01,5.000000e-01,5.000000e-01,5.000000e-01,5.000000e-01,5.000000e-01,5.000000e-01,5.000000e-01,5.000000e-01,5.000000e-01,5.000000e-01,5.000000e-01,5.000000e-01,5.000000e-01,5.000000e-01,5.000000e-01,0.000000e+00,0.000000e+00,0.000000e+00,0.000000e+00,0.000000e+00,0.000000e+00,0.000000e+00,0.000000e+00,0.000000e+00,0.000000e+00,0.000000e+00,0.000000e+00,0.000000e+00,0.000000e+00,0.000000e+00,0.000000e+00,0.000000e+00,0.000000e+00
4.360000e+01,-1,5.000000e-01,5.000000e-01,5.000000e-01,5.000000e-01,5.000000e-01,5.000000e-01,5.000000e-01,5.000000e-01,5.000000e-01,5.000000e-01,5.000000e-01,5.000000e-01,5.000000e-01,5.000000e-01,5.000000e-01,5.000000e-01,5.000000e-01,5.000000e-01,0.000000e+00,0.000000e+00,0.000000e+00,0.000000e+00,0.000000e+00,0.000000e+00,0.000000e+00,0.000000e+00,0.000000e+00,0.000000e+00,0.000000e+00,0.000000e+00,0.000000e+00,0.000000e+00,0.000000e+00,0.000000e+00,0.000000e+00,0.000000e+00
4.370000e+01,-1,5.000000e-01,5.000000e-01,5.000000e-01,5.000000e-01,5.000000e-01,5.000000e-01,5.000000e-01,5.000000e-01,5.000000e-01,5.000000e-01,5.000000e-01,5.000000e-01,5.000000e-01,5.000000e-01,5.000000e-01,5.000000e-01,5.000000e-01,5.000000e-01,0.000000e+00,0.000000e+00,0.000000e+00,0.000000e+00,0.000000e+00,0.000000e+00,0.000000e+00,0.000000e+00,0.000000e+00,0.000000e+00,0.000000e+00,0.000000e+00,0.000000e+00,0.000000e+00,0.000000e+00,0.000000e+00,0.000000e+00,0.000000e+00
4.380000e+01,-1,5.000000e-01,5.000000e-01,5.000000e-01,5.000000e-01,5.000000e-01,5.000000e-01,5.000000e-01,5.000000e-01,5.000000e-01,5.000000e-01,5.000000e-01,5.000000e-01,5.000000e-01,5.000000e-01,5.000000e-01,5.000000e-01,5.000000e-01,5.000000e-01,0.000000e+00,0.000000e+00,0.000000e+00,0.000000e+00,0.000000e+00,0.000000e+00,0.000000e+00,0.000000e+00,0.000000e+00,0.000000e+00,0.000000e+00,0.000000e+00,0.000000e+00,0.000000e+00,0.000000e+00,0.000000e+00,0.000000e+00,0.000000e+00
4.390000e+01,-1,5.000000e-01,5.000000e-01,5.000000e-01,5.000000e-01,5.000000e-01,5.000000e-01,5.000000e-01,5.000000e-01,5.000000e-01,5.000000e-01,5.000000e-01,5.000000e-01,5.000000e-01,5.000000e-01,5.000000e-01,5.000000e-01,5.000000e-01,5.000000e-01,0.000000e+00,0.000000e+00,0.000000e+00,0.000000e+00,0.000000e+00,0.000000e+00,0.000000e+00,0.000000e+00,0.000000e+00,0.000000e+00,0.000000e+00,0.000000e+00,0.000000e+00,0.000000e+00,0.000000e+00,0.000000e+00,0.000000e+00,0.000000e+00
4.400000e+01,-1,5.000000e-01,5.000000e-01,5.000000e-01,5.000000e-01,5.000000e-01,5.000000e-01,5.000000e-01,5.000000e-01,5.000000e-01,5.000000e-01,5.000000e-01,5.000000e-01,5.000000e-01,5.000000e-01,5.000000e-01,5.000000e-01,5.000000e-01,5.000000e-01,0.000000e+00,0.000000e+00,0.000000e+00,0.000000e+00,0.000000e+00,0.000000e+00,0.000000e+00,0.000000e+00,0.000000e+00,0.000000e+00,0.000000e+00,0.000000e+00,0.000000e+00,0.000000e+00,0.000000e+00,0.000000e+00,0.000000e+00,0.000000e+00
4.410000e+01,-1,5.000000e-01,5.000000e-01,5.000000e-01,5.000000e-01,5.000000e-01,5.000000e-01,5.000000e-01,5.000000e-01,5.000000e-01,5.000000e-01,5.000000e-01,5.000000e-01,5.000000e-01,5.000000e-01,5.000000e-01,5.000000e-01,5.000000e-01,5.000000e-01,0.000000e+00,0.000000e+00,0.000000e+00,0.000000e+00,0.000000e+00,0.000000e+00,0.000000e+00,0.000000e+00,0.000000e+00,0.000000e+00,0.000000e+00,0.000000e+00,0.000000e+00,0.000000e+00,0.000000e+00,0.000000e+00,0.000000e+00,0.000000e+00
4.420000e+01,-1,5.000000e-01,5.000000e-01,5.000000e-01,5.000000e-01,5.000000e-01,5.000000e-01,5.000000e-01,5.000000e-01,5.000000e-01,5.000000e-01,5.000000e-01,5.000000e-01,5.000000e-01,5.000000e-01,5.000000e-01,5.000000e-01,5.000000e-01,5.000000e-01,0.000000e+00,0.000000e+00,0.000000e+00,0.000000e+00,0.000000e+00,0.000000e+00,0.000000e+00,0.000000e+00,0.000000e+00,0.000000e+00,0.000000e+00,0.000000e+00,0.000000e+00,0.000000e+00,0.000000e+00,0.000000e+00,0.000000e+00,0.000000e+00
4.430000e+01,-1,5.000000e-01,5.000000e-01,5.000000e-01,5.000000e-01,5.000000e-01,5.000000e-01,5.000000e-01,5.000000e-01,5.000000e-01,5.000000e-01,5.000000e-01,5.000000e-01,5.000000e-01,5.000000e-01,5.000000e-01,5.000000e-01,5.000000e-01,5.000000e-01,0.000000e+00,0.000000e+00,0.000000e+00,0.000000e+00,0.000000e+00,0.000000e+00,0.000000e+00,0.000000e+00,0.000000e+00,0.000000e+00,0.000000e+00,0.000000e+00,0.000000e+00,0.000000e+00,0.000000e+00,0.000000e+00,0.000000e+00,0.000000e+00
4.440000e+01,-1,5.000000e-01,5.000000e-01,5.000000e-01,5.000000e-01,5.000000e-01,5.000000e-01,5.000000e-01,5.000000e-01,5.000000e-01,5.000000e-01,5.000000e-01,5.000000e-01,5.000000e-01,5.000000e-01,5.000000e-01,5.000000e-01,5.000000e-01,5.000000e-01,0.000000e+00,0.000000e+00,0.000000e+00,0.000000e+00,0.000000e+00,0.000000e+00,0.000000e+00,0.000000e+00,0.000000e+00,0.000000e+00,0.000000e+00,0.000000e+00,0.000000e+00,0.000000e+00,0.000000e+00,0.000000e+00,0.000000e+00,0.000000e+00
4.450000e+01,-1,5.000000e-01,5.000000e-01,5.000000e-01,5.000000e-01,5.000000e-01,5.000000e-01,5.000000e-01,5.000000e-01,5.000000e-01,5.000000e-01,5.000000e-01,5.000000e-01,5.000000e-01,5.000000e-01,5.000000e-01,5.000000e-01,5.000000e-01,5.000000e-01,0.000000e+00,0.000000e+00,0.000000e+00,0.000000e+00,0.000000e+00,0.000000e+00,0.000000e+00,0.000000e+00,0.000000e+00,0.000000e+00,0.000000e+00,0.000000e+00,0.000000e+00,0.000000e+00,0.000000e+00,0.000000e+00,0.000000e+00,0.000000e+00
4.460000e+01,-1,5.000000e-01,5.000000e-01,5.000000e-01,5.000000e-01,5.000000e-01,5.000000e-01,5.000000e-01,5.000000e-01,5.000000e-01,5.000000e-01,5.000000e-01,5.000000e-01,5.000000e-01,5.000000e-01,5.000000e-01,5.000000e-01,5.000000e-01,5.000000e-01,0.000000e+00,0.000000e+00,0.000000e+00,0.000000e+00,0.000000e+00,0.000000e+00,0.000000e+00,0.000000e+00,0.000000e+00,0.000000e+00,0.000000e+00,0.000000e+00,0.000000e+00,0.000000e+00,0.000000e+00,0.000000e+00,0.000000e+00,0.000000e+00
4.470000e+01,-1,5.000000e-01,5.000000e-01,5.000000e-01,5.000000e-01,5.000000e-01,5.000000e-01,5.000000e-01,5.000000e-01,5.000000e-01,5.000000e-01,5.000000e-01,5.000000e-01,5.000000e-01,5.000000e-01,5.000000e-01,5.000000e-01,5.000000e-01,5.000000e-01,0.000000e+00,0.000000e+00,0.000000e+00,0.000000e+00,0.000000e+00,0.000000e+00,0.000000e+00,0.000000e+00,0.000000e+00,0.000000e+00,0.000000e+00,0.000000e+00,0.000000e+00,0.000000e+00,0.000000e+00,0.000000e+00,0.000000e+00,0.000000e+00
4.480000e+01,-1,5.000000e-01,5.000000e-01,5.000000e-01,5.000000e-01,5.000000e-01,5.000000e-01,5.000000e-01,5.000000e-01,5.000000e-01,5.000000e-01,5.000000e-01,5.000000e-01,5.000000e-01,5.000000e-01,5.000000e-01,5.000000e-01,5.000000e-01,5.000000e-01,0.000000e+00,0.000000e+00,0.000000e+00,0.000000e+00,0.000000e+00,0.000000e+00,0.000000e+00,0.000000e+00,0.000000e+00,0.000000e+00,0.000000e+00,0.000000e+00,0.000000e+00,0.000000e+00,0.000000e+00,0.000000e+00,0.000000e+00,0.000000e+00
4.490000e+01,-1,5.000000e-01,5.000000e-01,5.000000e-01,5.000000e-01,5.000000e-01,5.000000e-01,5.000000e-01,5.000000e-01,5.000000e-01,5.000000e-01,5.000000e-01,5.000000e-01,5.000000e-01,5.000000e-01,5.000000e-01,5.000000e-01,5.000000e-01,5.000000e-01,0.000000e+00,0.000000e+00,0.000000e+00,0.000000e+00,0.000000e+00,0.000000e+00,0.000000e+00,0.000000e+00,0.000000e+00,0.000000e+00,0.000000e+00,0.000000e+00,0.000000e+00,0.000000e+00,0.000000e+00,0.000000e+00,0.000000e+00,0.000000e+00
4.500000e+01,-1,5.000000e-01,5.000000e-01,5.000000e-01,5.000000e-01,5.000000e-01,5.000000e-01,5.000000e-01,5.000000e-01,5.000000e-01,5.000000e-01,5.000000e-01,5.000000e-01,5.000000e-01,5.000000e-01,5.000000e-01,5.000000e-01,5.000000e-01,5.000000e-01,0.000000e+00,0.000000e+00,0.000000e+00,0.000000e+00,0.000000e+00,0.000000e+00,0.000000e+00,0.000000e+00,0.000000e+00,0.000000e+00,0.000000e+00,0.000000e+00,0.000000e+00,0.000000e+00,0.000000e+00,0.000000e+00,0.000000e+00,0.000000e+00
4.510000e+01,-1,5.000000e-01,5.000000e-01,5.000000e-01,5.000000e-01,5.000000e-01,5.000000e-01,5.000000e-01,5.000000e-01,5.000000e-01,5.000000e-01,5.000000e-01,5.000000e-01,5.000000e-01,5.000000e-01,5.000000e-01,5.000000e-01,5.000000e-01,5.000000e-01,0.000000e+00,0.000000e+00,0.000000e+00,0.000000e+00,0.000000e+00,0.000000e+00,0.000000e+00,0.000000e+00,0.000000e+00,0.000000e+00,0.000000e+00,0.000000e+00,0.000000e+00,0.000000e+00,0.000000e+00,0.000000e+00,0.000000e+00,0.000000e+00
4.520000e+01,-1,5.000000e-01,5.000000e-01,5.000000e-01,5.000000e-01,5.000000e-01,5.000000e-01,5.000000e-01,5.000000e-01,5.000000e-01,5.000000e-01,5.000000e-01,5.000000e-01,5.000000e-01,5.000000e-01,5.000000e-01,5.000000e-01,5.000000e-01,5.000000e-01,0.000000e+00,0.000000e+00,0.000000e+00,0.000000e+00,0.000000e+00,0.000000e+00,0.000000e+00,0.000000e+00,0.000000e+00,0.000000e+00,0.000000e+00,0.000000e+00,0.000000e+00,0.000000e+00,0.000000e+00,0.000000e+00,0.000000e+00,0.000000e+00
4.530000e+01,-1,5.000000e-01,5.000000e-01,5.000000e-01,5.000000e-01,5.000000e-01,5.000000e-01,5.000000e-01,5.000000e-01,5.000000e-01,5.000000e-01,5.000000e-01,5.000000e-01,5.000000e-01,5.000000e-01,5.000000e-01,5.000000e-01,5.000000e-01,5.000000e-01,0.000000e+00,0.000000e+00,0.000000e+00,0.000000e+00,0.000000e+00,0.000000e+00,0.000000e+00,0.000000e+00,0.000000e+00,0.000000e+00,0.000000e+00,0.000000e+00,0.000000e+00,0.000000e+00,0.000000e+00,0.000000e+00,0.000000e+00,0.000000e+00
4.540000e+01,-1,5.000000e-01,5.000000e-01,5.000000e-01,5.000000e-01,5.000000e-01,5.000000e-01,5.000000e-01,5.000000e-01,5.000000e-01,5.000000e-01,5.000000e-01,5.000000e-01,5.000000e-01,5.000000e-01,5.000000e-01,5.000000e-01,5.000000e-01,5.000000e-01,0.000000e+00,0.000000e+00,0.000000e+00,0.000000e+00,0.000000e+00,0.000000e+00,0.000000e+00,0.000000e+00,0.000000e+00,0.000000e+00,0.000000e+00,0.000000e+00,0.000000e+00,0.000000e+00,0.000000e+00,0.000000e+00,0.000000e+00,0.000000e+00
4.550000e+01,-1,5.000000e-01,5.000000e-01,5.000000e-01,5.000000e-01,5.000000e-01,5.000000e-01,5.000000e-01,5.000000e-01,5.000000e-01,5.000000e-01,5.000000e-01,5.000000e-01,5.000000e-01,5.000000e-01,5.000000e-01,5.000000e-01,5.000000e-01,5.000000e-01,0.000000e+00,0.000000e+00,0.000000e+00,0.000000e+00,0.000000e+00,0.000000e+00,0.000000e+00,0.000000e+00,0.000000e+00,0.000000e+00,0.000000e+00,0.000000e+00,0.000000e+00,0.000000e+00,0.000000e+00,0.000000e+00,0.000000e+00,0.000000e+00
4.560000e+01,-1,5.000000e-01,5.000000e-01,5.000000e-01,5.000000e-01,5.000000e-01,5.000000e-01,5.000000e-01,5.000000e-01,5.000000e-01,5.000000e-01,5.000000e-01,5.000000e-01,5.000000e-01,5.000000e-01,5.000000e-01,5.000000e-01,5.000000e-01,5.000000e-01,0.000000e+00,0.000000e+00,0.000000e+00,0.000000e+00,0.000000e+00,0.000000e+00,0.000000e+00,0.000000e+00,0.000000e+00,0.000000e+00,0.000000e+00,0.000000e+00,0.000000e+00,0.000000e+00,0.000000e+00,0.000000e+00,0.000000e+00,0.000000e+00
4.570000e+01,-1,5.000000e-01,5.000000e-01,5.000000e-01,5.000000e-01,5.000000e-01,5.000000e-01,5.000000e-01,5.000000e-01,5.000000e-01,5.000000e-01,5.000000e-01,5.000000e-01,5.000000e-01,5.000000e-01,5.000000e-01,5.000000e-01,5.000000e-01,5.000000e-01,0.000000e+00,0.000000e+00,0.000000e+00,0.000000e+00,0.000000e+00,0.000000e+00,0.000000e+00,0.000000e+00,0.000000e+00,0.000000e+00,0.000000e+00,0.000000e+00,0.000000e+00,0.000000e+00,0.000000e+00,0.000000e+00,0.000000e+00,0.000000e+00
4.580000e+01,-1,5.000000e-01,5.000000e-01,5.000000e-01,5.000000e-01,5.000000e-01,5.000000e-01,5.000000e-01,5.000000e-01,5.000000e-01,5.000000e-01,5.000000e-01,5.000000e-01,5.000000e-01,5.000000e-01,5.000000e-01,5.000000e-01,5.000000e-01,5.000000e-01,0.000000e+00,0.000000e+00,0.000000e+00,0.000000e+00,0.000000e+00,0.000000e+00,0.000000e+00,0.000000e+00,0.000000e+00,0.000000e+00,0.000000e+00,0.000000e+00,0.000000e+00,0.000000e+00,0.000000e+00,0.000000e+00,0.000000e+00,0.000000e+00
4.590000e+01,-1,5.000000e-01,5.000000e-01,5.000000e-01,5.000000e-01,5.000000e-01,5.000000e-01,5.000000e-01,5.000000e-01,5.000000e-01,5.000000e-01,5.000000e-01,5.000000e-01,5.000000e-01,5.000000e-01,5.000000e-01,5.000000e-01,5.000000e-01,5.000000e-01,0.000000e+00,0.000000e+00,0.000000e+00,0.000000e+00,0.000000e+00,0.000000e+00,0.000000e+00,0.000000e+00,0.000000e+00,0.000000e+00,0.000000e+00,0.000000e+00,0.000000e+00,0.000000e+00,0.000000e+00,0.000000e+00,0.000000e+00,0.000000e+00
4.600000e+01,-1,5.000000e-01,5.000000e-01,5.000000e-01,5.000000e-01,5.000000e-01,5.000000e-01,5.000000e-01,5.000000e-01,5.000000e-01,5.000000e-01,5.000000e-01,5.000000e-01,5.000000e-01,5.000000e-01,5.000000e-01,5.000000e-01,5.000000e-01,5.000000e-01,0.000000e+00,0.000000e+00,0.000000e+00,0.000000e+00,0.000000e+00,0.000000e+00,0.000000e+00,0.000000e+00,0.000000e+00,0.000000e+00,0.000000e+00,0.000000e+00,0.000000e+00,0.000000e+00,0.000000e+00,0.000000e+00,0.000000e+00,0.000000e+00
4.610000e+01,-1,5.000000e-01,5.000000e-01,5.000000e-01,5.000000e-01,5.000000e-01,5.000000e-01,5.000000e-01,5.000000e-01,5.000000e-01,5.000000e-01,5.000000e-01,5.000000e-01,5.000000e-01,5.000000e-01,5.000000e-01,5.000000e-01,5.000000e-01,5.000000e-01,0.000000e+00,0.000000e+00,0.000000e+00,0.000000e+00,0.000000e+00,0.000000e+00,0.000000e+00,0.000000e+00,0.000000e+00,0.000000e+00,0.000000e+00,0.000000e+00,0.000000e+00,0.000000e+00,0.000000e+00,0.000000e+00,0.000000e+00,0.000000e+00
4.620000e+01,-1,5.000000e-01,5.000000e-01,5.000000e-01,5.000000e-01,5.000000e-01,5.000000e-01,5.000000e-01,5.000000e-01,5.000000e-01,5.000000e-01,5.000000e-01,5.000000e-01,5.000000e-01,5.000000e-01,5.000000e-01,5.000000e-01,5.000000e-01,5.000000e-01,0.000000e+00,0.000000e+00,0.000000e+00,0.000000e+00,0.000000e+00,0.000000e+00,0.000000e+00,0.000000e+00,0.000000e+00,0.000000e+00,0.000000e+00,0.000000e+00,0.000000e+00,0.000000e+00,0.000000e+00,0.000000e+00,0.000000e+00,0.000000e+00
4.630000e+01,-1,5.000000e-01,5.000000e-01,5.000000e-01,5.000000e-01,5.000000e-01,5.000000e-01,5.000000e-01,5.000000e-01,5.000000e-01,5.000000e-01,5.000000e-01,5.000000e-01,5.000000e-01,5.000000e-01,5.000000e-01,5.000000e-01,5.000000e-01,5.000000e-01,0.000000e+00,0.000000e+00,0.000000e+00,0.000000e+00,0.000000e+00,0.000000e+00,0.000000e+00,0.000000e+00,0.000000e+00,0.000000e+00,0.000000e+00,0.000000e+00,0.000000e+00,0.000000e+00,0.000000e+00,0.000000e+00,0.000000e+00,0.000000e+00
4.640000e+01,-1,5.000000e-01,5.000000e-01,5.000000e-01,5.000000e-01,5.000000e-01,5.000000e-01,5.000000e-01,5.000000e-01,5.000000e-01,5.000000e-01,5.000000e-01,5.000000e-01,5.000000e-01,5.000000e-01,5.000000e-01,5.000000e-01,5.000000e-01,5.000000e-01,0.000000e+00,0.000000e+00,0.000000e+00,0.000000e+00,0.000000e+00,0.000000e+00,0.000000e+00,0.000000e+00,0.000000e+00,0.000000e+00,0.000000e+00,0.000000e+00,0.000000e+00,0.000000e+00,0.000000e+00,0.000000e+00,0.000000e+00,0.000000e+00
4.650000e+01,-1,5.000000e-01,5.000000e-01,5.000000e-01,5.000000e-01,5.000000e-01,5.000000e-01,5.000000e-01,5.000000e-01,5.000000e-01,5.000000e-01,5.000000e-01,5.000000e-01,5.000000e-01,5.000000e-01,5.000000e-01,5.000000e-01,5.000000e-01,5.000000e-01,0.000000e+00,0.000000e+00,0.000000e+00,0.000000e+00,0.000000e+00,0.000000e+00,0.000000e+00,0.000000e+00,0.000000e+00,0.000000e+00,0.000000e+00,0.000000e+00,0.000000e+00,0.000000e+00,0.000000e+00,0.000000e+00,0.000000e+00,0.000000e+00
4.660000e+01,-1,5.000000e-01,5.000000e-01,5.000000e-01,5.000000e-01,5.000000e-01,5.000000e-01,5.000000e-01,5.000000e-01,5.000000e-01,5.000000e-01,5.000000e-01,5.000000e-01,5.000000e-01,5.000000e-01,5.000000e-01,5.000000e-01,5.000000e-01,5.000000e-01,0.000000e+00,0.000000e+00,0.000000e+00,0.000000e+00,0.000000e+00,0.000000e+00,0.000000e+00,0.000000e+00,0.000000e+00,0.000000e+00,0.000000e+00,0.000000e+00,0.000000e+00,0.000000e+00,0.000000e+00,0.000000e+00,0.000000e+00,0.000000e+00
4.670000e+01,-1,5.000000e-01,5.000000e-01,5.000000e-01,5.000000e-01,5.000000e-01,5.000000e-01,5.000000e-01,5.000000e-01,5.000000e-01,5.000000e-01,5.000000e-01,5.000000e-01,5.000000e-01,5.000000e-01,5.000000e-01,5.000000e-01,5.000000e-01,5.000000e-01,0.000000e+00,0.000000e+00,0.000000e+00,0.000000e+00,0.000000e+00,0.000000e+00,0.000000e+00,0.000000e+00,0.000000e+00,0.000000e+00,0.000000e+00,0.000000e+00,0.000000e+00,0.000000e+00,0.000000e+00,0.000000e+00,0.000000e+00,0.000000e+00
4.680000e+01,-1,5.000000e-01,5.000000e-01,5.000000e-01,5.000000e-01,5.000000e-01,5.000000e-01,5.000000e-01,5.000000e-01,5.000000e-01,5.000000e-01,5.000000e-01,5.000000e-01,5.000000e-01,5.000000e-01,5.000000e-01,5.000000e-01,5.000000e-01,5.000000e-01,0.000000e+00,0.000000e+00,0.000000e+00,0.000000e+00,0.000000e+00,0.000000e+00,0.000000e+00,0.000000e+00,0.000000e+00,0.000000e+00,0.000000e+00,0.000000e+00,0.000000e+00,0.000000e+00,0.000000e+00,0.000000e+00,0.000000e+00,0.000000e+00
4.690000e+01,-1,5.000000e-01,5.000000e-01,5.000000e-01,5.000000e-01,5.000000e-01,5.000000e-01,5.000000e-01,5.000000e-01,5.000000e-01,5.000000e-01,5.000000e-01,5.000000e-01,5.000000e-01,5.000000e-01,5.000000e-01,5.000000e-01,5.000000e-01,5.000000e-01,0.000000e+00,0.000000e+00,0.000000e+00,0.000000e+00,0.000000e+00,0.000000e+00,0.000000e+00,0.000000e+00,0.000000e+00,0.000000e+00,0.000000e+00,0.000000e+00,0.000000e+00,0.000000e+00,0.000000e+00,0.000000e+00,0.000000e+00,0.000000e+00
4.700000e+01,-1,5.000000e-01,5.000000e-01,5.000000e-01,5.000000e-01,5.000000e-01,5.000000e-01,5.000000e-01,5.000000e-01,5.000000e-01,5.000000e-01,5.000000e-01,5.000000e-01,5.000000e-01,5.000000e-01,5.000000e-01,5.000000e-01,5.000000e-01,5.000000e-01,0.000000e+00,0.000000e+00,0.000000e+00,0.000000e+00,0.000000e+00,0.000000e+00,0.000000e+00,0.000000e+00,0.000000e+00,0.000000e+00,0.000000e+00,0.000000e+00,0.000000e+00,0.000000e+00,0.000000e+00,0.000000e+00,0.000000e+00,0.000000e+00
4.710000e+01,-1,5.000000e-01,5.000000e-01,5.000000e-01,5.000000e-01,5.000000e-01,5.000000e-01,5.000000e-01,5.000000e-01,5.000000e-01,5.000000e-01,5.000000e-01,5.000000e-01,5.000000e-01,5.000000e-01,5.000000e-01,5.000000e-01,5.000000e-01,5.000000e-01,0.000000e+00,0.000000e+00,0.000000e+00,0.000000e+00,0.000000e+00,0.000000e+00,0.000000e+00,0.000000e+00,0.000000e+00,0.000000e+00,0.000000e+00,0.000000e+00,0.000000e+00,0.000000e+00,0.000000e+00,0.000000e+00,0.000000e+00,0.000000e+00
4.720000e+01,-1,5.000000e-01,5.000000e-01,5.000000e-01,5.000000e-01,5.000000e-01,5.000000e-01,5.000000e-01,5.000000e-01,5.000000e-01,5.000000e-01,5.000000e-01,5.000000e-01,5.000000e-01,5.000000e-01,5.000000e-01,5.000000e-01,5.000000e-01,5.000000e-01,0.000000e+00,0.000000e+00,0.000000e+00,0.000000e+00,0.000000e+00,0.000000e+00,0.000000e+00,0.000000e+00,0.000000e+00,0.000000e+00,0.000000e+00,0.000000e+00,0.000000e+00,0.000000e+00,0.000000e+00,0.000000e+00,0.000000e+00,0.000000e+00
4.730000e+01,-1,5.000000e-01,5.000000e-01,5.000000e-01,5.000000e-01,5.000000e-01,5.000000e-01,5.000000e-01,5.000000e-01,5.000000e-01,5.000000e-01,5.000000e-01,5.000000e-01,5.000000e-01,5.000000e-01,5.000000e-01,5.000000e-01,5.000000e-01,5.000000e-01,0.000000e+00,0.000000e+00,0.000000e+00,0.000000e+00,0.000000e+00,0.000000e+00,0.000000e+00,0.000000e+00,0.000000e+00,0.000000e+00,0.000000e+00,0.000000e+00,0.000000e+00,0.000000e+00,0.000000e+00,0.000000e+00,0.000000e+00,0.000000e+00
4.740000e+01,-1,5.000000e-01,5.000000e-01,5.000000e-01,5.000000e-01,5.000000e-01,5.000000e-01,5.000000e-01,5.000000e-01,5.000000e-01,5.000000e-01,5.000000e-01,5.000000e-01,5.000000e-01,5.000000e-01,5.000000e-01,5.000000e-01,5.000000e-01,5.000000e-01,0.000000e+00,0.000000e+00,0.000000e+00,0.000000e+00,0.000000e+00,0.000000e+00,0.000000e+00,0.000000e+00,0.000000e+00,0.000000e+00,0.000000e+00,0.000000e+00,0.000000e+00,0.000000e+00,0.000000e+00,0.000000e+00,0.000000e+00,0.000000e+00
4.750000e+01,-1,5.000000e-01,5.000000e-01,5.000000e-01,5.000000e-01,5.000000e-01,5.000000e-01,5.000000e-01,5.000000e-01,5.000000e-01,5.000000e-01,5.000000e-01,5.000000e-01,5.000000e-01,5.000000e-01,5.000000e-01,5.000000e-01,5.000000e-01,5.000000e-01,0.000000e+00,0.000000e+00,0.000000e+00,0.000000e+00,0.000000e+00,0.000000e+00,0.000000e+00,0.000000e+00,0.000000e+00,0.000000e+00,0.000000e+00,0.000000e+00,0.000000e+00,0.000000e+00,0.000000e+00,0.000000e+00,0.000000e+00,0.000000e+00
4.760000e+01,-1,5.000000e-01,5.000000e-01,5.000000e-01,5.000000e-01,5.000000e-01,5.000000e-01,5.000000e-01,5.000000e-01,5.000000e-01,5.000000e-01,5.000000e-01,5.000000e-01,5.000000e-01,5.000000e-01,5.000000e-01,5.000000e-01,5.000000e-01,5.000000e-01,0.000000e+00,0.000000e+00,0.000000e+00,0.000000e+00,0.000000e+00,0.000000e+00,0.000000e+00,0.000000e+00,0.000000e+00,0.000000e+00,0.000000e+00,0.000000e+00,0.000000e+00,0.000000e+00,0.000000e+00,0.000000e+00,0.000000e+00,0.000000e+00
4.770000e+01,-1,5.000000e-01,5.000000e-01,5.000000e-01,5.000000e-01,5.000000e-01,5.000000e-01,5.000000e-01,5.000000e-01,5.000000e-01,5.000000e-01,5.000000e-01,5.000000e-01,5.000000e-01,5.000000e-01,5.000000e-01,5.000000e-01,5.000000e-01,5.000000e-01,0.000000e+00,0.000000e+00,0.000000e+00,0.000000e+00,0.000000e+00,0.000000e+00,0.000000e+00,0.000000e+00,0.000000e+00,0.000000e+00,0.000000e+00,0.000000e+00,0.000000e+00,0.000000e+00,0.000000e+00,0.000000e+00,0.000000e+00,0.000000e+00
4.780000e+01,-1,5.000000e-01,5.000000e-01,5.000000e-01,5.000000e-01,5.000000e-01,5.000000e-01,5.000000e-01,5.000000e-01,5.000000e-01,5.000000e-01,5.000000e-01,5.000000e-01,5.000000e-01,5.000000e-01,5.000000e-01,5.000000e-01,5.000000e-01,5.000000e-01,0.000000e+00,0.000000e+00,0.000000e+00,0.000000e+00,0.000000e+00,0.000000e+00,0.000000e+00,0.000000e+00,0.000000e+00,0.000000e+00,0.000000e+00,0.000000e+00,0.000000e+00,0.000000e+00,0.000000e+00,0.000000e+00,0.000000e+00,0.000000e+00
4.790000e+01,-1,5.000000e-01,5.000000e-01,5.000000e-01,5.000000e-01,5.000000e-01,5.000000e-01,5.000000e-01,5.000000e-01,5.000000e-01,5.000000e-01,5.000000e-01,5.000000e-01,5.000000e-01,5.000000e-01,5.000000e-01,5.000000e-01,5.000000e-01,5.000000e-01,0.000000e+00,0.000000e+00,0.000000e+00,0.000000e+00,0.000000e+00,0.000000e+00,0.000000e+00,0.000000e+00,0.000000e+00,0.000000e+00,0.000000e+00,0.000000e+00,0.000000e+00,0.000000e+00,0.000000e+00,0.000000e+00,0.000000e+00,0.000000e+00
4.800000e+01,-1,5.000000e-01,5.000000e-01,5.000000e-01,5.000000e-01,5.000000e-01,5.000000e-01,5.000000e-01,5.000000e-01,5.000000e-01,5.000000e-01,5.000000e-01,5.000000e-01,5.000000e-01,5.000000e-01,5.000000e-01,5.000000e-01,5.000000e-01,5.000000e-01,0.000000e+00,0.000000e+00,0.000000e+00,0.000000e+00,0.000000e+00,0.000000e+00,0.000000e+00,0.000000e+00,0.000000e+00,0.000000e+00,0.000000e+00,0.000000e+00,0.000000e+00,0.000000e+00,0.000000e+00,0.000000e+00,0.000000e+00,0.000000e+00
4.810000e+01,-1,5.000000e-01,5.000000e-01,5.000000e-01,5.000000e-01,5.000000e-01,5.000000e-01,5.000000e-01,5.000000e-01,5.000000e-01,5.000000e-01,5.000000e-01,5.000000e-01,5.000000e-01,5.000000e-01,5.000000e-01,5.000000e-01,5.000000e-01,5.000000e-01,0.000000e+00,0.000000e+00,0.000000e+00,0.000000e+00,0.000000e+00,0.000000e+00,0.000000e+00,0.000000e+00,0.000000e+00,0.000000e+00,0.000000e+00,0.000000e+00,0.000000e+00,0.000000e+00,0.000000e+00,0.000000e+00,0.000000e+00,0.000000e+00
4.820000e+01,-1,5.000000e-01,5.000000e-01,5.000000e-01,5.000000e-01,5.000000e-01,5.000000e-01,5.000000e-01,5.000000e-01,5.000000e-01,5.000000e-01,5.000000e-01,5.000000e-01,5.000000e-01,5.000000e-01,5.000000e-01,5.000000e-01,5.000000e-01,5.000000e-01,0.000000e+00,0.000000e+00,0.000000e+00,0.000000e+00,0.000000e+00,0.000000e+00,0.000000e+00,0.000000e+00,0.000000e+00,0.000000e+00,0.000000e+00,0.000000e+00,0.000000e+00,0.000000e+00,0.000000e+00,0.000000e+00,0.000000e+00,0.000000e+00
4.830000e+01,-1,5.000000e-01,5.000000e-01,5.000000e-01,5.000000e-01,5.000000e-01,5.000000e-01,5.000000e-01,5.000000e-01,5.000000e-01,5.000000e-01,5.000000e-01,5.000000e-01,5.000000e-01,5.000000e-01,5.000000e-01,5.000000e-01,5.000000e-01,5.000000e-01,0.000000e+00,0.000000e+00,0.000000e+00,0.000000e+00,0.000000e+00,0.000000e+00,0.000000e+00,0.000000e+00,0.000000e+00,0.000000e+00,0.000000e+00,0.000000e+00,0.000000e+00,0.000000e+00,0.000000e+00,0.000000e+00,0.000000e+00,0.000000e+00
4.840000e+01,-1,5.000000e-01,5.000000e-01,5.000000e-01,5.000000e-01,5.000000e-01,5.000000e-01,5.000000e-01,5.000000e-01,5.000000e-01,5.000000e-01,5.000000e-01,5.000000e-01,5.000000e-01,5.000000e-01,5.000000e-01,5.000000e-01,5.000000e-01,5.000000e-01,0.000000e+00,0.000000e+00,0.000000e+00,0.000000e+00,0.000000e+00,0.000000e+00,0.000000e+00,0.000000e+00,0.000000e+00,0.000000e+00,0.000000e+00,0.000000e+00,0.000000e+00,0.000000e+00,0.000000e+00,0.000000e+00,0.000000e+00,0.000000e+00
4.850000e+01,-1,5.000000e-01,5.000000e-01,5.000000e-01,5.000000e-01,5.000000e-01,5.000000e-01,5.000000e-01,5.000000e-01,5.000000e-01,5.000000e-01,5.000000e-01,5.000000e-01,5.000000e-01,5.000000e-01,5.000000e-01,5.000000e-01,5.000000e-01,5.000000e-01,0.000000e+00,0.000000e+00,0.000000e+00,0.000000e+00,0.000000e+00,0.000000e+00,0.000000e+00,0.000000e+00,0.000000e+00,0.000000e+00,0.000000e+00,0.000000e+00,0.000000e+00,0.000000e+00,0.000000e+00,0.000000e+00,0.000000e+00,0.000000e+00
4.860000e+01,-1,5.000000e-01,5.000000e-01,5.000000e-01,5.000000e-01,5.000000e-01,5.000000e-01,5.000000e-01,5.000000e-01,5.000000e-01,5.000000e-01,5.000000e-01,5.000000e-01,5.000000e-01,5.000000e-01,5.000000e-01,5.000000e-01,5.000000e-01,5.000000e-01,0.000000e+00,0.000000e+00,0.000000e+00,0.000000e+00,0.000000e+00,0.000000e+00,0.000000e+00,0.000000e+00,0.000000e+00,0.000000e+00,0.000000e+00,0.000000e+00,0.000000e+00,0.000000e+00,0.000000e+00,0.000000e+00,0.000000e+00,0.000000e+00
4.870000e+01,-1,5.000000e-01,5.000000e-01,5.000000e-01,5.000000e-01,5.000000e-01,5.000000e-01,5.000000e-01,5.000000e-01,5.000000e-01,5.000000e-01,5.000000e-01,5.000000e-01,5.000000e-01,5.000000e-01,5.000000e-01,5.000000e-01,5.000000e-01,5.000000e-01,0.000000e+00,0.000000e+00,0.000000e+00,0.000000e+00,0.000000e+00,0.000000e+00,0.000000e+00,0.000000e+00,0.000000e+00,0.000000e+00,0.000000e+00,0.000000e+00,0.000000e+00,0.000000e+00,0.000000e+00,0.000000e+00,0.000000e+00,0.000000e+00
4.880000e+01,-1,5.000000e-01,5.000000e-01,5.000000e-01,5.000000e-01,5.000000e-01,5.000000e-01,5.000000e-01,5.000000e-01,5.000000e-01,5.000000e-01,5.000000e-01,5.000000e-01,5.000000e-01,5.000000e-01,5.000000e-01,5.000000e-01,5.000000e-01,5.000000e-01,0.000000e+00,0.000000e+00,0.000000e+00,0.000000e+00,0.000000e+00,0.000000e+00,0.000000e+00,0.000000e+00,0.000000e+00,0.000000e+00,0.000000e+00,0.000000e+00,0.000000e+00,0.000000e+00,0.000000e+00,0.000000e+00,0.000000e+00,0.000000e+00
4.890000e+01,-1,5.000000e-01,5.000000e-01,5.000000e-01,5.000000e-01,5.000000e-01,5.000000e-01,5.000000e-01,5.000000e-01,5.000000e-01,5.000000e-01,5.000000e-01,5.000000e-01,5.000000e-01,5.000000e-01,5.000000e-01,5.000000e-01,5.000000e-01,5.000000e-01,0.000000e+00,0.000000e+00,0.000000e+00,0.000000e+00,0.000000e+00,0.000000e+00,0.000000e+00,0.000000e+00,0.000000e+00,0.000000e+00,0.000000e+00,0.000000e+00,0.000000e+00,0.000000e+00,0.000000e+00,0.000000e+00,0.000000e+00,0.000000e+00
4.900000e+01,-1,5.000000e-01,5.000000e-01,5.000000e-01,5.000000e-01,5.000000e-01,5.000000e-01,5.000000e-01,5.000000e-01,5.000000e-01,5.000000e-01,5.000000e-01,5.000000e-01,5.000000e-01,5.000000e-01,5.000000e-01,5.000000e-01,5.000000e-01,5.000000e-01,0.000000e+00,0.000000e+00,0.000000e+00,0.000000e+00,0.000000e+00,0.000000e+00,0.000000e+00,0.000000e+00,0.000000e+00,0.000000e+00,0.000000e+00,0.000000e+00,0.000000e+00,0.000000e+00,0.000000e+00,0.000000e+00,0.000000e+00,0.000000e+00
4.910000e+01,-1,5.000000e-01,5.000000e-01,5.000000e-01,5.000000e-01,5.000000e-01,5.000000e-01,5.000000e-01,5.000000e-01,5.000000e-01,5.000000e-01,5.000000e-01,5.000000e-01,5.000000e-01,5.000000e-01,5.000000e-01,5.000000e-01,5.000000e-01,5.000000e-01,0.000000e+00,0.000000e+00,0.000000e+00,0.000000e+00,0.000000e+00,0.000000e+00,0.000000e+00,0.000000e+00,0.000000e+00,0.000000e+00,0.000000e+00,0.000000e+00,0.000000e+00,0.000000e+00,0.000000e+00,0.000000e+00,0.000000e+00,0.000000e+00
4.920000e+01,-1,5.000000e-01,5.000000e-01,5.000000e-01,5.000000e-01,5.000000e-01,5.000000e-01,5.000000e-01,5.000000e-01,5.000000e-01,5.000000e-01,5.000000e-01,5.000000e-01,5.000000e-01,5.000000e-01,5.000000e-01,5.000000e-01,5.000000e-01,5.000000e-01,0.000000e+00,0.000000e+00,0.000000e+00,0.000000e+00,0.000000e+00,0.000000e+00,0.000000e+00,0.000000e+00,0.000000e+00,0.000000e+00,0.000000e+00,0.000000e+00,0.000000e+00,0.000000e+00,0.000000e+00,0.000000e+00,0.000000e+00,0.000000e+00
4.930000e+01,-1,5.000000e-01,5.000000e-01,5.000000e-01,5.000000e-01,5.000000e-01,5.000000e-01,5.000000e-01,5.000000e-01,5.000000e-01,5.000000e-01,5.000000e-01,5.000000e-01,5.000000e-01,5.000000e-01,5.000000e-01,5.000000e-01,5.000000e-01,5.000000e-01,0.000000e+00,0.000000e+00,0.000000e+00,0.000000e+00,0.000000e+00,0.000000e+00,0.000000e+00,0.000000e+00,0.000000e+00,0.000000e+00,0.000000e+00,0.000000e+00,0.000000e+00,0.000000e+00,0.000000e+00,0.000000e+00,0.000000e+00,0.000000e+00
4.940000e+01,-1,5.000000e-01,5.000000e-01,5.000000e-01,5.000000e-01,5.000000e-01,5.000000e-01,5.000000e-01,5.000000e-01,5.000000e-01,5.000000e-01,5.000000e-01,5.000000e-01,5.000000e-01,5.000000e-01,5.000000e-01,5.000000e-01,5.000000e-01,5.000000e-01,0.000000e+00,0.000000e+00,0.000000e+00,0.000000e+00,0.000000e+00,0.000000e+00,0.000000e+00,0.000000e+00,0.000000e+00,0.000000e+00,0.000000e+00,0.000000e+00,0.000000e+00,0.000000e+00,0.000000e+00,0.000000e+00,0.000000e+00,0.000000e+00
4.950000e+01,-1,5.000000e-01,5.000000e-01,5.000000e-01,5.000000e-01,5.000000e-01,5.000000e-01,5.000000e-01,5.000000e-01,5.000000e-01,5.000000e-01,5.000000e-01,5.000000e-01,5.000000e-01,5.000000e-01,5.000000e-01,5.000000e-01,5.000000e-01,5.000000e-01,0.000000e+00,0.000000e+00,0.000000e+00,0.000000e+00,0.000000e+00,0.000000e+00,0.000000e+00,0.000000e+00,0.000000e+00,0.000000e+00,0.000000e+00,0.000000e+00,0.000000e+00,0.000000e+00,0.000000e+00,0.000000e+00,0.000000e+00,0.000000e+00
4.960000e+01,-1,5.000000e-01,5.000000e-01,5.000000e-01,5.000000e-01,5.000000e-01,5.000000e-01,5.000000e-01,5.000000e-01,5.000000e-01,5.000000e-01,5.000000e-01,5.000000e-01,5.000000e-01,5.000000e-01,5.000000e-01,5.000000e-01,5.000000e-01,5.000000e-01,0.000000e+00,0.000000e+00,0.000000e+00,0.000000e+00,0.000000e+00,0.000000e+00,0.000000e+00,0.000000e+00,0.000000e+00,0.000000e+00,0.000000e+00,0.000000e+00,0.000000e+00,0.000000e+00,0.000000e+00,0.000000e+00,0.000000e+00,0.000000e+00
4.970000e+01,-1,5.000000e-01,5.000000e-01,5.000000e-01,5.000000e-01,5.000000e-01,5.000000e-01,5.000000e-01,5.000000e-01,5.000000e-01,5.000000e-01,5.000000e-01,5.000000e-01,5.000000e-01,5.000000e-01,5.000000e-01,5.000000e-01,5.000000e-01,5.000000e-01,0.000000e+00,0.000000e+00,0.000000e+00,0.000000e+00,0.000000e+00,0.000000e+00,0.000000e+00,0.000000e+00,0.000000e+00,0.000000e+00,0.000000e+00,0.000000e+00,0.000000e+00,0.000000e+00,0.000000e+00,0.000000e+00,0.000000e+00,0.000000e+00
4.980000e+01,-1,5.000000e-01,5.000000e-01,5.000000e-01,5.000000e-01,5.000000e-01,5.000000e-01,5.000000e-01,5.000000e-01,5.000000e-01,5.000000e-01,5.000000e-01,5.000000e-01,5.000000e-01,5.000000e-01,5.000000e-01,5.000000e-01,5.000000e-01,5.000000e-01,0.000000e+00,0.000000e+00,0.000000e+00,0.000000e+00,0.000000e+00,0.000000e+00,0.000000e+00,0.000000e+00,0.000000e+00,0.000000e+00,0.000000e+00,0.000000e+00,0.000000e+00,0.000000e+00,0.000000e+00,0.000000e+00,0.000000e+00,0.000000e+00
4.990000e+01,-1,5.000000e-01,5.000000e-01,5.000000e-01,5.000000e-01,5.000000e-01,5.000000e-01,5.000000e-01,5.000000e-01,5.000000e-01,5.000000e-01,5.000000e-01,5.000000e-01,5.000000e-01,5.000000e-01,5.000000e-01,5.000000e-01,5.000000e-01,5.000000e-01,0.000000e+00,0.000000e+00,0.000000e+00,0.000000e+00,0.000000e+00,0.000000e+00,0.000000e+00,0.000000e+00,0.000000e+00,0.000000e+00,0.000000e+00,0.000000e+00,0.000000e+00,0.000000e+00,0.000000e+00,0.000000e+00,0.000000e+00,0.000000e+00
5.000000e+01,-1,5.000000e-01,5.000000e-01,5.000000e-01,5.000000e-01,5.000000e-01,5.000000e-01,5.000000e-01,5.000000e-01,5.000000e-01,5.000000e-01,5.000000e-01,5.000000e-01,5.000000e-01,5.000000e-01,5.000000e-01,5.000000e-01,5.000000e-01,5.000000e-01,0.000000e+00,0.000000e+00,0.000000e+00,0.000000e+00,0.000000e+00,0.000000e+00,0.000000e+00,0.000000e+00,0.000000e+00,0.000000e+00,0.000000e+00,0.000000e+00,0.000000e+00,0.000000e+00,0.000000e+00,0.000000e+00,0.000000e+00,0.000000e+00
5.010000e+01,-1,5.000000e-01,5.000000e-01,5.000000e-01,5.000000e-01,5.000000e-01,5.000000e-01,5.000000e-01,5.000000e-01,5.000000e-01,5.000000e-01,5.000000e-01,5.000000e-01,5.000000e-01,5.000000e-01,5.000000e-01,5.000000e-01,5.000000e-01,5.000000e-01,0.000000e+00,0.000000e+00,0.000000e+00,0.000000e+00,0.000000e+00,0.000000e+00,0.000000e+00,0.000000e+00,0.000000e+00,0.000000e+00,0.000000e+00,0.000000e+00,0.000000e+00,0.000000e+00,0.000000e+00,0.000000e+00,0.000000e+00,0.000000e+00
5.020000e+01,-1,5.000000e-01,5.000000e-01,5.000000e-01,5.000000e-01,5.000000e-01,5.000000e-01,5.000000e-01,5.000000e-01,5.000000e-01,5.000000e-01,5.000000e-01,5.000000e-01,5.000000e-01,5.000000e-01,5.000000e-01,5.000000e-01,5.000000e-01,5.000000e-01,0.000000e+00,0.000000e+00,0.000000e+00,0.000000e+00,0.000000e+00,0.000000e+00,0.000000e+00,0.000000e+00,0.000000e+00,0.000000e+00,0.000000e+00,0.000000e+00,0.000000e+00,0.000000e+00,0.000000e+00,0.000000e+00,0.000000e+00,0.000000e+00
5.030000e+01,-1,5.000000e-01,5.000000e-01,5.000000e-01,5.000000e-01,5.000000e-01,5.000000e-01,5.000000e-01,5.000000e-01,5.000000e-01,5.000000e-01,5.000000e-01,5.000000e-01,5.000000e-01,5.000000e-01,5.000000e-01,5.000000e-01,5.000000e-01,5.000000e-01,0.000000e+00,0.000000e+00,0.000000e+00,0.000000e+00,0.000000e+00,0.000000e+00,0.000000e+00,0.000000e+00,0.000000e+00,0.000000e+00,0.000000e+00,0.000000e+00,0.000000e+00,0.000000e+00,0.000000e+00,0.000000e+00,0.000000e+00,0.000000e+00
5.040000e+01,-1,5.000000e-01,5.000000e-01,5.000000e-01,5.000000e-01,5.000000e-01,5.000000e-01,5.000000e-01,5.000000e-01,5.000000e-01,5.000000e-01,5.000000e-01,5.000000e-01,5.000000e-01,5.000000e-01,5.000000e-01,5.000000e-01,5.000000e-01,5.000000e-01,0.000000e+00,0.000000e+00,0.000000e+00,0.000000e+00,0.000000e+00,0.000000e+00,0.000000e+00,0.000000e+00,0.000000e+00,0.000000e+00,0.000000e+00,0.000000e+00,0.000000e+00,0.000000e+00,0.000000e+00,0.000000e+00,0.000000e+00,0.000000e+00
5.050000e+01,-1,5.000000e-01,5.000000e-01,5.000000e-01,5.000000e-01,5.000000e-01,5.000000e-01,5.000000e-01,5.000000e-01,5.000000e-01,5.000000e-01,5.000000e-01,5.000000e-01,5.000000e-01,5.000000e-01,5.000000e-01,5.000000e-01,5.000000e-01,5.000000e-01,0.000000e+00,0.000000e+00,0.000000e+00,0.000000e+00,0.000000e+00,0.000000e+00,0.000000e+00,0.000000e+00,0.000000e+00,0.000000e+00,0.000000e+00,0.000000e+00,0.000000e+00,0.000000e+00,0.000000e+00,0.000000e+00,0.000000e+00,0.000000e+00
5.060000e+01,-1,5.000000e-01,5.000000e-01,5.000000e-01,5.000000e-01,5.000000e-01,5.000000e-01,5.000000e-01,5.000000e-01,5.000000e-01,5.000000e-01,5.000000e-01,5.000000e-01,5.000000e-01,5.000000e-01,5.000000e-01,5.000000e-01,5.000000e-01,5.000000e-01,0.000000e+00,0.000000e+00,0.000000e+00,0.000000e+00,0.000000e+00,0.000000e+00,0.000000e+00,0.000000e+00,0.000000e+00,0.000000e+00,0.000000e+00,0.000000e+00,0.000000e+00,0.000000e+00,0.000000e+00,0.000000e+00,0.000000e+00,0.000000e+00
5.070000e+01,-1,5.000000e-01,5.000000e-01,5.000000e-01,5.000000e-01,5.000000e-01,5.000000e-01,5.000000e-01,5.000000e-01,5.000000e-01,5.000000e-01,5.000000e-01,5.000000e-01,5.000000e-01,5.000000e-01,5.000000e-01,5.000000e-01,5.000000e-01,5.000000e-01,0.000000e+00,0.000000e+00,0.000000e+00,0.000000e+00,0.000000e+00,0.000000e+00,0.000000e+00,0.000000e+00,0.000000e+00,0.000000e+00,0.000000e+00,0.000000e+00,0.000000e+00,0.000000e+00,0.000000e+00,0.000000e+00,0.000000e+00,0.000000e+00
5.080000e+01,-1,5.000000e-01,5.000000e-01,5.000000e-01,5.000000e-01,5.000000e-01,5.000000e-01,5.000000e-01,5.000000e-01,5.000000e-01,5.000000e-01,5.000000e-01,5.000000e-01,5.000000e-01,5.000000e-01,5.000000e-01,5.000000e-01,5.000000e-01,5.000000e-01,0.000000e+00,0.000000e+00,0.000000e+00,0.000000e+00,0.000000e+00,0.000000e+00,0.000000e+00,0.000000e+00,0.000000e+00,0.000000e+00,0.000000e+00,0.000000e+00,0.000000e+00,0.000000e+00,0.000000e+00,0.000000e+00,0.000000e+00,0.000000e+00
5.090000e+01,-1,5.000000e-01,5.000000e-01,5.000000e-01,5.000000e-01,5.000000e-01,5.000000e-01,5.000000e-01,5.000000e-01,5.000000e-01,5.000000e-01,5.000000e-01,5.000000e-01,5.000000e-01,5.000000e-01,5.000000e-01,5.000000e-01,5.000000e-01,5.000000e-01,0.000000e+00,0.000000e+00,0.000000e+00,0.000000e+00,0.000000e+00,0.000000e+00,0.000000e+00,0.000000e+00,0.000000e+00,0.000000e+00,0.000000e+00,0.000000e+00,0.000000e+00,0.000000e+00,0.000000e+00,0.000000e+00,0.000000e+00,0.000000e+00
5.100000e+01,-1,5.000000e-01,5.000000e-01,5.000000e-01,5.000000e-01,5.000000e-01,5.000000e-01,5.000000e-01,5.000000e-01,5.000000e-01,5.000000e-01,5.000000e-01,5.000000e-01,5.000000e-01,5.000000e-01,5.000000e-01,5.000000e-01,5.000000e-01,5.000000e-01,0.000000e+00,0.000000e+00,0.000000e+00,0.000000e+00,0.000000e+00,0.000000e+00,0.000000e+00,0.000000e+00,0.000000e+00,0.000000e+00,0.000000e+00,0.000000e+00,0.000000e+00,0.000000e+00,0.000000e+00,0.000000e+00,0.000000e+00,0.000000e+00
5.110000e+01,-1,5.000000e-01,5.000000e-01,5.000000e-01,5.000000e-01,5.000000e-01,5.000000e-01,5.000000e-01,5.000000e-01,5.000000e-01,5.000000e-01,5.000000e-01,5.000000e-01,5.000000e-01,5.000000e-01,5.000000e-01,5.000000e-01,5.000000e-01,5.000000e-01,0.000000e+00,0.000000e+00,0.000000e+00,0.000000e+00,0.000000e+00,0.000000e+00,0.000000e+00,0.000000e+00,0.000000e+00,0.000000e+00,0.000000e+00,0.000000e+00,0.000000e+00,0.000000e+00,0.000000e+00,0.000000e+00,0.000000e+00,0.000000e+00
5.120000e+01,-1,5.000000e-01,5.000000e-01,5.000000e-01,5.000000e-01,5.000000e-01,5.000000e-01,5.000000e-01,5.000000e-01,5.000000e-01,5.000000e-01,5.000000e-01,5.000000e-01,5.000000e-01,5.000000e-01,5.000000e-01,5.000000e-01,5.000000e-01,5.000000e-01,0.000000e+00,0.000000e+00,0.000000e+00,0.000000e+00,0.000000e+00,0.000000e+00,0.000000e+00,0.000000e+00,0.000000e+00,0.000000e+00,0.000000e+00,0.000000e+00,0.000000e+00,0.000000e+00,0.000000e+00,0.000000e+00,0.000000e+00,0.000000e+00
5.130000e+01,-1,5.000000e-01,5.000000e-01,5.000000e-01,5.000000e-01,5.000000e-01,5.000000e-01,5.000000e-01,5.000000e-01,5.000000e-01,5.000000e-01,5.000000e-01,5.000000e-01,5.000000e-01,5.000000e-01,5.000000e-01,5.000000e-01,5.000000e-01,5.000000e-01,0.000000e+00,0.000000e+00,0.000000e+00,0.000000e+00,0.000000e+00,0.000000e+00,0.000000e+00,0.000000e+00,0.000000e+00,0.000000e+00,0.000000e+00,0.000000e+00,0.000000e+00,0.000000e+00,0.000000e+00,0.000000e+00,0.000000e+00,0.000000e+00
5.140000e+01,-1,5.000000e-01,5.000000e-01,5.000000e-01,5.000000e-01,5.000000e-01,5.000000e-01,5.000000e-01,5.000000e-01,5.000000e-01,5.000000e-01,5.000000e-01,5.000000e-01,5.000000e-01,5.000000e-01,5.000000e-01,5.000000e-01,5.000000e-01,5.000000e-01,0.000000e+00,0.000000e+00,0.000000e+00,0.000000e+00,0.000000e+00,0.000000e+00,0.000000e+00,0.000000e+00,0.000000e+00,0.000000e+00,0.000000e+00,0.000000e+00,0.000000e+00,0.000000e+00,0.000000e+00,0.000000e+00,0.000000e+00,0.000000e+00
5.150000e+01,-1,5.000000e-01,5.000000e-01,5.000000e-01,5.000000e-01,5.000000e-01,5.000000e-01,5.000000e-01,5.000000e-01,5.000000e-01,5.000000e-01,5.000000e-01,5.000000e-01,5.000000e-01,5.000000e-01,5.000000e-01,5.000000e-01,5.000000e-01,5.000000e-01,0.000000e+00,0.000000e+00,0.000000e+00,0.000000e+00,0.000000e+00,0.000000e+00,0.000000e+00,0.000000e+00,0.000000e+00,0.000000e+00,0.000000e+00,0.000000e+00,0.000000e+00,0.000000e+00,0.000000e+00,0.000000e+00,0.000000e+00,0.000000e+00
5.160000e+01,-1,5.000000e-01,5.000000e-01,5.000000e-01,5.000000e-01,5.000000e-01,5.000000e-01,5.000000e-01,5.000000e-01,5.000000e-01,5.000000e-01,5.000000e-01,5.000000e-01,5.000000e-01,5.000000e-01,5.000000e-01,5.000000e-01,5.000000e-01,5.000000e-01,0.000000e+00,0.000000e+00,0.000000e+00,0.000000e+00,0.000000e+00,0.000000e+00,0.000000e+00,0.000000e+00,0.000000e+00,0.000000e+00,0.000000e+00,0.000000e+00,0.000000e+00,0.000000e+00,0.000000e+00,0.000000e+00,0.000000e+00,0.000000e+00
5.170000e+01,-1,5.000000e-01,5.000000e-01,5.000000e-01,5.000000e-01,5.000000e-01,5.000000e-01,5.000000e-01,5.000000e-01,5.000000e-01,5.000000e-01,5.000000e-01,5.000000e-01,5.000000e-01,5.000000e-01,5.000000e-01,5.000000e-01,5.000000e-01,5.000000e-01,0.000000e+00,0.000000e+00,0.000000e+00,0.000000e+00,0.000000e+00,0.000000e+00,0.000000e+00,0.000000e+00,0.000000e+00,0.000000e+00,0.000000e+00,0.000000e+00,0.000000e+00,0.000000e+00,0.000000e+00,0.000000e+00,0.000000e+00,0.000000e+00
5.180000e+01,-1,5.000000e-01,5.000000e-01,5.000000e-01,5.000000e-01,5.000000e-01,5.000000e-01,5.000000e-01,5.000000e-01,5.000000e-01,5.000000e-01,5.000000e-01,5.000000e-01,5.000000e-01,5.000000e-01,5.000000e-01,5.000000e-01,5.000000e-01,5.000000e-01,0.000000e+00,0.000000e+00,0.000000e+00,0.000000e+00,0.000000e+00,0.000000e+00,0.000000e+00,0.000000e+00,0.000000e+00,0.000000e+00,0.000000e+00,0.000000e+00,0.000000e+00,0.000000e+00,0.000000e+00,0.000000e+00,0.000000e+00,0.000000e+00
5.190000e+01,-1,5.000000e-01,5.000000e-01,5.000000e-01,5.000000e-01,5.000000e-01,5.000000e-01,5.000000e-01,5.000000e-01,5.000000e-01,5.000000e-01,5.000000e-01,5.000000e-01,5.000000e-01,5.000000e-01,5.000000e-01,5.000000e-01,5.000000e-01,5.000000e-01,0.000000e+00,0.000000e+00,0.000000e+00,0.000000e+00,0.000000e+00,0.000000e+00,0.000000e+00,0.000000e+00,0.000000e+00,0.000000e+00,0.000000e+00,0.000000e+00,0.000000e+00,0.000000e+00,0.000000e+00,0.000000e+00,0.000000e+00,0.000000e+00
5.200000e+01,-1,5.000000e-01,5.000000e-01,5.000000e-01,5.000000e-01,5.000000e-01,5.000000e-01,5.000000e-01,5.000000e-01,5.000000e-01,5.000000e-01,5.000000e-01,5.000000e-01,5.000000e-01,5.000000e-01,5.000000e-01,5.000000e-01,5.000000e-01,5.000000e-01,0.000000e+00,0.000000e+00,0.000000e+00,0.000000e+00,0.000000e+00,0.000000e+00,0.000000e+00,0.000000e+00,0.000000e+00,0.000000e+00,0.000000e+00,0.000000e+00,0.000000e+00,0.000000e+00,0.000000e+00,0.000000e+00,0.000000e+00,0.000000e+00
5.210000e+01,-1,5.000000e-01,5.000000e-01,5.000000e-01,5.000000e-01,5.000000e-01,5.000000e-01,5.000000e-01,5.000000e-01,5.000000e-01,5.000000e-01,5.000000e-01,5.000000e-01,5.000000e-01,5.000000e-01,5.000000e-01,5.000000e-01,5.000000e-01,5.000000e-01,0.000000e+00,0.000000e+00,0.000000e+00,0.000000e+00,0.000000e+00,0.000000e+00,0.000000e+00,0.000000e+00,0.000000e+00,0.000000e+00,0.000000e+00,0.000000e+00,0.000000e+00,0.000000e+00,0.000000e+00,0.000000e+00,0.000000e+00,0.000000e+00
5.220000e+01,-1,5.000000e-01,5.000000e-01,5.000000e-01,5.000000e-01,5.000000e-01,5.000000e-01,5.000000e-01,5.000000e-01,5.000000e-01,5.000000e-01,5.000000e-01,5.000000e-01,5.000000e-01,5.000000e-01,5.000000e-01,5.000000e-01,5.000000e-01,5.000000e-01,0.000000e+00,0.000000e+00,0.000000e+00,0.000000e+00,0.000000e+00,0.000000e+00,0.000000e+00,0.000000e+00,0.000000e+00,0.000000e+00,0.000000e+00,0.000000e+00,0.000000e+00,0.000000e+00,0.000000e+00,0.000000e+00,0.000000e+00,0.000000e+00
5.230000e+01,-1,5.000000e-01,5.000000e-01,5.000000e-01,5.000000e-01,5.000000e-01,5.000000e-01,5.000000e-01,5.000000e-01,5.000000e-01,5.000000e-01,5.000000e-01,5.000000e-01,5.000000e-01,5.000000e-01,5.000000e-01,5.000000e-01,5.000000e-01,5.000000e-01,0.000000e+00,0.000000e+00,0.000000e+00,0.000000e+00,0.000000e+00,0.000000e+00,0.000000e+00,0.000000e+00,0.000000e+00,0.000000e+00,0.000000e+00,0.000000e+00,0.000000e+00,0.000000e+00,0.000000e+00,0.000000e+00,0.000000e+00,0.000000e+00
5.240000e+01,-1,5.000000e-01,5.000000e-01,5.000000e-01,5.000000e-01,5.000000e-01,5.000000e-01,5.000000e-01,5.000000e-01,5.000000e-01,5.000000e-01,5.000000e-01,5.000000e-01,5.000000e-01,5.000000e-01,5.000000e-01,5.000000e-01,5.000000e-01,5.000000e-01,0.000000e+00,0.000000e+00,0.000000e+00,0.000000e+00,0.000000e+00,0.000000e+00,0.000000e+00,0.000000e+00,0.000000e+00,0.000000e+00,0.000000e+00,0.000000e+00,0.000000e+00,0.000000e+00,0.000000e+00,0.000000e+00,0.000000e+00,0.000000e+00
5.250000e+01,-1,5.000000e-01,5.000000e-01,5.000000e-01,5.000000e-01,5.000000e-01,5.000000e-01,5.000000e-01,5.000000e-01,5.000000e-01,5.000000e-01,5.000000e-01,5.000000e-01,5.000000e-01,5.000000e-01,5.000000e-01,5.000000e-01,5.000000e-01,5.000000e-01,0.000000e+00,0.000000e+00,0.000000e+00,0.000000e+00,0.000000e+00,0.000000e+00,0.000000e+00,0.000000e+00,0.000000e+00,0.000000e+00,0.000000e+00,0.000000e+00,0.000000e+00,0.000000e+00,0.000000e+00,0.000000e+00,0.000000e+00,0.000000e+00
5.260000e+01,-1,5.000000e-01,5.000000e-01,5.000000e-01,5.000000e-01,5.000000e-01,5.000000e-01,5.000000e-01,5.000000e-01,5.000000e-01,5.000000e-01,5.000000e-01,5.000000e-01,5.000000e-01,5.000000e-01,5.000000e-01,5.000000e-01,5.000000e-01,5.000000e-01,0.000000e+00,0.000000e+00,0.000000e+00,0.000000e+00,0.000000e+00,0.000000e+00,0.000000e+00,0.000000e+00,0.000000e+00,0.000000e+00,0.000000e+00,0.000000e+00,0.000000e+00,0.000000e+00,0.000000e+00,0.000000e+00,0.000000e+00,0.000000e+00
5.270000e+01,-1,5.000000e-01,5.000000e-01,5.000000e-01,5.000000e-01,5.000000e-01,5.000000e-01,5.000000e-01,5.000000e-01,5.000000e-01,5.000000e-01,5.000000e-01,5.000000e-01,5.000000e-01,5.000000e-01,5.000000e-01,5.000000e-01,5.000000e-01,5.000000e-01,0.000000e+00,0.000000e+00,0.000000e+00,0.000000e+00,0.000000e+00,0.000000e+00,0.000000e+00,0.000000e+00,0.000000e+00,0.000000e+00,0.000000e+00,0.000000e+00,0.000000e+00,0.000000e+00,0.000000e+00,0.000000e+00,0.000000e+00,0.000000e+00
5.280000e+01,-1,5.000000e-01,5.000000e-01,5.000000e-01,5.000000e-01,5.000000e-01,5.000000e-01,5.000000e-01,5.000000e-01,5.000000e-01,5.000000e-01,5.000000e-01,5.000000e-01,5.000000e-01,5.000000e-01,5.000000e-01,5.000000e-01,5.000000e-01,5.000000e-01,0.000000e+00,0.000000e+00,0.000000e+00,0.000000e+00,0.000000e+00,0.000000e+00,0.000000e+00,0.000000e+00,0.000000e+00,0.000000e+00,0.000000e+00,0.000000e+00,0.000000e+00,0.000000e+00,0.000000e+00,0.000000e+00,0.000000e+00,0.000000e+00
5.290000e+01,-1,5.000000e-01,5.000000e-01,5.000000e-01,5.000000e-01,5.000000e-01,5.000000e-01,5.000000e-01,5.000000e-01,5.000000e-01,5.000000e-01,5.000000e-01,5.000000e-01,5.000000e-01,5.000000e-01,5.000000e-01,5.000000e-01,5.000000e-01,5.000000e-01,0.000000e+00,0.000000e+00,0.000000e+00,0.000000e+00,0.000000e+00,0.000000e+00,0.000000e+00,0.000000e+00,0.000000e+00,0.000000e+00,0.000000e+00,0.000000e+00,0.000000e+00,0.000000e+00,0.000000e+00,0.000000e+00,0.000000e+00,0.000000e+00
5.300000e+01,-1,5.000000e-01,5.000000e-01,5.000000e-01,5.000000e-01,5.000000e-01,5.000000e-01,5.000000e-01,5.000000e-01,5.000000e-01,5.000000e-01,5.000000e-01,5.000000e-01,5.000000e-01,5.000000e-01,5.000000e-01,5.000000e-01,5.000000e-01,5.000000e-01,0.000000e+00,0.000000e+00,0.000000e+00,0.000000e+00,0.000000e+00,0.000000e+00,0.000000e+00,0.000000e+00,0.000000e+00,0.000000e+00,0.000000e+00,0.000000e+00,0.000000e+00,0.000000e+00,0.000000e+00,0.000000e+00,0.000000e+00,0.000000e+00
5.310000e+01,-1,5.000000e-01,5.000000e-01,5.000000e-01,5.000000e-01,5.000000e-01,5.000000e-01,5.000000e-01,5.000000e-01,5.000000e-01,5.000000e-01,5.000000e-01,5.000000e-01,5.000000e-01,5.000000e-01,5.000000e-01,5.000000e-01,5.000000e-01,5.000000e-01,0.000000e+00,0.000000e+00,0.000000e+00,0.000000e+00,0.000000e+00,0.000000e+00,0.000000e+00,0.000000e+00,0.000000e+00,0.000000e+00,0.000000e+00,0.000000e+00,0.000000e+00,0.000000e+00,0.000000e+00,0.000000e+00,0.000000e+00,0.000000e+00
5.320000e+01,-1,5.000000e-01,5.000000e-01,5.000000e-01,5.000000e-01,5.000000e-01,5.000000e-01,5.000000e-01,5.000000e-01,5.000000e-01,5.000000e-01,5.000000e-01,5.000000e-01,5.000000e-01,5.000000e-01,5.000000e-01,5.000000e-01,5.000000e-01,5.000000e-01,0.000000e+00,0.000000e+00,0.000000e+00,0.000000e+00,0.000000e+00,0.000000e+00,0.000000e+00,0.000000e+00,0.000000e+00,0.000000e+00,0.000000e+00,0.000000e+00,0.000000e+00,0.000000e+00,0.000000e+00,0.000000e+00,0.000000e+00,0.000000e+00
5.330000e+01,-1,5.000000e-01,5.000000e-01,5.000000e-01,5.000000e-01,5.000000e-01,5.000000e-01,5.000000e-01,5.000000e-01,5.000000e-01,5.000000e-01,5.000000e-01,5.000000e-01,5.000000e-01,5.000000e-01,5.000000e-01,5.000000e-01,5.000000e-01,5.000000e-01,0.000000e+00,0.000000e+00,0.000000e+00,0.000000e+00,0.000000e+00,0.000000e+00,0.000000e+00,0.000000e+00,0.000000e+00,0.000000e+00,0.000000e+00,0.000000e+00,0.000000e+00,0.000000e+00,0.000000e+00,0.000000e+00,0.000000e+00,0.000000e+00
5.340000e+01,-1,5.000000e-01,5.000000e-01,5.000000e-01,5.000000e-01,5.000000e-01,5.000000e-01,5.000000e-01,5.000000e-01,5.000000e-01,5.000000e-01,5.000000e-01,5.000000e-01,5.000000e-01,5.000000e-01,5.000000e-01,5.000000e-01,5.000000e-01,5.000000e-01,0.000000e+00,0.000000e+00,0.000000e+00,0.000000e+00,0.000000e+00,0.000000e+00,0.000000e+00,0.000000e+00,0.000000e+00,0.000000e+00,0.000000e+00,0.000000e+00,0.000000e+00,0.000000e+00,0.000000e+00,0.000000e+00,0.000000e+00,0.000000e+00
5.350000e+01,-1,5.000000e-01,5.000000e-01,5.000000e-01,5.000000e-01,5.000000e-01,5.000000e-01,5.000000e-01,5.000000e-01,5.000000e-01,5.000000e-01,5.000000e-01,5.000000e-01,5.000000e-01,5.000000e-01,5.000000e-01,5.000000e-01,5.000000e-01,5.000000e-01,0.000000e+00,0.000000e+00,0.000000e+00,0.000000e+00,0.000000e+00,0.000000e+00,0.000000e+00,0.000000e+00,0.000000e+00,0.000000e+00,0.000000e+00,0.000000e+00,0.000000e+00,0.000000e+00,0.000000e+00,0.000000e+00,0.000000e+00,0.000000e+00
5.360000e+01,-1,5.000000e-01,5.000000e-01,5.000000e-01,5.000000e-01,5.000000e-01,5.000000e-01,5.000000e-01,5.000000e-01,5.000000e-01,5.000000e-01,5.000000e-01,5.000000e-01,5.000000e-01,5.000000e-01,5.000000e-01,5.000000e-01,5.000000e-01,5.000000e-01,0.000000e+00,0.000000e+00,0.000000e+00,0.000000e+00,0.000000e+00,0.000000e+00,0.000000e+00,0.000000e+00,0.000000e+00,0.000000e+00,0.000000e+00,0.000000e+00,0.000000e+00,0.000000e+00,0.000000e+00,0.000000e+00,0.000000e+00,0.000000e+00
5.370000e+01,-1,5.000000e-01,5.000000e-01,5.000000e-01,5.000000e-01,5.000000e-01,5.000000e-01,5.000000e-01,5.000000e-01,5.000000e-01,5.000000e-01,5.000000e-01,5.000000e-01,5.000000e-01,5.000000e-01,5.000000e-01,5.000000e-01,5.000000e-01,5.000000e-01,0.000000e+00,0.000000e+00,0.000000e+00,0.000000e+00,0.000000e+00,0.000000e+00,0.000000e+00,0.000000e+00,0.000000e+00,0.000000e+00,0.000000e+00,0.000000e+00,0.000000e+00,0.000000e+00,0.000000e+00,0.000000e+00,0.000000e+00,0.000000e+00
5.380000e+01,-1,5.000000e-01,5.000000e-01,5.000000e-01,5.000000e-01,5.000000e-01,5.000000e-01,5.000000e-01,5.000000e-01,5.000000e-01,5.000000e-01,5.000000e-01,5.000000e-01,5.000000e-01,5.000000e-01,5.000000e-01,5.000000e-01,5.000000e-01,5.000000e-01,0.000000e+00,0.000000e+00,0.000000e+00,0.000000e+00,0.000000e+00,0.000000e+00,0.000000e+00,0.000000e+00,0.000000e+00,0.000000e+00,0.000000e+00,0.000000e+00,0.000000e+00,0.000000e+00,0.000000e+00,0.000000e+00,0.000000e+00,0.000000e+00
5.390000e+01,3,5.000000e-01,5.000000e-01,5.000000e-01,4.418156e-02,5.000000e-01,5.000000e-01,5.000000e-01,5.000000e-01,5.000000e-01,5.000000e-01,5.000000e-01,5.000000e-01,5.000000e-01,5.000000e-01,5.000000e-01,5.000000e-01,5.000000e-01,5.000000e-01,0.000000e+00,0.000000e+00,0.000000e+00,6.661338e-17,0.000000e+00,0.000000e+00,0.000000e+00,0.000000e+00,0.000000e+00,0.000000e+00,0.000000e+00,0.000000e+00,0.000000e+00,0.000000e+00,0.000000e+00,0.000000e+00,0.000000e+00,0.000000e+00
5.400000e+01,3,5.000000e-01,5.000000e-01,5.000000e-01,3.725645e-02,5.000000e-01,5.000000e-01,5.000000e-01,5.000000e-01,5.000000e-01,5.000000e-01,5.000000e-01,5.000000e-01,5.000000e-01,5.000000e-01,5.000000e-01,5.000000e-01,5.000000e-01,5.000000e-01,0.000000e+00,0.000000e+00,0.000000e+00,1.931788e-14,0.000000e+00,0.000000e+00,0.000000e+00,0.000000e+00,0.000000e+00,0.000000e+00,0.000000e+00,0.000000e+00,0.000000e+00,0.000000e+00,0.000000e+00,0.000000e+00,0.000000e+00,0.000000e+00
5.410000e+01,3,5.000000e-01,5.000000e-01,5.000000e-01,4.841296e-02,5.000000e-01,5.000000e-01,5.000000e-01,5.000000e-01,5.000000e-01,5.000000e-01,5.000000e-01,5.000000e-01,5.000000e-01,5.000000e-01,5.000000e-01,5.000000e-01,5.000000e-01,5.000000e-01,0.000000e+00,0.000000e+00,0.000000e+00,0.000000e+00,0.000000e+00,0.000000e+00,0.000000e+00,0.000000e+00,0.000000e+00,0.000000e+00,0.000000e+00,0.000000e+00,0.000000e+00,0.000000e+00,0.000000e+00,0.000000e+00,0.000000e+00,0.000000e+00
5.420000e+01,-1,5.000000e-01,5.000000e-01,5.000000e-01,5.000000e-01,5.000000e-01,5.000000e-01,5.000000e-01,5.000000e-01,5.000000e-01,5.000000e-01,5.000000e-01,5.000000e-01,5.000000e-01,5.000000e-01,5.000000e-01,5.000000e-01,5.000000e-01,5.000000e-01,0.000000e+00,0.000000e+00,0.000000e+00,0.000000e+00,0.000000e+00,0.000000e+00,0.000000e+00,0.000000e+00,0.000000e+00,0.000000e+00,0.000000e+00,0.000000e+00,0.000000e+00,0.000000e+00,0.000000e+00,0.000000e+00,0.000000e+00,0.000000e+00
5.430000e+01,4,5.000000e-01,5.000000e-01,5.000000e-01,5.000000e-01,3.136063e-02,5.000000e-01,5.000000e-01,5.000000e-01,5.000000e-01,5.000000e-01,5.000000e-01,5.000000e-01,5.000000e-01,5.000000e-01,5.000000e-01,5.000000e-01,5.000000e-01,5.000000e-01,0.000000e+00,0.000000e+00,0.000000e+00,0.000000e+00,2.551592e-12,0.000000e+00,0.000000e+00,0.000000e+00,0.000000e+00,0.000000e+00,0.000000e+00,0.000000e+00,0.000000e+00,0.000000e+00,0.000000e+00,0.000000e+00,0.000000e+00,0.000000e+00
5.440000e+01,4,5.000000e-01,5.000000e-01,5.000000e-01,5.000000e-01,1.300088e-02,5.000000e-01,5.000000e-01,5.000000e-01,5.000000e-01,5.000000e-01,5.000000e-01,5.000000e-01,5.000000e-01,5.000000e-01,5.000000e-01,5.000000e-01,5.000000e-01,5.000000e-01,0.000000e+00,0.000000e+00,0.000000e+00,0.000000e+00,8.521846e-06,0.000000e+00,0.000000e+00,0.000000e+00,0.000000e+00,0.000000e+00,0.000000e+00,0.000000e+00,0.000000e+00,0.000000e+00,0.000000e+00,0.000000e+00,0.000000e+00,0.000000e+00
5.450000e+01,4,5.000000e-01,5.000000e-01,5.000000e-01,5.000000e-01,3.908470e-03,5.000000e-01,5.000000e-01,5.000000e-01,5.000000e-01,5.000000e-01,5.000000e-01,5.000000e-01,5.000000e-01,5.000000e-01,5.000000e-01,5.000000e-01,5.000000e-01,5.000000e-01,0.000000e+00,0.000000e+00,0.000000e+00,0.000000e+00,1.307732e-02,0.000000e+00,0.000000e+00,0.000000e+00,0.000000e+00,0.000000e+00,0.000000e+00,0.000000e+00,0.000000e+00,0.000000e+00,0.000000e+00,0.000000e+00,0.000000e+00,0.000000e+00
5.460000e+01,4,5.000000e-01,5.000000e-01,5.000000e-01,5.000000e-01,7.567374e-04,5.000000e-01,5.000000e-01,5.000000e-01,5.000000e-01,5.000000e-01,5.000000e-01,5.000000e-01,5.000000e-01,5.000000e-01,5.000000e-01,5.000000e-01,5.000000e-01,5.000000e-01,0.000000e+00,0.000000e+00,0.000000e+00,0.000000e+00,1.637209e-01,0.000000e+00,0.000000e+00,0.000000e+00,0.000000e+00,0.000000e+00,0.000000e+00,0.000000e+00,0.000000e+00,0.000000e+00,0.000000e+00,0.000000e+00,0.000000e+00,0.000000e+00
5.470000e+01,4,5.000000e-01,5.000000e-01,5.000000e-01,5.000000e-01,8.082922e-05,5.000000e-01,5.000000e-01,5.000000e-01,5.000000e-01,5.000000e-01,5.000000e-01,5.000000e-01,5.000000e-01,5.000000e-01,5.000000e-01,5.000000e-01,5.000000e-01,5.000000e-01,0.000000e+00,0.000000e+00,0.000000e+00,0.000000e+00,2.812142e-01,0.000000e+00,0.000000e+00,0.000000e+00,0.000000e+00,0.000000e+00,0.000000e+00,0.000000e+00,0.000000e+00,0.000000e+00,0.000000e+00,0.000000e+00,0.000000e+00,0.000000e+00
5.480000e+01,4,5.000000e-01,5.000000e-01,5.000000e-01,5.000000e-01,3.921927e-06,5.000000e-01,5.000000e-01,5.000000e-01,5.000000e-01,5.000000e-01,5.000000e-01,5.000000e-01,5.000000e-01,5.000000e-01,5.000000e-01,5.000000e-01,5.000000e-01,5.000000e-01,0.000000e+00,0.000000e+00,0.000000e+00,0.000000e+00,2.990602e-01,0.000000e+00,0.000000e+00,0.000000e+00,0.000000e+00,0.000000e+00,0.000000e+00,0.000000e+00,0.000000e+00,0.000000e+00,0.000000e+00,0.000000e+00,0.000000e+00,0.000000e+00
5.490000e+01,4,5.000000e-01,5.000000e-01,5.000000e-01,5.000000e-01,6.858772e-08,5.000000e-01,5.000000e-01,5.000000e-01,5.000000e-01,5.000000e-01,5.000000e-01,5.000000e-01,5.000000e-01,5.000000e-01,5.000000e-01,5.000000e-01,5.000000e-01,5.000000e-01,0.000000e+00,0.000000e+00,0.000000e+00,0.000000e+00,2.999835e-01,0.000000e+00,0.000000e+00,0.000000e+00,0.000000e+00,0.000000e+00,0.000000e+00,0.000000e+00,0.000000e+00,0.000000e+00,0.000000e+00,0.000000e+00,0.000000e+00,0.000000e+00
5.500000e+01,4,5.000000e-01,5.000000e-01,5.000000e-01,5.000000e-01,3.348063e-10,5.000000e-01,5.000000e-01,5.000000e-01,5.000000e-01,5.000000e-01,5.000000e-01,5.000000e-01,5.000000e-01,5.000000e-01,5.000000e-01,5.000000e-01,5.000000e-01,5.000000e-01,0.000000e+00,0.000000e+00,0.000000e+00,0.000000e+00,2.999999e-01,0.000000e+00,0.000000e+00,0.000000e+00,0.000000e+00,0.000000e+00,0.000000e+00,0.000000e+00,0.000000e+00,0.000000e+00,0.000000e+00,0.000000e+00,0.000000e+00,0.000000e+00
5.510000e+01,4,5.000000e-01,5.000000e-01,5.000000e-01,5.000000e-01,3.549172e-13,5.000000e-01,5.000000e-01,5.000000e-01,5.000000e-01,5.000000e-01,5.000000e-01,5.000000e-01,5.000000e-01,5.000000e-01,5.000000e-01,5.000000e-01,5.000000e-01,5.000000e-01,0.000000e+00,0.000000e+00,0.000000e+00,0.000000e+00,3.000000e-01,0.000000e+00,0.000000e+00,0.000000e+00,0.000000e+00,0.000000e+00,0.000000e+00,0.000000e+00,0.000000e+00,0.000000e+00,0.000000e+00,0.000000e+00,0.000000e+00,0.000000e+00
5.520000e+01,4,5.000000e-01,5.000000e-01,5.000000e-01,5.000000e-01,6.710143e-17,5.000000e-01,5.000000e-01,5.000000e-01,5.000000e-01,5.000000e-01,5.000000e-01,5.000000e-01,5.000000e-01,5.000000e-01,5.000000e-01,5.000000e-01,5.000000e-01,5.000000e-01,0.000000e+00,0.000000e+00,0.000000e+00,0.000000e+00,3.000000e-01,0.000000e+00,0.000000e+00,0.000000e+00,0.000000e+00,0.000000e+00,0.000000e+00,0.000000e+00,0.000000e+00,0.000000e+00,0.000000e+00,0.000000e+00,0.000000e+00,0.000000e+00
5.530000e+01,4,5.000000e-01,5.000000e-01,5.000000e-01,5.000000e-01,2.105913e-21,5.000000e-01,5.000000e-01,5.000000e-01,5.000000e-01,5.000000e-01,5.000000e-01,5.000000e-01,5.000000e-01,5.000000e-01,5.000000e-01,5.000000e-01,5.000000e-01,5.000000e-01,0.000000e+00,0.000000e+00,0.000000e+00,0.000000e+00,3.000000e-01,0.000000e+00,0.000000e+00,0.000000e+00,0.000000e+00,0.000000e+00,0.000000e+00,0.000000e+00,0.000000e+00,0.000000e+00,0.000000e+00,0.000000e+00,0.000000e+00,0.000000e+00
5.540000e+01,4,5.000000e-01,5.000000e-01,5.000000e-01,5.000000e-01,1.260527e-26,5.000000e-01,5.000000e-01,5.000000e-01,5.000000e-01,5.000000e-01,5.000000e-01,5.000000e-01,5.000000e-01,5.000000e-01,5.000000e-01,5.000000e-01,5.000000e-01,5.000000e-01,0.000000e+00,0.000000e+00,0.000000e+00,0.000000e+00,3.000000e-01,0.000000e+00,0.000000e+00,0.000000e+00,0.000000e+00,0.000000e+00,0.000000e+00,0.000000e+00,0.000000e+00,0.000000e+00,0.000000e+00,0.000000e+00,0.000000e+00,0.000000e+00
5.550000e+01,4,5.000000e-01,5.000000e-01,5.000000e-01,5.000000e-01,2.213575e-32,5.000000e-01,5.000000e-01,5.000000e-01,5.000000e-01,5.000000e-01,5.000000e-01,5.000000e-01,5.000000e-01,5.000000e-01,5.000000e-01,5.000000e-01,5.000000e-01,5.000000e-01,0.000000e+00,0.000000e+00,0.000000e+00,0.000000e+00,3.000000e-01,0.000000e+00,0.000000e+00,0.000000e+00,0.000000e+00,0.000000e+00,0.000000e+00,0.000000e+00,0.000000e+00,0.000000e+00,0.000000e+00,0.000000e+00,0.000000e+00,0.000000e+00
5.560000e+01,4,5.000000e-01,5.000000e-01,5.000000e-01,5.000000e-01,1.358569e-30,5.000000e-01,5.000000e-01,5.000000e-01,5.000000e-01,5.000000e-01,5.000000e-01,5.000000e-01,5.000000e-01,5.000000e-01,5.000000e-01,5.000000e-01,5.000000e-01,5.000000e-01,0.000000e+00,0.000000e+00,0.000000e+00,0.000000e+00,3.000000e-01,0.000000e+00,0.000000e+00,0.000000e+00,0.000000e+00,0.000000e+00,0.000000e+00,0.000000e+00,0.000000e+00,0.000000e+00,0.000000e+00,0.000000e+00,0.000000e+00,0.000000e+00
5.570000e+01,4,5.000000e-01,5.000000e-01,5.000000e-01,5.000000e-01,5.645295e-28,5.000000e-01,5.000000e-01,5.000000e-01,5.000000e-01,5.000000e-01,5.000000e-01,5.000000e-01,5.000000e-01,5.000000e-01,5.000000e-01,5.000000e-01,5.000000e-01,5.000000e-01,0.000000e+00,0.000000e+00,0.000000e+00,0.000000e+00,3.000000e-01,0.000000e+00,0.000000e+00,0.000000e+00,0.000000e+00,0.000000e+00,0.000000e+00,0.000000e+00,0.000000e+00,0.000000e+00,0.000000e+00,0.000000e+00,0.000000e+00,0.000000e+00
5.580000e+01,4,5.000000e-01,5.000000e-01,5.000000e-01,5.000000e-01,8.281508e-25,5.000000e-01,5.000000e-01,5.000000e-01,5.000000e-01,5.000000e-01,5.000000e-01,5.000000e-01,5.000000e-01,5.000000e-01,5.000000e-01,5.000000e-01,5.000000e-01,5.000000e-01,0.000000e+00,0.000000e+00,0.000000e+00,0.000000e+00,3.000000e-01,0.000000e+00,0.000000e+00,0.000000e+00,0.000000e+00,0.000000e+00,0.000000e+00,0.000000e+00,0.000000e+00,0.000000e+00,0.000000e+00,0.000000e+00,0.000000e+00,0.000000e+00
5.590000e+01,4,5.000000e-01,5.000000e-01,5.000000e-01,5.000000e-01,2.145927e-21,5.000000e-01,5.000000e-01,5.000000e-01,5.000000e-01,5.000000e-01,5.000000e-01,5.000000e-01,5.000000e-01,5.000000e-01,5.000000e-01,5.000000e-01,5.000000e-01,5.000000e-01,0.000000e+00,0.000000e+00,0.000000e+00,0.000000e+00,3.000000e-01,0.000000e+00,0.000000e+00,0.000000e+00,0.000000e+00,0.000000e+00,0.000000e+00,0.000000e+00,0.000000e+00,0.000000e+00,0.000000e+00,0.000000e+00,0.000000e+00,0.000000e+00
5.600000e+01,4,5.000000e-01,5.000000e-01,5.000000e-01,5.000000e-01,5.278466e-18,5.000000e-01,5.000000e-01,5.000000e-01,5.000000e-01,5.000000e-01,5.000000e-01,5.000000e-01,5.000000e-01,5.000000e-01,5.000000e-01,5.000000e-01,5.000000e-01,5.000000e-01,0.000000e+00,0.000000e+00,0.000000e+00,0.000000e+00,3.000000e-01,0.000000e+00,0.000000e+00,0.000000e+00,0.000000e+00,0.000000e+00,0.000000e+00,0.000000e+00,0.000000e+00,0.000000e+00,0.000000e+00,0.000000e+00,0.000000e+00,0.000000e+00
5.610000e+01,4,5.000000e-01,5.000000e-01,5.000000e-01,5.000000e-01,7.660851e-15,5.000000e-01,5.000000e-01,5.000000e-01,5.000000e-01,5.000000e-01,5.000000e-01,5.000000e-01,5.000000e-01,5.000000e-01,5.000000e-01,5.000000e-01,5.000000e-01,5.000000e-01,0.000000e+00,0.000000e+00,0.000000e+00,0.000000e+00,3.000000e-01,0.000000e+00,0.000000e+00,0.000000e+00,0.000000e+00,0.000000e+00,0.000000e+00,0.000000e+00,0.000000e+00,0.000000e+00,0.000000e+00,0.000000e+00,0.000000e+00,0.000000e+00
5.620000e+01,4,5.000000e-01,5.000000e-01,5.000000e-01,5.000000e-01,4.849401e-12,5.000000e-01,5.000000e-01,5.000000e-01,5.000000e-01,5.000000e-01,5.000000e-01,5.000000e-01,5.000000e-01,5.000000e-01,5.000000e-01,5.000000e-01,5.000000e-01,5.000000e-01,0.000000e+00,0.000000e+00,0.000000e+00,0.000000e+00,3.000000e-01,0.000000e+00,0.000000e+00,0.000000e+00,0.000000e+00,0.000000e+00,0.000000e+00,0.000000e+00,0.000000e+00,0.000000e+00,0.000000e+00,0.000000e+00,0.000000e+00,0.000000e+00
5.630000e+01,4,5.000000e-01,5.000000e-01,5.000000e-01,5.000000e-01,1.164306e-09,5.000000e-01,5.000000e-01,5.000000e-01,5.000000e-01,5.000000e-01,5.000000e-01,5.000000e-01,5.000000e-01,5.000000e-01,5.000000e-01,5.000000e-01,5.000000e-01,5.000000e-01,0.000000e+00,0.000000e+00,0.000000e+00,0.000000e+00,2.999997e-01,0.000000e+00,0.000000e+00,0.000000e+00,0.000000e+00,0.000000e+00,0.000000e+00,0.000000e+00,0.000000e+00,0.000000e+00,0.000000e+00,0.000000e+00,0.000000e+00,0.000000e+00
5.640000e+01,4,5.000000e-01,5.000000e-01,5.000000e-01,5.000000e-01,1.047978e-07,5.000000e-01,5.000000e-01,5.000000e-01,5.000000e-01,5.000000e-01,5.000000e-01,5.000000e-01,5.000000e-01,5.000000e-01,5.000000e-01,5.000000e-01,5.000000e-01,5.000000e-01,0.000000e+00,0.000000e+00,0.000000e+00,0.000000e+00,2.999748e-01,0.000000e+00,0.000000e+00,0.000000e+00,0.000000e+00,0.000000e+00,0.000000e+00,0.000000e+00,0.000000e+00,0.000000e+00,0.000000e+00,0.000000e+00,0.000000e+00,0.000000e+00
5.650000e+01,4,5.000000e-01,5.000000e-01,5.000000e-01,5.000000e-01,3.807334e-06,5.000000e-01,5.000000e-01,5.000000e-01,5.000000e-01,5.000000e-01,5.000000e-01,5.000000e-01,5.000000e-01,5.000000e-01,5.000000e-01,5.000000e-01,5.000000e-01,5.000000e-01,0.000000e+00,0.000000e+00,0.000000e+00,0.000000e+00,2.990876e-01,0.000000e+00,0.000000e+00,0.000000e+00,0.000000e+00,0.000000e+00,0.000000e+00,0.000000e+00,0.000000e+00,0.000000e+00,0.000000e+00,0.000000e+00,0.000000e+00,0.000000e+00
5.660000e+01,4,5.000000e-01,5.000000e-01,5.000000e-01,5.000000e-01,6.294810e-05,5.000000e-01,5.000000e-01,5.000000e-01,5.000000e-01,5.000000e-01,5.000000e-01,5.000000e-01,5.000000e-01,5.000000e-01,5.000000e-01,5.000000e-01,5.000000e-01,5.000000e-01,0.000000e+00,0.000000e+00,0.000000e+00,0.000000e+00,2.852661e-01,0.000000e+00,0.000000e+00,0.000000e+00,0.000000e+00,0.000000e+00,0.000000e+00,0.000000e+00,0.000000e+00,0.000000e+00,0.000000e+00,0.000000e+00,0.000000e+00,0.000000e+00
5.670000e+01,4,5.000000e-01,5.000000e-01,5.000000e-01,5.000000e-01,5.424668e-04,5.000000e-01,5.000000e-01,5.000000e-01,5.000000e-01,5.000000e-01,5.000000e-01,5.000000e-01,5.000000e-01,5.000000e-01,5.000000e-01,5.000000e-01,5.000000e-01,5.000000e-01,0.000000e+00,0.000000e+00,0.000000e+00,0.000000e+00,1.943560e-01,0.000000e+00,0.000000e+00,0.000000e+00,0.000000e+00,0.000000e+00,0.000000e+00,0.000000e+00,0.000000e+00,0.000000e+00,0.000000e+00,0.000000e+00,0.000000e+00,0.000000e+00
5.680000e+01,4,5.000000e-01,5.000000e-01,5.000000e-01,5.000000e-01,2.778788e-03,5.000000e-01,5.000000e-01,5.000000e-01,5.000000e-01,5.000000e-01,5.000000e-01,5.000000e-01,5.000000e-01,5.000000e-01,5.000000e-01,5.000000e-01,5.000000e-01,5.000000e-01,0.000000e+00,0.000000e+00,0.000000e+00,0.000000e+00,3.238377e-02,0.000000e+00,0.000000e+00,0.000000e+00,0.000000e+00,0.000000e+00,0.000000e+00,0.000000e+00,0.000000e+00,0.000000e+00,0.000000e+00,0.000000e+00,0.000000e+00,0.000000e+00
5.690000e+01,4,5.000000e-01,5.000000e-01,5.000000e-01,5.000000e-01,9.502824e-03,5.000000e-01,5.000000e-01,5.000000e-01,5.000000e-01,5.000000e-01,5.000000e-01,5.000000e-01,5.000000e-01,5.000000e-01,5.000000e-01,5.000000e-01,5.000000e-01,5.000000e-01,0.000000e+00,0.000000e+00,0.000000e+00,0.000000e+00,1.444490e-04,0.000000e+00,0.000000e+00,0.000000e+00,0.000000e+00,0.000000e+00,0.000000e+00,0.000000e+00,0.000000e+00,0.000000e+00,0.000000e+00,0.000000e+00,0.000000e+00,0.000000e+00
5.700000e+01,4,5.000000e-01,5.000000e-01,5.000000e-01,5.000000e-01,2.389303e-02,5.000000e-01,5.000000e-01,5.000000e-01,5.000000e-01,5.000000e-01,5.000000e-01,5.000000e-01,5.000000e-01,5.000000e-01,5.000000e-01,5.000000e-01,5.000000e-01,5.000000e-01,0.000000e+00,0.000000e+00,0.000000e+00,0.000000e+00,1.188648e-09,0.000000e+00,0.000000e+00,0.000000e+00,0.000000e+00,0.000000e+00,0.000000e+00,0.000000e+00,0.000000e+00,0.000000e+00,0.000000e+00,0.000000e+00,0.000000e+00,0.000000e+00
5.710000e+01,4,5.000000e-01,5.000000e-01,5.000000e-01,5.000000e-01,1.157324e-02,5.000000e-01,5.000000e-01,5.000000e-01,5.000000e-01,5.000000e-01,5.000000e-01,5.000000e-01,5.000000e-01,5.000000e-01,5.000000e-01,5.000000e-01,5.000000e-01,5.000000e-01,0.000000e+00,0.000000e+00,0.000000e+00,0.000000e+00,2.708430e-05,0.000000e+00,0.000000e+00,0.000000e+00,0.000000e+00,0.000000e+00,0.000000e+00,0.000000e+00,0.000000e+00,0.000000e+00,0.000000e+00,0.000000e+00,0.000000e+00,0.000000e+00
5.720000e+01,4,5.000000e-01,5.000000e-01,5.000000e-01,5.000000e-01,4.774732e-03,5.000000e-01,5.000000e-01,5.000000e-01,5.000000e-01,5.000000e-01,5.000000e-01,5.000000e-01,5.000000e-01,5.000000e-01,5.000000e-01,5.000000e-01,5.000000e-01,5.000000e-01,0.000000e+00,0.000000e+00,0.000000e+00,0.000000e+00,6.519831e-03,0.000000e+00,0.000000e+00,0.000000e+00,0.000000e+00,0.000000e+00,0.000000e+00,0.000000e+00,0.000000e+00,0.000000e+00,0.000000e+00,0.000000e+00,0.000000e+00,0.000000e+00
5.730000e+01,4,5.000000e-01,5.000000e-01,5.000000e-01,5.000000e-01,1.645951e-03,5.000000e-01,5.000000e-01,5.000000e-01,5.000000e-01,5.000000e-01,5.000000e-01,5.000000e-01,5.000000e-01,5.000000e-01,5.000000e-01,5.000000e-01,5.000000e-01,5.000000e-01,0.000000e+00,0.000000e+00,0.000000e+00,0.000000e+00,8.031341e-02,0.000000e+00,0.000000e+00,0.000000e+00,0.000000e+00,0.000000e+00,0.000000e+00,0.000000e+00,0.000000e+00,0.000000e+00,0.000000e+00,0.000000e+00,0.000000e+00,0.000000e+00
5.740000e+01,4,5.000000e-01,5.000000e-01,5.000000e-01,5.000000e-01,4.686694e-04,5.000000e-01,5.000000e-01,5.000000e-01,5.000000e-01,5.000000e-01,5.000000e-01,5.000000e-01,5.000000e-01,5.000000e-01,5.000000e-01,5.000000e-01,5.000000e-01,5.000000e-01,0.000000e+00,0.000000e+00,0.000000e+00,0.000000e+00,2.061820e-01,0.000000e+00,0.000000e+00,0.000000e+00,0.000000e+00,0.000000e+00,0.000000e+00,0.000000e+00,0.000000e+00,0.000000e+00,0.000000e+00,0.000000e+00,0.000000e+00,0.000000e+00
5.750000e+01,4,5.000000e-01,5.000000e-01,5.000000e-01,5.000000e-01,1.104258e-04,5.000000e-01,5.000000e-01,5.000000e-01,5.000000e-01,5.000000e-01,5.000000e-01,5.000000e-01,5.000000e-01,5.000000e-01,5.000000e-01,5.000000e-01,5.000000e-01,5.000000e-01,0.000000e+00,0.000000e+00,0.000000e+00,0.000000e+00,2.746334e-01,0.000000e+00,0.000000e+00,0.000000e+00,0.000000e+00,0.000000e+00,0.000000e+00,0.000000e+00,0.000000e+00,0.000000e+00,0.000000e+00,0.000000e+00,0.000000e+00,0.000000e+00
5.760000e+01,4,5.000000e-01,5.000000e-01,5.000000e-01,5.000000e-01,2.198846e-05,5.000000e-01,5.000000e-01,5.000000e-01,5.000000e-01,5.000000e-01,5.000000e-01,5.000000e-01,5.000000e-01,5.000000e-01,5.000000e-01,5.000000e-01,5.000000e-01,5.000000e-01,0.000000e+00,0.000000e+00,0.000000e+00,0.000000e+00,2.947689e-01,0.000000e+00,0.000000e+00,0.000000e+00,0.000000e+00,0.000000e+00,0.000000e+00,0.000000e+00,0.000000e+00,0.000000e+00,0.000000e+00,0.000000e+00,0.000000e+00,0.000000e+00
5.770000e+01,4,5.000000e-01,5.000000e-01,5.000000e-01,5.000000e-01,3.873453e-06,5.000000e-01,5.000000e-01,5.000000e-01,5.000000e-01,5.000000e-01,5.000000e-01,5.000000e-01,5.000000e-01,5.000000e-01,5.000000e-01,5.000000e-01,5.000000e-01,5.000000e-01,0.000000e+00,0.000000e+00,0.000000e+00,0.000000e+00,2.990718e-01,0.000000e+00,0.000000e+00,0.000000e+00,0.000000e+00,0.000000e+00,0.000000e+00,0.000000e+00,0.000000e+00,0.000000e+00,0.000000e+00,0.000000e+00,0.000000e+00,0.000000e+00
5.780000e+01,4,5.000000e-01,5.000000e-01,5.000000e-01,5.000000e-01,6.494603e-07,5.000000e-01,5.000000e-01,5.000000e-01,5.000000e-01,5.000000e-01,5.000000e-01,5.000000e-01,5.000000e-01,5.000000e-01,5.000000e-01,5.000000e-01,5.000000e-01,5.000000e-01,0.000000e+00,0.000000e+00,0.000000e+00,0.000000e+00,2.998442e-01,0.000000e+00,0.000000e+00,0.000000e+00,0.000000e+00,0.000000e+00,0.000000e+00,0.000000e+00,0.000000e+00,0.000000e+00,0.000000e+00,0.000000e+00,0.000000e+00,0.000000e+00
5.790000e+01,4,5.000000e-01,5.000000e-01,5.000000e-01,5.000000e-01,1.144398e-07,5.000000e-01,5.000000e-01,5.000000e-01,5.000000e-01,5.000000e-01,5.000000e-01,5.000000e-01,5.000000e-01,5.000000e-01,5.000000e-01,5.000000e-01,5.000000e-01,5.000000e-01,0.000000e+00,0.000000e+00,0.000000e+00,0.000000e+00,2.999725e-01,0.000000e+00,0.000000e+00,0.000000e+00,0.000000e+00,0.000000e+00,0.000000e+00,0.000000e+00,0.000000e+00,0.000000e+00,0.000000e+00,0.000000e+00,0.000000e+00,0.000000e+00
5.800000e+01,4,5.000000e-01,5.000000e-01,5.000000e-01,5.000000e-01,2.383944e-08,5.000000e-01,5.000000e-01,5.000000e-01,5.000000e-01,5.000000e-01,5.000000e-01,5.000000e-01,5.000000e-01,5.000000e-01,5.000000e-01,5.000000e-01,5.000000e-01,5.000000e-01,0.000000e+00,0.000000e+00,0.000000e+00,0.000000e+00,2.999943e-01,0.000000e+00,0.000000e+00,0.000000e+00,0.000000e+00,0.000000e+00,0.000000e+00,0.000000e+00,0.000000e+00,0.000000e+00,0.000000e+00,0.000000e+00,0.000000e+00,0.000000e+00
5.810000e+01,4,5.000000e-01,5.000000e-01,5.000000e-01,5.000000e-01,6.641536e-09,5.000000e-01,5.000000e-01,5.000000e-01,5.000000e-01,5.000000e-01,5.000000e-01,5.000000e-01,5.000000e-01,5.000000e-01,5.000000e-01,5.000000e-01,5.000000e-01,5.000000e-01,0.000000e+00,0.000000e+00,0.000000e+00,0.000000e+00,2.999984e-01,0.000000e+00,0.000000e+00,0.000000e+00,0.000000e+00,0.000000e+00,0.000000e+00,0.000000e+00,0.000000e+00,0.000000e+00,0.000000e+00,0.000000e+00,0.000000e+00,0.000000e+00
5.820000e+01,4,5.000000e-01,5.000000e-01,5.000000e-01,5.000000e-01,2.767002e-09,5.000000e-01,5.000000e-01,5.000000e-01,5.000000e-01,5.000000e-01,5.000000e-01,5.000000e-01,5.000000e-01,5.000000e-01,5.000000e-01,5.000000e-01,5.000000e-01,5.000000e-01,0.000000e+00,0.000000e+00,0.000000e+00,0.000000e+00,2.999993e-01,0.000000e+00,0.000000e+00,0.000000e+00,0.000000e+00,0.000000e+00,0.000000e+00,0.000000e+00,0.000000e+00,0.000000e+00,0.000000e+00,0.000000e+00,0.000000e+00,0.000000e+00
5.830000e+01,4,5.000000e-01,5.000000e-01,5.000000e-01,5.000000e-01,1.871460e-09,5.000000e-01,5.000000e-01,5.000000e-01,5.000000e-01,5.000000e-01,5.000000e-01,5.000000e-01,5.000000e-01,5.000000e-01,5.000000e-01,5.000000e-01,5.000000e-01,5.000000e-01,0.000000e+00,0.000000e+00,0.000000e+00,0.000000e+00,2.999996e-01,0.000000e+00,0.000000e+00,0.000000e+00,0.000000e+00,0.000000e+00,0.000000e+00,0.000000e+00,0.000000e+00,0.000000e+00,0.000000e+00,0.000000e+00,0.000000e+00,0.000000e+00
5.840000e+01,4,5.000000e-01,5.000000e-01,5.000000e-01,5.000000e-01,2.134654e-09,5.000000e-01,5.000000e-01,5.000000e-01,5.000000e-01,5.000000e-01,5.000000e-01,5.000000e-01,5.000000e-01,5.000000e-01,5.000000e-01,5.000000e-01,5.000000e-01,5.000000e-01,0.000000e+00,0.000000e+00,0.000000e+00,0.000000e+00,2.999995e-01,0.000000e+00,0.000000e+00,0.000000e+00,0.000000e+00,0.000000e+00,0.000000e+00,0.000000e+00,0.000000e+00,0.000000e+00,0.000000e+00,0.000000e+00,0.000000e+00,0.000000e+00
5.850000e+01,4,5.000000e-01,5.000000e-01,5.000000e-01,5.000000e-01,4.053596e-09,5.000000e-01,5.000000e-01,5.000000e-01,5.000000e-01,5.000000e-01,5.000000e-01,5.000000e-01,5.000000e-01,5.000000e-01,5.000000e-01,5.000000e-01,5.000000e-01,5.000000e-01,0.000000e+00,0.000000e+00,0.000000e+00,0.000000e+00,2.999990e-01,0.000000e+00,0.000000e+00,0.000000e+00,0.000000e+00,0.000000e+00,0.000000e+00,0.000000e+00,0.000000e+00,0.000000e+00,0.000000e+00,0.000000e+00,0.000000e+00,0.000000e+00
5.860000e+01,4,5.000000e-01,5.000000e-01,5.000000e-01,5.000000e-01,1.001373e-11,5.000000e-01,5.000000e-01,5.000000e-01,5.000000e-01,5.000000e-01,5.000000e-01,5.000000e-01,5.000000e-01,5.000000e-01,5.000000e-01,5.000000e-01,5.000000e-01,5.000000e-01,0.000000e+00,0.000000e+00,0.000000e+00,0.000000e+00,3.000000e-01,0.000000e+00,0.000000e+00,0.000000e+00,0.000000e+00,0.000000e+00,0.000000e+00,0.000000e+00,0.000000e+00,0.000000e+00,0.000000e+00,0.000000e+00,0.000000e+00,0.000000e+00
5.870000e+01,4,5.000000e-01,5.000000e-01,5.000000e-01,5.000000e-01,5.348259e-15,5.000000e-01,5.000000e-01,5.000000e-01,5.000000e-01,5.000000e-01,5.000000e-01,5.000000e-01,5.000000e-01,5.000000e-01,5.000000e-01,5.000000e-01,5.000000e-01,5.000000e-01,0.000000e+00,0.000000e+00,0.000000e+00,0.000000e+00,3.000000e-01,0.000000e+00,0.000000e+00,0.000000e+00,0.000000e+00,0.000000e+00,0.000000e+00,0.000000e+00,0.000000e+00,0.000000e+00,0.000000e+00,0.000000e+00,0.000000e+00,0.000000e+00
5.880000e+01,4,5.000000e-01,5.000000e-01,5.000000e-01,5.000000e-01,5.661032e-19,5.000000e-01,5.000000e-01,5.000000e-01,5.000000e-01,5.000000e-01,5.000000e-01,5.000000e-01,5.000000e-01,5.000000e-01,5.000000e-01,5.000000e-01,5.000000e-01,5.000000e-01,0.000000e+00,0.000000e+00,0.000000e+00,0.000000e+00,3.000000e-01,0.000000e+00,0.000000e+00,0.000000e+00,0.000000e+00,0.000000e+00,0.000000e+00,0.000000e+00,0.000000e+00,0.000000e+00,0.000000e+00,0.000000e+00,0.000000e+00,0.000000e+00
5.890000e+01,4,5.000000e-01,5.000000e-01,5.000000e-01,5.000000e-01,1.296061e-23,5.000000e-01,5.000000e-01,5.000000e-01,5.000000e-01,5.000000e-01,5.000000e-01,5.000000e-01,5.000000e-01,5.000000e-01,5.000000e-01,5.000000e-01,5.000000e-01,5.000000e-01,0.000000e+00,0.000000e+00,0.000000e+00,0.000000e+00,3.000000e-01,0.000000e+00,0.000000e+00,0.000000e+00,0.000000e+00,0.000000e+00,0.000000e+00,0.000000e+00,0.000000e+00,0.000000e+00,0.000000e+00,0.000000e+00,0.000000e+00,0.000000e+00
5.900000e+01,4,5.000000e-01,5.000000e-01,5.000000e-01,5.000000e-01,8.980439e-29,5.000000e-01,5.000000e-01,5.000000e-01,5.000000e-01,5.000000e-01,5.000000e-01,5.000000e-01,5.000000e-01,5.000000e-01,5.000000e-01,5.000000e-01,5.000000e-01,5.000000e-01,0.000000e+00,0.000000e+00,0.000000e+00,0.000000e+00,3.000000e-01,0.000000e+00,0.000000e+00,0.000000e+00,0.000000e+00,0.000000e+00,0.000000e+00,0.000000e+00,0.000000e+00,0.000000e+00,0.000000e+00,0.000000e+00,0.000000e+00,0.000000e+00
5.910000e+01,4,5.000000e-01,5.000000e-01,5.000000e-01,5.000000e-01,3.547197e-34,5.000000e-01,5.000000e-01,5.000000e-01,5.000000e-01,5.000000e-01,5.000000e-01,5.000000e-01,5.000000e-01,5.000000e-01,5.000000e-01,5.000000e-01,5.000000e-01,5.000000e-01,0.000000e+00,0.000000e+00,0.000000e+00,0.000000e+00,3.000000e-01,0.000000e+00,0.000000e+00,0.000000e+00,0.000000e+00,0.000000e+00,0.000000e+00,0.000000e+00,0.000000e+00,0.000000e+00,0.000000e+00,0.000000e+00,0.000000e+00,0.000000e+00
5.920000e+01,4,5.000000e-01,5.000000e-01,5.000000e-01,5.000000e-01,2.010511e-39,5.000000e-01,5.000000e-01,5.000000e-01,5.000000e-01,5.000000e-01,5.000000e-01,5.000000e-01,5.000000e-01,5.000000e-01,5.000000e-01,5.000000e-01,5.000000e-01,5.000000e-01,0.000000e+00,0.000000e+00,0.000000e+00,0.000000e+00,3.000000e-01,0.000000e+00,0.000000e+00,0.000000e+00,0.000000e+00,0.000000e+00,0.000000e+00,0.000000e+00,0.000000e+00,0.000000e+00,0.000000e+00,0.000000e+00,0.000000e+00,0.000000e+00
5.930000e+01,4,5.000000e-01,5.000000e-01,5.000000e-01,5.000000e-01,5.038917e-44,5.000000e-01,5.000000e-01,5.000000e-01,5.000000e-01,5.000000e-01,5.000000e-01,5.000000e-01,5.000000e-01,5.000000e-01,5.000000e-01,5.000000e-01,5.000000e-01,5.000000e-01,0.000000e+00,0.000000e+00,0.000000e+00,0.000000e+00,3.000000e-01,0.000000e+00,0.000000e+00,0.000000e+00,0.000000e+00,0.000000e+00,0.000000e+00,0.000000e+00,0.000000e+00,0.000000e+00,0.000000e+00,0.000000e+00,0.000000e+00,0.000000e+00
5.940000e+01,4,5.000000e-01,5.000000e-01,5.000000e-01,5.000000e-01,1.776101e-47,5.000000e-01,5.000000e-01,5.000000e-01,5.000000e-01,5.000000e-01,5.000000e-01,5.000000e-01,5.000000e-01,5.000000e-01,5.000000e-01,5.000000e-01,5.000000e-01,5.000000e-01,0.000000e+00,0.000000e+00,0.000000e+00,0.000000e+00,3.000000e-01,0.000000e+00,0.000000e+00,0.000000e+00,0.000000e+00,0.000000e+00,0.000000e+00,0.000000e+00,0.000000e+00,0.000000e+00,0.000000e+00,0.000000e+00,0.000000e+00,0.000000e+00
5.950000e+01,4,5.000000e-01,5.000000e-01,5.000000e-01,5.000000e-01,2.312714e-49,5.000000e-01,5.000000e-01,5.000000e-01,5.000000e-01,5.000000e-01,5.000000e-01,5.000000e-01,5.000000e-01,5.000000e-01,5.000000e-01,5.000000e-01,5.000000e-01,5.000000e-01,0.000000e+00,0.000000e+00,0.000000e+00,0.000000e+00,3.000000e-01,0.000000e+00,0.000000e+00,0.000000e+00,0.000000e+00,0.000000e+00,0.000000e+00,0.000000e+00,0.000000e+00,0.000000e+00,0.000000e+00,0.000000e+00,0.000000e+00,0.000000e+00
5.960000e+01,4,5.000000e-01,5.000000e-01,5.000000e-01,5.000000e-01,1.949515e-49,5.000000e-01,5.000000e-01,5.000000e-01,5.000000e-01,5.000000e-01,5.000000e-01,5.000000e-01,5.000000e-01,5.000000e-01,5.000000e-01,5.000000e-01,5.000000e-01,5.000000e-01,0.000000e+00,0.000000e+00,0.000000e+00,0.000000e+00,3.000000e-01,0.000000e+00,0.000000e+00,0.000000e+00,0.000000e+00,0.000000e+00,0.000000e+00,0.000000e+00,0.000000e+00,0.000000e+00,0.000000e+00,0.000000e+00,0.000000e+00,0.000000e+00
5.970000e+01,4,5.000000e-01,5.000000e-01,5.000000e-01,5.000000e-01,1.088115e-47,5.000000e-01,5.000000e-01,5.000000e-01,5.000000e-01,5.000000e-01,5.000000e-01,5.000000e-01,5.000000e-01,5.000000e-01,5.000000e-01,5.000000e-01,5.000000e-01,5.000000e-01,0.000000e+00,0.000000e+00,0.000000e+00,0.000000e+00,3.000000e-01,0.000000e+00,0.000000e+00,0.000000e+00,0.000000e+00,0.000000e+00,0.000000e+00,0.000000e+00,0.000000e+00,0.000000e+00,0.000000e+00,0.000000e+00,0.000000e+00,0.000000e+00
5.980000e+01,4,5.000000e-01,5.000000e-01,5.000000e-01,5.000000e-01,2.387462e-44,5.000000e-01,5.000000e-01,5.000000e-01,5.000000e-01,5.000000e-01,5.000000e-01,5.000000e-01,5.000000e-01,5.000000e-01,5.000000e-01,5.000000e-01,5.000000e-01,5.000000e-01,0.000000e+00,0.000000e+00,0.000000e+00,0.000000e+00,3.000000e-01,0.000000e+00,0.000000e+00,0.000000e+00,0.000000e+00,0.000000e+00,0.000000e+00,0.000000e+00,0.000000e+00,0.000000e+00,0.000000e+00,0.000000e+00,0.000000e+00,0.000000e+00
5.990000e+01,4,5.000000e-01,5.000000e-01,5.000000e-01,5.000000e-01,8.038874e-40,5.000000e-01,5.000000e-01,5.000000e-01,5.000000e-01,5.000000e-01,5.000000e-01,5.000000e-01,5.000000e-01,5.000000e-01,5.000000e-01,5.000000e-01,5.000000e-01,5.000000e-01,0.000000e+00,0.000000e+00,0.000000e+00,0.000000e+00,3.000000e-01,0.000000e+00,0.000000e+00,0.000000e+00,0.000000e+00,0.000000e+00,0.000000e+00,0.000000e+00,0.000000e+00,0.000000e+00,0.000000e+00,0.000000e+00,0.000000e+00,0.000000e+00
6.000000e+01,4,5.000000e-01,5.000000e-01,5.000000e-01,5.000000e-01,1.314916e-34,5.000000e-01,5.000000e-01,5.000000e-01,5.000000e-01,5.000000e-01,5.000000e-01,5.000000e-01,5.000000e-01,5.000000e-01,5.000000e-01,5.000000e-01,5.000000e-01,5.000000e-01,0.000000e+00,0.000000e+00,0.000000e+00,0.000000e+00,3.000000e-01,0.000000e+00,0.000000e+00,0.000000e+00,0.000000e+00,0.000000e+00,0.000000e+00,0.000000e+00,0.000000e+00,0.000000e+00,0.000000e+00,0.000000e+00,0.000000e+00,0.000000e+00
6.010000e+01,4,5.000000e-01,5.000000e-01,5.000000e-01,5.000000e-01,1.123475e-38,5.000000e-01,5.000000e-01,5.000000e-01,5.000000e-01,5.000000e-01,5.000000e-01,5.000000e-01,5.000000e-01,5.000000e-01,5.000000e-01,5.000000e-01,5.000000e-01,5.000000e-01,0.000000e+00,0.000000e+00,0.000000e+00,0.000000e+00,3.000000e-01,0.000000e+00,0.000000e+00,0.000000e+00,0.000000e+00,0.000000e+00,0.000000e+00,0.000000e+00,0.000000e+00,0.000000e+00,0.000000e+00,0.000000e+00,0.000000e+00,0.000000e+00
6.020000e+01,4,5.000000e-01,5.000000e-01,5.000000e-01,5.000000e-01,8.710401e-42,5.000000e-01,5.000000e-01,5.000000e-01,5.000000e-01,5.000000e-01,5.000000e-01,5.000000e-01,5.000000e-01,5.000000e-01,5.000000e-01,5.000000e-01,5.000000e-01,5.000000e-01,0.000000e+00,0.000000e+00,0.000000e+00,0.000000e+00,3.000000e-01,0.000000e+00,0.000000e+00,0.000000e+00,0.000000e+00,0.000000e+00,0.000000e+00,0.000000e+00,0.000000e+00,0.000000e+00,0.000000e+00,0.000000e+00,0.000000e+00,0.000000e+00
6.030000e+01,4,5.000000e-01,5.000000e-01,5.000000e-01,5.000000e-01,1.429019e-43,5.000000e-01,5.000000e-01,5.000000e-01,5.000000e-01,5.000000e-01,5.000000e-01,5.000000e-01,5.000000e-01,5.000000e-01,5.000000e-01,5.000000e-01,5.000000e-01,5.000000e-01,0.000000e+00,0.000000e+00,0.000000e+00,0.000000e+00,3.000000e-01,0.000000e+00,0.000000e+00,0.000000e+00,0.000000e+00,0.000000e+00,0.000000e+00,0.000000e+00,0.000000e+00,0.000000e+00,0.000000e+00,0.000000e+00,0.000000e+00,0.000000e+00
6.040000e+01,4,5.000000e-01,5.000000e-01,5.000000e-01,5.000000e-01,8.332334e-44,5.000000e-01,5.000000e-01,5.000000e-01,5.000000e-01,5.000000e-01,5.000000e-01,5.000000e-01,5.000000e-01,5.000000e-01,5.000000e-01,5.000000e-01,5.000000e-01,5.000000e-01,0.000000e+00,0.000000e+00,0.000000e+00,0.000000e+00,3.000000e-01,0.000000e+00,0.000000e+00,0.000000e+00,0.000000e+00,0.000000e+00,0.000000e+00,0.000000e+00,0.000000e+00,0.000000e+00,0.000000e+00,0.000000e+00,0.000000e+00,0.000000e+00
6.050000e+01,4,5.000000e-01,5.000000e-01,5.000000e-01,5.000000e-01,1.851522e-42,5.000000e-01,5.000000e-01,5.000000e-01,5.000000e-01,5.000000e-01,5.000000e-01,5.000000e-01,5.000000e-01,5.000000e-01,5.000000e-01,5.000000e-01,5.000000e-01,5.000000e-01,0.000000e+00,0.000000e+00,0.000000e+00,0.000000e+00,3.000000e-01,0.000000e+00,0.000000e+00,0.000000e+00,0.000000e+00,0.000000e+00,0.000000e+00,0.000000e+00,0.000000e+00,0.000000e+00,0.000000e+00,0.000000e+00,0.000000e+00,0.000000e+00
6.060000e+01,4,5.000000e-01,5.000000e-01,5.000000e-01,5.000000e-01,1.055533e-39,5.000000e-01,5.000000e-01,5.000000e-01,5.000000e-01,5.000000e-01,5.000000e-01,5.000000e-01,5.000000e-01,5.000000e-01,5.000000e-01,5.000000e-01,5.000000e-01,5.000000e-01,0.000000e+00,0.000000e+00,0.000000e+00,0.000000e+00,3.000000e-01,0.000000e+00,0.000000e+00,0.000000e+00,0.000000e+00,0.000000e+00,0.000000e+00,0.000000e+00,0.000000e+00,0.000000e+00,0.000000e+00,0.000000e+00,0.000000e+00,0.000000e+00
6.070000e+01,4,5.000000e-01,5.000000e-01,5.000000e-01,5.000000e-01,7.163063e-36,5.000000e-01,5.000000e-01,5.000000e-01,5.000000e-01,5.000000e-01,5.000000e-01,5.000000e-01,5.000000e-01,5.000000e-01,5.000000e-01,5.000000e-01,5.000000e-01,5.000000e-01,0.000000e+00,0.000000e+00,0.000000e+00,0.000000e+00,3.000000e-01,0.000000e+00,0.000000e+00,0.000000e+00,0.000000e+00,0.000000e+00,0.000000e+00,0.000000e+00,0.000000e+00,0.000000e+00,0.000000e+00,0.000000e+00,0.000000e+00,0.000000e+00
6.080000e+01,4,5.000000e-01,5.000000e-01,5.000000e-01,5.000000e-01,2.193090e-31,5.000000e-01,5.000000e-01,5.000000e-01,5.000000e-01,5.000000e-01,5.000000e-01,5.000000e-01,5.000000e-01,5.000000e-01,5.000000e-01,5.000000e-01,5.000000e-01,5.000000e-01,0.000000e+00,0.000000e+00,0.000000e+00,0.000000e+00,3.000000e-01,0.000000e+00,0.000000e+00,0.000000e+00,0.000000e+00,0.000000e+00,0.000000e+00,0.000000e+00,0.000000e+00,0.000000e+00,0.000000e+00,0.000000e+00,0.000000e+00,0.000000e+00
6.090000e+01,4,5.000000e-01,5.000000e-01,5.000000e-01,5.000000e-01,1.134172e-26,5.000000e-01,5.000000e-01,5.000000e-01,5.000000e-01,5.000000e-01,5.000000e-01,5.000000e-01,5.000000e-01,5.000000e-01,5.000000e-01,5.000000e-01,5.000000e-01,5.000000e-01,0.000000e+00,0.000000e+00,0.000000e+00,0.000000e+00,3.000000e-01,0.000000e+00,0.000000e+00,0.000000e+00,0.000000e+00,0.000000e+00,0.000000e+00,0.000000e+00,0.000000e+00,0.000000e+00,0.000000e+00,0.000000e+00,0.000000e+00,0.000000e+00
6.100000e+01,4,5.000000e-01,5.000000e-01,5.000000e-01,5.000000e-01,4.283478e-22,5.000000e-01,5.000000e-01,5.000000e-01,5.000000e-01,5.000000e-01,5.000000e-01,5.000000e-01,5.000000e-01,5.000000e-01,5.000000e-01,5.000000e-01,5.000000e-01,5.000000e-01,0.000000e+00,0.000000e+00,0.000000e+00,0.000000e+00,3.000000e-01,0.000000e+00,0.000000e+00,0.000000e+00,0.000000e+00,0.000000e+00,0.000000e+00,0.000000e+00,0.000000e+00,0.000000e+00,0.000000e+00,0.000000e+00,0.000000e+00,0.000000e+00
6.110000e+01,4,5.000000e-01,5.000000e-01,5.000000e-01,5.000000e-01,6.456713e-18,5.000000e-01,5.000000e-01,5.000000e-01,5.000000e-01,5.000000e-01,5.000000e-01,5.000000e-01,5.000000e-01,5.000000e-01,5.000000e-01,5.000000e-01,5.000000e-01,5.000000e-01,0.000000e+00,0.000000e+00,0.000000e+00,0.000000e+00,3.000000e-01,0.000000e+00,0.000000e+00,0.000000e+00,0.000000e+00,0.000000e+00,0.000000e+00,0.000000e+00,0.000000e+00,0.000000e+00,0.000000e+00,0.000000e+00,0.000000e+00,0.000000e+00
6.120000e+01,4,5.000000e-01,5.000000e-01,5.000000e-01,5.000000e-01,2.740376e-14,5.000000e-01,5.000000e-01,5.000000e-01,5.000000e-01,5.000000e-01,5.000000e-01,5.000000e-01,5.000000e-01,5.000000e-01,5.000000e-01,5.000000e-01,5.000000e-01,5.000000e-01,0.000000e+00,0.000000e+00,0.000000e+00,0.000000e+00,3.000000e-01,0.000000e+00,0.000000e+00,0.000000e+00,0.000000e+00,0.000000e+00,0.000000e+00,0.000000e+00,0.000000e+00,0.000000e+00,0.000000e+00,0.000000e+00,0.000000e+00,0.000000e+00
6.130000e+01,4,5.000000e-01,5.000000e-01,5.000000e-01,5.000000e-01,2.890022e-11,5.000000e-01,5.000000e-01,5.000000e-01,5.000000e-01,5.000000e-01,5.000000e-01,5.000000e-01,5.000000e-01,5.000000e-01,5.000000e-01,5.000000e-01,5.000000e-01,5.000000e-01,0.000000e+00,0.000000e+00,0.000000e+00,0.000000e+00,3.000000e-01,0.000000e+00,0.000000e+00,0.000000e+00,0.000000e+00,0.000000e+00,0.000000e+00,0.000000e+00,0.000000e+00,0.000000e+00,0.000000e+00,0.000000e+00,0.000000e+00,0.000000e+00
6.140000e+01,4,5.000000e-01,5.000000e-01,5.000000e-01,5.000000e-01,7.882694e-09,5.000000e-01,5.000000e-01,5.000000e-01,5.000000e-01,5.000000e-01,5.000000e-01,5.000000e-01,5.000000e-01,5.000000e-01,5.000000e-01,5.000000e-01,5.000000e-01,5.000000e-01,0.000000e+00,0.000000e+00,0.000000e+00,0.000000e+00,2.999981e-01,0.000000e+00,0.000000e+00,0.000000e+00,0.000000e+00,0.000000e+00,0.000000e+00,0.000000e+00,0.000000e+00,0.000000e+00,0.000000e+00,0.000000e+00,0.000000e+00,0.000000e+00
6.150000e+01,4,5.000000e-01,5.000000e-01,5.000000e-01,5.000000e-01,6.404850e-07,5.000000e-01,5.000000e-01,5.000000e-01,5.000000e-01,5.000000e-01,5.000000e-01,5.000000e-01,5.000000e-01,5.000000e-01,5.000000e-01,5.000000e-01,5.000000e-01,5.000000e-01,0.000000e+00,0.000000e+00,0.000000e+00,0.000000e+00,2.998463e-01,0.000000e+00,0.000000e+00,0.000000e+00,0.000000e+00,0.000000e+00,0.000000e+00,0.000000e+00,0.000000e+00,0.000000e+00,0.000000e+00,0.000000e+00,0.000000e+00,0.000000e+00
6.160000e+01,4,5.000000e-01,5.000000e-01,5.000000e-01,5.000000e-01,3.653401e-07,5.000000e-01,5.000000e-01,5.000000e-01,5.000000e-01,5.000000e-01,5.000000e-01,5.000000e-01,5.000000e-01,5.000000e-01,5.000000e-01,5.000000e-01,5.000000e-01,5.000000e-01,0.000000e+00,0.000000e+00,0.000000e+00,0.000000e+00,2.999123e-01,0.000000e+00,0.000000e+00,0.000000e+00,0.000000e+00,0.000000e+00,0.000000e+00,0.000000e+00,0.000000e+00,0.000000e+00,0.000000e+00,0.000000e+00,0.000000e+00,0.000000e+00
6.170000e+01,4,5.000000e-01,5.000000e-01,5.000000e-01,5.000000e-01,2.929314e-07,5.000000e-01,5.000000e-01,5.000000e-01,5.000000e-01,5.000000e-01,5.000000e-01,5.000000e-01,5.000000e-01,5.000000e-01,5.000000e-01,5.000000e-01,5.000000e-01,5.000000e-01,0.000000e+00,0.000000e+00,0.000000e+00,0.000000e+00,2.999297e-01,0.000000e+00,0.000000e+00,0.000000e+00,0.000000e+00,0.000000e+00,0.000000e+00,0.000000e+00,0.000000e+00,0.000000e+00,0.000000e+00,0.000000e+00,0.000000e+00,0.000000e+00
6.180000e+01,4,5.000000e-01,5.000000e-01,5.000000e-01,5.000000e-01,3.369484e-07,5.000000e-01,5.000000e-01,5.000000e-01,5.000000e-01,5.000000e-01,5.000000e-01,5.000000e-01,5.000000e-01,5.000000e-01,5.000000e-01,5.000000e-01,5.000000e-01,5.000000e-01,0.000000e+00,0.000000e+00,0.000000e+00,0.000000e+00,2.999191e-01,0.000000e+00,0.000000e+00,0.000000e+00,0.000000e+00,0.000000e+00,0.000000e+00,0.000000e+00,0.000000e+00,0.000000e+00,0.000000e+00,0.000000e+00,0.000000e+00,0.000000e+00
6.190000e+01,4,5.000000e-01,5.000000e-01,5.000000e-01,5.000000e-01,5.488625e-07,5.000000e-01,5.000000e-01,5.000000e-01,5.000000e-01,5.000000e-01,5.000000e-01,5.000000e-01,5.000000e-01,5.000000e-01,5.000000e-01,5.000000e-01,5.000000e-01,5.000000e-01,0.000000e+00,0.000000e+00,0.000000e+00,0.000000e+00,2.998683e-01,0.000000e+00,0.000000e+00,0.000000e+00,0.000000e+00,0.000000e+00,0.000000e+00,0.000000e+00,0.000000e+00,0.000000e+00,0.000000e+00,0.000000e+00,0.000000e+00,0.000000e+00
6.200000e+01,4,5.000000e-01,5.000000e-01,5.000000e-01,5.000000e-01,1.211586e-06,5.000000e-01,5.000000e-01,5.000000e-01,5.000000e-01,5.000000e-01,5.000000e-01,5.000000e-01,5.000000e-01,5.000000e-01,5.000000e-01,5.000000e-01,5.000000e-01,5.000000e-01,0.000000e+00,0.000000e+00,0.000000e+00,0.000000e+00,2.997094e-01,0.000000e+00,0.000000e+00,0.000000e+00,0.000000e+00,0.000000e+00,0.000000e+00,0.000000e+00,0.000000e+00,0.000000e+00,0.000000e+00,0.000000e+00,0.000000e+00,0.000000e+00
6.210000e+01,4,5.000000e-01,5.000000e-01,5.000000e-01,5.000000e-01,3.387643e-06,5.000000e-01,5.000000e-01,5.000000e-01,5.000000e-01,5.000000e-01,5.000000e-01,5.000000e-01,5.000000e-01,5.000000e-01,5.000000e-01,5.000000e-01,5.000000e-01,5.000000e-01,0.000000e+00,0.000000e+00,0.000000e+00,0.000000e+00,2.991881e-01,0.000000e+00,0.000000e+00,0.000000e+00,0.000000e+00,0.000000e+00,0.000000e+00,0.000000e+00,0.000000e+00,0.000000e+00,0.000000e+00,0.000000e+00,0.000000e+00,0.000000e+00
6.220000e+01,4,5.000000e-01,5.000000e-01,5.000000e-01,5.000000e-01,1.107155e-05,5.000000e-01,5.000000e-01,5.000000e-01,5.000000e-01,5.000000e-01,5.000000e-01,5.000000e-01,5.000000e-01,5.000000e-01,5.000000e-01,5.000000e-01,5.000000e-01,5.000000e-01,0.000000e+00,0.000000e+00,0.000000e+00,0.000000e+00,2.973545e-01,0.000000e+00,0.000000e+00,0.000000e+00,0.000000e+00,0.000000e+00,0.000000e+00,0.000000e+00,0.000000e+00,0.000000e+00,0.000000e+00,0.000000e+00,0.000000e+00,0.000000e+00
6.230000e+01,4,5.000000e-01,5.000000e-01,5.000000e-01,5.000000e-01,3.897805e-05,5.000000e-01,5.000000e-01,5.000000e-01,5.000000e-01,5.000000e-01,5.000000e-01,5.000000e-01,5.000000e-01,5.000000e-01,5.000000e-01,5.000000e-01,5.000000e-01,5.000000e-01,0.000000e+00,0.000000e+00,0.000000e+00,0.000000e+00,2.907894e-01,0.000000e+00,0.000000e+00,0.000000e+00,0.000000e+00,0.000000e+00,0.000000e+00,0.000000e+00,0.000000e+00,0.000000e+00,0.000000e+00,0.000000e+00,0.000000e+00,0.000000e+00
6.240000e+01,4,5.000000e-01,5.000000e-01,5.000000e-01,5.000000e-01,1.373740e-04,5.000000e-01,5.000000e-01,5.000000e-01,5.000000e-01,5.000000e-01,5.000000e-01,5.000000e-01,5.000000e-01,5.000000e-01,5.000000e-01,5.000000e-01,5.000000e-01,5.000000e-01,0.000000e+00,0.000000e+00,0.000000e+00,0.000000e+00,2.687753e-01,0.000000e+00,0.000000e+00,0.000000e+00,0.000000e+00,0.000000e+00,0.000000e+00,0.000000e+00,0.000000e+00,0.000000e+00,0.000000e+00,0.000000e+00,0.000000e+00,0.000000e+00
6.250000e+01,4,5.000000e-01,5.000000e-01,5.000000e-01,5.000000e-01,4.571744e-04,5.000000e-01,5.000000e-01,5.000000e-01,5.000000e-01,5.000000e-01,5.000000e-01,5.000000e-01,5.000000e-01,5.000000e-01,5.000000e-01,5.000000e-01,5.000000e-01,5.000000e-01,0.000000e+00,0.000000e+00,0.000000e+00,0.000000e+00,2.080876e-01,0.000000e+00,0.000000e+00,0.000000e+00,0.000000e+00,0.000000e+00,0.000000e+00,0.000000e+00,0.000000e+00,0.000000e+00,0.000000e+00,0.000000e+00,0.000000e+00,0.000000e+00
6.260000e+01,4,5.000000e-01,5.000000e-01,5.000000e-01,5.000000e-01,1.379218e-03,4.320124e-02,5.000000e-01,5.000000e-01,5.000000e-01,5.000000e-01,5.000000e-01,5.000000e-01,5.000000e-01,5.000000e-01,5.000000e-01,5.000000e-01,5.000000e-01,5.000000e-01,0.000000e+00,0.000000e+00,0.000000e+00,0.000000e+00,9.944916e-02,1.332268e-16,0.000000e+00,0.000000e+00,0.000000e+00,0.000000e+00,0.000000e+00,0.000000e+00,0.000000e+00,0.000000e+00,0.000000e+00,0.000000e+00,0.000000e+00,0.000000e+00
6.270000e+01,4,5.000000e-01,5.000000e-01,5.000000e-01,5.000000e-01,3.684048e-03,2.321729e-02,5.000000e-01,5.000000e-01,5.000000e-01,5.000000e-01,5.000000e-01,5.000000e-01,5.000000e-01,5.000000e-01,5.000000e-01,5.000000e-01,5.000000e-01,5.000000e-01,0.000000e+00,0.000000e+00,0.000000e+00,0.000000e+00,1.565987e-02,2.067717e-09,0.000000e+00,0.000000e+00,0.000000e+00,0.000000e+00,0.000000e+00,0.000000e+00,0.000000e+00,0.000000e+00,0.000000e+00,0.000000e+00,0.000000e+00,0.000000e+00
6.280000e+01,4,5.000000e-01,5.000000e-01,5.000000e-01,5.000000e-01,8.635622e-03,1.061223e-02,5.000000e-01,5.000000e-01,5.000000e-01,5.000000e-01,5.000000e-01,5.000000e-01,5.000000e-01,5.000000e-01,5.000000e-01,5.000000e-01,5.000000e-01,5.000000e-01,0.000000e+00,0.000000e+00,0.000000e+00,0.000000e+00,2.909169e-04,5.893183e-05,0.000000e+00,0.000000e+00,0.000000e+00,0.000000e+00,0.000000e+00,0.000000e+00,0.000000e+00,0.000000e+00,0.000000e+00,0.000000e+00,0.000000e+00,0.000000e+00
6.290000e+01,5,5.000000e-01,5.000000e-01,5.000000e-01,5.000000e-01,1.780157e-02,3.988306e-03,5.000000e-01,5.000000e-01,5.000000e-01,5.000000e-01,5.000000e-01,5.000000e-01,5.000000e-01,5.000000e-01,5.000000e-01,5.000000e-01,5.000000e-01,5.000000e-01,0.000000e+00,0.000000e+00,0.000000e+00,0.000000e+00,1.723886e-07,1.226510e-02,0.000000e+00,0.000000e+00,0.000000e+00,0.000000e+00,0.000000e+00,0.000000e+00,0.000000e+00,0.000000e+00,0.000000e+00,0.000000e+00,0.000000e+00,0.000000e+00
6.300000e+01,5,5.000000e-01,5.000000e-01,5.000000e-01,5.000000e-01,3.257562e-02,1.191391e-03,5.000000e-01,5.000000e-01,5.000000e-01,5.000000e-01,5.000000e-01,5.000000e-01,5.000000e-01,5.000000e-01,5.000000e-01,5.000000e-01,5.000000e-01,5.000000e-01,0.000000e+00,0.000000e+00,0.000000e+00,0.000000e+00,9.348522e-13,1.155960e-01,0.000000e+00,0.000000e+00,0.000000e+00,0.000000e+00,0.000000e+00,0.000000e+00,0.000000e+00,0.000000e+00,0.000000e+00,0.000000e+00,0.000000e+00,0.000000e+00
6.310000e+01,5,5.000000e-01,5.000000e-01,5.000000e-01,5.000000e-01,5.000000e-01,2.756069e-04,5.000000e-01,5.000000e-01,5.000000e-01,5.000000e-01,5.000000e-01,5.000000e-01,5.000000e-01,5.000000e-01,5.000000e-01,5.000000e-01,5.000000e-01,5.000000e-01,0.000000e+00,0.000000e+00,0.000000e+00,0.000000e+00,0.000000e+00,2.406315e-01,0.000000e+00,0.000000e+00,0.000000e+00,0.000000e+00,0.000000e+00,0.000000e+00,0.000000e+00,0.000000e+00,0.000000e+00,0.000000e+00,0.000000e+00,0.000000e+00
6.320000e+01,5,5.000000e-01,5.000000e-01,5.000000e-01,5.000000e-01,5.000000e-01,4.846037e-05,5.000000e-01,5.000000e-01,5.000000e-01,5.000000e-01,5.000000e-01,5.000000e-01,5.000000e-01,5.000000e-01,5.000000e-01,5.000000e-01,5.000000e-01,5.000000e-01,0.000000e+00,0.000000e+00,0.000000e+00,0.000000e+00,0.000000e+00,2.885918e-01,0.000000e+00,0.000000e+00,0.000000e+00,0.000000e+00,0.000000e+00,0.000000e+00,0.000000e+00,0.000000e+00,0.000000e+00,0.000000e+00,0.000000e+00,0.000000e+00
6.330000e+01,5,5.000000e-01,5.000000e-01,5.000000e-01,5.000000e-01,5.000000e-01,6.498882e-06,5.000000e-01,5.000000e-01,5.000000e-01,5.000000e-01,5.000000e-01,5.000000e-01,5.000000e-01,5.000000e-01,5.000000e-01,5.000000e-01,5.000000e-01,5.000000e-01,0.000000e+00,0.000000e+00,0.000000e+00,0.000000e+00,0.000000e+00,2.984443e-01,0.000000e+00,0.000000e+00,0.000000e+00,0.000000e+00,0.000000e+00,0.000000e+00,0.000000e+00,0.000000e+00,0.000000e+00,0.000000e+00,0.000000e+00,0.000000e+00
6.340000e+01,5,5.000000e-01,5.000000e-01,5.000000e-01,5.000000e-01,5.000000e-01,6.871286e-07,5.000000e-01,5.000000e-01,5.000000e-01,5.000000e-01,5.000000e-01,5.000000e-01,5.000000e-01,5.000000e-01,5.000000e-01,5.000000e-01,5.000000e-01,5.000000e-01,0.000000e+00,0.000000e+00,0.000000e+00,0.000000e+00,0.000000e+00,2.998351e-01,0.000000e+00,0.000000e+00,0.000000e+00,0.000000e+00,0.000000e+00,0.000000e+00,0.000000e+00,0.000000e+00,0.000000e+00,0.000000e+00,0.000000e+00,0.000000e+00
6.350000e+01,5,5.000000e-01,5.000000e-01,5.000000e-01,5.000000e-01,5.000000e-01,6.147734e-08,5.000000e-01,5.000000e-01,5.000000e-01,5.000000e-01,5.000000e-01,5.000000e-01,5.000000e-01,5.000000e-01,5.000000e-01,5.000000e-01,5.000000e-01,5.000000e-01,0.000000e+00,0.000000e+00,0.000000e+00,0.000000e+00,0.000000e+00,2.999852e-01,0.000000e+00,0.000000e+00,0.000000e+00,0.000000e+00,0.000000e+00,0.000000e+00,0.000000e+00,0.000000e+00,0.000000e+00,0.000000e+00,0.000000e+00,0.000000e+00
6.360000e+01,5,5.000000e-01,5.000000e-01,5.000000e-01,5.000000e-01,5.000000e-01,5.206485e-09,5.000000e-01,5.000000e-01,5.000000e-01,5.000000e-01,5.000000e-01,5.000000e-01,5.000000e-01,5.000000e-01,5.000000e-01,5.000000e-01,5.000000e-01,5.000000e-01,0.000000e+00,0.000000e+00,0.000000e+00,0.000000e+00,0.000000e+00,2.999988e-01,0.000000e+00,0.000000e+00,0.000000e+00,0.000000e+00,0.000000e+00,0.000000e+00,0.000000e+00,0.000000e+00,0.000000e+00,0.000000e+00,0.000000e+00,0.000000e+00
6.370000e+01,5,5.000000e-01,5.000000e-01,5.000000e-01,5.000000e-01,5.000000e-01,4.848862e-10,5.000000e-01,5.000000e-01,5.000000e-01,5.000000e-01,5.000000e-01,5.000000e-01,5.000000e-01,5.000000e-01,5.000000e-01,5.000000e-01,5.000000e-01,5.000000e-01,0.000000e+00,0.000000e+00,0.000000e+00,0.000000e+00,0.000000e+00,2.999999e-01,0.000000e+00,0.000000e+00,0.000000e+00,0.000000e+00,0.000000e+00,0.000000e+00,0.000000e+00,0.000000e+00,0.000000e+00,0.000000e+00,0.000000e+00,0.000000e+00
6.380000e+01,5,5.000000e-01,5.000000e-01,5.000000e-01,5.000000e-01,5.000000e-01,5.916652e-11,5.000000e-01,5.000000e-01,5.000000e-01,5.000000e-01,5.000000e-01,5.000000e-01,5.000000e-01,5.000000e-01,5.000000e-01,5.000000e-01,5.000000e-01,5.000000e-01,0.000000e+00,0.000000e+00,0.000000e+00,0.000000e+00,0.000000e+00,3.000000e-01,0.000000e+00,0.000000e+00,0.000000e+00,0.000000e+00,0.000000e+00,0.000000e+00,0.000000e+00,0.000000e+00,0.000000e+00,0.000000e+00,0.000000e+00,0.000000e+00
6.390000e+01,5,5.000000e-01,5.000000e-01,5.000000e-01,5.000000e-01,5.000000e-01,1.131227e-11,5.000000e-01,5.000000e-01,5.000000e-01,5.000000e-01,5.000000e-01,5.000000e-01,5.000000e-01,5.000000e-01,5.000000e-01,5.000000e-01,5.000000e-01,5.000000e-01,0.000000e+00,0.000000e+00,0.000000e+00,0.000000e+00,0.000000e+00,3.000000e-01,0.000000e+00,0.000000e+00,0.000000e+00,0.000000e+00,0.000000e+00,0.000000e+00,0.000000e+00,0.000000e+00,0.000000e+00,0.000000e+00,0.000000e+00,0.000000e+00
6.400000e+01,5,5.000000e-01,5.000000e-01,5.000000e-01,5.000000e-01,5.000000e-01,3.958935e-12,5.000000e-01,5.000000e-01,5.000000e-01,5.000000e-01,5.000000e-01,5.000000e-01,5.000000e-01,5.000000e-01,5.000000e-01,5.000000e-01,5.000000e-01,5.000000e-01,0.000000e+00,0.000000e+00,0.000000e+00,0.000000e+00,0.000000e+00,3.000000e-01,0.000000e+00,0.000000e+00,0.000000e+00,0.000000e+00,0.000000e+00,0.000000e+00,0.000000e+00,0.000000e+00,0.000000e+00,0.000000e+00,0.000000e+00,0.000000e+00
6.410000e+01,5,5.000000e-01,5.000000e-01,5.000000e-01,5.000000e-01,5.000000e-01,2.817182e-12,5.000000e-01,5.000000e-01,5.000000e-01,5.000000e-01,5.000000e-01,5.000000e-01,5.000000e-01,5.000000e-01,5.000000e-01,5.000000e-01,5.000000e-01,5.000000e-01,0.000000e+00,0.000000e+00,0.000000e+00,0.000000e+00,0.000000e+00,3.000000e-01,0.000000e+00,0.000000e+00,0.000000e+00,0.000000e+00,0.000000e+00,0.000000e+00,0.000000e+00,0.000000e+00,0.000000e+00,0.000000e+00,0.000000e+00,0.000000e+00
6.420000e+01,5,5.000000e-01,5.000000e-01,5.000000e-01,5.000000e-01,5.000000e-01,4.221916e-12,5.000000e-01,5.000000e-01,5.000000e-01,5.000000e-01,5.000000e-01,5.000000e-01,5.000000e-01,5.000000e-01,5.000000e-01,5.000000e-01,5.000000e-01,5.000000e-01,0.000000e+00,0.000000e+00,0.000000e+00,0.000000e+00,0.000000e+00,3.000000e-01,0.000000e+00,0.000000e+00,0.000000e+00,0.000000e+00,0.000000e+00,0.000000e+00,0.000000e+00,0.000000e+00,0.000000e+00,0.000000e+00,0.000000e+00,0.000000e+00
6.430000e+01,5,5.000000e-01,5.000000e-01,5.000000e-01,5.000000e-01,5.000000e-01,1.278069e-11,5.000000e-01,5.000000e-01,5.000000e-01,5.000000e-01,5.000000e-01,5.000000e-01,5.000000e-01,5.000000e-01,5.000000e-01,5.000000e-01,5.000000e-01,5.000000e-01,0.000000e+00,0.000000e+00,0.000000e+00,0.000000e+00,0.000000e+00,3.000000e-01,0.000000e+00,0.000000e+00,0.000000e+00,0.000000e+00,0.000000e+00,0.000000e+00,0.000000e+00,0.000000e+00,0.000000e+00,0.000000e+00,0.000000e+00,0.000000e+00
6.440000e+01,5,5.000000e-01,5.000000e-01,5.000000e-01,5.000000e-01,5.000000e-01,6.998207e-11,5.000000e-01,5.000000e-01,5.000000e-01,5.000000e-01,5.000000e-01,5.000000e-01,5.000000e-01,5.000000e-01,5.000000e-01,5.000000e-01,5.000000e-01,5.000000e-01,0.000000e+00,0.000000e+00,0.000000e+00,0.000000e+00,0.000000e+00,3.000000e-01,0.000000e+00,0.000000e+00,0.000000e+00,0.000000e+00,0.000000e+00,0.000000e+00,0.000000e+00,0.000000e+00,0.000000e+00,0.000000e+00,0.000000e+00,0.000000e+00
6.450000e+01,5,5.000000e-01,5.000000e-01,5.000000e-01,5.000000e-01,5.000000e-01,5.914463e-10,5.000000e-01,5.000000e-01,5.000000e-01,5.000000e-01,5.000000e-01,5.000000e-01,5.000000e-01,5.000000e-01,5.000000e-01,5.000000e-01,5.000000e-01,5.000000e-01,0.000000e+00,0.000000e+00,0.000000e+00,0.000000e+00,0.000000e+00,2.999999e-01,0.000000e+00,0.000000e+00,0.000000e+00,0.000000e+00,0.000000e+00,0.000000e+00,0.000000e+00,0.000000e+00,0.000000e+00,0.000000e+00,0.000000e+00,0.000000e+00
6.460000e+01,5,5.000000e-01,5.000000e-01,5.000000e-01,5.000000e-01,5.000000e-01,1.845786e-08,5.000000e-01,5.000000e-01,5.000000e-01,5.000000e-01,5.000000e-01,5.000000e-01,5.000000e-01,5.000000e-01,5.000000e-01,5.000000e-01,5.000000e-01,5.000000e-01,0.000000e+00,0.000000e+00,0.000000e+00,0.000000e+00,0.000000e+00,2.999956e-01,0.000000e+00,0.000000e+00,0.000000e+00,0.000000e+00,0.000000e+00,0.000000e+00,0.000000e+00,0.000000e+00,0.000000e+00,0.000000e+00,0.000000e+00,0.000000e+00
6.470000e+01,5,5.000000e-01,5.000000e-01,5.000000e-01,5.000000e-01,5.000000e-01,4.162522e-07,5.000000e-01,5.000000e-01,5.000000e-01,5.000000e-01,5.000000e-01,5.000000e-01,5.000000e-01,5.000000e-01,5.000000e-01,5.000000e-01,5.000000e-01,5.000000e-01,0.000000e+00,0.000000e+00,0.000000e+00,0.000000e+00,0.000000e+00,2.999001e-01,0.000000e+00,0.000000e+00,0.000000e+00,0.000000e+00,0.000000e+00,0.000000e+00,0.000000e+00,0.000000e+00,0.000000e+00,0.000000e+00,0.000000e+00,0.000000e+00
6.480000e+01,5,5.000000e-01,5.000000e-01,5.000000e-01,5.000000e-01,5.000000e-01,6.282868e-06,5.000000e-01,5.000000e-01,5.000000e-01,5.000000e-01,5.000000e-01,5.000000e-01,5.000000e-01,5.000000e-01,5.000000e-01,5.000000e-01,5.000000e-01,5.000000e-01,0.000000e+00,0.000000e+00,0.000000e+00,0.000000e+00,0.000000e+00,2.984959e-01,0.000000e+00,0.000000e+00,0.000000e+00,0.000000e+00,0.000000e+00,0.000000e+00,0.000000e+00,0.000000e+00,0.000000e+00,0.000000e+00,0.000000e+00,0.000000e+00
6.490000e+01,5,5.000000e-01,5.000000e-01,5.000000e-01,5.000000e-01,5.000000e-01,6.206854e-05,5.000000e-01,5.000000e-01,5.000000e-01,5.000000e-01,5.000000e-01,5.000000e-01,5.000000e-01,5.000000e-01,5.000000e-01,5.000000e-01,5.000000e-01,5.000000e-01,0.000000e+00,0.000000e+00,0.000000e+00,0.000000e+00,0.000000e+00,2.854669e-01,0.000000e+00,0.000000e+00,0.000000e+00,0.000000e+00,0.000000e+00,0.000000e+00,0.000000e+00,0.000000e+00,0.000000e+00,0.000000e+00,0.000000e+00,0.000000e+00
6.500000e+01,5,5.000000e-01,5.000000e-01,5.000000e-01,5.000000e-01,5.000000e-01,4.081427e-04,5.000000e-01,5.000000e-01,5.000000e-01,5.000000e-01,5.000000e-01,5.000000e-01,5.000000e-01,5.000000e-01,5.000000e-01,5.000000e-01,5.000000e-01,5.000000e-01,0.000000e+00,0.000000e+00,0.000000e+00,0.000000e+00,0.000000e+00,2.164158e-01,0.000000e+00,0.000000e+00,0.000000e+00,0.000000e+00,0.000000e+00,0.000000e+00,0.000000e+00,0.000000e+00,0.000000e+00,0.000000e+00,0.000000e+00,0.000000e+00
6.510000e+01,5,5.000000e-01,5.000000e-01,5.000000e-01,5.000000e-01,5.000000e-01,1.860901e-03,5.000000e-01,5.000000e-01,5.000000e-01,5.000000e-01,5.000000e-01,5.000000e-01,5.000000e-01,5.000000e-01,5.000000e-01,5.000000e-01,5.000000e-01,5.000000e-01,0.000000e+00,0.000000e+00,0.000000e+00,0.000000e+00,0.000000e+00,6.760449e-02,0.000000e+00,0.000000e+00,0.000000e+00,0.000000e+00,0.000000e+00,0.000000e+00,0.000000e+00,0.000000e+00,0.000000e+00,0.000000e+00,0.000000e+00,0.000000e+00
6.520000e+01,5,5.000000e-01,5.000000e-01,5.000000e-01,5.000000e-01,5.000000e-01,6.198092e-03,5.000000e-01,5.000000e-01,5.000000e-01,5.000000e-01,5.000000e-01,5.000000e-01,5.000000e-01,5.000000e-01,5.000000e-01,5.000000e-01,5.000000e-01,5.000000e-01,0.000000e+00,0.000000e+00,0.000000e+00,0.000000e+00,0.000000e+00,2.074829e-03,0.000000e+00,0.000000e+00,0.000000e+00,0.000000e+00,0.000000e+00,0.000000e+00,0.000000e+00,0.000000e+00,0.000000e+00,0.000000e+00,0.000000e+00,0.000000e+00
6.530000e+01,5,5.000000e-01,5.000000e-01,5.000000e-01,5.000000e-01,5.000000e-01,1.592165e-02,5.000000e-01,5.000000e-01,5.000000e-01,5.000000e-01,5.000000e-01,5.000000e-01,5.000000e-01,5.000000e-01,5.000000e-01,5.000000e-01,5.000000e-01,5.000000e-01,0.000000e+00,0.000000e+00,0.000000e+00,0.000000e+00,0.000000e+00,7.959079e-07,0.000000e+00,0.000000e+00,0.000000e+00,0.000000e+00,0.000000e+00,0.000000e+00,0.000000e+00,0.000000e+00,0.000000e+00,0.000000e+00,0.000000e+00,0.000000e+00
6.540000e+01,5,5.000000e-01,5.000000e-01,5.000000e-01,5.000000e-01,5.000000e-01,3.318331e-02,5.000000e-01,5.000000e-01,5.000000e-01,5.000000e-01,5.000000e-01,5.000000e-01,5.000000e-01,5.000000e-01,5.000000e-01,5.000000e-01,5.000000e-01,5.000000e-01,0.000000e+00,0.000000e+00,0.000000e+00,0.000000e+00,0.000000e+00,5.655143e-13,0.000000e+00,0.000000e+00,0.000000e+00,0.000000e+00,0.000000e+00,0.000000e+00,0.000000e+00,0.000000e+00,0.000000e+00,0.000000e+00,0.000000e+00,0.000000e+00
6.550000e+01,-1,5.000000e-01,5.000000e-01,5.000000e-01,5.000000e-01,5.000000e-01,5.000000e-01,5.000000e-01,5.000000e-01,5.000000e-01,5.000000e-01,5.000000e-01,5.000000e-01,5.000000e-01,5.000000e-01,5.000000e-01,5.000000e-01,5.000000e-01,5.000000e-01,0.000000e+00,0.000000e+00,0.000000e+00,0.000000e+00,0.000000e+00,0.000000e+00,0.000000e+00,0.000000e+00,0.000000e+00,0.000000e+00,0.000000e+00,0.000000e+00,0.000000e+00,0.000000e+00,0.000000e+00,0.000000e+00,0.000000e+00,0.000000e+00
6.560000e+01,-1,5.000000e-01,5.000000e-01,5.000000e-01,5.000000e-01,5.000000e-01,5.000000e-01,5.000000e-01,5.000000e-01,5.000000e-01,5.000000e-01,5.000000e-01,5.000000e-01,5.000000e-01,5.000000e-01,5.000000e-01,5.000000e-01,5.000000e-01,5.000000e-01,0.000000e+00,0.000000e+00,0.000000e+00,0.000000e+00,0.000000e+00,0.000000e+00,0.000000e+00,0.000000e+00,0.000000e+00,0.000000e+00,0.000000e+00,0.000000e+00,0.000000e+00,0.000000e+00,0.000000e+00,0.000000e+00,0.000000e+00,0.000000e+00
6.570000e+01,-1,5.000000e-01,5.000000e-01,5.000000e-01,5.000000e-01,5.000000e-01,5.000000e-01,5.000000e-01,5.000000e-01,5.000000e-01,5.000000e-01,5.000000e-01,5.000000e-01,5.000000e-01,5.000000e-01,5.000000e-01,5.000000e-01,5.000000e-01,5.000000e-01,0.000000e+00,0.000000e+00,0.000000e+00,0.000000e+00,0.000000e+00,0.000000e+00,0.000000e+00,0.000000e+00,0.000000e+00,0.000000e+00,0.000000e+00,0.000000e+00,0.000000e+00,0.000000e+00,0.000000e+00,0.000000e+00,0.000000e+00,0.000000e+00
6.580000e+01,-1,5.000000e-01,5.000000e-01,5.000000e-01,5.000000e-01,5.000000e-01,5.000000e-01,5.000000e-01,5.000000e-01,5.000000e-01,5.000000e-01,5.000000e-01,5.000000e-01,5.000000e-01,5.000000e-01,5.000000e-01,5.000000e-01,5.000000e-01,5.000000e-01,0.000000e+00,0.000000e+00,0.000000e+00,0.000000e+00,0.000000e+00,0.000000e+00,0.000000e+00,0.000000e+00,0.000000e+00,0.000000e+00,0.000000e+00,0.000000e+00,0.000000e+00,0.000000e+00,0.000000e+00,0.000000e+00,0.000000e+00,0.000000e+00
6.590000e+01,-1,5.000000e-01,5.000000e-01,5.000000e-01,5.000000e-01,5.000000e-01,5.000000e-01,5.000000e-01,5.000000e-01,5.000000e-01,5.000000e-01,5.000000e-01,5.000000e-01,5.000000e-01,5.000000e-01,5.000000e-01,5.000000e-01,5.000000e-01,5.000000e-01,0.000000e+00,0.000000e+00,0.000000e+00,0.000000e+00,0.000000e+00,0.000000e+00,0.000000e+00,0.000000e+00,0.000000e+00,0.000000e+00,0.000000e+00,0.000000e+00,0.000000e+00,0.000000e+00,0.000000e+00,0.000000e+00,0.000000e+00,0.000000e+00
6.600000e+01,-1,5.000000e-01,5.000000e-01,5.000000e-01,5.000000e-01,5.000000e-01,5.000000e-01,5.000000e-01,5.000000e-01,5.000000e-01,5.000000e-01,5.000000e-01,5.000000e-01,5.000000e-01,5.000000e-01,5.000000e-01,5.000000e-01,5.000000e-01,5.000000e-01,0.000000e+00,0.000000e+00,0.000000e+00,0.000000e+00,0.000000e+00,0.000000e+00,0.000000e+00,0.000000e+00,0.000000e+00,0.000000e+00,0.000000e+00,0.000000e+00,0.000000e+00,0.000000e+00,0.000000e+00,0.000000e+00,0.000000e+00,0.000000e+00
6.610000e+01,-1,5.000000e-01,5.000000e-01,5.000000e-01,5.000000e-01,5.000000e-01,5.000000e-01,5.000000e-01,5.000000e-01,5.000000e-01,5.000000e-01,5.000000e-01,5.000000e-01,5.000000e-01,5.000000e-01,5.000000e-01,5.000000e-01,5.000000e-01,5.000000e-01,0.000000e+00,0.000000e+00,0.000000e+00,0.000000e+00,0.000000e+00,0.000000e+00,0.000000e+00,0.000000e+00,0.000000e+00,0.000000e+00,0.000000e+00,0.000000e+00,0.000000e+00,0.000000e+00,0.000000e+00,0.000000e+00,0.000000e+00,0.000000e+00
6.620000e+01,-1,5.000000e-01,5.000000e-01,5.000000e-01,5.000000e-01,5.000000e-01,5.000000e-01,5.000000e-01,5.000000e-01,5.000000e-01,5.000000e-01,5.000000e-01,5.000000e-01,5.000000e-01,5.000000e-01,5.000000e-01,5.000000e-01,5.000000e-01,5.000000e-01,0.000000e+00,0.000000e+00,0.000000e+00,0.000000e+00,0.000000e+00,0.000000e+00,0.000000e+00,0.000000e+00,0.000000e+00,0.000000e+00,0.000000e+00,0.000000e+00,0.000000e+00,0.000000e+00,0.000000e+00,0.000000e+00,0.000000e+00,0.000000e+00
6.630000e+01,-1,5.000000e-01,5.000000e-01,5.000000e-01,5.000000e-01,5.000000e-01,5.000000e-01,5.000000e-01,5.000000e-01,5.000000e-01,5.000000e-01,5.000000e-01,5.000000e-01,5.000000e-01,5.000000e-01,5.000000e-01,5.000000e-01,5.000000e-01,5.000000e-01,0.000000e+00,0.000000e+00,0.000000e+00,0.000000e+00,0.000000e+00,0.000000e+00,0.000000e+00,0.000000e+00,0.000000e+00,0.000000e+00,0.000000e+00,0.000000e+00,0.000000e+00,0.000000e+00,0.000000e+00,0.000000e+00,0.000000e+00,0.000000e+00
6.640000e+01,-1,5.000000e-01,5.000000e-01,5.000000e-01,5.000000e-01,5.000000e-01,5.000000e-01,5.000000e-01,5.000000e-01,5.000000e-01,5.000000e-01,5.000000e-01,5.000000e-01,5.000000e-01,5.000000e-01,5.000000e-01,5.000000e-01,5.000000e-01,5.000000e-01,0.000000e+00,0.000000e+00,0.000000e+00,0.000000e+00,0.000000e+00,0.000000e+00,0.000000e+00,0.000000e+00,0.000000e+00,0.000000e+00,0.000000e+00,0.000000e+00,0.000000e+00,0.000000e+00,0.000000e+00,0.000000e+00,0.000000e+00,0.000000e+00
6.650000e+01,-1,5.000000e-01,5.000000e-01,5.000000e-01,5.000000e-01,5.000000e-01,5.000000e-01,5.000000e-01,5.000000e-01,5.000000e-01,5.000000e-01,5.000000e-01,5.000000e-01,5.000000e-01,5.000000e-01,5.000000e-01,5.000000e-01,5.000000e-01,5.000000e-01,0.000000e+00,0.000000e+00,0.000000e+00,0.000000e+00,0.000000e+00,0.000000e+00,0.000000e+00,0.000000e+00,0.000000e+00,0.000000e+00,0.000000e+00,0.000000e+00,0.000000e+00,0.000000e+00,0.000000e+00,0.000000e+00,0.000000e+00,0.000000e+00
6.660000e+01,-1,5.000000e-01,5.000000e-01,5.000000e-01,5.000000e-01,5.000000e-01,5.000000e-01,5.000000e-01,5.000000e-01,5.000000e-01,5.000000e-01,5.000000e-01,5.000000e-01,5.000000e-01,5.000000e-01,5.000000e-01,5.000000e-01,5.000000e-01,5.000000e-01,0.000000e+00,0.000000e+00,0.000000e+00,0.000000e+00,0.000000e+00,0.000000e+00,0.000000e+00,0.000000e+00,0.000000e+00,0.000000e+00,0.000000e+00,0.000000e+00,0.000000e+00,0.000000e+00,0.000000e+00,0.000000e+00,0.000000e+00,0.000000e+00
6.670000e+01,-1,5.000000e-01,5.000000e-01,5.000000e-01,5.000000e-01,5.000000e-01,5.000000e-01,5.000000e-01,5.000000e-01,5.000000e-01,5.000000e-01,5.000000e-01,5.000000e-01,5.000000e-01,5.000000e-01,5.000000e-01,5.000000e-01,5.000000e-01,5.000000e-01,0.000000e+00,0.000000e+00,0.000000e+00,0.000000e+00,0.000000e+00,0.000000e+00,0.000000e+00,0.000000e+00,0.000000e+00,0.000000e+00,0.000000e+00,0.000000e+00,0.000000e+00,0.000000e+00,0.000000e+00,0.000000e+00,0.000000e+00,0.000000e+00
6.680000e+01,-1,5.000000e-01,5.000000e-01,5.000000e-01,5.000000e-01,5.000000e-01,5.000000e-01,5.000000e-01,5.000000e-01,5.000000e-01,5.000000e-01,5.000000e-01,5.000000e-01,5.000000e-01,5.000000e-01,5.000000e-01,5.000000e-01,5.000000e-01,5.000000e-01,0.000000e+00,0.000000e+00,0.000000e+00,0.000000e+00,0.000000e+00,0.000000e+00,0.000000e+00,0.000000e+00,0.000000e+00,0.000000e+00,0.000000e+00,0.000000e+00,0.000000e+00,0.000000e+00,0.000000e+00,0.000000e+00,0.000000e+00,0.000000e+00
6.690000e+01,-1,5.000000e-01,5.000000e-01,5.000000e-01,5.000000e-01,5.000000e-01,5.000000e-01,5.000000e-01,5.000000e-01,5.000000e-01,5.000000e-01,5.000000e-01,5.000000e-01,5.000000e-01,5.000000e-01,5.000000e-01,5.000000e-01,5.000000e-01,5.000000e-01,0.000000e+00,0.000000e+00,0.000000e+00,0.000000e+00,0.000000e+00,0.000000e+00,0.000000e+00,0.000000e+00,0.000000e+00,0.000000e+00,0.000000e+00,0.000000e+00,0.000000e+00,0.000000e+00,0.000000e+00,0.000000e+00,0.000000e+00,0.000000e+00
6.700000e+01,-1,5.000000e-01,5.000000e-01,5.000000e-01,5.000000e-01,5.000000e-01,5.000000e-01,5.000000e-01,5.000000e-01,5.000000e-01,5.000000e-01,5.000000e-01,5.000000e-01,5.000000e-01,5.000000e-01,5.000000e-01,5.000000e-01,5.000000e-01,5.000000e-01,0.000000e+00,0.000000e+00,0.000000e+00,0.000000e+00,0.000000e+00,0.000000e+00,0.000000e+00,0.000000e+00,0.000000e+00,0.000000e+00,0.000000e+00,0.000000e+00,0.000000e+00,0.000000e+00,0.000000e+00,0.000000e+00,0.000000e+00,0.000000e+00
6.710000e+01,-1,5.000000e-01,5.000000e-01,5.000000e-01,5.000000e-01,5.000000e-01,5.000000e-01,5.000000e-01,5.000000e-01,5.000000e-01,5.000000e-01,5.000000e-01,5.000000e-01,5.000000e-01,5.000000e-01,5.000000e-01,5.000000e-01,5.000000e-01,5.000000e-01,0.000000e+00,0.000000e+00,0.000000e+00,0.000000e+00,0.000000e+00,0.000000e+00,0.000000e+00,0.000000e+00,0.000000e+00,0.000000e+00,0.000000e+00,0.000000e+00,0.000000e+00,0.000000e+00,0.000000e+00,0.000000e+00,0.000000e+00,0.000000e+00
6.720000e+01,-1,5.000000e-01,5.000000e-01,5.000000e-01,5.000000e-01,5.000000e-01,5.000000e-01,5.000000e-01,5.000000e-01,5.000000e-01,5.000000e-01,5.000000e-01,5.000000e-01,5.000000e-01,5.000000e-01,5.000000e-01,5.000000e-01,5.000000e-01,5.000000e-01,0.000000e+00,0.000000e+00,0.000000e+00,0.000000e+00,0.000000e+00,0.000000e+00,0.000000e+00,0.000000e+00,0.000000e+00,0.000000e+00,0.000000e+00,0.000000e+00,0.000000e+00,0.000000e+00,0.000000e+00,0.000000e+00,0.000000e+00,0.000000e+00
6.730000e+01,-1,5.000000e-01,5.000000e-01,5.000000e-01,5.000000e-01,5.000000e-01,5.000000e-01,5.000000e-01,5.000000e-01,5.000000e-01,5.000000e-01,5.000000e-01,5.000000e-01,5.000000e-01,5.000000e-01,5.000000e-01,5.000000e-01,5.000000e-01,5.000000e-01,0.000000e+00,0.000000e+00,0.000000e+00,0.000000e+00,0.000000e+00,0.000000e+00,0.000000e+00,0.000000e+00,0.000000e+00,0.000000e+00,0.000000e+00,0.000000e+00,0.000000e+00,0.000000e+00,0.000000e+00,0.000000e+00,0.000000e+00,0.000000e+00
6.740000e+01,-1,5.000000e-01,5.000000e-01,5.000000e-01,5.000000e-01,5.000000e-01,5.000000e-01,5.000000e-01,5.000000e-01,5.000000e-01,5.000000e-01,5.000000e-01,5.000000e-01,5.000000e-01,5.000000e-01,5.000000e-01,5.000000e-01,5.000000e-01,5.000000e-01,0.000000e+00,0.000000e+00,0.000000e+00,0.000000e+00,0.000000e+00,0.000000e+00,0.000000e+00,0.000000e+00,0.000000e+00,0.000000e+00,0.000000e+00,0.000000e+00,0.000000e+00,0.000000e+00,0.000000e+00,0.000000e+00,0.000000e+00,0.000000e+00
6.750000e+01,-1,5.000000e-01,5.000000e-01,5.000000e-01,5.000000e-01,5.000000e-01,5.000000e-01,5.000000e-01,5.000000e-01,5.000000e-01,5.000000e-01,5.000000e-01,5.000000e-01,5.000000e-01,5.000000e-01,5.000000e-01,5.000000e-01,5.000000e-01,5.000000e-01,0.000000e+00,0.000000e+00,0.000000e+00,0.000000e+00,0.000000e+00,0.000000e+00,0.000000e+00,0.000000e+00,0.000000e+00,0.000000e+00,0.000000e+00,0.000000e+00,0.000000e+00,0.000000e+00,0.000000e+00,0.000000e+00,0.000000e+00,0.000000e+00
6.760000e+01,-1,5.000000e-01,5.000000e-01,5.000000e-01,5.000000e-01,5.000000e-01,5.000000e-01,5.000000e-01,5.000000e-01,5.000000e-01,5.000000e-01,5.000000e-01,5.000000e-01,5.000000e-01,5.000000e-01,5.000000e-01,5.000000e-01,5.000000e-01,5.000000e-01,0.000000e+00,0.000000e+00,0.000000e+00,0.000000e+00,0.000000e+00,0.000000e+00,0.000000e+00,0.000000e+00,0.000000e+00,0.000000e+00,0.000000e+00,0.000000e+00,0.000000e+00,0.000000e+00,0.000000e+00,0.000000e+00,0.000000e+00,0.000000e+00
6.770000e+01,-1,5.000000e-01,5.000000e-01,5.000000e-01,5.000000e-01,5.000000e-01,5.000000e-01,5.000000e-01,5.000000e-01,5.000000e-01,5.000000e-01,5.000000e-01,5.000000e-01,5.000000e-01,5.000000e-01,5.000000e-01,5.000000e-01,5.000000e-01,5.000000e-01,0.000000e+00,0.000000e+00,0.000000e+00,0.000000e+00,0.000000e+00,0.000000e+00,0.000000e+00,0.000000e+00,0.000000e+00,0.000000e+00,0.000000e+00,0.000000e+00,0.000000e+00,0.000000e+00,0.000000e+00,0.000000e+00,0.000000e+00,0.000000e+00
6.780000e+01,-1,5.000000e-01,5.000000e-01,5.000000e-01,5.000000e-01,5.000000e-01,5.000000e-01,5.000000e-01,5.000000e-01,5.000000e-01,5.000000e-01,5.000000e-01,5.000000e-01,5.000000e-01,5.000000e-01,5.000000e-01,5.000000e-01,5.000000e-01,5.000000e-01,0.000000e+00,0.000000e+00,0.000000e+00,0.000000e+00,0.000000e+00,0.000000e+00,0.000000e+00,0.000000e+00,0.000000e+00,0.000000e+00,0.000000e+00,0.000000e+00,0.000000e+00,0.000000e+00,0.000000e+00,0.000000e+00,0.000000e+00,0.000000e+00
6.790000e+01,-1,5.000000e-01,5.000000e-01,5.000000e-01,5.000000e-01,5.000000e-01,5.000000e-01,5.000000e-01,5.000000e-01,5.000000e-01,5.000000e-01,5.000000e-01,5.000000e-01,5.000000e-01,5.000000e-01,5.000000e-01,5.000000e-01,5.000000e-01,5.000000e-01,0.000000e+00,0.000000e+00,0.000000e+00,0.000000e+00,0.000000e+00,0.000000e+00,0.000000e+00,0.000000e+00,0.000000e+00,0.000000e+00,0.000000e+00,0.000000e+00,0.000000e+00,0.000000e+00,0.000000e+00,0.000000e+00,0.000000e+00,0.000000e+00
6.800000e+01,-1,5.000000e-01,5.000000e-01,5.000000e-01,5.000000e-01,5.000000e-01,5.000000e-01,5.000000e-01,5.000000e-01,5.000000e-01,5.000000e-01,5.000000e-01,5.000000e-01,5.000000e-01,5.000000e-01,5.000000e-01,5.000000e-01,5.000000e-01,5.000000e-01,0.000000e+00,0.000000e+00,0.000000e+00,0.000000e+00,0.000000e+00,0.000000e+00,0.000000e+00,0.000000e+00,0.000000e+00,0.000000e+00,0.000000e+00,0.000000e+00,0.000000e+00,0.000000e+00,0.000000e+00,0.000000e+00,0.000000e+00,0.000000e+00
6.810000e+01,-1,5.000000e-01,5.000000e-01,5.000000e-01,5.000000e-01,5.000000e-01,5.000000e-01,5.000000e-01,5.000000e-01,5.000000e-01,5.000000e-01,5.000000e-01,5.000000e-01,5.000000e-01,5.000000e-01,5.000000e-01,5.000000e-01,5.000000e-01,5.000000e-01,0.000000e+00,0.000000e+00,0.000000e+00,0.000000e+00,0.000000e+00,0.000000e+00,0.000000e+00,0.000000e+00,0.000000e+00,0.000000e+00,0.000000e+00,0.000000e+00,0.000000e+00,0.000000e+00,0.000000e+00,0.000000e+00,0.000000e+00,0.000000e+00
6.820000e+01,-1,5.000000e-01,5.000000e-01,5.000000e-01,5.000000e-01,5.000000e-01,5.000000e-01,5.000000e-01,5.000000e-01,5.000000e-01,5.000000e-01,5.000000e-01,5.000000e-01,5.000000e-01,5.000000e-01,5.000000e-01,5.000000e-01,5.000000e-01,5.000000e-01,0.000000e+00,0.000000e+00,0.000000e+00,0.000000e+00,0.000000e+00,0.000000e+00,0.000000e+00,0.000000e+00,0.000000e+00,0.000000e+00,0.000000e+00,0.000000e+00,0.000000e+00,0.000000e+00,0.000000e+00,0.000000e+00,0.000000e+00,0.000000e+00
6.830000e+01,-1,5.000000e-01,5.000000e-01,5.000000e-01,5.000000e-01,5.000000e-01,5.000000e-01,5.000000e-01,5.000000e-01,5.000000e-01,5.000000e-01,5.000000e-01,5.000000e-01,5.000000e-01,5.000000e-01,5.000000e-01,5.000000e-01,5.000000e-01,5.000000e-01,0.000000e+00,0.000000e+00,0.000000e+00,0.000000e+00,0.000000e+00,0.000000e+00,0.000000e+00,0.000000e+00,0.000000e+00,0.000000e+00,0.000000e+00,0.000000e+00,0.000000e+00,0.000000e+00,0.000000e+00,0.000000e+00,0.000000e+00,0.000000e+00
6.840000e+01,-1,5.000000e-01,5.000000e-01,5.000000e-01,5.000000e-01,5.000000e-01,5.000000e-01,5.000000e-01,5.000000e-01,5.000000e-01,5.000000e-01,5.000000e-01,5.000000e-01,5.000000e-01,5.000000e-01,5.000000e-01,5.000000e-01,5.000000e-01,5.000000e-01,0.000000e+00,0.000000e+00,0.000000e+00,0.000000e+00,0.000000e+00,0.000000e+00,0.000000e+00,0.000000e+00,0.000000e+00,0.000000e+00,0.000000e+00,0.000000e+00,0.000000e+00,0.000000e+00,0.000000e+00,0.000000e+00,0.000000e+00,0.000000e+00
6.850000e+01,10,5.000000e-01,5.000000e-01,5.000000e-01,5.000000e-01,5.000000e-01,5.000000e-01,5.000000e-01,5.000000e-01,5.000000e-01,5.000000e-01,4.127077e-02,5.000000e-01,5.000000e-01,5.000000e-01,5.000000e-01,5.000000e-01,5.000000e-01,5.000000e-01,0.000000e+00,0.000000e+00,0.000000e+00,0.000000e+00,0.000000e+00,0.000000e+00,0.000000e+00,0.000000e+00,0.000000e+00,0.000000e+00,6.661338e-16,0.000000e+00,0.000000e+00,0.000000e+00,0.000000e+00,0.000000e+00,0.000000e+00,0.000000e+00
6.860000e+01,10,5.000000e-01,5.000000e-01,5.000000e-01,5.000000e-01,5.000000e-01,5.000000e-01,5.000000e-01,5.000000e-01,5.000000e-01,5.000000e-01,3.089819e-02,5.000000e-01,5.000000e-01,5.000000e-01,5.000000e-01,5.000000e-01,5.000000e-01,5.000000e-01,0.000000e+00,0.000000e+00,0.000000e+00,0.000000e+00,0.000000e+00,0.000000e+00,0.000000e+00,0.000000e+00,0.000000e+00,0.000000e+00,3.738043e-12,0.000000e+00,0.000000e+00,0.000000e+00,0.000000e+00,0.000000e+00,0.000000e+00,0.000000e+00
6.870000e+01,10,5.000000e-01,5.000000e-01,5.000000e-01,5.000000e-01,5.000000e-01,5.000000e-01,5.000000e-01,5.000000e-01,5.000000e-01,5.000000e-01,2.321072e-02,5.000000e-01,5.000000e-01,5.000000e-01,5.000000e-01,5.000000e-01,5.000000e-01,5.000000e-01,0.000000e+00,0.000000e+00,0.000000e+00,0.000000e+00,0.000000e+00,0.000000e+00,0.000000e+00,0.000000e+00,0.000000e+00,0.000000e+00,2.078877e-09,0.000000e+00,0.000000e+00,0.000000e+00,0.000000e+00,0.000000e+00,0.000000e+00,0.000000e+00
6.880000e+01,10,5.000000e-01,5.000000e-01,5.000000e-01,5.000000e-01,5.000000e-01,5.000000e-01,5.000000e-01,5.000000e-01,5.000000e-01,5.000000e-01,1.771112e-02,5.000000e-01,5.000000e-01,5.000000e-01,5.000000e-01,5.000000e-01,5.000000e-01,5.000000e-01,0.000000e+00,0.000000e+00,0.000000e+00,0.000000e+00,0.000000e+00,0.000000e+00,0.000000e+00,0.000000e+00,0.000000e+00,0.000000e+00,1.855687e-07,0.000000e+00,0.000000e+00,0.000000e+00,0.000000e+00,0.000000e+00,0.000000e+00,0.000000e+00
6.890000e+01,10,5.000000e-01,5.000000e-01,5.000000e-01,5.000000e-01,5.000000e-01,5.000000e-01,5.000000e-01,5.000000e-01,5.000000e-01,5.000000e-01,1.391512e-02,5.000000e-01,5.000000e-01,5.000000e-01,5.000000e-01,5.000000e-01,5.000000e-01,5.000000e-01,0.000000e+00,0.000000e+00,0.000000e+00,0.000000e+00,0.000000e+00,0.000000e+00,0.000000e+00,0.000000e+00,0.000000e+00,0.000000e+00,4.060333e-06,0.000000e+00,0.000000e+00,0.000000e+00,0.000000e+00,0.000000e+00,0.000000e+00,0.000000e+00
6.900000e+01,10,5.000000e-01,5.000000e-01,5.000000e-01,5.000000e-01,5.000000e-01,5.000000e-01,5.000000e-01,5.000000e-01,5.000000e-01,5.000000e-01,1.141096e-02,5.000000e-01,5.000000e-01,5.000000e-01,5.000000e-01,5.000000e-01,5.000000e-01,5.000000e-01,0.000000e+00,0.000000e+00,0.000000e+00,0.000000e+00,0.000000e+00,0.000000e+00,0.000000e+00,0.000000e+00,0.000000e+00,0.000000e+00,3.088548e-05,0.000000e+00,0.000000e+00,0.000000e+00,0.000000e+00,0.000000e+00,0.000000e+00,0.000000e+00
6.910000e+01,10,5.000000e-01,5.000000e-01,5.000000e-01,5.000000e-01,5.000000e-01,5.000000e-01,5.000000e-01,5.000000e-01,5.000000e-01,5.000000e-01,6.139947e-03,5.000000e-01,5.000000e-01,5.000000e-01,5.000000e-01,5.000000e-01,5.000000e-01,5.000000e-01,0.000000e+00,0.000000e+00,0.000000e+00,0.000000e+00,0.000000e+00,0.000000e+00,0.000000e+00,0.000000e+00,0.000000e+00,0.000000e+00,2.174249e-03,0.000000e+00,0.000000e+00,0.000000e+00,0.000000e+00,0.000000e+00,0.000000e+00,0.000000e+00
6.920000e+01,10,5.000000e-01,5.000000e-01,5.000000e-01,5.000000e-01,5.000000e-01,5.000000e-01,5.000000e-01,5.000000e-01,5.000000e-01,5.000000e-01,3.164450e-03,5.000000e-01,5.000000e-01,5.000000e-01,5.000000e-01,5.000000e-01,5.000000e-01,5.000000e-01,0.000000e+00,0.000000e+00,0.000000e+00,0.000000e+00,0.000000e+00,0.000000e+00,0.000000e+00,0.000000e+00,0.000000e+00,0.000000e+00,2.376488e-02,0.000000e+00,0.000000e+00,0.000000e+00,0.000000e+00,0.000000e+00,0.000000e+00,0.000000e+00
6.930000e+01,10,5.000000e-01,5.000000e-01,5.000000e-01,5.000000e-01,5.000000e-01,5.000000e-01,5.000000e-01,5.000000e-01,5.000000e-01,5.000000e-01,1.596570e-03,5.000000e-01,5.000000e-01,5.000000e-01,5.000000e-01,5.000000e-01,5.000000e-01,5.000000e-01,0.000000e+00,0.000000e+00,0.000000e+00,0.000000e+00,0.000000e+00,0.000000e+00,0.000000e+00,0.000000e+00,0.000000e+00,0.000000e+00,8.355504e-02,0.000000e+00,0.000000e+00,0.000000e+00,0.000000e+00,0.000000e+00,0.000000e+00,0.000000e+00
6.940000e+01,10,5.000000e-01,5.000000e-01,5.000000e-01,5.000000e-01,5.000000e-01,5.000000e-01,5.000000e-01,5.000000e-01,5.000000e-01,5.000000e-01,8.122646e-04,5.000000e-01,5.000000e-01,5.000000e-01,5.000000e-01,5.000000e-01,5.000000e-01,5.000000e-01,0.000000e+00,0.000000e+00,0.000000e+00,0.000000e+00,0.000000e+00,0.000000e+00,0.000000e+00,0.000000e+00,0.000000e+00,0.000000e+00,1.566019e-01,0.000000e+00,0.000000e+00,0.000000e+00,0.000000e+00,0.000000e+00,0.000000e+00,0.000000e+00
6.950000e+01,10,5.000000e-01,5.000000e-01,5.000000e-01,5.000000e-01,5.000000e-01,5.000000e-01,5.000000e-01,5.000000e-01,5.000000e-01,5.000000e-01,4.319618e-04,5.000000e-01,5.000000e-01,5.000000e-01,5.000000e-01,5.000000e-01,5.000000e-01,5.000000e-01,0.000000e+00,0.000000e+00,0.000000e+00,0.000000e+00,0.000000e+00,0.000000e+00,0.000000e+00,0.000000e+00,0.000000e+00,0.000000e+00,2.123293e-01,0.000000e+00,0.000000e+00,0.000000e+00,0.000000e+00,0.000000e+00,0.000000e+00,0.000000e+00
6.960000e+01,10,5.000000e-01,5.000000e-01,5.000000e-01,5.000000e-01,5.000000e-01,5.000000e-01,5.000000e-01,5.000000e-01,5.000000e-01,5.000000e-01,2.497485e-04,5.000000e-01,5.000000e-01,5.000000e-01,5.000000e-01,5.000000e-01,5.000000e-01,5.000000e-01,0.000000e+00,0.000000e+00,0.000000e+00,0.000000e+00,0.000000e+00,0.000000e+00,0.000000e+00,0.000000e+00,0.000000e+00,0.000000e+00,2.456625e-01,0.000000e+00,0.000000e+00,0.000000e+00,0.000000e+00,0.000000e+00,0.000000e+00,0.000000e+00
6.970000e+01,10,5.000000e-01,5.000000e-01,5.000000e-01,5.000000e-01,5.000000e-01,5.000000e-01,5.000000e-01,5.000000e-01,5.000000e-01,5.000000e-01,1.631280e-04,5.000000e-01,5.000000e-01,5.000000e-01,5.000000e-01,5.000000e-01,5.000000e-01,5.000000e-01,0.000000e+00,0.000000e+00,0.000000e+00,0.000000e+00,0.000000e+00,0.000000e+00,0.000000e+00,0.000000e+00,0.000000e+00,0.000000e+00,2.632935e-01,0.000000e+00,0.000000e+00,0.000000e+00,0.000000e+00,0.000000e+00,0.000000e+00,0.000000e+00
6.980000e+01,10,5.000000e-01,5.000000e-01,5.000000e-01,5.000000e-01,5.000000e-01,5.000000e-01,5.000000e-01,5.000000e-01,5.000000e-01,5.000000e-01,1.243400e-04,5.000000e-01,5.000000e-01,5.000000e-01,5.000000e-01,5.000000e-01,5.000000e-01,5.000000e-01,0.000000e+00,0.000000e+00,0.000000e+00,0.000000e+00,0.000000e+00,0.000000e+00,0.000000e+00,0.000000e+00,0.000000e+00,0.000000e+00,2.715929e-01,0.000000e+00,0.000000e+00,0.000000e+00,0.000000e+00,0.000000e+00,0.000000e+00,0.000000e+00
6.990000e+01,10,5.000000e-01,5.000000e-01,5.000000e-01,5.000000e-01,5.000000e-01,5.000000e-01,5.000000e-01,5.000000e-01,5.000000e-01,5.000000e-01,1.130412e-04,5.000000e-01,5.000000e-01,5.000000e-01,5.000000e-01,5.000000e-01,5.000000e-01,5.000000e-01,0.000000e+00,0.000000e+00,0.000000e+00,0.000000e+00,0.000000e+00,0.000000e+00,0.000000e+00,0.000000e+00,0.000000e+00,0.000000e+00,2.740593e-01,0.000000e+00,0.000000e+00,0.000000e+00,0.000000e+00,0.000000e+00,0.000000e+00,0.000000e+00
7.000000e+01,10,5.000000e-01,5.000000e-01,5.000000e-01,5.000000e-01,5.000000e-01,5.000000e-01,5.000000e-01,5.000000e-01,5.000000e-01,5.000000e-01,1.235452e-04,5.000000e-01,5.000000e-01,5.000000e-01,5.000000e-01,5.000000e-01,5.000000e-01,5.000000e-01,0.000000e+00,0.000000e+00,0.000000e+00,0.000000e+00,0.000000e+00,0.000000e+00,0.000000e+00,0.000000e+00,0.000000e+00,0.000000e+00,2.717657e-01,0.000000e+00,0.000000e+00,0.000000e+00,0.000000e+00,0.000000e+00,0.000000e+00,0.000000e+00
7.010000e+01,10,5.000000e-01,5.000000e-01,5.000000e-01,5.000000e-01,5.000000e-01,5.000000e-01,5.000000e-01,5.000000e-01,5.000000e-01,5.000000e-01,1.611339e-04,5.000000e-01,5.000000e-01,5.000000e-01,5.000000e-01,5.000000e-01,5.000000e-01,5.000000e-01,0.000000e+00,0.000000e+00,0.000000e+00,0.000000e+00,0.000000e+00,0.000000e+00,0.000000e+00,0.000000e+00,0.000000e+00,0.000000e+00,2.637139e-01,0.000000e+00,0.000000e+00,0.000000e+00,0.000000e+00,0.000000e+00,0.000000e+00,0.000000e+00
7.020000e+01,10,5.000000e-01,5.000000e-01,5.000000e-01,5.000000e-01,5.000000e-01,5.000000e-01,5.000000e-01,5.000000e-01,5.000000e-01,5.000000e-01,2.454857e-04,5.000000e-01,5.000000e-01,5.000000e-01,5.000000e-01,5.000000e-01,5.000000e-01,5.000000e-01,0.000000e+00,0.000000e+00,0.000000e+00,0.000000e+00,0.000000e+00,0.000000e+00,0.000000e+00,0.000000e+00,0.000000e+00,0.000000e+00,2.465019e-01,0.000000e+00,0.000000e+00,0.000000e+00,0.000000e+00,0.000000e+00,0.000000e+00,0.000000e+00
7.030000e+01,10,5.000000e-01,5.000000e-01,5.000000e-01,5.000000e-01,5.000000e-01,5.000000e-01,5.000000e-01,5.000000e-01,5.000000e-01,5.000000e-01,4.230424e-04,5.000000e-01,5.000000e-01,5.000000e-01,5.000000e-01,5.000000e-01,5.000000e-01,5.000000e-01,0.000000e+00,0.000000e+00,0.000000e+00,0.000000e+00,0.000000e+00,0.000000e+00,0.000000e+00,0.000000e+00,0.000000e+00,0.000000e+00,2.138505e-01,0.000000e+00,0.000000e+00,0.000000e+00,0.000000e+00,0.000000e+00,0.000000e+00,0.000000e+00
7.040000e+01,10,5.000000e-01,5.000000e-01,5.000000e-01,5.000000e-01,5.000000e-01,5.000000e-01,5.000000e-01,5.000000e-01,5.000000e-01,5.000000e-01,7.936973e-04,5.000000e-01,5.000000e-01,5.000000e-01,5.000000e-01,5.000000e-01,5.000000e-01,5.000000e-01,0.000000e+00,0.000000e+00,0.000000e+00,0.000000e+00,0.000000e+00,0.000000e+00,0.000000e+00,0.000000e+00,0.000000e+00,0.000000e+00,1.589473e-01,0.000000e+00,0.000000e+00,0.000000e+00,0.000000e+00,0.000000e+00,0.000000e+00,0.000000e+00
7.050000e+01,10,5.000000e-01,5.000000e-01,5.000000e-01,5.000000e-01,5.000000e-01,5.000000e-01,5.000000e-01,5.000000e-01,5.000000e-01,5.000000e-01,1.558647e-03,5.000000e-01,5.000000e-01,5.000000e-01,5.000000e-01,5.000000e-01,5.000000e-01,5.000000e-01,0.000000e+00,0.000000e+00,0.000000e+00,0.000000e+00,0.000000e+00,0.000000e+00,0.000000e+00,0.000000e+00,0.000000e+00,0.000000e+00,8.613293e-02,0.000000e+00,0.000000e+00,0.000000e+00,0.000000e+00,0.000000e+00,0.000000e+00,0.000000e+00
7.060000e+01,10,5.000000e-01,5.000000e-01,5.000000e-01,5.000000e-01,5.000000e-01,5.000000e-01,5.000000e-01,5.000000e-01,5.000000e-01,5.000000e-01,6.335848e-03,5.000000e-01,5.000000e-01,5.000000e-01,5.000000e-01,5.000000e-01,5.000000e-01,5.000000e-01,0.000000e+00,0.000000e+00,0.000000e+00,0.000000e+00,0.000000e+00,0.000000e+00,0.000000e+00,0.000000e+00,0.000000e+00,0.000000e+00,1.857031e-03,0.000000e+00,0.000000e+00,0.000000e+00,0.000000e+00,0.000000e+00,0.000000e+00,0.000000e+00
7.070000e+01,10,5.000000e-01,5.000000e-01,5.000000e-01,5.000000e-01,5.000000e-01,5.000000e-01,5.000000e-01,5.000000e-01,5.000000e-01,5.000000e-01,1.796917e-02,5.000000e-01,5.000000e-01,5.000000e-01,5.000000e-01,5.000000e-01,5.000000e-01,5.000000e-01,0.000000e+00,0.000000e+00,0.000000e+00,0.000000e+00,0.000000e+00,0.000000e+00,0.000000e+00,0.000000e+00,0.000000e+00,0.000000e+00,1.503902e-07,0.000000e+00,0.000000e+00,0.000000e+00,0.000000e+00,0.000000e+00,0.000000e+00,0.000000e+00
7.080000e+01,10,5.000000e-01,5.000000e-01,5.000000e-01,5.000000e-01,5.000000e-01,5.000000e-01,5.000000e-01,5.000000e-01,5.000000e-01,5.000000e-01,3.899497e-02,5.000000e-01,5.000000e-01,5.000000e-01,5.000000e-01,5.000000e-01,5.000000e-01,5.000000e-01,0.000000e+00,0.000000e+00,0.000000e+00,0.000000e+00,0.000000e+00,0.000000e+00,0.000000e+00,0.000000e+00,0.000000e+00,0.000000e+00,4.529710e-15,0.000000e+00,0.000000e+00,0.000000e+00,0.000000e+00,0.000000e+00,0.000000e+00,0.000000e+00
7.090000e+01,-1,5.000000e-01,5.000000e-01,5.000000e-01,5.000000e-01,5.000000e-01,5.000000e-01,5.000000e-01,5.000000e-01,5.000000e-01,5.000000e-01,5.000000e-01,5.000000e-01,5.000000e-01,5.000000e-01,5.000000e-01,5.000000e-01,5.000000e-01,5.000000e-01,0.000000e+00,0.000000e+00,0.000000e+00,0.000000e+00,0.000000e+00,0.000000e+00,0.000000e+00,0.000000e+00,0.000000e+00,0.000000e+00,0.000000e+00,0.000000e+00,0.000000e+00,0.000000e+00,0.000000e+00,0.000000e+00,0.000000e+00,0.000000e+00
7.100000e+01,-1,5.000000e-01,5.000000e-01,5.000000e-01,5.000000e-01,5.000000e-01,5.000000e-01,5.000000e-01,5.000000e-01,5.000000e-01,5.000000e-01,5.000000e-01,5.000000e-01,5.000000e-01,5.000000e-01,5.000000e-01,5.000000e-01,5.000000e-01,5.000000e-01,0.000000e+00,0.000000e+00,0.000000e+00,0.000000e+00,0.000000e+00,0.000000e+00,0.000000e+00,0.000000e+00,0.000000e+00,0.000000e+00,0.000000e+00,0.000000e+00,0.000000e+00,0.000000e+00,0.000000e+00,0.000000e+00,0.000000e+00,0.000000e+00
7.110000e+01,-1,5.000000e-01,5.000000e-01,5.000000e-01,5.000000e-01,5.000000e-01,5.000000e-01,5.000000e-01,5.000000e-01,5.000000e-01,5.000000e-01,5.000000e-01,5.000000e-01,5.000000e-01,5.000000e-01,5.000000e-01,5.000000e-01,5.000000e-01,5.000000e-01,0.000000e+00,0.000000e+00,0.000000e+00,0.000000e+00,0.000000e+00,0.000000e+00,0.000000e+00,0.000000e+00,0.000000e+00,0.000000e+00,0.000000e+00,0.000000e+00,0.000000e+00,0.000000e+00,0.000000e+00,0.000000e+00,0.000000e+00,0.000000e+00
7.120000e+01,-1,5.000000e-01,5.000000e-01,5.000000e-01,5.000000e-01,5.000000e-01,5.000000e-01,5.000000e-01,5.000000e-01,5.000000e-01,5.000000e-01,5.000000e-01,5.000000e-01,5.000000e-01,5.000000e-01,5.000000e-01,5.000000e-01,5.000000e-01,5.000000e-01,0.000000e+00,0.000000e+00,0.000000e+00,0.000000e+00,0.000000e+00,0.000000e+00,0.000000e+00,0.000000e+00,0.000000e+00,0.000000e+00,0.000000e+00,0.000000e+00,0.000000e+00,0.000000e+00,0.000000e+00,0.000000e+00,0.000000e+00,0.000000e+00
7.130000e+01,-1,5.000000e-01,5.000000e-01,5.000000e-01,5.000000e-01,5.000000e-01,5.000000e-01,5.000000e-01,5.000000e-01,5.000000e-01,5.000000e-01,5.000000e-01,5.000000e-01,5.000000e-01,5.000000e-01,5.000000e-01,5.000000e-01,5.000000e-01,5.000000e-01,0.000000e+00,0.000000e+00,0.000000e+00,0.000000e+00,0.000000e+00,0.000000e+00,0.000000e+00,0.000000e+00,0.000000e+00,0.000000e+00,0.000000e+00,0.000000e+00,0.000000e+00,0.000000e+00,0.000000e+00,0.000000e+00,0.000000e+00,0.000000e+00
7.140000e+01,-1,5.000000e-01,5.000000e-01,5.000000e-01,5.000000e-01,5.000000e-01,5.000000e-01,5.000000e-01,5.000000e-01,5.000000e-01,5.000000e-01,5.000000e-01,5.000000e-01,5.000000e-01,5.000000e-01,5.000000e-01,5.000000e-01,5.000000e-01,5.000000e-01,0.000000e+00,0.000000e+00,0.000000e+00,0.000000e+00,0.000000e+00,0.000000e+00,0.000000e+00,0.000000e+00,0.000000e+00,0.000000e+00,0.000000e+00,0.000000e+00,0.000000e+00,0.000000e+00,0.000000e+00,0.000000e+00,0.000000e+00,0.000000e+00
7.150000e+01,-1,5.000000e-01,5.000000e-01,5.000000e-01,5.000000e-01,5.000000e-01,5.000000e-01,5.000000e-01,5.000000e-01,5.000000e-01,5.000000e-01,5.000000e-01,5.000000e-01,5.000000e-01,5.000000e-01,5.000000e-01,5.000000e-01,5.000000e-01,5.000000e-01,0.000000e+00,0.000000e+00,0.000000e+00,0.000000e+00,0.000000e+00,0.000000e+00,0.000000e+00,0.000000e+00,0.000000e+00,0.000000e+00,0.000000e+00,0.000000e+00,0.000000e+00,0.000000e+00,0.000000e+00,0.000000e+00,0.000000e+00,0.000000e+00
7.160000e+01,-1,5.000000e-01,5.000000e-01,5.000000e-01,5.000000e-01,5.000000e-01,5.000000e-01,5.000000e-01,5.000000e-01,5.000000e-01,5.000000e-01,5.000000e-01,5.000000e-01,5.000000e-01,5.000000e-01,5.000000e-01,5.000000e-01,5.000000e-01,5.000000e-01,0.000000e+00,0.000000e+00,0.000000e+00,0.000000e+00,0.000000e+00,0.000000e+00,0.000000e+00,0.000000e+00,0.000000e+00,0.000000e+00,0.000000e+00,0.000000e+00,0.000000e+00,0.000000e+00,0.000000e+00,0.000000e+00,0.000000e+00,0.000000e+00
7.170000e+01,-1,5.000000e-01,5.000000e-01,5.000000e-01,5.000000e-01,5.000000e-01,5.000000e-01,5.000000e-01,5.000000e-01,5.000000e-01,5.000000e-01,5.000000e-01,5.000000e-01,5.000000e-01,5.000000e-01,5.000000e-01,5.000000e-01,5.000000e-01,5.000000e-01,0.000000e+00,0.000000e+00,0.000000e+00,0.000000e+00,0.000000e+00,0.000000e+00,0.000000e+00,0.000000e+00,0.000000e+00,0.000000e+00,0.000000e+00,0.000000e+00,0.000000e+00,0.000000e+00,0.000000e+00,0.000000e+00,0.000000e+00,0.000000e+00
7.180000e+01,-1,5.000000e-01,5.000000e-01,5.000000e-01,5.000000e-01,5.000000e-01,5.000000e-01,5.000000e-01,5.000000e-01,5.000000e-01,5.000000e-01,5.000000e-01,5.000000e-01,5.000000e-01,5.000000e-01,5.000000e-01,5.000000e-01,5.000000e-01,5.000000e-01,0.000000e+00,0.000000e+00,0.000000e+00,0.000000e+00,0.000000e+00,0.000000e+00,0.000000e+00,0.000000e+00,0.000000e+00,0.000000e+00,0.000000e+00,0.000000e+00,0.000000e+00,0.000000e+00,0.000000e+00,0.000000e+00,0.000000e+00,0.000000e+00
7.190000e+01,-1,5.000000e-01,5.000000e-01,5.000000e-01,5.000000e-01,5.000000e-01,5.000000e-01,5.000000e-01,5.000000e-01,5.000000e-01,5.000000e-01,5.000000e-01,5.000000e-01,5.000000e-01,5.000000e-01,5.000000e-01,5.000000e-01,5.000000e-01,5.000000e-01,0.000000e+00,0.000000e+00,0.000000e+00,0.000000e+00,0.000000e+00,0.000000e+00,0.000000e+00,0.000000e+00,0.000000e+00,0.000000e+00,0.000000e+00,0.000000e+00,0.000000e+00,0.000000e+00,0.000000e+00,0.000000e+00,0.000000e+00,0.000000e+00
7.200000e+01,-1,5.000000e-01,5.000000e-01,5.000000e-01,5.000000e-01,5.000000e-01,5.000000e-01,5.000000e-01,5.000000e-01,5.000000e-01,5.000000e-01,5.000000e-01,5.000000e-01,5.000000e-01,5.000000e-01,5.000000e-01,5.000000e-01,5.000000e-01,5.000000e-01,0.000000e+00,0.000000e+00,0.000000e+00,0.000000e+00,0.000000e+00,0.000000e+00,0.000000e+00,0.000000e+00,0.000000e+00,0.000000e+00,0.000000e+00,0.000000e+00,0.000000e+00,0.000000e+00,0.000000e+00,0.000000e+00,0.000000e+00,0.000000e+00
7.210000e+01,-1,5.000000e-01,5.000000e-01,5.000000e-01,5.000000e-01,5.000000e-01,5.000000e-01,5.000000e-01,5.000000e-01,5.000000e-01,5.000000e-01,5.000000e-01,5.000000e-01,5.000000e-01,5.000000e-01,5.000000e-01,5.000000e-01,5.000000e-01,5.000000e-01,0.000000e+00,0.000000e+00,0.000000e+00,0.000000e+00,0.000000e+00,0.000000e+00,0.000000e+00,0.000000e+00,0.000000e+00,0.000000e+00,0.000000e+00,0.000000e+00,0.000000e+00,0.000000e+00,0.000000e+00,0.000000e+00,0.000000e+00,0.000000e+00
7.220000e+01,-1,5.000000e-01,5.000000e-01,5.000000e-01,5.000000e-01,5.000000e-01,5.000000e-01,5.000000e-01,5.000000e-01,5.000000e-01,5.000000e-01,5.000000e-01,5.000000e-01,5.000000e-01,5.000000e-01,5.000000e-01,5.000000e-01,5.000000e-01,5.000000e-01,0.000000e+00,0.000000e+00,0.000000e+00,0.000000e+00,0.000000e+00,0.000000e+00,0.000000e+00,0.000000e+00,0.000000e+00,0.000000e+00,0.000000e+00,0.000000e+00,0.000000e+00,0.000000e+00,0.000000e+00,0.000000e+00,0.000000e+00,0.000000e+00
7.230000e+01,-1,5.000000e-01,5.000000e-01,5.000000e-01,5.000000e-01,5.000000e-01,5.000000e-01,5.000000e-01,5.000000e-01,5.000000e-01,5.000000e-01,5.000000e-01,5.000000e-01,5.000000e-01,5.000000e-01,5.000000e-01,5.000000e-01,5.000000e-01,5.000000e-01,0.000000e+00,0.000000e+00,0.000000e+00,0.000000e+00,0.000000e+00,0.000000e+00,0.000000e+00,0.000000e+00,0.000000e+00,0.000000e+00,0.000000e+00,0.000000e+00,0.000000e+00,0.000000e+00,0.000000e+00,0.000000e+00,0.000000e+00,0.000000e+00
7.240000e+01,-1,5.000000e-01,5.000000e-01,5.000000e-01,5.000000e-01,5.000000e-01,5.000000e-01,5.000000e-01,5.000000e-01,5.000000e-01,5.000000e-01,5.000000e-01,5.000000e-01,5.000000e-01,5.000000e-01,5.000000e-01,5.000000e-01,5.000000e-01,5.000000e-01,0.000000e+00,0.000000e+00,0.000000e+00,0.000000e+00,0.000000e+00,0.000000e+00,0.000000e+00,0.000000e+00,0.000000e+00,0.000000e+00,0.000000e+00,0.000000e+00,0.000000e+00,0.000000e+00,0.000000e+00,0.000000e+00,0.000000e+00,0.000000e+00
7.250000e+01,-1,5.000000e-01,5.000000e-01,5.000000e-01,5.000000e-01,5.000000e-01,5.000000e-01,5.000000e-01,5.000000e-01,5.000000e-01,5.000000e-01,5.000000e-01,5.000000e-01,5.000000e-01,5.000000e-01,5.000000e-01,5.000000e-01,5.000000e-01,5.000000e-01,0.000000e+00,0.000000e+00,0.000000e+00,0.000000e+00,0.000000e+00,0.000000e+00,0.000000e+00,0.000000e+00,0.000000e+00,0.000000e+00,0.000000e+00,0.000000e+00,0.000000e+00,0.000000e+00,0.000000e+00,0.000000e+00,0.000000e+00,0.000000e+00
7.260000e+01,-1,5.000000e-01,5.000000e-01,5.000000e-01,5.000000e-01,5.000000e-01,5.000000e-01,5.000000e-01,5.000000e-01,5.000000e-01,5.000000e-01,5.000000e-01,5.000000e-01,5.000000e-01,5.000000e-01,5.000000e-01,5.000000e-01,5.000000e-01,5.000000e-01,0.000000e+00,0.000000e+00,0.000000e+00,0.000000e+00,0.000000e+00,0.000000e+00,0.000000e+00,0.000000e+00,0.000000e+00,0.000000e+00,0.000000e+00,0.000000e+00,0.000000e+00,0.000000e+00,0.000000e+00,0.000000e+00,0.000000e+00,0.000000e+00
7.270000e+01,-1,5.000000e-01,5.000000e-01,5.000000e-01,5.000000e-01,5.000000e-01,5.000000e-01,5.000000e-01,5.000000e-01,5.000000e-01,5.000000e-01,5.000000e-01,5.000000e-01,5.000000e-01,5.000000e-01,5.000000e-01,5.000000e-01,5.000000e-01,5.000000e-01,0.000000e+00,0.000000e+00,0.000000e+00,0.000000e+00,0.000000e+00,0.000000e+00,0.000000e+00,0.000000e+00,0.000000e+00,0.000000e+00,0.000000e+00,0.000000e+00,0.000000e+00,0.000000e+00,0.000000e+00,0.000000e+00,0.000000e+00,0.000000e+00
7.280000e+01,-1,5.000000e-01,5.000000e-01,5.000000e-01,5.000000e-01,5.000000e-01,5.000000e-01,5.000000e-01,5.000000e-01,5.000000e-01,5.000000e-01,5.000000e-01,5.000000e-01,5.000000e-01,5.000000e-01,5.000000e-01,5.000000e-01,5.000000e-01,5.000000e-01,0.000000e+00,0.000000e+00,0.000000e+00,0.000000e+00,0.000000e+00,0.000000e+00,0.000000e+00,0.000000e+00,0.000000e+00,0.000000e+00,0.000000e+00,0.000000e+00,0.000000e+00,0.000000e+00,0.000000e+00,0.000000e+00,0.000000e+00,0.000000e+00
7.290000e+01,-1,5.000000e-01,5.000000e-01,5.000000e-01,5.000000e-01,5.000000e-01,5.000000e-01,5.000000e-01,5.000000e-01,5.000000e-01,5.000000e-01,5.000000e-01,5.000000e-01,5.000000e-01,5.000000e-01,5.000000e-01,5.000000e-01,5.000000e-01,5.000000e-01,0.000000e+00,0.000000e+00,0.000000e+00,0.000000e+00,0.000000e+00,0.000000e+00,0.000000e+00,0.000000e+00,0.000000e+00,0.000000e+00,0.000000e+00,0.000000e+00,0.000000e+00,0.000000e+00,0.000000e+00,0.000000e+00,0.000000e+00,0.000000e+00
7.300000e+01,-1,5.000000e-01,5.000000e-01,5.000000e-01,5.000000e-01,5.000000e-01,5.000000e-01,5.000000e-01,5.000000e-01,5.000000e-01,5.000000e-01,5.000000e-01,5.000000e-01,5.000000e-01,5.000000e-01,5.000000e-01,5.000000e-01,5.000000e-01,5.000000e-01,0.000000e+00,0.000000e+00,0.000000e+00,0.000000e+00,0.000000e+00,0.000000e+00,0.000000e+00,0.000000e+00,0.000000e+00,0.000000e+00,0.000000e+00,0.000000e+00,0.000000e+00,0.000000e+00,0.000000e+00,0.000000e+00,0.000000e+00,0.000000e+00
7.310000e+01,-1,5.000000e-01,5.000000e-01,5.000000e-01,5.000000e-01,5.000000e-01,5.000000e-01,5.000000e-01,5.000000e-01,5.000000e-01,5.000000e-01,5.000000e-01,5.000000e-01,5.000000e-01,5.000000e-01,5.000000e-01,5.000000e-01,5.000000e-01,5.000000e-01,0.000000e+00,0.000000e+00,0.000000e+00,0.000000e+00,0.000000e+00,0.000000e+00,0.000000e+00,0.000000e+00,0.000000e+00,0.000000e+00,0.000000e+00,0.000000e+00,0.000000e+00,0.000000e+00,0.000000e+00,0.000000e+00,0.000000e+00,0.000000e+00
7.320000e+01,-1,5.000000e-01,5.000000e-01,5.000000e-01,5.000000e-01,5.000000e-01,5.000000e-01,5.000000e-01,5.000000e-01,5.000000e-01,5.000000e-01,5.000000e-01,5.000000e-01,5.000000e-01,5.000000e-01,5.000000e-01,5.000000e-01,5.000000e-01,5.000000e-01,0.000000e+00,0.000000e+00,0.000000e+00,0.000000e+00,0.000000e+00,0.000000e+00,0.000000e+00,0.000000e+00,0.000000e+00,0.000000e+00,0.000000e+00,0.000000e+00,0.000000e+00,0.000000e+00,0.000000e+00,0.000000e+00,0.000000e+00,0.000000e+00
7.330000e+01,-1,5.000000e-01,5.000000e-01,5.000000e-01,5.000000e-01,5.000000e-01,5.000000e-01,5.000000e-01,5.000000e-01,5.000000e-01,5.000000e-01,5.000000e-01,5.000000e-01,5.000000e-01,5.000000e-01,5.000000e-01,5.000000e-01,5.000000e-01,5.000000e-01,0.000000e+00,0.000000e+00,0.000000e+00,0.000000e+00,0.000000e+00,0.000000e+00,0.000000e+00,0.000000e+00,0.000000e+00,0.000000e+00,0.000000e+00,0.000000e+00,0.000000e+00,0.000000e+00,0.000000e+00,0.000000e+00,0.000000e+00,0.000000e+00
7.340000e+01,-1,5.000000e-01,5.000000e-01,5.000000e-01,5.000000e-01,5.000000e-01,5.000000e-01,5.000000e-01,5.000000e-01,5.000000e-01,5.000000e-01,5.000000e-01,5.000000e-01,5.000000e-01,5.000000e-01,5.000000e-01,5.000000e-01,5.000000e-01,5.000000e-01,0.000000e+00,0.000000e+00,0.000000e+00,0.000000e+00,0.000000e+00,0.000000e+00,0.000000e+00,0.000000e+00,0.000000e+00,0.000000e+00,0.000000e+00,0.000000e+00,0.000000e+00,0.000000e+00,0.000000e+00,0.000000e+00,0.000000e+00,0.000000e+00
7.350000e+01,-1,5.000000e-01,5.000000e-01,5.000000e-01,5.000000e-01,5.000000e-01,5.000000e-01,5.000000e-01,5.000000e-01,5.000000e-01,5.000000e-01,5.000000e-01,5.000000e-01,5.000000e-01,5.000000e-01,5.000000e-01,5.000000e-01,5.000000e-01,5.000000e-01,0.000000e+00,0.000000e+00,0.000000e+00,0.000000e+00,0.000000e+00,0.000000e+00,0.000000e+00,0.000000e+00,0.000000e+00,0.000000e+00,0.000000e+00,0.000000e+00,0.000000e+00,0.000000e+00,0.000000e+00,0.000000e+00,0.000000e+00,0.000000e+00
7.360000e+01,-1,5.000000e-01,5.000000e-01,5.000000e-01,5.000000e-01,5.000000e-01,5.000000e-01,5.000000e-01,5.000000e-01,5.000000e-01,5.000000e-01,5.000000e-01,5.000000e-01,5.000000e-01,5.000000e-01,5.000000e-01,5.000000e-01,5.000000e-01,5.000000e-01,0.000000e+00,0.000000e+00,0.000000e+00,0.000000e+00,0.000000e+00,0.000000e+00,0.000000e+00,0.000000e+00,0.000000e+00,0.000000e+00,0.000000e+00,0.000000e+00,0.000000e+00,0.000000e+00,0.000000e+00,0.000000e+00,0.000000e+00,0.000000e+00
7.370000e+01,-1,5.000000e-01,5.000000e-01,5.000000e-01,5.000000e-01,5.000000e-01,5.000000e-01,5.000000e-01,5.000000e-01,5.000000e-01,5.000000e-01,5.000000e-01,5.000000e-01,5.000000e-01,5.000000e-01,5.000000e-01,5.000000e-01,5.000000e-01,5.000000e-01,0.000000e+00,0.000000e+00,0.000000e+00,0.000000e+00,0.000000e+00,0.000000e+00,0.000000e+00,0.000000e+00,0.000000e+00,0.000000e+00,0.000000e+00,0.000000e+00,0.000000e+00,0.000000e+00,0.000000e+00,0.000000e+00,0.000000e+00,0.000000e+00
7.380000e+01,-1,5.000000e-01,5.000000e-01,5.000000e-01,5.000000e-01,5.000000e-01,5.000000e-01,5.000000e-01,5.000000e-01,5.000000e-01,5.000000e-01,5.000000e-01,5.000000e-01,5.000000e-01,5.000000e-01,5.000000e-01,5.000000e-01,5.000000e-01,5.000000e-01,0.000000e+00,0.000000e+00,0.000000e+00,0.000000e+00,0.000000e+00,0.000000e+00,0.000000e+00,0.000000e+00,0.000000e+00,0.000000e+00,0.000000e+00,0.000000e+00,0.000000e+00,0.000000e+00,0.000000e+00,0.000000e+00,0.000000e+00,0.000000e+00
7.390000e+01,-1,5.000000e-01,5.000000e-01,5.000000e-01,5.000000e-01,5.000000e-01,5.000000e-01,5.000000e-01,5.000000e-01,5.000000e-01,5.000000e-01,5.000000e-01,5.000000e-01,5.000000e-01,5.000000e-01,5.000000e-01,5.000000e-01,5.000000e-01,5.000000e-01,0.000000e+00,0.000000e+00,0.000000e+00,0.000000e+00,0.000000e+00,0.000000e+00,0.000000e+00,0.000000e+00,0.000000e+00,0.000000e+00,0.000000e+00,0.000000e+00,0.000000e+00,0.000000e+00,0.000000e+00,0.000000e+00,0.000000e+00,0.000000e+00
7.400000e+01,-1,5.000000e-01,5.000000e-01,5.000000e-01,5.000000e-01,5.000000e-01,5.000000e-01,5.000000e-01,5.000000e-01,5.000000e-01,5.000000e-01,5.000000e-01,5.000000e-01,5.000000e-01,5.000000e-01,5.000000e-01,5.000000e-01,5.000000e-01,5.000000e-01,0.000000e+00,0.000000e+00,0.000000e+00,0.000000e+00,0.000000e+00,0.000000e+00,0.000000e+00,0.000000e+00,0.000000e+00,0.000000e+00,0.000000e+00,0.000000e+00,0.000000e+00,0.000000e+00,0.000000e+00,0.000000e+00,0.000000e+00,0.000000e+00
7.410000e+01,-1,5.000000e-01,5.000000e-01,5.000000e-01,5.000000e-01,5.000000e-01,5.000000e-01,5.000000e-01,5.000000e-01,5.000000e-01,5.000000e-01,5.000000e-01,5.000000e-01,5.000000e-01,5.000000e-01,5.000000e-01,5.000000e-01,5.000000e-01,5.000000e-01,0.000000e+00,0.000000e+00,0.000000e+00,0.000000e+00,0.000000e+00,0.000000e+00,0.000000e+00,0.000000e+00,0.000000e+00,0.000000e+00,0.000000e+00,0.000000e+00,0.000000e+00,0.000000e+00,0.000000e+00,0.000000e+00,0.000000e+00,0.000000e+00
7.420000e+01,-1,5.000000e-01,5.000000e-01,5.000000e-01,5.000000e-01,5.000000e-01,5.000000e-01,5.000000e-01,5.000000e-01,5.000000e-01,5.000000e-01,5.000000e-01,5.000000e-01,5.000000e-01,5.000000e-01,5.000000e-01,5.000000e-01,5.000000e-01,5.000000e-01,0.000000e+00,0.000000e+00,0.000000e+00,0.000000e+00,0.000000e+00,0.000000e+00,0.000000e+00,0.000000e+00,0.000000e+00,0.000000e+00,0.000000e+00,0.000000e+00,0.000000e+00,0.000000e+00,0.000000e+00,0.000000e+00,0.000000e+00,0.000000e+00
7.430000e+01,-1,5.000000e-01,5.000000e-01,5.000000e-01,5.000000e-01,5.000000e-01,5.000000e-01,5.000000e-01,5.000000e-01,5.000000e-01,5.000000e-01,5.000000e-01,5.000000e-01,5.000000e-01,5.000000e-01,5.000000e-01,5.000000e-01,5.000000e-01,5.000000e-01,0.000000e+00,0.000000e+00,0.000000e+00,0.000000e+00,0.000000e+00,0.000000e+00,0.000000e+00,0.000000e+00,0.000000e+00,0.000000e+00,0.000000e+00,0.000000e+00,0.000000e+00,0.000000e+00,0.000000e+00,0.000000e+00,0.000000e+00,0.000000e+00
7.440000e+01,-1,5.000000e-01,5.000000e-01,5.000000e-01,5.000000e-01,5.000000e-01,5.000000e-01,5.000000e-01,5.000000e-01,5.000000e-01,5.000000e-01,5.000000e-01,5.000000e-01,5.000000e-01,5.000000e-01,5.000000e-01,5.000000e-01,5.000000e-01,5.000000e-01,0.000000e+00,0.000000e+00,0.000000e+00,0.000000e+00,0.000000e+00,0.000000e+00,0.000000e+00,0.000000e+00,0.000000e+00,0.000000e+00,0.000000e+00,0.000000e+00,0.000000e+00,0.000000e+00,0.000000e+00,0.000000e+00,0.000000e+00,0.000000e+00
7.450000e+01,-1,5.000000e-01,5.000000e-01,5.000000e-01,5.000000e-01,5.000000e-01,5.000000e-01,5.000000e-01,5.000000e-01,5.000000e-01,5.000000e-01,5.000000e-01,5.000000e-01,5.000000e-01,5.000000e-01,5.000000e-01,5.000000e-01,5.000000e-01,5.000000e-01,0.000000e+00,0.000000e+00,0.000000e+00,0.000000e+00,0.000000e+00,0.000000e+00,0.000000e+00,0.000000e+00,0.000000e+00,0.000000e+00,0.000000e+00,0.000000e+00,0.000000e+00,0.000000e+00,0.000000e+00,0.000000e+00,0.000000e+00,0.000000e+00
7.460000e+01,-1,5.000000e-01,5.000000e-01,5.000000e-01,5.000000e-01,5.000000e-01,5.000000e-01,5.000000e-01,5.000000e-01,5.000000e-01,5.000000e-01,5.000000e-01,5.000000e-01,5.000000e-01,5.000000e-01,5.000000e-01,5.000000e-01,5.000000e-01,5.000000e-01,0.000000e+00,0.000000e+00,0.000000e+00,0.000000e+00,0.000000e+00,0.000000e+00,0.000000e+00,0.000000e+00,0.000000e+00,0.000000e+00,0.000000e+00,0.000000e+00,0.000000e+00,0.000000e+00,0.000000e+00,0.000000e+00,0.000000e+00,0.000000e+00
7.470000e+01,-1,5.000000e-01,5.000000e-01,5.000000e-01,5.000000e-01,5.000000e-01,5.000000e-01,5.000000e-01,5.000000e-01,5.000000e-01,5.000000e-01,5.000000e-01,5.000000e-01,5.000000e-01,5.000000e-01,5.000000e-01,5.000000e-01,5.000000e-01,5.000000e-01,0.000000e+00,0.000000e+00,0.000000e+00,0.000000e+00,0.000000e+00,0.000000e+00,0.000000e+00,0.000000e+00,0.000000e+00,0.000000e+00,0.000000e+00,0.000000e+00,0.000000e+00,0.000000e+00,0.000000e+00,0.000000e+00,0.000000e+00,0.000000e+00
7.480000e+01,-1,5.000000e-01,5.000000e-01,5.000000e-01,5.000000e-01,5.000000e-01,5.000000e-01,5.000000e-01,5.000000e-01,5.000000e-01,5.000000e-01,5.000000e-01,5.000000e-01,5.000000e-01,5.000000e-01,5.000000e-01,5.000000e-01,5.000000e-01,5.000000e-01,0.000000e+00,0.000000e+00,0.000000e+00,0.000000e+00,0.000000e+00,0.000000e+00,0.000000e+00,0.000000e+00,0.000000e+00,0.000000e+00,0.000000e+00,0.000000e+00,0.000000e+00,0.000000e+00,0.000000e+00,0.000000e+00,0.000000e+00,0.000000e+00
7.490000e+01,-1,5.000000e-01,5.000000e-01,5.000000e-01,5.000000e-01,5.000000e-01,5.000000e-01,5.000000e-01,5.000000e-01,5.000000e-01,5.000000e-01,5.000000e-01,5.000000e-01,5.000000e-01,5.000000e-01,5.000000e-01,5.000000e-01,5.000000e-01,5.000000e-01,0.000000e+00,0.000000e+00,0.000000e+00,0.000000e+00,0.000000e+00,0.000000e+00,0.000000e+00,0.000000e+00,0.000000e+00,0.000000e+00,0.000000e+00,0.000000e+00,0.000000e+00,0.000000e+00,0.000000e+00,0.000000e+00,0.000000e+00,0.000000e+00
7.500000e+01,-1,5.000000e-01,5.000000e-01,5.000000e-01,5.000000e-01,5.000000e-01,5.000000e-01,5.000000e-01,5.000000e-01,5.000000e-01,5.000000e-01,5.000000e-01,5.000000e-01,5.000000e-01,5.000000e-01,5.000000e-01,5.000000e-01,5.000000e-01,5.000000e-01,0.000000e+00,0.000000e+00,0.000000e+00,0.000000e+00,0.000000e+00,0.000000e+00,0.000000e+00,0.000000e+00,0.000000e+00,0.000000e+00,0.000000e+00,0.000000e+00,0.000000e+00,0.000000e+00,0.000000e+00,0.000000e+00,0.000000e+00,0.000000e+00
7.510000e+01,-1,5.000000e-01,5.000000e-01,5.000000e-01,5.000000e-01,5.000000e-01,5.000000e-01,5.000000e-01,5.000000e-01,5.000000e-01,5.000000e-01,5.000000e-01,5.000000e-01,5.000000e-01,5.000000e-01,5.000000e-01,5.000000e-01,5.000000e-01,5.000000e-01,0.000000e+00,0.000000e+00,0.000000e+00,0.000000e+00,0.000000e+00,0.000000e+00,0.000000e+00,0.000000e+00,0.000000e+00,0.000000e+00,0.000000e+00,0.000000e+00,0.000000e+00,0.000000e+00,0.000000e+00,0.000000e+00,0.000000e+00,0.000000e+00
7.520000e+01,-1,5.000000e-01,5.000000e-01,5.000000e-01,5.000000e-01,5.000000e-01,5.000000e-01,5.000000e-01,5.000000e-01,5.000000e-01,5.000000e-01,5.000000e-01,5.000000e-01,5.000000e-01,5.000000e-01,5.000000e-01,5.000000e-01,5.000000e-01,5.000000e-01,0.000000e+00,0.000000e+00,0.000000e+00,0.000000e+00,0.000000e+00,0.000000e+00,0.000000e+00,0.000000e+00,0.000000e+00,0.000000e+00,0.000000e+00,0.000000e+00,0.000000e+00,0.000000e+00,0.000000e+00,0.000000e+00,0.000000e+00,0.000000e+00
7.530000e+01,-1,5.000000e-01,5.000000e-01,5.000000e-01,5.000000e-01,5.000000e-01,5.000000e-01,5.000000e-01,5.000000e-01,5.000000e-01,5.000000e-01,5.000000e-01,5.000000e-01,5.000000e-01,5.000000e-01,5.000000e-01,5.000000e-01,5.000000e-01,5.000000e-01,0.000000e+00,0.000000e+00,0.000000e+00,0.000000e+00,0.000000e+00,0.000000e+00,0.000000e+00,0.000000e+00,0.000000e+00,0.000000e+00,0.000000e+00,0.000000e+00,0.000000e+00,0.000000e+00,0.000000e+00,0.000000e+00,0.000000e+00,0.000000e+00
7.540000e+01,-1,5.000000e-01,5.000000e-01,5.000000e-01,5.000000e-01,5.000000e-01,5.000000e-01,5.000000e-01,5.000000e-01,5.000000e-01,5.000000e-01,5.000000e-01,5.000000e-01,5.000000e-01,5.000000e-01,5.000000e-01,5.000000e-01,5.000000e-01,5.000000e-01,0.000000e+00,0.000000e+00,0.000000e+00,0.000000e+00,0.000000e+00,0.000000e+00,0.000000e+00,0.000000e+00,0.000000e+00,0.000000e+00,0.000000e+00,0.000000e+00,0.000000e+00,0.000000e+00,0.000000e+00,0.000000e+00,0.000000e+00,0.000000e+00
7.550000e+01,-1,5.000000e-01,5.000000e-01,5.000000e-01,5.000000e-01,5.000000e-01,5.000000e-01,5.000000e-01,5.000000e-01,5.000000e-01,5.000000e-01,5.000000e-01,5.000000e-01,5.000000e-01,5.000000e-01,5.000000e-01,5.000000e-01,5.000000e-01,5.000000e-01,0.000000e+00,0.000000e+00,0.000000e+00,0.000000e+00,0.000000e+00,0.000000e+00,0.000000e+00,0.000000e+00,0.000000e+00,0.000000e+00,0.000000e+00,0.000000e+00,0.000000e+00,0.000000e+00,0.000000e+00,0.000000e+00,0.000000e+00,0.000000e+00
7.560000e+01,-1,5.000000e-01,5.000000e-01,5.000000e-01,5.000000e-01,5.000000e-01,5.000000e-01,5.000000e-01,5.000000e-01,5.000000e-01,5.000000e-01,5.000000e-01,5.000000e-01,5.000000e-01,5.000000e-01,5.000000e-01,5.000000e-01,5.000000e-01,5.000000e-01,0.000000e+00,0.000000e+00,0.000000e+00,0.000000e+00,0.000000e+00,0.000000e+00,0.000000e+00,0.000000e+00,0.000000e+00,0.000000e+00,0.000000e+00,0.000000e+00,0.000000e+00,0.000000e+00,0.000000e+00,0.000000e+00,0.000000e+00,0.000000e+00
7.570000e+01,-1,5.000000e-01,5.000000e-01,5.000000e-01,5.000000e-01,5.000000e-01,5.000000e-01,5.000000e-01,5.000000e-01,5.000000e-01,5.000000e-01,5.000000e-01,5.000000e-01,5.000000e-01,5.000000e-01,5.000000e-01,5.000000e-01,5.000000e-01,5.000000e-01,0.000000e+00,0.000000e+00,0.000000e+00,0.000000e+00,0.000000e+00,0.000000e+00,0.000000e+00,0.000000e+00,0.000000e+00,0.000000e+00,0.000000e+00,0.000000e+00,0.000000e+00,0.000000e+00,0.000000e+00,0.000000e+00,0.000000e+00,0.000000e+00
7.580000e+01,-1,5.000000e-01,5.000000e-01,5.000000e-01,5.000000e-01,5.000000e-01,5.000000e-01,5.000000e-01,5.000000e-01,5.000000e-01,5.000000e-01,5.000000e-01,5.000000e-01,5.000000e-01,5.000000e-01,5.000000e-01,5.000000e-01,5.000000e-01,5.000000e-01,0.000000e+00,0.000000e+00,0.000000e+00,0.000000e+00,0.000000e+00,0.000000e+00,0.000000e+00,0.000000e+00,0.000000e+00,0.000000e+00,0.000000e+00,0.000000e+00,0.000000e+00,0.000000e+00,0.000000e+00,0.000000e+00,0.000000e+00,0.000000e+00
7.590000e+01,-1,5.000000e-01,5.000000e-01,5.000000e-01,5.000000e-01,5.000000e-01,5.000000e-01,5.000000e-01,5.000000e-01,5.000000e-01,5.000000e-01,5.000000e-01,5.000000e-01,5.000000e-01,5.000000e-01,5.000000e-01,5.000000e-01,5.000000e-01,5.000000e-01,0.000000e+00,0.000000e+00,0.000000e+00,0.000000e+00,0.000000e+00,0.000000e+00,0.000000e+00,0.000000e+00,0.000000e+00,0.000000e+00,0.000000e+00,0.000000e+00,0.000000e+00,0.000000e+00,0.000000e+00,0.000000e+00,0.000000e+00,0.000000e+00
7.600000e+01,-1,5.000000e-01,5.000000e-01,5.000000e-01,5.000000e-01,5.000000e-01,5.000000e-01,5.000000e-01,5.000000e-01,5.000000e-01,5.000000e-01,5.000000e-01,5.000000e-01,5.000000e-01,5.000000e-01,5.000000e-01,5.000000e-01,5.000000e-01,5.000000e-01,0.000000e+00,0.000000e+00,0.000000e+00,0.000000e+00,0.000000e+00,0.000000e+00,0.000000e+00,0.000000e+00,0.000000e+00,0.000000e+00,0.000000e+00,0.000000e+00,0.000000e+00,0.000000e+00,0.000000e+00,0.000000e+00,0.000000e+00,0.000000e+00
7.610000e+01,-1,5.000000e-01,5.000000e-01,5.000000e-01,5.000000e-01,5.000000e-01,5.000000e-01,5.000000e-01,5.000000e-01,5.000000e-01,5.000000e-01,5.000000e-01,5.000000e-01,5.000000e-01,5.000000e-01,5.000000e-01,5.000000e-01,5.000000e-01,5.000000e-01,0.000000e+00,0.000000e+00,0.000000e+00,0.000000e+00,0.000000e+00,0.000000e+00,0.000000e+00,0.000000e+00,0.000000e+00,0.000000e+00,0.000000e+00,0.000000e+00,0.000000e+00,0.000000e+00,0.000000e+00,0.000000e+00,0.000000e+00,0.000000e+00
7.620000e+01,-1,5.000000e-01,5.000000e-01,5.000000e-01,5.000000e-01,5.000000e-01,5.000000e-01,5.000000e-01,5.000000e-01,5.000000e-01,5.000000e-01,5.000000e-01,5.000000e-01,5.000000e-01,5.000000e-01,5.000000e-01,5.000000e-01,5.000000e-01,5.000000e-01,0.000000e+00,0.000000e+00,0.000000e+00,0.000000e+00,0.000000e+00,0.000000e+00,0.000000e+00,0.000000e+00,0.000000e+00,0.000000e+00,0.000000e+00,0.000000e+00,0.000000e+00,0.000000e+00,0.000000e+00,0.000000e+00,0.000000e+00,0.000000e+00
7.630000e+01,-1,5.000000e-01,5.000000e-01,5.000000e-01,5.000000e-01,5.000000e-01,5.000000e-01,5.000000e-01,5.000000e-01,5.000000e-01,5.000000e-01,5.000000e-01,5.000000e-01,5.000000e-01,5.000000e-01,5.000000e-01,5.000000e-01,5.000000e-01,5.000000e-01,0.000000e+00,0.000000e+00,0.000000e+00,0.000000e+00,0.000000e+00,0.000000e+00,0.000000e+00,0.000000e+00,0.000000e+00,0.000000e+00,0.000000e+00,0.000000e+00,0.000000e+00,0.000000e+00,0.000000e+00,0.000000e+00,0.000000e+00,0.000000e+00
7.640000e+01,-1,5.000000e-01,5.000000e-01,5.000000e-01,5.000000e-01,5.000000e-01,5.000000e-01,5.000000e-01,5.000000e-01,5.000000e-01,5.000000e-01,5.000000e-01,5.000000e-01,5.000000e-01,5.000000e-01,5.000000e-01,5.000000e-01,5.000000e-01,5.000000e-01,0.000000e+00,0.000000e+00,0.000000e+00,0.000000e+00,0.000000e+00,0.000000e+00,0.000000e+00,0.000000e+00,0.000000e+00,0.000000e+00,0.000000e+00,0.000000e+00,0.000000e+00,0.000000e+00,0.000000e+00,0.000000e+00,0.000000e+00,0.000000e+00
7.650000e+01,-1,5.000000e-01,5.000000e-01,5.000000e-01,5.000000e-01,5.000000e-01,5.000000e-01,5.000000e-01,5.000000e-01,5.000000e-01,5.000000e-01,5.000000e-01,5.000000e-01,5.000000e-01,5.000000e-01,5.000000e-01,5.000000e-01,5.000000e-01,5.000000e-01,0.000000e+00,0.000000e+00,0.000000e+00,0.000000e+00,0.000000e+00,0.000000e+00,0.000000e+00,0.000000e+00,0.000000e+00,0.000000e+00,0.000000e+00,0.000000e+00,0.000000e+00,0.000000e+00,0.000000e+00,0.000000e+00,0.000000e+00,0.000000e+00
7.660000e+01,-1,5.000000e-01,5.000000e-01,5.000000e-01,5.000000e-01,5.000000e-01,5.000000e-01,5.000000e-01,5.000000e-01,5.000000e-01,5.000000e-01,5.000000e-01,5.000000e-01,5.000000e-01,5.000000e-01,5.000000e-01,5.000000e-01,5.000000e-01,5.000000e-01,0.000000e+00,0.000000e+00,0.000000e+00,0.000000e+00,0.000000e+00,0.000000e+00,0.000000e+00,0.000000e+00,0.000000e+00,0.000000e+00,0.000000e+00,0.000000e+00,0.000000e+00,0.000000e+00,0.000000e+00,0.000000e+00,0.000000e+00,0.000000e+00
7.670000e+01,-1,5.000000e-01,5.000000e-01,5.000000e-01,5.000000e-01,5.000000e-01,5.000000e-01,5.000000e-01,5.000000e-01,5.000000e-01,5.000000e-01,5.000000e-01,5.000000e-01,5.000000e-01,5.000000e-01,5.000000e-01,5.000000e-01,5.000000e-01,5.000000e-01,0.000000e+00,0.000000e+00,0.000000e+00,0.000000e+00,0.000000e+00,0.000000e+00,0.000000e+00,0.000000e+00,0.000000e+00,0.000000e+00,0.000000e+00,0.000000e+00,0.000000e+00,0.000000e+00,0.000000e+00,0.000000e+00,0.000000e+00,0.000000e+00
7.680000e+01,-1,5.000000e-01,5.000000e-01,5.000000e-01,5.000000e-01,5.000000e-01,5.000000e-01,5.000000e-01,5.000000e-01,5.000000e-01,5.000000e-01,5.000000e-01,5.000000e-01,5.000000e-01,5.000000e-01,5.000000e-01,5.000000e-01,5.000000e-01,5.000000e-01,0.000000e+00,0.000000e+00,0.000000e+00,0.000000e+00,0.000000e+00,0.000000e+00,0.000000e+00,0.000000e+00,0.000000e+00,0.000000e+00,0.000000e+00,0.000000e+00,0.000000e+00,0.000000e+00,0.000000e+00,0.000000e+00,0.000000e+00,0.000000e+00
7.690000e+01,-1,5.000000e-01,5.000000e-01,5.000000e-01,5.000000e-01,5.000000e-01,5.000000e-01,5.000000e-01,5.000000e-01,5.000000e-01,5.000000e-01,5.000000e-01,5.000000e-01,5.000000e-01,5.000000e-01,5.000000e-01,5.000000e-01,5.000000e-01,5.000000e-01,0.000000e+00,0.000000e+00,0.000000e+00,0.000000e+00,0.000000e+00,0.000000e+00,0.000000e+00,0.000000e+00,0.000000e+00,0.000000e+00,0.000000e+00,0.000000e+00,0.000000e+00,0.000000e+00,0.000000e+00,0.000000e+00,0.000000e+00,0.000000e+00
7.700000e+01,-1,5.000000e-01,5.000000e-01,5.000000e-01,5.000000e-01,5.000000e-01,5.000000e-01,5.000000e-01,5.000000e-01,5.000000e-01,5.000000e-01,5.000000e-01,5.000000e-01,5.000000e-01,5.000000e-01,5.000000e-01,5.000000e-01,5.000000e-01,5.000000e-01,0.000000e+00,0.000000e+00,0.000000e+00,0.000000e+00,0.000000e+00,0.000000e+00,0.000000e+00,0.000000e+00,0.000000e+00,0.000000e+00,0.000000e+00,0.000000e+00,0.000000e+00,0.000000e+00,0.000000e+00,0.000000e+00,0.000000e+00,0.000000e+00
7.710000e+01,-1,5.000000e-01,5.000000e-01,5.000000e-01,5.000000e-01,5.000000e-01,5.000000e-01,5.000000e-01,5.000000e-01,5.000000e-01,5.000000e-01,5.000000e-01,5.000000e-01,5.000000e-01,5.000000e-01,5.000000e-01,5.000000e-01,5.000000e-01,5.000000e-01,0.000000e+00,0.000000e+00,0.000000e+00,0.000000e+00,0.000000e+00,0.000000e+00,0.000000e+00,0.000000e+00,0.000000e+00,0.000000e+00,0.000000e+00,0.000000e+00,0.000000e+00,0.000000e+00,0.000000e+00,0.000000e+00,0.000000e+00,0.000000e+00
7.720000e+01,-1,5.000000e-01,5.000000e-01,5.000000e-01,5.000000e-01,5.000000e-01,5.000000e-01,5.000000e-01,5.000000e-01,5.000000e-01,5.000000e-01,5.000000e-01,5.000000e-01,5.000000e-01,5.000000e-01,5.000000e-01,5.000000e-01,5.000000e-01,5.000000e-01,0.000000e+00,0.000000e+00,0.000000e+00,0.000000e+00,0.000000e+00,0.000000e+00,0.000000e+00,0.000000e+00,0.000000e+00,0.000000e+00,0.000000e+00,0.000000e+00,0.000000e+00,0.000000e+00,0.000000e+00,0.000000e+00,0.000000e+00,0.000000e+00
7.730000e+01,11,5.000000e-01,5.000000e-01,5.000000e-01,5.000000e-01,5.000000e-01,5.000000e-01,5.000000e-01,5.000000e-01,5.000000e-01,5.000000e-01,5.000000e-01,3.588362e-02,5.000000e-01,5.000000e-01,5.000000e-01,5.000000e-01,5.000000e-01,5.000000e-01,0.000000e+00,0.000000e+00,0.000000e+00,0.000000e+00,0.000000e+00,0.000000e+00,0.000000e+00,0.000000e+00,0.000000e+00,0.000000e+00,0.000000e+00,6.035172e-14,0.000000e+00,0.000000e+00,0.000000e+00,0.000000e+00,0.000000e+00,0.000000e+00
7.740000e+01,11,5.000000e-01,5.000000e-01,5.000000e-01,5.000000e-01,5.000000e-01,5.000000e-01,5.000000e-01,5.000000e-01,5.000000e-01,5.000000e-01,5.000000e-01,2.116208e-02,5.000000e-01,5.000000e-01,5.000000e-01,5.000000e-01,5.000000e-01,5.000000e-01,0.000000e+00,0.000000e+00,0.000000e+00,0.000000e+00,0.000000e+00,0.000000e+00,0.000000e+00,0.000000e+00,0.000000e+00,0.000000e+00,0.000000e+00,1.111087e-08,0.000000e+00,0.000000e+00,0.000000e+00,0.000000e+00,0.000000e+00,0.000000e+00
7.750000e+01,11,5.000000e-01,5.000000e-01,5.000000e-01,5.000000e-01,5.000000e-01,5.000000e-01,5.000000e-01,5.000000e-01,5.000000e-01,5.000000e-01,5.000000e-01,1.146150e-02,5.000000e-01,5.000000e-01,5.000000e-01,5.000000e-01,5.000000e-01,5.000000e-01,0.000000e+00,0.000000e+00,0.000000e+00,0.000000e+00,0.000000e+00,0.000000e+00,0.000000e+00,0.000000e+00,0.000000e+00,0.000000e+00,0.000000e+00,2.964768e-05,0.000000e+00,0.000000e+00,0.000000e+00,0.000000e+00,0.000000e+00,0.000000e+00
7.760000e+01,11,5.000000e-01,5.000000e-01,5.000000e-01,5.000000e-01,5.000000e-01,5.000000e-01,5.000000e-01,5.000000e-01,5.000000e-01,5.000000e-01,5.000000e-01,5.702153e-03,5.000000e-01,5.000000e-01,5.000000e-01,5.000000e-01,5.000000e-01,5.000000e-01,0.000000e+00,0.000000e+00,0.000000e+00,0.000000e+00,0.000000e+00,0.000000e+00,0.000000e+00,0.000000e+00,0.000000e+00,0.000000e+00,0.000000e+00,3.092577e-03,0.000000e+00,0.000000e+00,0.000000e+00,0.000000e+00,0.000000e+00,0.000000e+00
7.770000e+01,11,5.000000e-01,5.000000e-01,5.000000e-01,5.000000e-01,5.000000e-01,5.000000e-01,5.000000e-01,5.000000e-01,5.000000e-01,5.000000e-01,5.000000e-01,2.625379e-03,5.000000e-01,5.000000e-01,5.000000e-01,5.000000e-01,5.000000e-01,5.000000e-01,0.000000e+00,0.000000e+00,0.000000e+00,0.000000e+00,0.000000e+00,0.000000e+00,0.000000e+00,0.000000e+00,0.000000e+00,0.000000e+00,0.000000e+00,3.662449e-02,0.000000e+00,0.000000e+00,0.000000e+00,0.000000e+00,0.000000e+00,0.000000e+00
7.780000e+01,11,5.000000e-01,5.000000e-01,5.000000e-01,5.000000e-01,5.000000e-01,5.000000e-01,5.000000e-01,5.000000e-01,5.000000e-01,5.000000e-01,5.000000e-01,1.137653e-03,5.000000e-01,5.000000e-01,5.000000e-01,5.000000e-01,5.000000e-01,5.000000e-01,0.000000e+00,0.000000e+00,0.000000e+00,0.000000e+00,0.000000e+00,0.000000e+00,0.000000e+00,0.000000e+00,0.000000e+00,0.000000e+00,0.000000e+00,1.206799e-01,0.000000e+00,0.000000e+00,0.000000e+00,0.000000e+00,0.000000e+00,0.000000e+00
7.790000e+01,11,5.000000e-01,5.000000e-01,5.000000e-01,5.000000e-01,5.000000e-01,5.000000e-01,5.000000e-01,5.000000e-01,5.000000e-01,5.000000e-01,5.000000e-01,4.769577e-04,5.000000e-01,5.000000e-01,5.000000e-01,5.000000e-01,5.000000e-01,5.000000e-01,0.000000e+00,0.000000e+00,0.000000e+00,0.000000e+00,0.000000e+00,0.000000e+00,0.000000e+00,0.000000e+00,0.000000e+00,0.000000e+00,0.000000e+00,2.048187e-01,0.000000e+00,0.000000e+00,0.000000e+00,0.000000e+00,0.000000e+00,0.000000e+00
7.800000e+01,11,5.000000e-01,5.000000e-01,5.000000e-01,5.000000e-01,5.000000e-01,5.000000e-01,5.000000e-01,5.000000e-01,5.000000e-01,5.000000e-01,5.000000e-01,2.010458e-04,5.000000e-01,5.000000e-01,5.000000e-01,5.000000e-01,5.000000e-01,5.000000e-01,0.000000e+00,0.000000e+00,0.000000e+00,0.000000e+00,0.000000e+00,0.000000e+00,0.000000e+00,0.000000e+00,0.000000e+00,0.000000e+00,0.000000e+00,2.554252e-01,0.000000e+00,0.000000e+00,0.000000e+00,0.000000e+00,0.000000e+00,0.000000e+00
7.810000e+01,11,5.000000e-01,5.000000e-01,5.000000e-01,5.000000e-01,5.000000e-01,5.000000e-01,5.000000e-01,5.000000e-01,5.000000e-01,5.000000e-01,5.000000e-01,1.560646e-05,5.000000e-01,5.000000e-01,5.000000e-01,5.000000e-01,5.000000e-01,5.000000e-01,0.000000e+00,0.000000e+00,0.000000e+00,0.000000e+00,0.000000e+00,0.000000e+00,0.000000e+00,0.000000e+00,0.000000e+00,0.000000e+00,0.000000e+00,2.962777e-01,0.000000e+00,0.000000e+00,0.000000e+00,0.000000e+00,0.000000e+00,0.000000e+00
7.820000e+01,11,5.000000e-01,5.000000e-01,5.000000e-01,5.000000e-01,5.000000e-01,5.000000e-01,5.000000e-01,5.000000e-01,5.000000e-01,5.000000e-01,5.000000e-01,5.450643e-07,5.000000e-01,5.000000e-01,5.000000e-01,5.000000e-01,5.000000e-01,5.000000e-01,0.000000e+00,0.000000e+00,0.000000e+00,0.000000e+00,0.000000e+00,0.000000e+00,0.000000e+00,0.000000e+00,0.000000e+00,0.000000e+00,0.000000e+00,2.998692e-01,0.000000e+00,0.000000e+00,0.000000e+00,0.000000e+00,0.000000e+00,0.000000e+00
7.830000e+01,11,5.000000e-01,5.000000e-01,5.000000e-01,5.000000e-01,5.000000e-01,5.000000e-01,5.000000e-01,5.000000e-01,5.000000e-01,5.000000e-01,5.000000e-01,7.205165e-09,5.000000e-01,5.000000e-01,5.000000e-01,5.000000e-01,5.000000e-01,5.000000e-01,0.000000e+00,0.000000e+00,0.000000e+00,0.000000e+00,0.000000e+00,0.000000e+00,0.000000e+00,0.000000e+00,0.000000e+00,0.000000e+00,0.000000e+00,2.999983e-01,0.000000e+00,0.000000e+00,0.000000e+00,0.000000e+00,0.000000e+00,0.000000e+00
7.840000e+01,11,5.000000e-01,5.000000e-01,5.000000e-01,5.000000e-01,5.000000e-01,5.000000e-01,5.000000e-01,5.000000e-01,5.000000e-01,5.000000e-01,5.000000e-01,3.087622e-11,5.000000e-01,5.000000e-01,5.000000e-01,5.000000e-01,5.000000e-01,5.000000e-01,0.000000e+00,0.000000e+00,0.000000e+00,0.000000e+00,0.000000e+00,0.000000e+00,0.000000e+00,0.000000e+00,0.000000e+00,0.000000e+00,0.000000e+00,3.000000e-01,0.000000e+00,0.000000e+00,0.000000e+00,0.000000e+00,0.000000e+00,0.000000e+00
7.850000e+01,11,5.000000e-01,5.000000e-01,5.000000e-01,5.000000e-01,5.000000e-01,5.000000e-01,5.000000e-01,5.000000e-01,5.000000e-01,5.000000e-01,5.000000e-01,3.888707e-14,5.000000e-01,5.000000e-01,5.000000e-01,5.000000e-01,5.000000e-01,5.000000e-01,0.000000e+00,0.000000e+00,0.000000e+00,0.000000e+00,0.000000e+00,0.000000e+00,0.000000e+00,0.000000e+00,0.000000e+00,0.000000e+00,0.000000e+00,3.000000e-01,0.000000e+00,0.000000e+00,0.000000e+00,0.000000e+00,0.000000e+00,0.000000e+00
7.860000e+01,11,5.000000e-01,5.000000e-01,5.000000e-01,5.000000e-01,5.000000e-01,5.000000e-01,5.000000e-01,5.000000e-01,5.000000e-01,5.000000e-01,5.000000e-01,1.453525e-17,5.000000e-01,5.000000e-01,5.000000e-01,5.000000e-01,5.000000e-01,5.000000e-01,0.000000e+00,0.000000e+00,0.000000e+00,0.000000e+00,0.000000e+00,0.000000e+00,0.000000e+00,0.000000e+00,0.000000e+00,0.000000e+00,0.000000e+00,3.000000e-01,0.000000e+00,0.000000e+00,0.000000e+00,0.000000e+00,0.000000e+00,0.000000e+00
7.870000e+01,11,5.000000e-01,5.000000e-01,5.000000e-01,5.000000e-01,5.000000e-01,5.000000e-01,5.000000e-01,5.000000e-01,5.000000e-01,5.000000e-01,5.000000e-01,1.917134e-21,5.000000e-01,5.000000e-01,5.000000e-01,5.000000e-01,5.000000e-01,5.000000e-01,0.000000e+00,0.000000e+00,0.000000e+00,0.000000e+00,0.000000e+00,0.000000e+00,0.000000e+00,0.000000e+00,0.000000e+00,0.000000e+00,0.000000e+00,3.000000e-01,0.000000e+00,0.000000e+00,0.000000e+00,0.000000e+00,0.000000e+00,0.000000e+00
7.880000e+01,11,5.000000e-01,5.000000e-01,5.000000e-01,5.000000e-01,5.000000e-01,5.000000e-01,5.000000e-01,5.000000e-01,5.000000e-01,5.000000e-01,5.000000e-01,1.306951e-25,5.000000e-01,5.000000e-01,5.000000e-01,5.000000e-01,5.000000e-01,5.000000e-01,0.000000e+00,0.000000e+00,0.000000e+00,0.000000e+00,0.000000e+00,0.000000e+00,0.000000e+00,0.000000e+00,0.000000e+00,0.000000e+00,0.000000e+00,3.000000e-01,0.000000e+00,0.000000e+00,0.000000e+00,0.000000e+00,0.000000e+00,0.000000e+00
7.890000e+01,11,5.000000e-01,5.000000e-01,5.000000e-01,5.000000e-01,5.000000e-01,5.000000e-01,5.000000e-01,5.000000e-01,5.000000e-01,5.000000e-01,5.000000e-01,8.429309e-30,5.000000e-01,5.000000e-01,5.000000e-01,5.000000e-01,5.000000e-01,5.000000e-01,0.000000e+00,0.000000e+00,0.000000e+00,0.000000e+00,0.000000e+00,0.000000e+00,0.000000e+00,0.000000e+00,0.000000e+00,0.000000e+00,0.000000e+00,3.000000e-01,0.000000e+00,0.000000e+00,0.000000e+00,0.000000e+00,0.000000e+00,0.000000e+00
7.900000e+01,11,5.000000e-01,5.000000e-01,5.000000e-01,5.000000e-01,5.000000e-01,5.000000e-01,5.000000e-01,5.000000e-01,5.000000e-01,5.000000e-01,5.000000e-01,1.133738e-33,5.000000e-01,5.000000e-01,5.000000e-01,5.000000e-01,5.000000e-01,5.000000e-01,0.000000e+00,0.000000e+00,0.000000e+00,0.000000e+00,0.000000e+00,0.000000e+00,0.000000e+00,0.000000e+00,0.000000e+00,0.000000e+00,0.000000e+00,3.000000e-01,0.000000e+00,0.000000e+00,0.000000e+00,0.000000e+00,0.000000e+00,0.000000e+00
7.910000e+01,11,5.000000e-01,5.000000e-01,5.000000e-01,5.000000e-01,5.000000e-01,5.000000e-01,5.000000e-01,5.000000e-01,5.000000e-01,5.000000e-01,5.000000e-01,7.652320e-37,5.000000e-01,5.000000e-01,5.000000e-01,5.000000e-01,5.000000e-01,5.000000e-01,0.000000e+00,0.000000e+00,0.000000e+00,0.000000e+00,0.000000e+00,0.000000e+00,0.000000e+00,0.000000e+00,0.000000e+00,0.000000e+00,0.000000e+00,3.000000e-01,0.000000e+00,0.000000e+00,0.000000e+00,0.000000e+00,0.000000e+00,0.000000e+00
7.920000e+01,11,5.000000e-01,5.000000e-01,5.000000e-01,5.000000e-01,5.000000e-01,5.000000e-01,5.000000e-01,5.000000e-01,5.000000e-01,5.000000e-01,5.000000e-01,5.869347e-39,5.000000e-01,5.000000e-01,5.000000e-01,5.000000e-01,5.000000e-01,5.000000e-01,0.000000e+00,0.000000e+00,0.000000e+00,0.000000e+00,0.000000e+00,0.000000e+00,0.000000e+00,0.000000e+00,0.000000e+00,0.000000e+00,0.000000e+00,3.000000e-01,0.000000e+00,0.000000e+00,0.000000e+00,0.000000e+00,0.000000e+00,0.000000e+00
7.930000e+01,11,5.000000e-01,5.000000e-01,5.000000e-01,5.000000e-01,5.000000e-01,5.000000e-01,5.000000e-01,5.000000e-01,5.000000e-01,5.000000e-01,5.000000e-01,9.243921e-40,5.000000e-01,5.000000e-01,5.000000e-01,5.000000e-01,5.000000e-01,5.000000e-01,0.000000e+00,0.000000e+00,0.000000e+00,0.000000e+00,0.000000e+00,0.000000e+00,0.000000e+00,0.000000e+00,0.000000e+00,0.000000e+00,0.000000e+00,3.000000e-01,0.000000e+00,0.000000e+00,0.000000e+00,0.000000e+00,0.000000e+00,0.000000e+00
7.940000e+01,11,5.000000e-01,5.000000e-01,5.000000e-01,5.000000e-01,5.000000e-01,5.000000e-01,5.000000e-01,5.000000e-01,5.000000e-01,5.000000e-01,5.000000e-01,3.777338e-39,5.000000e-01,5.000000e-01,5.000000e-01,5.000000e-01,5.000000e-01,5.000000e-01,0.000000e+00,0.000000e+00,0.000000e+00,0.000000e+00,0.000000e+00,0.000000e+00,0.000000e+00,0.000000e+00,0.000000e+00,0.000000e+00,0.000000e+00,3.000000e-01,0.000000e+00,0.000000e+00,0.000000e+00,0.000000e+00,0.000000e+00,0.000000e+00
7.950000e+01,11,5.000000e-01,5.000000e-01,5.000000e-01,5.000000e-01,5.000000e-01,5.000000e-01,5.000000e-01,5.000000e-01,5.000000e-01,5.000000e-01,5.000000e-01,3.349717e-37,5.000000e-01,5.000000e-01,5.000000e-01,5.000000e-01,5.000000e-01,5.000000e-01,0.000000e+00,0.000000e+00,0.000000e+00,0.000000e+00,0.000000e+00,0.000000e+00,0.000000e+00,0.000000e+00,0.000000e+00,0.000000e+00,0.000000e+00,3.000000e-01,0.000000e+00,0.000000e+00,0.000000e+00,0.000000e+00,0.000000e+00,0.000000e+00
7.960000e+01,11,5.000000e-01,5.000000e-01,5.000000e-01,5.000000e-01,5.000000e-01,5.000000e-01,5.000000e-01,5.000000e-01,5.000000e-01,5.000000e-01,5.000000e-01,8.596209e-35,5.000000e-01,5.000000e-01,5.000000e-01,5.000000e-01,5.000000e-01,5.000000e-01,0.000000e+00,0.000000e+00,0.000000e+00,0.000000e+00,0.000000e+00,0.000000e+00,0.000000e+00,0.000000e+00,0.000000e+00,0.000000e+00,0.000000e+00,3.000000e-01,0.000000e+00,0.000000e+00,0.000000e+00,0.000000e+00,0.000000e+00,0.000000e+00
7.970000e+01,11,5.000000e-01,5.000000e-01,5.000000e-01,5.000000e-01,5.000000e-01,5.000000e-01,5.000000e-01,5.000000e-01,5.000000e-01,5.000000e-01,5.000000e-01,1.797815e-31,5.000000e-01,5.000000e-01,5.000000e-01,5.000000e-01,5.000000e-01,5.000000e-01,0.000000e+00,0.000000e+00,0.000000e+00,0.000000e+00,0.000000e+00,0.000000e+00,0.000000e+00,0.000000e+00,0.000000e+00,0.000000e+00,0.000000e+00,3.000000e-01,0.000000e+00,0.000000e+00,0.000000e+00,0.000000e+00,0.000000e+00,0.000000e+00
7.980000e+01,11,5.000000e-01,5.000000e-01,5.000000e-01,5.000000e-01,5.000000e-01,5.000000e-01,5.000000e-01,5.000000e-01,5.000000e-01,5.000000e-01,5.000000e-01,1.348079e-27,5.000000e-01,5.000000e-01,5.000000e-01,5.000000e-01,5.000000e-01,5.000000e-01,0.000000e+00,0.000000e+00,0.000000e+00,0.000000e+00,0.000000e+00,0.000000e+00,0.000000e+00,0.000000e+00,0.000000e+00,0.000000e+00,0.000000e+00,3.000000e-01,0.000000e+00,0.000000e+00,0.000000e+00,0.000000e+00,0.000000e+00,0.000000e+00
7.990000e+01,11,5.000000e-01,5.000000e-01,5.000000e-01,5.000000e-01,5.000000e-01,5.000000e-01,5.000000e-01,5.000000e-01,5.000000e-01,5.000000e-01,5.000000e-01,1.581315e-23,5.000000e-01,5.000000e-01,5.000000e-01,5.000000e-01,5.000000e-01,5.000000e-01,0.000000e+00,0.000000e+00,0.000000e+00,0.000000e+00,0.000000e+00,0.000000e+00,0.000000e+00,0.000000e+00,0.000000e+00,0.000000e+00,0.000000e+00,3.000000e-01,0.000000e+00,0.000000e+00,0.000000e+00,0.000000e+00,0.000000e+00,0.000000e+00
8.000000e+01,11,5.000000e-01,5.000000e-01,5.000000e-01,5.000000e-01,5.000000e-01,5.000000e-01,5.000000e-01,5.000000e-01,5.000000e-01,5.000000e-01,5.000000e-01,1.428279e-19,5.000000e-01,5.000000e-01,5.000000e-01,5.000000e-01,5.000000e-01,5.000000e-01,0.000000e+00,0.000000e+00,0.000000e+00,0.000000e+00,0.000000e+00,0.000000e+00,0.000000e+00,0.000000e+00,0.000000e+00,0.000000e+00,0.000000e+00,3.000000e-01,0.000000e+00,0.000000e+00,0.000000e+00,0.000000e+00,0.000000e+00,0.000000e+00
8.010000e+01,11,5.000000e-01,5.000000e-01,5.000000e-01,5.000000e-01,5.000000e-01,5.000000e-01,5.000000e-01,5.000000e-01,5.000000e-01,5.000000e-01,5.000000e-01,5.945231e-16,5.000000e-01,5.000000e-01,5.000000e-01,5.000000e-01,5.000000e-01,5.000000e-01,0.000000e+00,0.000000e+00,0.000000e+00,0.000000e+00,0.000000e+00,0.000000e+00,0.000000e+00,0.000000e+00,0.000000e+00,0.000000e+00,0.000000e+00,3.000000e-01,0.000000e+00,0.000000e+00,0.000000e+00,0.000000e+00,0.000000e+00,0.000000e+00
8.020000e+01,11,5.000000e-01,5.000000e-01,5.000000e-01,5.000000e-01,5.000000e-01,5.000000e-01,5.000000e-01,5.000000e-01,5.000000e-01,5.000000e-01,5.000000e-01,8.450572e-13,5.000000e-01,5.000000e-01,5.000000e-01,5.000000e-01,5.000000e-01,5.000000e-01,0.000000e+00,0.000000e+00,0.000000e+00,0.000000e+00,0.000000e+00,0.000000e+00,0.000000e+00,0.000000e+00,0.000000e+00,0.000000e+00,0.000000e+00,3.000000e-01,0.000000e+00,0.000000e+00,0.000000e+00,0.000000e+00,0.000000e+00,0.000000e+00
8.030000e+01,11,5.000000e-01,5.000000e-01,5.000000e-01,5.000000e-01,5.000000e-01,5.000000e-01,5.000000e-01,5.000000e-01,5.000000e-01,5.000000e-01,5.000000e-01,3.668802e-10,5.000000e-01,5.000000e-01,5.000000e-01,5.000000e-01,5.000000e-01,5.000000e-01,0.000000e+00,0.000000e+00,0.000000e+00,0.000000e+00,0.000000e+00,0.000000e+00,0.000000e+00,0.000000e+00,0.000000e+00,0.000000e+00,0.000000e+00,2.999999e-01,0.000000e+00,0.000000e+00,0.000000e+00,0.000000e+00,0.000000e+00,0.000000e+00
8.040000e+01,11,5.000000e-01,5.000000e-01,5.000000e-01,5.000000e-01,5.000000e-01,5.000000e-01,5.000000e-01,5.000000e-01,5.000000e-01,5.000000e-01,5.000000e-01,5.005554e-08,5.000000e-01,5.000000e-01,5.000000e-01,5.000000e-01,5.000000e-01,5.000000e-01,0.000000e+00,0.000000e+00,0.000000e+00,0.000000e+00,0.000000e+00,0.000000e+00,0.000000e+00,0.000000e+00,0.000000e+00,0.000000e+00,0.000000e+00,2.999880e-01,0.000000e+00,0.000000e+00,0.000000e+00,0.000000e+00,0.000000e+00,0.000000e+00
8.050000e+01,11,5.000000e-01,5.000000e-01,5.000000e-01,5.000000e-01,5.000000e-01,5.000000e-01,5.000000e-01,5.000000e-01,5.000000e-01,5.000000e-01,5.000000e-01,2.409270e-06,5.000000e-01,5.000000e-01,5.000000e-01,5.000000e-01,5.000000e-01,5.000000e-01,0.000000e+00,0.000000e+00,0.000000e+00,0.000000e+00,0.000000e+00,0.000000e+00,0.000000e+00,0.000000e+00,0.000000e+00,0.000000e+00,0.000000e+00,2.994223e-01,0.000000e+00,0.000000e+00,0.000000e+00,0.000000e+00,0.000000e+00,0.000000e+00
8.060000e+01,11,5.000000e-01,5.000000e-01,5.000000e-01,5.000000e-01,5.000000e-01,5.000000e-01,5.000000e-01,5.000000e-01,5.000000e-01,5.000000e-01,5.000000e-01,4.787401e-05,5.000000e-01,5.000000e-01,5.000000e-01,5.000000e-01,5.000000e-01,5.000000e-01,0.000000e+00,0.000000e+00,0.000000e+00,0.000000e+00,0.000000e+00,0.000000e+00,0.000000e+00,0.000000e+00,0.000000e+00,0.000000e+00,0.000000e+00,2.887272e-01,0.000000e+00,0.000000e+00,0.000000e+00,0.000000e+00,0.000000e+00,0.000000e+00
8.070000e+01,11,5.000000e-01,5.000000e-01,5.000000e-01,5.000000e-01,5.000000e-01,5.000000e-01,5.000000e-01,5.000000e-01,5.000000e-01,5.000000e-01,5.000000e-01,4.635269e-04,5.000000e-01,5.000000e-01,5.000000e-01,5.000000e-01,5.000000e-01,5.000000e-01,0.000000e+00,0.000000e+00,0.000000e+00,0.000000e+00,0.000000e+00,0.000000e+00,0.000000e+00,0.000000e+00,0.000000e+00,0.000000e+00,0.000000e+00,2.070323e-01,0.000000e+00,0.000000e+00,0.000000e+00,0.000000e+00,0.000000e+00,0.000000e+00
8.080000e+01,11,5.000000e-01,5.000000e-01,5.000000e-01,5.000000e-01,5.000000e-01,5.000000e-01,5.000000e-01,5.000000e-01,5.000000e-01,5.000000e-01,5.000000e-01,2.550711e-03,5.000000e-01,5.000000e-01,5.000000e-01,5.000000e-01,5.000000e-01,5.000000e-01,0.000000e+00,0.000000e+00,0.000000e+00,0.000000e+00,0.000000e+00,0.000000e+00,0.000000e+00,0.000000e+00,0.000000e+00,0.000000e+00,0.000000e+00,3.888493e-02,0.000000e+00,0.000000e+00,0.000000e+00,0.000000e+00,0.000000e+00,0.000000e+00
8.090000e+01,11,5.000000e-01,5.000000e-01,5.000000e-01,5.000000e-01,5.000000e-01,5.000000e-01,5.000000e-01,5.000000e-01,5.000000e-01,5.000000e-01,5.000000e-01,9.103828e-03,5.000000e-01,5.000000e-01,5.000000e-01,5.000000e-01,5.000000e-01,5.000000e-01,0.000000e+00,0.000000e+00,0.000000e+00,0.000000e+00,0.000000e+00,0.000000e+00,0.000000e+00,0.000000e+00,0.000000e+00,0.000000e+00,0.000000e+00,1.993617e-04,0.000000e+00,0.000000e+00,0.000000e+00,0.000000e+00,0.000000e+00,0.000000e+00
8.100000e+01,11,5.000000e-01,5.000000e-01,5.000000e-01,5.000000e-01,5.000000e-01,5.000000e-01,5.000000e-01,5.000000e-01,5.000000e-01,5.000000e-01,5.000000e-01,2.346248e-02,5.000000e-01,5.000000e-01,5.000000e-01,5.000000e-01,5.000000e-01,5.000000e-01,0.000000e+00,0.000000e+00,0.000000e+00,0.000000e+00,0.000000e+00,0.000000e+00,0.000000e+00,0.000000e+00,0.000000e+00,0.000000e+00,0.000000e+00,1.691491e-09,0.000000e+00,0.000000e+00,0.000000e+00,0.000000e+00,0.000000e+00,0.000000e+00
8.110000e+01,11,5.000000e-01,5.000000e-01,5.000000e-01,5.000000e-01,5.000000e-01,5.000000e-01,5.000000e-01,5.000000e-01,5.000000e-01,5.000000e-01,5.000000e-01,3.633431e-02,5.000000e-01,5.000000e-01,5.000000e-01,5.000000e-01,5.000000e-01,5.000000e-01,0.000000e+00,0.000000e+00,0.000000e+00,0.000000e+00,0.000000e+00,0.000000e+00,0.000000e+00,0.000000e+00,0.000000e+00,0.000000e+00,0.000000e+00,4.153344e-14,0.000000e+00,0.000000e+00,0.000000e+00,0.000000e+00,0.000000e+00,0.000000e+00
8.120000e+01,-1,5.000000e-01,5.000000e-01,5.000000e-01,5.000000e-01,5.000000e-01,5.000000e-01,5.000000e-01,5.000000e-01,5.000000e-01,5.000000e-01,5.000000e-01,5.000000e-01,5.000000e-01,5.000000e-01,5.000000e-01,5.000000e-01,5.000000e-01,5.000000e-01,0.000000e+00,0.000000e+00,0.000000e+00,0.000000e+00,0.000000e+00,0.000000e+00,0.000000e+00,0.000000e+00,0.000000e+00,0.000000e+00,0.000000e+00,0.000000e+00,0.000000e+00,0.000000e+00,0.000000e+00,0.000000e+00,0.000000e+00,0.000000e+00
8.130000e+01,-1,5.000000e-01,5.000000e-01,5.000000e-01,5.000000e-01,5.000000e-01,5.000000e-01,5.000000e-01,5.000000e-01,5.000000e-01,5.000000e-01,5.000000e-01,5.000000e-01,5.000000e-01,5.000000e-01,5.000000e-01,5.000000e-01,5.000000e-01,5.000000e-01,0.000000e+00,0.000000e+00,0.000000e+00,0.000000e+00,0.000000e+00,0.000000e+00,0.000000e+00,0.000000e+00,0.000000e+00,0.000000e+00,0.000000e+00,0.000000e+00,0.000000e+00,0.000000e+00,0.000000e+00,0.000000e+00,0.000000e+00,0.000000e+00
8.140000e+01,-1,5.000000e-01,5.000000e-01,5.000000e-01,5.000000e-01,5.000000e-01,5.000000e-01,5.000000e-01,5.000000e-01,5.000000e-01,5.000000e-01,5.000000e-01,5.000000e-01,5.000000e-01,5.000000e-01,5.000000e-01,5.000000e-01,5.000000e-01,5.000000e-01,0.000000e+00,0.000000e+00,0.000000e+00,0.000000e+00,0.000000e+00,0.000000e+00,0.000000e+00,0.000000e+00,0.000000e+00,0.000000e+00,0.000000e+00,0.000000e+00,0.000000e+00,0.000000e+00,0.000000e+00,0.000000e+00,0.000000e+00,0.000000e+00
8.150000e+01,-1,5.000000e-01,5.000000e-01,5.000000e-01,5.000000e-01,5.000000e-01,5.000000e-01,5.000000e-01,5.000000e-01,5.000000e-01,5.000000e-01,5.000000e-01,5.000000e-01,5.000000e-01,5.000000e-01,5.000000e-01,5.000000e-01,5.000000e-01,5.000000e-01,0.000000e+00,0.000000e+00,0.000000e+00,0.000000e+00,0.000000e+00,0.000000e+00,0.000000e+00,0.000000e+00,0.000000e+00,0.000000e+00,0.000000e+00,0.000000e+00,0.000000e+00,0.000000e+00,0.000000e+00,0.000000e+00,0.000000e+00,0.000000e+00
8.160000e+01,-1,5.000000e-01,5.000000e-01,5.000000e-01,5.000000e-01,5.000000e-01,5.000000e-01,5.000000e-01,5.000000e-01,5.000000e-01,5.000000e-01,5.000000e-01,5.000000e-01,5.000000e-01,5.000000e-01,5.000000e-01,5.000000e-01,5.000000e-01,5.000000e-01,0.000000e+00,0.000000e+00,0.000000e+00,0.000000e+00,0.000000e+00,0.000000e+00,0.000000e+00,0.000000e+00,0.000000e+00,0.000000e+00,0.000000e+00,0.000000e+00,0.000000e+00,0.000000e+00,0.000000e+00,0.000000e+00,0.000000e+00,0.000000e+00
8.170000e+01,-1,5.000000e-01,5.000000e-01,5.000000e-01,5.000000e-01,5.000000e-01,5.000000e-01,5.000000e-01,5.000000e-01,5.000000e-01,5.000000e-01,5.000000e-01,5.000000e-01,5.000000e-01,5.000000e-01,5.000000e-01,5.000000e-01,5.000000e-01,5.000000e-01,0.000000e+00,0.000000e+00,0.000000e+00,0.000000e+00,0.000000e+00,0.000000e+00,0.000000e+00,0.000000e+00,0.000000e+00,0.000000e+00,0.000000e+00,0.000000e+00,0.000000e+00,0.000000e+00,0.000000e+00,0.000000e+00,0.000000e+00,0.000000e+00
8.180000e+01,-1,5.000000e-01,5.000000e-01,5.000000e-01,5.000000e-01,5.000000e-01,5.000000e-01,5.000000e-01,5.000000e-01,5.000000e-01,5.000000e-01,5.000000e-01,5.000000e-01,5.000000e-01,5.000000e-01,5.000000e-01,5.000000e-01,5.000000e-01,5.000000e-01,0.000000e+00,0.000000e+00,0.000000e+00,0.000000e+00,0.000000e+00,0.000000e+00,0.000000e+00,0.000000e+00,0.000000e+00,0.000000e+00,0.000000e+00,0.000000e+00,0.000000e+00,0.000000e+00,0.000000e+00,0.000000e+00,0.000000e+00,0.000000e+00
8.190000e+01,-1,5.000000e-01,5.000000e-01,5.000000e-01,5.000000e-01,5.000000e-01,5.000000e-01,5.000000e-01,5.000000e-01,5.000000e-01,5.000000e-01,5.000000e-01,5.000000e-01,5.000000e-01,5.000000e-01,5.000000e-01,5.000000e-01,5.000000e-01,5.000000e-01,0.000000e+00,0.000000e+00,0.000000e+00,0.000000e+00,0.000000e+00,0.000000e+00,0.000000e+00,0.000000e+00,0.000000e+00,0.000000e+00,0.000000e+00,0.000000e+00,0.000000e+00,0.000000e+00,0.000000e+00,0.000000e+00,0.000000e+00,0.000000e+00
8.200000e+01,-1,5.000000e-01,5.000000e-01,5.000000e-01,5.000000e-01,5.000000e-01,5.000000e-01,5.000000e-01,5.000000e-01,5.000000e-01,5.000000e-01,5.000000e-01,5.000000e-01,5.000000e-01,5.000000e-01,5.000000e-01,5.000000e-01,5.000000e-01,5.000000e-01,0.000000e+00,0.000000e+00,0.000000e+00,0.000000e+00,0.000000e+00,0.000000e+00,0.000000e+00,0.000000e+00,0.000000e+00,0.000000e+00,0.000000e+00,0.000000e+00,0.000000e+00,0.000000e+00,0.000000e+00,0.000000e+00,0.000000e+00,0.000000e+00
8.210000e+01,-1,5.000000e-01,5.000000e-01,5.000000e-01,5.000000e-01,5.000000e-01,5.000000e-01,5.000000e-01,5.000000e-01,5.000000e-01,5.000000e-01,5.000000e-01,5.000000e-01,5.000000e-01,5.000000e-01,5.000000e-01,5.000000e-01,5.000000e-01,5.000000e-01,0.000000e+00,0.000000e+00,0.000000e+00,0.000000e+00,0.000000e+00,0.000000e+00,0.000000e+00,0.000000e+00,0.000000e+00,0.000000e+00,0.000000e+00,0.000000e+00,0.000000e+00,0.000000e+00,0.000000e+00,0.000000e+00,0.000000e+00,0.000000e+00
8.220000e+01,-1,5.000000e-01,5.000000e-01,5.000000e-01,5.000000e-01,5.000000e-01,5.000000e-01,5.000000e-01,5.000000e-01,5.000000e-01,5.000000e-01,5.000000e-01,5.000000e-01,5.000000e-01,5.000000e-01,5.000000e-01,5.000000e-01,5.000000e-01,5.000000e-01,0.000000e+00,0.000000e+00,0.000000e+00,0.000000e+00,0.000000e+00,0.000000e+00,0.000000e+00,0.000000e+00,0.000000e+00,0.000000e+00,0.000000e+00,0.000000e+00,0.000000e+00,0.000000e+00,0.000000e+00,0.000000e+00,0.000000e+00,0.000000e+00
8.230000e+01,-1,5.000000e-01,5.000000e-01,5.000000e-01,5.000000e-01,5.000000e-01,5.000000e-01,5.000000e-01,5.000000e-01,5.000000e-01,5.000000e-01,5.000000e-01,5.000000e-01,5.000000e-01,5.000000e-01,5.000000e-01,5.000000e-01,5.000000e-01,5.000000e-01,0.000000e+00,0.000000e+00,0.000000e+00,0.000000e+00,0.000000e+00,0.000000e+00,0.000000e+00,0.000000e+00,0.000000e+00,0.000000e+00,0.000000e+00,0.000000e+00,0.000000e+00,0.000000e+00,0.000000e+00,0.000000e+00,0.000000e+00,0.000000e+00
8.240000e+01,-1,5.000000e-01,5.000000e-01,5.000000e-01,5.000000e-01,5.000000e-01,5.000000e-01,5.000000e-01,5.000000e-01,5.000000e-01,5.000000e-01,5.000000e-01,5.000000e-01,5.000000e-01,5.000000e-01,5.000000e-01,5.000000e-01,5.000000e-01,5.000000e-01,0.000000e+00,0.000000e+00,0.000000e+00,0.000000e+00,0.000000e+00,0.000000e+00,0.000000e+00,0.000000e+00,0.000000e+00,0.000000e+00,0.000000e+00,0.000000e+00,0.000000e+00,0.000000e+00,0.000000e+00,0.000000e+00,0.000000e+00,0.000000e+00
8.250000e+01,-1,5.000000e-01,5.000000e-01,5.000000e-01,5.000000e-01,5.000000e-01,5.000000e-01,5.000000e-01,5.000000e-01,5.000000e-01,5.000000e-01,5.000000e-01,5.000000e-01,5.000000e-01,5.000000e-01,5.000000e-01,5.000000e-01,5.000000e-01,5.000000e-01,0.000000e+00,0.000000e+00,0.000000e+00,0.000000e+00,0.000000e+00,0.000000e+00,0.000000e+00,0.000000e+00,0.000000e+00,0.000000e+00,0.000000e+00,0.000000e+00,0.000000e+00,0.000000e+00,0.000000e+00,0.000000e+00,0.000000e+00,0.000000e+00
8.260000e+01,-1,5.000000e-01,5.000000e-01,5.000000e-01,5.000000e-01,5.000000e-01,5.000000e-01,5.000000e-01,5.000000e-01,5.000000e-01,5.000000e-01,5.000000e-01,5.000000e-01,5.000000e-01,5.000000e-01,5.000000e-01,5.000000e-01,5.000000e-01,5.000000e-01,0.000000e+00,0.000000e+00,0.000000e+00,0.000000e+00,0.000000e+00,0.000000e+00,0.000000e+00,0.000000e+00,0.000000e+00,0.000000e+00,0.000000e+00,0.000000e+00,0.000000e+00,0.000000e+00,0.000000e+00,0.000000e+00,0.000000e+00,0.000000e+00
8.270000e+01,-1,5.000000e-01,5.000000e-01,5.000000e-01,5.000000e-01,5.000000e-01,5.000000e-01,5.000000e-01,5.000000e-01,5.000000e-01,5.000000e-01,5.000000e-01,5.000000e-01,5.000000e-01,5.000000e-01,5.000000e-01,5.000000e-01,5.000000e-01,5.000000e-01,0.000000e+00,0.000000e+00,0.000000e+00,0.000000e+00,0.000000e+00,0.000000e+00,0.000000e+00,0.000000e+00,0.000000e+00,0.000000e+00,0.000000e+00,0.000000e+00,0.000000e+00,0.000000e+00,0.000000e+00,0.000000e+00,0.000000e+00,0.000000e+00
8.280000e+01,-1,5.000000e-01,5.000000e-01,5.000000e-01,5.000000e-01,5.000000e-01,5.000000e-01,5.000000e-01,5.000000e-01,5.000000e-01,5.000000e-01,5.000000e-01,5.000000e-01,5.000000e-01,5.000000e-01,5.000000e-01,5.000000e-01,5.000000e-01,5.000000e-01,0.000000e+00,0.000000e+00,0.000000e+00,0.000000e+00,0.000000e+00,0.000000e+00,0.000000e+00,0.000000e+00,0.000000e+00,0.000000e+00,0.000000e+00,0.000000e+00,0.000000e+00,0.000000e+00,0.000000e+00,0.000000e+00,0.000000e+00,0.000000e+00
8.290000e+01,-1,5.000000e-01,5.000000e-01,5.000000e-01,5.000000e-01,5.000000e-01,5.000000e-01,5.000000e-01,5.000000e-01,5.000000e-01,5.000000e-01,5.000000e-01,5.000000e-01,5.000000e-01,5.000000e-01,5.000000e-01,5.000000e-01,5.000000e-01,5.000000e-01,0.000000e+00,0.000000e+00,0.000000e+00,0.000000e+00,0.000000e+00,0.000000e+00,0.000000e+00,0.000000e+00,0.000000e+00,0.000000e+00,0.000000e+00,0.000000e+00,0.000000e+00,0.000000e+00,0.000000e+00,0.000000e+00,0.000000e+00,0.000000e+00
8.300000e+01,-1,5.000000e-01,5.000000e-01,5.000000e-01,5.000000e-01,5.000000e-01,5.000000e-01,5.000000e-01,5.000000e-01,5.000000e-01,5.000000e-01,5.000000e-01,5.000000e-01,5.000000e-01,5.000000e-01,5.000000e-01,5.000000e-01,5.000000e-01,5.000000e-01,0.000000e+00,0.000000e+00,0.000000e+00,0.000000e+00,0.000000e+00,0.000000e+00,0.000000e+00,0.000000e+00,0.000000e+00,0.000000e+00,0.000000e+00,0.000000e+00,0.000000e+00,0.000000e+00,0.000000e+00,0.000000e+00,0.000000e+00,0.000000e+00
8.310000e+01,-1,5.000000e-01,5.000000e-01,5.000000e-01,5.000000e-01,5.000000e-01,5.000000e-01,5.000000e-01,5.000000e-01,5.000000e-01,5.000000e-01,5.000000e-01,5.000000e-01,5.000000e-01,5.000000e-01,5.000000e-01,5.000000e-01,5.000000e-01,5.000000e-01,0.000000e+00,0.000000e+00,0.000000e+00,0.000000e+00,0.000000e+00,0.000000e+00,0.000000e+00,0.000000e+00,0.000000e+00,0.000000e+00,0.000000e+00,0.000000e+00,0.000000e+00,0.000000e+00,0.000000e+00,0.000000e+00,0.000000e+00,0.000000e+00
8.320000e+01,-1,5.000000e-01,5.000000e-01,5.000000e-01,5.000000e-01,5.000000e-01,5.000000e-01,5.000000e-01,5.000000e-01,5.000000e-01,5.000000e-01,5.000000e-01,5.000000e-01,5.000000e-01,5.000000e-01,5.000000e-01,5.000000e-01,5.000000e-01,5.000000e-01,0.000000e+00,0.000000e+00,0.000000e+00,0.000000e+00,0.000000e+00,0.000000e+00,0.000000e+00,0.000000e+00,0.000000e+00,0.000000e+00,0.000000e+00,0.000000e+00,0.000000e+00,0.000000e+00,0.000000e+00,0.000000e+00,0.000000e+00,0.000000e+00
8.330000e+01,-1,5.000000e-01,5.000000e-01,5.000000e-01,5.000000e-01,5.000000e-01,5.000000e-01,5.000000e-01,5.000000e-01,5.000000e-01,5.000000e-01,5.000000e-01,5.000000e-01,5.000000e-01,5.000000e-01,5.000000e-01,5.000000e-01,5.000000e-01,5.000000e-01,0.000000e+00,0.000000e+00,0.000000e+00,0.000000e+00,0.000000e+00,0.000000e+00,0.000000e+00,0.000000e+00,0.000000e+00,0.000000e+00,0.000000e+00,0.000000e+00,0.000000e+00,0.000000e+00,0.000000e+00,0.000000e+00,0.000000e+00,0.000000e+00
8.340000e+01,-1,5.000000e-01,5.000000e-01,5.000000e-01,5.000000e-01,5.000000e-01,5.000000e-01,5.000000e-01,5.000000e-01,5.000000e-01,5.000000e-01,5.000000e-01,5.000000e-01,5.000000e-01,5.000000e-01,5.000000e-01,5.000000e-01,5.000000e-01,5.000000e-01,0.000000e+00,0.000000e+00,0.000000e+00,0.000000e+00,0.000000e+00,0.000000e+00,0.000000e+00,0.000000e+00,0.000000e+00,0.000000e+00,0.000000e+00,0.000000e+00,0.000000e+00,0.000000e+00,0.000000e+00,0.000000e+00,0.000000e+00,0.000000e+00
8.350000e+01,-1,5.000000e-01,5.000000e-01,5.000000e-01,5.000000e-01,5.000000e-01,5.000000e-01,5.000000e-01,5.000000e-01,5.000000e-01,5.000000e-01,5.000000e-01,5.000000e-01,5.000000e-01,5.000000e-01,5.000000e-01,5.000000e-01,5.000000e-01,5.000000e-01,0.000000e+00,0.000000e+00,0.000000e+00,0.000000e+00,0.000000e+00,0.000000e+00,0.000000e+00,0.000000e+00,0.000000e+00,0.000000e+00,0.000000e+00,0.000000e+00,0.000000e+00,0.000000e+00,0.000000e+00,0.000000e+00,0.000000e+00,0.000000e+00
8.360000e+01,-1,5.000000e-01,5.000000e-01,5.000000e-01,5.000000e-01,5.000000e-01,5.000000e-01,5.000000e-01,5.000000e-01,5.000000e-01,5.000000e-01,5.000000e-01,5.000000e-01,5.000000e-01,5.000000e-01,5.000000e-01,5.000000e-01,5.000000e-01,5.000000e-01,0.000000e+00,0.000000e+00,0.000000e+00,0.000000e+00,0.000000e+00,0.000000e+00,0.000000e+00,0.000000e+00,0.000000e+00,0.000000e+00,0.000000e+00,0.000000e+00,0.000000e+00,0.000000e+00,0.000000e+00,0.000000e+00,0.000000e+00,0.000000e+00
8.370000e+01,-1,5.000000e-01,5.000000e-01,5.000000e-01,5.000000e-01,5.000000e-01,5.000000e-01,5.000000e-01,5.000000e-01,5.000000e-01,5.000000e-01,5.000000e-01,5.000000e-01,5.000000e-01,5.000000e-01,5.000000e-01,5.000000e-01,5.000000e-01,5.000000e-01,0.000000e+00,0.000000e+00,0.000000e+00,0.000000e+00,0.000000e+00,0.000000e+00,0.000000e+00,0.000000e+00,0.000000e+00,0.000000e+00,0.000000e+00,0.000000e+00,0.000000e+00,0.000000e+00,0.000000e+00,0.000000e+00,0.000000e+00,0.000000e+00
8.380000e+01,-1,5.000000e-01,5.000000e-01,5.000000e-01,5.000000e-01,5.000000e-01,5.000000e-01,5.000000e-01,5.000000e-01,5.000000e-01,5.000000e-01,5.000000e-01,5.000000e-01,5.000000e-01,5.000000e-01,5.000000e-01,5.000000e-01,5.000000e-01,5.000000e-01,0.000000e+00,0.000000e+00,0.000000e+00,0.000000e+00,0.000000e+00,0.000000e+00,0.000000e+00,0.000000e+00,0.000000e+00,0.000000e+00,0.000000e+00,0.000000e+00,0.000000e+00,0.000000e+00,0.000000e+00,0.000000e+00,0.000000e+00,0.000000e+00
8.390000e+01,-1,5.000000e-01,5.000000e-01,5.000000e-01,5.000000e-01,5.000000e-01,5.000000e-01,5.000000e-01,5.000000e-01,5.000000e-01,5.000000e-01,5.000000e-01,5.000000e-01,5.000000e-01,5.000000e-01,5.000000e-01,5.000000e-01,5.000000e-01,5.000000e-01,0.000000e+00,0.000000e+00,0.000000e+00,0.000000e+00,0.000000e+00,0.000000e+00,0.000000e+00,0.000000e+00,0.000000e+00,0.000000e+00,0.000000e+00,0.000000e+00,0.000000e+00,0.000000e+00,0.000000e+00,0.000000e+00,0.000000e+00,0.000000e+00
8.400000e+01,-1,5.000000e-01,5.000000e-01,5.000000e-01,5.000000e-01,5.000000e-01,5.000000e-01,5.000000e-01,5.000000e-01,5.000000e-01,5.000000e-01,5.000000e-01,5.000000e-01,5.000000e-01,5.000000e-01,5.000000e-01,5.000000e-01,5.000000e-01,5.000000e-01,0.000000e+00,0.000000e+00,0.000000e+00,0.000000e+00,0.000000e+00,0.000000e+00,0.000000e+00,0.000000e+00,0.000000e+00,0.000000e+00,0.000000e+00,0.000000e+00,0.000000e+00,0.000000e+00,0.000000e+00,0.000000e+00,0.000000e+00,0.000000e+00
8.410000e+01,-1,5.000000e-01,5.000000e-01,5.000000e-01,5.000000e-01,5.000000e-01,5.000000e-01,5.000000e-01,5.000000e-01,5.000000e-01,5.000000e-01,5.000000e-01,5.000000e-01,5.000000e-01,5.000000e-01,5.000000e-01,5.000000e-01,5.000000e-01,5.000000e-01,0.000000e+00,0.000000e+00,0.000000e+00,0.000000e+00,0.000000e+00,0.000000e+00,0.000000e+00,0.000000e+00,0.000000e+00,0.000000e+00,0.000000e+00,0.000000e+00,0.000000e+00,0.000000e+00,0.000000e+00,0.000000e+00,0.000000e+00,0.000000e+00
8.420000e+01,-1,5.000000e-01,5.000000e-01,5.000000e-01,5.000000e-01,5.000000e-01,5.000000e-01,5.000000e-01,5.000000e-01,5.000000e-01,5.000000e-01,5.000000e-01,5.000000e-01,5.000000e-01,5.000000e-01,5.000000e-01,5.000000e-01,5.000000e-01,5.000000e-01,0.000000e+00,0.000000e+00,0.000000e+00,0.000000e+00,0.000000e+00,0.000000e+00,0.000000e+00,0.000000e+00,0.000000e+00,0.000000e+00,0.000000e+00,0.000000e+00,0.000000e+00,0.000000e+00,0.000000e+00,0.000000e+00,0.000000e+00,0.000000e+00
8.430000e+01,-1,5.000000e-01,5.000000e-01,5.000000e-01,5.000000e-01,5.000000e-01,5.000000e-01,5.000000e-01,5.000000e-01,5.000000e-01,5.000000e-01,5.000000e-01,5.000000e-01,5.000000e-01,5.000000e-01,5.000000e-01,5.000000e-01,5.000000e-01,5.000000e-01,0.000000e+00,0.000000e+00,0.000000e+00,0.000000e+00,0.000000e+00,0.000000e+00,0.000000e+00,0.000000e+00,0.000000e+00,0.000000e+00,0.000000e+00,0.000000e+00,0.000000e+00,0.000000e+00,0.000000e+00,0.000000e+00,0.000000e+00,0.000000e+00
8.440000e+01,-1,5.000000e-01,5.000000e-01,5.000000e-01,5.000000e-01,5.000000e-01,5.000000e-01,5.000000e-01,5.000000e-01,5.000000e-01,5.000000e-01,5.000000e-01,5.000000e-01,5.000000e-01,5.000000e-01,5.000000e-01,5.000000e-01,5.000000e-01,5.000000e-01,0.000000e+00,0.000000e+00,0.000000e+00,0.000000e+00,0.000000e+00,0.000000e+00,0.000000e+00,0.000000e+00,0.000000e+00,0.000000e+00,0.000000e+00,0.000000e+00,0.000000e+00,0.000000e+00,0.000000e+00,0.000000e+00,0.000000e+00,0.000000e+00
8.450000e+01,-1,5.000000e-01,5.000000e-01,5.000000e-01,5.000000e-01,5.000000e-01,5.000000e-01,5.000000e-01,5.000000e-01,5.000000e-01,5.000000e-01,5.000000e-01,5.000000e-01,5.000000e-01,5.000000e-01,5.000000e-01,5.000000e-01,5.000000e-01,5.000000e-01,0.000000e+00,0.000000e+00,0.000000e+00,0.000000e+00,0.000000e+00,0.000000e+00,0.000000e+00,0.000000e+00,0.000000e+00,0.000000e+00,0.000000e+00,0.000000e+00,0.000000e+00,0.000000e+00,0.000000e+00,0.000000e+00,0.000000e+00,0.000000e+00
8.460000e+01,-1,5.000000e-01,5.000000e-01,5.000000e-01,5.000000e-01,5.000000e-01,5.000000e-01,5.000000e-01,5.000000e-01,5.000000e-01,5.000000e-01,5.000000e-01,5.000000e-01,5.000000e-01,5.000000e-01,5.000000e-01,5.000000e-01,5.000000e-01,5.000000e-01,0.000000e+00,0.000000e+00,0.000000e+00,0.000000e+00,0.000000e+00,0.000000e+00,0.000000e+00,0.000000e+00,0.000000e+00,0.000000e+00,0.000000e+00,0.000000e+00,0.000000e+00,0.000000e+00,0.000000e+00,0.000000e+00,0.000000e+00,0.000000e+00
8.470000e+01,-1,5.000000e-01,5.000000e-01,5.000000e-01,5.000000e-01,5.000000e-01,5.000000e-01,5.000000e-01,5.000000e-01,5.000000e-01,5.000000e-01,5.000000e-01,5.000000e-01,5.000000e-01,5.000000e-01,5.000000e-01,5.000000e-01,5.000000e-01,5.000000e-01,0.000000e+00,0.000000e+00,0.000000e+00,0.000000e+00,0.000000e+00,0.000000e+00,0.000000e+00,0.000000e+00,0.000000e+00,0.000000e+00,0.000000e+00,0.000000e+00,0.000000e+00,0.000000e+00,0.000000e+00,0.000000e+00,0.000000e+00,0.000000e+00
8.480000e+01,-1,5.000000e-01,5.000000e-01,5.000000e-01,5.000000e-01,5.000000e-01,5.000000e-01,5.000000e-01,5.000000e-01,5.000000e-01,5.000000e-01,5.000000e-01,5.000000e-01,5.000000e-01,5.000000e-01,5.000000e-01,5.000000e-01,5.000000e-01,5.000000e-01,0.000000e+00,0.000000e+00,0.000000e+00,0.000000e+00,0.000000e+00,0.000000e+00,0.000000e+00,0.000000e+00,0.000000e+00,0.000000e+00,0.000000e+00,0.000000e+00,0.000000e+00,0.000000e+00,0.000000e+00,0.000000e+00,0.000000e+00,0.000000e+00
8.490000e+01,-1,5.000000e-01,5.000000e-01,5.000000e-01,5.000000e-01,5.000000e-01,5.000000e-01,5.000000e-01,5.000000e-01,5.000000e-01,5.000000e-01,5.000000e-01,5.000000e-01,5.000000e-01,5.000000e-01,5.000000e-01,5.000000e-01,5.000000e-01,5.000000e-01,0.000000e+00,0.000000e+00,0.000000e+00,0.000000e+00,0.000000e+00,0.000000e+00,0.000000e+00,0.000000e+00,0.000000e+00,0.000000e+00,0.000000e+00,0.000000e+00,0.000000e+00,0.000000e+00,0.000000e+00,0.000000e+00,0.000000e+00,0.000000e+00
8.500000e+01,11,5.000000e-01,5.000000e-01,5.000000e-01,5.000000e-01,5.000000e-01,5.000000e-01,5.000000e-01,5.000000e-01,5.000000e-01,5.000000e-01,5.000000e-01,3.061448e-02,5.000000e-01,5.000000e-01,5.000000e-01,5.000000e-01,5.000000e-01,5.000000e-01,0.000000e+00,0.000000e+00,0.000000e+00,0.000000e+00,0.000000e+00,0.000000e+00,0.000000e+00,0.000000e+00,0.000000e+00,0.000000e+00,0.000000e+00,4.724354e-12,0.000000e+00,0.000000e+00,0.000000e+00,0.000000e+00,0.000000e+00,0.000000e+00
8.510000e+01,11,5.000000e-01,5.000000e-01,5.000000e-01,5.000000e-01,5.000000e-01,5.000000e-01,5.000000e-01,5.000000e-01,5.000000e-01,5.000000e-01,5.000000e-01,1.332123e-02,5.000000e-01,5.000000e-01,5.000000e-01,5.000000e-01,5.000000e-01,5.000000e-01,0.000000e+00,0.000000e+00,0.000000e+00,0.000000e+00,0.000000e+00,0.000000e+00,0.000000e+00,0.000000e+00,0.000000e+00,0.000000e+00,0.000000e+00,6.572763e-06,0.000000e+00,0.000000e+00,0.000000e+00,0.000000e+00,0.000000e+00,0.000000e+00
8.520000e+01,11,5.000000e-01,5.000000e-01,5.000000e-01,5.000000e-01,5.000000e-01,5.000000e-01,5.000000e-01,5.000000e-01,5.000000e-01,5.000000e-01,5.000000e-01,4.405015e-03,5.000000e-01,5.000000e-01,5.000000e-01,5.000000e-01,5.000000e-01,5.000000e-01,0.000000e+00,0.000000e+00,0.000000e+00,0.000000e+00,0.000000e+00,0.000000e+00,0.000000e+00,0.000000e+00,0.000000e+00,0.000000e+00,0.000000e+00,8.775693e-03,0.000000e+00,0.000000e+00,0.000000e+00,0.000000e+00,0.000000e+00,0.000000e+00
8.530000e+01,11,5.000000e-01,5.000000e-01,5.000000e-01,5.000000e-01,5.000000e-01,5.000000e-01,5.000000e-01,5.000000e-01,5.000000e-01,5.000000e-01,5.000000e-01,1.015592e-03,5.000000e-01,5.000000e-01,5.000000e-01,5.000000e-01,5.000000e-01,5.000000e-01,0.000000e+00,0.000000e+00,0.000000e+00,0.000000e+00,0.000000e+00,0.000000e+00,0.000000e+00,0.000000e+00,0.000000e+00,0.000000e+00,0.000000e+00,1.330728e-01,0.000000e+00,0.000000e+00,0.000000e+00,0.000000e+00,0.000000e+00,0.000000e+00
8.540000e+01,11,5.000000e-01,5.000000e-01,5.000000e-01,5.000000e-01,5.000000e-01,5.000000e-01,5.000000e-01,5.000000e-01,5.000000e-01,5.000000e-01,5.000000e-01,1.470852e-04,5.000000e-01,5.000000e-01,5.000000e-01,5.000000e-01,5.000000e-01,5.000000e-01,0.000000e+00,0.000000e+00,0.000000e+00,0.000000e+00,0.000000e+00,0.000000e+00,0.000000e+00,0.000000e+00,0.000000e+00,0.000000e+00,0.000000e+00,2.666950e-01,0.000000e+00,0.000000e+00,0.000000e+00,0.000000e+00,0.000000e+00,0.000000e+00
8.550000e+01,11,5.000000e-01,5.000000e-01,5.000000e-01,5.000000e-01,5.000000e-01,5.000000e-01,5.000000e-01,5.000000e-01,5.000000e-01,5.000000e-01,5.000000e-01,1.187798e-05,5.000000e-01,5.000000e-01,5.000000e-01,5.000000e-01,5.000000e-01,5.000000e-01,0.000000e+00,0.000000e+00,0.000000e+00,0.000000e+00,0.000000e+00,0.000000e+00,0.000000e+00,0.000000e+00,0.000000e+00,0.000000e+00,0.000000e+00,2.971628e-01,0.000000e+00,0.000000e+00,0.000000e+00,0.000000e+00,0.000000e+00,0.000000e+00
8.560000e+01,11,5.000000e-01,5.000000e-01,5.000000e-01,5.000000e-01,5.000000e-01,5.000000e-01,5.000000e-01,5.000000e-01,5.000000e-01,5.000000e-01,5.000000e-01,2.224936e-05,5.000000e-01,5.000000e-01,5.000000e-01,5.000000e-01,5.000000e-01,5.000000e-01,0.000000e+00,0.000000e+00,0.000000e+00,0.000000e+00,0.000000e+00,0.000000e+00,0.000000e+00,0.000000e+00,0.000000e+00,0.000000e+00,0.000000e+00,2.947073e-01,0.000000e+00,0.000000e+00,0.000000e+00,0.000000e+00,0.000000e+00,0.000000e+00
8.570000e+01,11,5.000000e-01,5.000000e-01,5.000000e-01,5.000000e-01,5.000000e-01,5.000000e-01,5.000000e-01,5.000000e-01,5.000000e-01,5.000000e-01,5.000000e-01,4.920758e-05,5.000000e-01,5.000000e-01,5.000000e-01,5.000000e-01,5.000000e-01,5.000000e-01,0.000000e+00,0.000000e+00,0.000000e+00,0.000000e+00,0.000000e+00,0.000000e+00,0.000000e+00,0.000000e+00,0.000000e+00,0.000000e+00,0.000000e+00,2.884193e-01,0.000000e+00,0.000000e+00,0.000000e+00,0.000000e+00,0.000000e+00,0.000000e+00
8.580000e+01,11,5.000000e-01,5.000000e-01,5.000000e-01,5.000000e-01,5.000000e-01,5.000000e-01,5.000000e-01,5.000000e-01,5.000000e-01,5.000000e-01,5.000000e-01,1.212437e-04,5.000000e-01,5.000000e-01,5.000000e-01,5.000000e-01,5.000000e-01,5.000000e-01,0.000000e+00,0.000000e+00,0.000000e+00,0.000000e+00,0.000000e+00,0.000000e+00,0.000000e+00,0.000000e+00,0.000000e+00,0.000000e+00,0.000000e+00,2.722666e-01,0.000000e+00,0.000000e+00,0.000000e+00,0.000000e+00,0.000000e+00,0.000000e+00
8.590000e+01,11,5.000000e-01,5.000000e-01,5.000000e-01,5.000000e-01,5.000000e-01,5.000000e-01,5.000000e-01,5.000000e-01,5.000000e-01,5.000000e-01,5.000000e-01,3.140294e-04,5.000000e-01,5.000000e-01,5.000000e-01,5.000000e-01,5.000000e-01,5.000000e-01,0.000000e+00,0.000000e+00,0.000000e+00,0.000000e+00,0.000000e+00,0.000000e+00,0.000000e+00,0.000000e+00,0.000000e+00,0.000000e+00,0.000000e+00,2.333453e-01,0.000000e+00,0.000000e+00,0.000000e+00,0.000000e+00,0.000000e+00,0.000000e+00
8.600000e+01,11,5.000000e-01,5.000000e-01,5.000000e-01,5.000000e-01,5.000000e-01,5.000000e-01,5.000000e-01,5.000000e-01,5.000000e-01,5.000000e-01,5.000000e-01,8.119393e-04,5.000000e-01,5.000000e-01,5.000000e-01,5.000000e-01,5.000000e-01,5.000000e-01,0.000000e+00,0.000000e+00,0.000000e+00,0.000000e+00,0.000000e+00,0.000000e+00,0.000000e+00,0.000000e+00,0.000000e+00,0.000000e+00,0.000000e+00,1.566427e-01,0.000000e+00,0.000000e+00,0.000000e+00,0.000000e+00,0.000000e+00,0.000000e+00
8.610000e+01,11,5.000000e-01,5.000000e-01,5.000000e-01,5.000000e-01,5.000000e-01,5.000000e-01,5.000000e-01,5.000000e-01,5.000000e-01,5.000000e-01,5.000000e-01,2.011324e-03,5.000000e-01,5.000000e-01,5.000000e-01,5.000000e-01,5.000000e-01,5.000000e-01,0.000000e+00,0.000000e+00,0.000000e+00,0.000000e+00,0.000000e+00,0.000000e+00,0.000000e+00,0.000000e+00,0.000000e+00,0.000000e+00,0.000000e+00,5.992553e-02,0.000000e+00,0.000000e+00,0.000000e+00,0.000000e+00,0.000000e+00,0.000000e+00
8.620000e+01,11,5.000000e-01,5.000000e-01,5.000000e-01,5.000000e-01,5.000000e-01,5.000000e-01,5.000000e-01,5.000000e-01,5.000000e-01,5.000000e-01,5.000000e-01,4.638359e-03,5.000000e-01,5.000000e-01,5.000000e-01,5.000000e-01,5.000000e-01,5.000000e-01,0.000000e+00,0.000000e+00,0.000000e+00,0.000000e+00,0.000000e+00,0.000000e+00,0.000000e+00,0.000000e+00,0.000000e+00,0.000000e+00,0.000000e+00,7.275138e-03,0.000000e+00,0.000000e+00,0.000000e+00,0.000000e+00,0.000000e+00,0.000000e+00
8.630000e+01,11,5.000000e-01,5.000000e-01,5.000000e-01,5.000000e-01,5.000000e-01,5.000000e-01,5.000000e-01,5.000000e-01,5.000000e-01,5.000000e-01,5.000000e-01,9.792294e-03,5.000000e-01,5.000000e-01,5.000000e-01,5.000000e-01,5.000000e-01,5.000000e-01,0.000000e+00,0.000000e+00,0.000000e+00,0.000000e+00,0.000000e+00,0.000000e+00,0.000000e+00,0.000000e+00,0.000000e+00,0.000000e+00,0.000000e+00,1.143307e-04,0.000000e+00,0.000000e+00,0.000000e+00,0.000000e+00,0.000000e+00,0.000000e+00
8.640000e+01,11,5.000000e-01,5.000000e-01,5.000000e-01,5.000000e-01,5.000000e-01,5.000000e-01,5.000000e-01,5.000000e-01,5.000000e-01,5.000000e-01,5.000000e-01,1.880076e-02,5.000000e-01,5.000000e-01,5.000000e-01,5.000000e-01,5.000000e-01,5.000000e-01,0.000000e+00,0.000000e+00,0.000000e+00,0.000000e+00,0.000000e+00,0.000000e+00,0.000000e+00,0.000000e+00,0.000000e+00,0.000000e+00,0.000000e+00,7.636295e-08,0.000000e+00,0.000000e+00,0.000000e+00,0.000000e+00,0.000000e+00,0.000000e+00
8.650000e+01,11,5.000000e-01,5.000000e-01,5.000000e-01,5.000000e-01,5.000000e-01,5.000000e-01,5.000000e-01,5.000000e-01,5.000000e-01,5.000000e-01,5.000000e-01,3.286356e-02,5.000000e-01,5.000000e-01,5.000000e-01,5.000000e-01,5.000000e-01,5.000000e-01,0.000000e+00,0.000000e+00,0.000000e+00,0.000000e+00,0.000000e+00,0.000000e+00,0.000000e+00,0.000000e+00,0.000000e+00,0.000000e+00,0.000000e+00,7.367440e-13,0.000000e+00,0.000000e+00,0.000000e+00,0.000000e+00,0.000000e+00,0.000000e+00
8.660000e+01,-1,5.000000e-01,5.000000e-01,5.000000e-01,5.000000e-01,5.000000e-01,5.000000e-01,5.000000e-01,5.000000e-01,5.000000e-01,5.000000e-01,5.000000e-01,5.000000e-01,5.000000e-01,5.000000e-01,5.000000e-01,5.000000e-01,5.000000e-01,5.000000e-01,0.000000e+00,0.000000e+00,0.000000e+00,0.000000e+00,0.000000e+00,0.000000e+00,0.000000e+00,0.000000e+00,0.000000e+00,0.000000e+00,0.000000e+00,0.000000e+00,0.000000e+00,0.000000e+00,0.000000e+00,0.000000e+00,0.000000e+00,0.000000e+00
8.670000e+01,-1,5.000000e-01,5.000000e-01,5.000000e-01,5.000000e-01,5.000000e-01,5.000000e-01,5.000000e-01,5.000000e-01,5.000000e-01,5.000000e-01,5.000000e-01,5.000000e-01,5.000000e-01,5.000000e-01,5.000000e-01,5.000000e-01,5.000000e-01,5.000000e-01,0.000000e+00,0.000000e+00,0.000000e+00,0.000000e+00,0.000000e+00,0.000000e+00,0.000000e+00,0.000000e+00,0.000000e+00,0.000000e+00,0.000000e+00,0.000000e+00,0.000000e+00,0.000000e+00,0.000000e+00,0.000000e+00,0.000000e+00,0.000000e+00
8.680000e+01,-1,5.000000e-01,5.000000e-01,5.000000e-01,5.000000e-01,5.000000e-01,5.000000e-01,5.000000e-01,5.000000e-01,5.000000e-01,5.000000e-01,5.000000e-01,5.000000e-01,5.000000e-01,5.000000e-01,5.000000e-01,5.000000e-01,5.000000e-01,5.000000e-01,0.000000e+00,0.000000e+00,0.000000e+00,0.000000e+00,0.000000e+00,0.000000e+00,0.000000e+00,0.000000e+00,0.000000e+00,0.000000e+00,0.000000e+00,0.000000e+00,0.000000e+00,0.000000e+00,0.000000e+00,0.000000e+00,0.000000e+00,0.000000e+00
8.690000e+01,-1,5.000000e-01,5.000000e-01,5.000000e-01,5.000000e-01,5.000000e-01,5.000000e-01,5.000000e-01,5.000000e-01,5.000000e-01,5.000000e-01,5.000000e-01,5.000000e-01,5.000000e-01,5.000000e-01,5.000000e-01,5.000000e-01,5.000000e-01,5.000000e-01,0.000000e+00,0.000000e+00,0.000000e+00,0.000000e+00,0.000000e+00,0.000000e+00,0.000000e+00,0.000000e+00,0.000000e+00,0.000000e+00,0.000000e+00,0.000000e+00,0.000000e+00,0.000000e+00,0.000000e+00,0.000000e+00,0.000000e+00,0.000000e+00
8.700000e+01,-1,5.000000e-01,5.000000e-01,5.000000e-01,5.000000e-01,5.000000e-01,5.000000e-01,5.000000e-01,5.000000e-01,5.000000e-01,5.000000e-01,5.000000e-01,5.000000e-01,5.000000e-01,5.000000e-01,5.000000e-01,5.000000e-01,5.000000e-01,5.000000e-01,0.000000e+00,0.000000e+00,0.000000e+00,0.000000e+00,0.000000e+00,0.000000e+00,0.000000e+00,0.000000e+00,0.000000e+00,0.000000e+00,0.000000e+00,0.000000e+00,0.000000e+00,0.000000e+00,0.000000e+00,0.000000e+00,0.000000e+00,0.000000e+00
8.710000e+01,-1,5.000000e-01,5.000000e-01,5.000000e-01,5.000000e-01,5.000000e-01,5.000000e-01,5.000000e-01,5.000000e-01,5.000000e-01,5.000000e-01,5.000000e-01,5.000000e-01,5.000000e-01,5.000000e-01,5.000000e-01,5.000000e-01,5.000000e-01,5.000000e-01,0.000000e+00,0.000000e+00,0.000000e+00,0.000000e+00,0.000000e+00,0.000000e+00,0.000000e+00,0.000000e+00,0.000000e+00,0.000000e+00,0.000000e+00,0.000000e+00,0.000000e+00,0.000000e+00,0.000000e+00,0.000000e+00,0.000000e+00,0.000000e+00
8.720000e+01,-1,5.000000e-01,5.000000e-01,5.000000e-01,5.000000e-01,5.000000e-01,5.000000e-01,5.000000e-01,5.000000e-01,5.000000e-01,5.000000e-01,5.000000e-01,5.000000e-01,5.000000e-01,5.000000e-01,5.000000e-01,5.000000e-01,5.000000e-01,5.000000e-01,0.000000e+00,0.000000e+00,0.000000e+00,0.000000e+00,0.000000e+00,0.000000e+00,0.000000e+00,0.000000e+00,0.000000e+00,0.000000e+00,0.000000e+00,0.000000e+00,0.000000e+00,0.000000e+00,0.000000e+00,0.000000e+00,0.000000e+00,0.000000e+00
8.730000e+01,-1,5.000000e-01,5.000000e-01,5.000000e-01,5.000000e-01,5.000000e-01,5.000000e-01,5.000000e-01,5.000000e-01,5.000000e-01,5.000000e-01,5.000000e-01,5.000000e-01,5.000000e-01,5.000000e-01,5.000000e-01,5.000000e-01,5.000000e-01,5.000000e-01,0.000000e+00,0.000000e+00,0.000000e+00,0.000000e+00,0.000000e+00,0.000000e+00,0.000000e+00,0.000000e+00,0.000000e+00,0.000000e+00,0.000000e+00,0.000000e+00,0.000000e+00,0.000000e+00,0.000000e+00,0.000000e+00,0.000000e+00,0.000000e+00
8.740000e+01,-1,5.000000e-01,5.000000e-01,5.000000e-01,5.000000e-01,5.000000e-01,5.000000e-01,5.000000e-01,5.000000e-01,5.000000e-01,5.000000e-01,5.000000e-01,5.000000e-01,5.000000e-01,5.000000e-01,5.000000e-01,5.000000e-01,5.000000e-01,5.000000e-01,0.000000e+00,0.000000e+00,0.000000e+00,0.000000e+00,0.000000e+00,0.000000e+00,0.000000e+00,0.000000e+00,0.000000e+00,0.000000e+00,0.000000e+00,0.000000e+00,0.000000e+00,0.000000e+00,0.000000e+00,0.000000e+00,0.000000e+00,0.000000e+00
8.750000e+01,-1,5.000000e-01,5.000000e-01,5.000000e-01,5.000000e-01,5.000000e-01,5.000000e-01,5.000000e-01,5.000000e-01,5.000000e-01,5.000000e-01,5.000000e-01,5.000000e-01,5.000000e-01,5.000000e-01,5.000000e-01,5.000000e-01,5.000000e-01,5.000000e-01,0.000000e+00,0.000000e+00,0.000000e+00,0.000000e+00,0.000000e+00,0.000000e+00,0.000000e+00,0.000000e+00,0.000000e+00,0.000000e+00,0.000000e+00,0.000000e+00,0.000000e+00,0.000000e+00,0.000000e+00,0.000000e+00,0.000000e+00,0.000000e+00
8.760000e+01,-1,5.000000e-01,5.000000e-01,5.000000e-01,5.000000e-01,5.000000e-01,5.000000e-01,5.000000e-01,5.000000e-01,5.000000e-01,5.000000e-01,5.000000e-01,5.000000e-01,5.000000e-01,5.000000e-01,5.000000e-01,5.000000e-01,5.000000e-01,5.000000e-01,0.000000e+00,0.000000e+00,0.000000e+00,0.000000e+00,0.000000e+00,0.000000e+00,0.000000e+00,0.000000e+00,0.000000e+00,0.000000e+00,0.000000e+00,0.000000e+00,0.000000e+00,0.000000e+00,0.000000e+00,0.000000e+00,0.000000e+00,0.000000e+00
8.770000e+01,-1,5.000000e-01,5.000000e-01,5.000000e-01,5.000000e-01,5.000000e-01,5.000000e-01,5.000000e-01,5.000000e-01,5.000000e-01,5.000000e-01,5.000000e-01,5.000000e-01,5.000000e-01,5.000000e-01,5.000000e-01,5.000000e-01,5.000000e-01,5.000000e-01,0.000000e+00,0.000000e+00,0.000000e+00,0.000000e+00,0.000000e+00,0.000000e+00,0.000000e+00,0.000000e+00,0.000000e+00,0.000000e+00,0.000000e+00,0.000000e+00,0.000000e+00,0.000000e+00,0.000000e+00,0.000000e+00,0.000000e+00,0.000000e+00
8.780000e+01,-1,5.000000e-01,5.000000e-01,5.000000e-01,5.000000e-01,5.000000e-01,5.000000e-01,5.000000e-01,5.000000e-01,5.000000e-01,5.000000e-01,5.000000e-01,5.000000e-01,5.000000e-01,5.000000e-01,5.000000e-01,5.000000e-01,5.000000e-01,5.000000e-01,0.000000e+00,0.000000e+00,0.000000e+00,0.000000e+00,0.000000e+00,0.000000e+00,0.000000e+00,0.000000e+00,0.000000e+00,0.000000e+00,0.000000e+00,0.000000e+00,0.000000e+00,0.000000e+00,0.000000e+00,0.000000e+00,0.000000e+00,0.000000e+00
8.790000e+01,-1,5.000000e-01,5.000000e-01,5.000000e-01,5.000000e-01,5.000000e-01,5.000000e-01,5.000000e-01,5.000000e-01,5.000000e-01,5.000000e-01,5.000000e-01,5.000000e-01,5.000000e-01,5.000000e-01,5.000000e-01,5.000000e-01,5.000000e-01,5.000000e-01,0.000000e+00,0.000000e+00,0.000000e+00,0.000000e+00,0.000000e+00,0.000000e+00,0.000000e+00,0.000000e+00,0.000000e+00,0.000000e+00,0.000000e+00,0.000000e+00,0.000000e+00,0.000000e+00,0.000000e+00,0.000000e+00,0.000000e+00,0.000000e+00
8.800000e+01,-1,5.000000e-01,5.000000e-01,5.000000e-01,5.000000e-01,5.000000e-01,5.000000e-01,5.000000e-01,5.000000e-01,5.000000e-01,5.000000e-01,5.000000e-01,5.000000e-01,5.000000e-01,5.000000e-01,5.000000e-01,5.000000e-01,5.000000e-01,5.000000e-01,0.000000e+00,0.000000e+00,0.000000e+00,0.000000e+00,0.000000e+00,0.000000e+00,0.000000e+00,0.000000e+00,0.000000e+00,0.000000e+00,0.000000e+00,0.000000e+00,0.000000e+00,0.000000e+00,0.000000e+00,0.000000e+00,0.000000e+00,0.000000e+00
8.810000e+01,-1,5.000000e-01,5.000000e-01,5.000000e-01,5.000000e-01,5.000000e-01,5.000000e-01,5.000000e-01,5.000000e-01,5.000000e-01,5.000000e-01,5.000000e-01,5.000000e-01,5.000000e-01,5.000000e-01,5.000000e-01,5.000000e-01,5.000000e-01,5.000000e-01,0.000000e+00,0.000000e+00,0.000000e+00,0.000000e+00,0.000000e+00,0.000000e+00,0.000000e+00,0.000000e+00,0.000000e+00,0.000000e+00,0.000000e+00,0.000000e+00,0.000000e+00,0.000000e+00,0.000000e+00,0.000000e+00,0.000000e+00,0.000000e+00
8.820000e+01,-1,5.000000e-01,5.000000e-01,5.000000e-01,5.000000e-01,5.000000e-01,5.000000e-01,5.000000e-01,5.000000e-01,5.000000e-01,5.000000e-01,5.000000e-01,5.000000e-01,5.000000e-01,5.000000e-01,5.000000e-01,5.000000e-01,5.000000e-01,5.000000e-01,0.000000e+00,0.000000e+00,0.000000e+00,0.000000e+00,0.000000e+00,0.000000e+00,0.000000e+00,0.000000e+00,0.000000e+00,0.000000e+00,0.000000e+00,0.000000e+00,0.000000e+00,0.000000e+00,0.000000e+00,0.000000e+00,0.000000e+00,0.000000e+00
8.830000e+01,-1,5.000000e-01,5.000000e-01,5.000000e-01,5.000000e-01,5.000000e-01,5.000000e-01,5.000000e-01,5.000000e-01,5.000000e-01,5.000000e-01,5.000000e-01,5.000000e-01,5.000000e-01,5.000000e-01,5.000000e-01,5.000000e-01,5.000000e-01,5.000000e-01,0.000000e+00,0.000000e+00,0.000000e+00,0.000000e+00,0.000000e+00,0.000000e+00,0.000000e+00,0.000000e+00,0.000000e+00,0.000000e+00,0.000000e+00,0.000000e+00,0.000000e+00,0.000000e+00,0.000000e+00,0.000000e+00,0.000000e+00,0.000000e+00
8.840000e+01,-1,5.000000e-01,5.000000e-01,5.000000e-01,5.000000e-01,5.000000e-01,5.000000e-01,5.000000e-01,5.000000e-01,5.000000e-01,5.000000e-01,5.000000e-01,5.000000e-01,5.000000e-01,5.000000e-01,5.000000e-01,5.000000e-01,5.000000e-01,5.000000e-01,0.000000e+00,0.000000e+00,0.000000e+00,0.000000e+00,0.000000e+00,0.000000e+00,0.000000e+00,0.000000e+00,0.000000e+00,0.000000e+00,0.000000e+00,0.000000e+00,0.000000e+00,0.000000e+00,0.000000e+00,0.000000e+00,0.000000e+00,0.000000e+00
8.850000e+01,-1,5.000000e-01,5.000000e-01,5.000000e-01,5.000000e-01,5.000000e-01,5.000000e-01,5.000000e-01,5.000000e-01,5.000000e-01,5.000000e-01,5.000000e-01,5.000000e-01,5.000000e-01,5.000000e-01,5.000000e-01,5.000000e-01,5.000000e-01,5.000000e-01,0.000000e+00,0.000000e+00,0.000000e+00,0.000000e+00,0.000000e+00,0.000000e+00,0.000000e+00,0.000000e+00,0.000000e+00,0.000000e+00,0.000000e+00,0.000000e+00,0.000000e+00,0.000000e+00,0.000000e+00,0.000000e+00,0.000000e+00,0.000000e+00
8.860000e+01,-1,5.000000e-01,5.000000e-01,5.000000e-01,5.000000e-01,5.000000e-01,5.000000e-01,5.000000e-01,5.000000e-01,5.000000e-01,5.000000e-01,5.000000e-01,5.000000e-01,5.000000e-01,5.000000e-01,5.000000e-01,5.000000e-01,5.000000e-01,5.000000e-01,0.000000e+00,0.000000e+00,0.000000e+00,0.000000e+00,0.000000e+00,0.000000e+00,0.000000e+00,0.000000e+00,0.000000e+00,0.000000e+00,0.000000e+00,0.000000e+00,0.000000e+00,0.000000e+00,0.000000e+00,0.000000e+00,0.000000e+00,0.000000e+00
8.870000e+01,-1,5.000000e-01,5.000000e-01,5.000000e-01,5.000000e-01,5.000000e-01,5.000000e-01,5.000000e-01,5.000000e-01,5.000000e-01,5.000000e-01,5.000000e-01,5.000000e-01,5.000000e-01,5.000000e-01,5.000000e-01,5.000000e-01,5.000000e-01,5.000000e-01,0.000000e+00,0.000000e+00,0.000000e+00,0.000000e+00,0.000000e+00,0.000000e+00,0.000000e+00,0.000000e+00,0.000000e+00,0.000000e+00,0.000000e+00,0.000000e+00,0.000000e+00,0.000000e+00,0.000000e+00,0.000000e+00,0.000000e+00,0.000000e+00
8.880000e+01,-1,5.000000e-01,5.000000e-01,5.000000e-01,5.000000e-01,5.000000e-01,5.000000e-01,5.000000e-01,5.000000e-01,5.000000e-01,5.000000e-01,5.000000e-01,5.000000e-01,5.000000e-01,5.000000e-01,5.000000e-01,5.000000e-01,5.000000e-01,5.000000e-01,0.000000e+00,0.000000e+00,0.000000e+00,0.000000e+00,0.000000e+00,0.000000e+00,0.000000e+00,0.000000e+00,0.000000e+00,0.000000e+00,0.000000e+00,0.000000e+00,0.000000e+00,0.000000e+00,0.000000e+00,0.000000e+00,0.000000e+00,0.000000e+00
8.890000e+01,-1,5.000000e-01,5.000000e-01,5.000000e-01,5.000000e-01,5.000000e-01,5.000000e-01,5.000000e-01,5.000000e-01,5.000000e-01,5.000000e-01,5.000000e-01,5.000000e-01,5.000000e-01,5.000000e-01,5.000000e-01,5.000000e-01,5.000000e-01,5.000000e-01,0.000000e+00,0.000000e+00,0.000000e+00,0.000000e+00,0.000000e+00,0.000000e+00,0.000000e+00,0.000000e+00,0.000000e+00,0.000000e+00,0.000000e+00,0.000000e+00,0.000000e+00,0.000000e+00,0.000000e+00,0.000000e+00,0.000000e+00,0.000000e+00
8.900000e+01,-1,5.000000e-01,5.000000e-01,5.000000e-01,5.000000e-01,5.000000e-01,5.000000e-01,5.000000e-01,5.000000e-01,5.000000e-01,5.000000e-01,5.000000e-01,5.000000e-01,5.000000e-01,5.000000e-01,5.000000e-01,5.000000e-01,5.000000e-01,5.000000e-01,0.000000e+00,0.000000e+00,0.000000e+00,0.000000e+00,0.000000e+00,0.000000e+00,0.000000e+00,0.000000e+00,0.000000e+00,0.000000e+00,0.000000e+00,0.000000e+00,0.000000e+00,0.000000e+00,0.000000e+00,0.000000e+00,0.000000e+00,0.000000e+00
8.910000e+01,11,5.000000e-01,5.000000e-01,5.000000e-01,5.000000e-01,5.000000e-01,5.000000e-01,5.000000e-01,5.000000e-01,5.000000e-01,5.000000e-01,5.000000e-01,4.049756e-02,5.000000e-01,5.000000e-01,5.000000e-01,5.000000e-01,5.000000e-01,5.000000e-01,0.000000e+00,0.000000e+00,0.000000e+00,0.000000e+00,0.000000e+00,0.000000e+00,0.000000e+00,0.000000e+00,0.000000e+00,0.000000e+00,0.000000e+00,1.298961e-15,0.000000e+00,0.000000e+00,0.000000e+00,0.000000e+00,0.000000e+00,0.000000e+00
8.920000e+01,11,5.000000e-01,5.000000e-01,5.000000e-01,5.000000e-01,5.000000e-01,5.000000e-01,5.000000e-01,5.000000e-01,5.000000e-01,5.000000e-01,5.000000e-01,1.839301e-02,5.000000e-01,5.000000e-01,5.000000e-01,5.000000e-01,5.000000e-01,5.000000e-01,0.000000e+00,0.000000e+00,0.000000e+00,0.000000e+00,0.000000e+00,0.000000e+00,0.000000e+00,0.000000e+00,0.000000e+00,0.000000e+00,0.000000e+00,1.064721e-07,0.000000e+00,0.000000e+00,0.000000e+00,0.000000e+00,0.000000e+00,0.000000e+00
8.930000e+01,11,5.000000e-01,5.000000e-01,5.000000e-01,5.000000e-01,5.000000e-01,5.000000e-01,5.000000e-01,5.000000e-01,5.000000e-01,5.000000e-01,5.000000e-01,6.266425e-03,5.000000e-01,5.000000e-01,5.000000e-01,5.000000e-01,5.000000e-01,5.000000e-01,0.000000e+00,0.000000e+00,0.000000e+00,0.000000e+00,0.000000e+00,0.000000e+00,0.000000e+00,0.000000e+00,0.000000e+00,0.000000e+00,0.000000e+00,1.963777e-03,0.000000e+00,0.000000e+00,0.000000e+00,0.000000e+00,0.000000e+00,0.000000e+00
8.940000e+01,11,5.000000e-01,5.000000e-01,5.000000e-01,5.000000e-01,5.000000e-01,5.000000e-01,5.000000e-01,5.000000e-01,5.000000e-01,5.000000e-01,5.000000e-01,1.437745e-03,5.000000e-01,5.000000e-01,5.000000e-01,5.000000e-01,5.000000e-01,5.000000e-01,0.000000e+00,0.000000e+00,0.000000e+00,0.000000e+00,0.000000e+00,0.000000e+00,0.000000e+00,0.000000e+00,0.000000e+00,0.000000e+00,0.000000e+00,9.489384e-02,0.000000e+00,0.000000e+00,0.000000e+00,0.000000e+00,0.000000e+00,0.000000e+00
8.950000e+01,11,5.000000e-01,5.000000e-01,5.000000e-01,5.000000e-01,5.000000e-01,5.000000e-01,5.000000e-01,5.000000e-01,5.000000e-01,5.000000e-01,5.000000e-01,1.926483e-04,5.000000e-01,5.000000e-01,5.000000e-01,5.000000e-01,5.000000e-01,5.000000e-01,0.000000e+00,0.000000e+00,0.000000e+00,0.000000e+00,0.000000e+00,0.000000e+00,0.000000e+00,0.000000e+00,0.000000e+00,0.000000e+00,0.000000e+00,2.571473e-01,0.000000e+00,0.000000e+00,0.000000e+00,0.000000e+00,0.000000e+00,0.000000e+00
8.960000e+01,11,5.000000e-01,5.000000e-01,5.000000e-01,5.000000e-01,5.000000e-01,5.000000e-01,5.000000e-01,5.000000e-01,5.000000e-01,5.000000e-01,5.000000e-01,1.256825e-05,5.000000e-01,5.000000e-01,5.000000e-01,5.000000e-01,5.000000e-01,5.000000e-01,0.000000e+00,0.000000e+00,0.000000e+00,0.000000e+00,0.000000e+00,0.000000e+00,0.000000e+00,0.000000e+00,0.000000e+00,0.000000e+00,0.000000e+00,2.969987e-01,0.000000e+00,0.000000e+00,0.000000e+00,0.000000e+00,0.000000e+00,0.000000e+00
8.970000e+01,11,5.000000e-01,5.000000e-01,5.000000e-01,5.000000e-01,5.000000e-01,5.000000e-01,5.000000e-01,5.000000e-01,5.000000e-01,5.000000e-01,5.000000e-01,3.198303e-07,5.000000e-01,5.000000e-01,5.000000e-01,5.000000e-01,5.000000e-01,5.000000e-01,0.000000e+00,0.000000e+00,0.000000e+00,0.000000e+00,0.000000e+00,0.000000e+00,0.000000e+00,0.000000e+00,0.000000e+00,0.000000e+00,0.000000e+00,2.999233e-01,0.000000e+00,0.000000e+00,0.000000e+00,0.000000e+00,0.000000e+00,0.000000e+00
8.980000e+01,11,5.000000e-01,5.000000e-01,5.000000e-01,5.000000e-01,5.000000e-01,5.000000e-01,5.000000e-01,5.000000e-01,5.000000e-01,5.000000e-01,5.000000e-01,2.464349e-09,5.000000e-01,5.000000e-01,5.000000e-01,5.000000e-01,5.000000e-01,5.000000e-01,0.000000e+00,0.000000e+00,0.000000e+00,0.000000e+00,0.000000e+00,0.000000e+00,0.000000e+00,0.000000e+00,0.000000e+00,0.000000e+00,0.000000e+00,2.999994e-01,0.000000e+00,0.000000e+00,0.000000e+00,0.000000e+00,0.000000e+00,0.000000e+00
8.990000e+01,11,5.000000e-01,5.000000e-01,5.000000e-01,5.000000e-01,5.000000e-01,5.000000e-01,5.000000e-01,5.000000e-01,5.000000e-01,5.000000e-01,5.000000e-01,4.422033e-12,5.000000e-01,5.000000e-01,5.000000e-01,5.000000e-01,5.000000e-01,5.000000e-01,0.000000e+00,0.000000e+00,0.000000e+00,0.000000e+00,0.000000e+00,0.000000e+00,0.000000e+00,0.000000e+00,0.000000e+00,0.000000e+00,0.000000e+00,3.000000e-01,0.000000e+00,0.000000e+00,0.000000e+00,0.000000e+00,0.000000e+00,0.000000e+00
9.000000e+01,11,5.000000e-01,5.000000e-01,5.000000e-01,5.000000e-01,5.000000e-01,5.000000e-01,5.000000e-01,5.000000e-01,5.000000e-01,5.000000e-01,5.000000e-01,1.468397e-15,5.000000e-01,5.000000e-01,5.000000e-01,5.000000e-01,5.000000e-01,5.000000e-01,0.000000e+00,0.000000e+00,0.000000e+00,0.000000e+00,0.000000e+00,0.000000e+00,0.000000e+00,0.000000e+00,0.000000e+00,0.000000e+00,0.000000e+00,3.000000e-01,0.000000e+00,0.000000e+00,0.000000e+00,0.000000e+00,0.000000e+00,0.000000e+00
9.010000e+01,11,5.000000e-01,5.000000e-01,5.000000e-01,5.000000e-01,5.000000e-01,5.000000e-01,5.000000e-01,5.000000e-01,5.000000e-01,5.000000e-01,5.000000e-01,2.739330e-19,5.000000e-01,5.000000e-01,5.000000e-01,5.000000e-01,5.000000e-01,5.000000e-01,0.000000e+00,0.000000e+00,0.000000e+00,0.000000e+00,0.000000e+00,0.000000e+00,0.000000e+00,0.000000e+00,0.000000e+00,0.000000e+00,0.000000e+00,3.000000e-01,0.000000e+00,0.000000e+00,0.000000e+00,0.000000e+00,0.000000e+00,0.000000e+00
9.020000e+01,11,5.000000e-01,5.000000e-01,5.000000e-01,5.000000e-01,5.000000e-01,5.000000e-01,5.000000e-01,5.000000e-01,5.000000e-01,5.000000e-01,5.000000e-01,1.843731e-23,5.000000e-01,5.000000e-01,5.000000e-01,5.000000e-01,5.000000e-01,5.000000e-01,0.000000e+00,0.000000e+00,0.000000e+00,0.000000e+00,0.000000e+00,0.000000e+00,0.000000e+00,0.000000e+00,0.000000e+00,0.000000e+00,0.000000e+00,3.000000e-01,0.000000e+00,0.000000e+00,0.000000e+00,0.000000e+00,0.000000e+00,0.000000e+00
9.030000e+01,11,5.000000e-01,5.000000e-01,5.000000e-01,5.000000e-01,5.000000e-01,5.000000e-01,5.000000e-01,5.000000e-01,5.000000e-01,5.000000e-01,5.000000e-01,7.121771e-28,5.000000e-01,5.000000e-01,5.000000e-01,5.000000e-01,5.000000e-01,5.000000e-01,0.000000e+00,0.000000e+00,0.000000e+00,0.000000e+00,0.000000e+00,0.000000e+00,0.000000e+00,0.000000e+00,0.000000e+00,0.000000e+00,0.000000e+00,3.000000e-01,0.000000e+00,0.000000e+00,0.000000e+00,0.000000e+00,0.000000e+00,0.000000e+00
9.040000e+01,11,5.000000e-01,5.000000e-01,5.000000e-01,5.000000e-01,5.000000e-01,5.000000e-01,5.000000e-01,5.000000e-01,5.000000e-01,5.000000e-01,5.000000e-01,3.168546e-32,5.000000e-01,5.000000e-01,5.000000e-01,5.000000e-01,5.000000e-01,5.000000e-01,0.000000e+00,0.000000e+00,0.000000e+00,0.000000e+00,0.000000e+00,0.000000e+00,0.000000e+00,0.000000e+00,0.000000e+00,0.000000e+00,0.000000e+00,3.000000e-01,0.000000e+00,0.000000e+00,0.000000e+00,0.000000e+00,0.000000e+00,0.000000e+00
9.050000e+01,11,5.000000e-01,5.000000e-01,5.000000e-01,5.000000e-01,5.000000e-01,5.000000e-01,5.000000e-01,5.000000e-01,5.000000e-01,5.000000e-01,5.000000e-01,3.887982e-36,5.000000e-01,5.000000e-01,5.000000e-01,5.000000e-01,5.000000e-01,5.000000e-01,0.000000e+00,0.000000e+00,0.000000e+00,0.000000e+00,0.000000e+00,0.000000e+00,0.000000e+00,0.000000e+00,0.000000e+00,0.000000e+00,0.000000e+00,3.000000e-01,0.000000e+00,0.000000e+00,0.000000e+00,0.000000e+00,0.000000e+00,0.000000e+00
9.060000e+01,11,5.000000e-01,5.000000e-01,5.000000e-01,5.000000e-01,5.000000e-01,5.000000e-01,5.000000e-01,5.000000e-01,5.000000e-01,5.000000e-01,5.000000e-01,3.331395e-39,5.000000e-01,5.000000e-01,5.000000e-01,5.000000e-01,5.000000e-01,5.000000e-01,0.000000e+00,0.000000e+00,0.000000e+00,0.000000e+00,0.000000e+00,0.000000e+00,0.000000e+00,0.000000e+00,0.000000e+00,0.000000e+00,0.000000e+00,3.000000e-01,0.000000e+00,0.000000e+00,0.000000e+00,0.000000e+00,0.000000e+00,0.000000e+00
9.070000e+01,11,5.000000e-01,5.000000e-01,5.000000e-01,5.000000e-01,5.000000e-01,5.000000e-01,5.000000e-01,5.000000e-01,5.000000e-01,5.000000e-01,5.000000e-01,4.513999e-41,5.000000e-01,5.000000e-01,5.000000e-01,5.000000e-01,5.000000e-01,5.000000e-01,0.000000e+00,0.000000e+00,0.000000e+00,0.000000e+00,0.000000e+00,0.000000e+00,0.000000e+00,0.000000e+00,0.000000e+00,0.000000e+00,0.000000e+00,3.000000e-01,0.000000e+00,0.000000e+00,0.000000e+00,0.000000e+00,0.000000e+00,0.000000e+00
9.080000e+01,11,5.000000e-01,5.000000e-01,5.000000e-01,5.000000e-01,5.000000e-01,5.000000e-01,5.000000e-01,5.000000e-01,5.000000e-01,5.000000e-01,5.000000e-01,1.650255e-41,5.000000e-01,5.000000e-01,5.000000e-01,5.000000e-01,5.000000e-01,5.000000e-01,0.000000e+00,0.000000e+00,0.000000e+00,0.000000e+00,0.000000e+00,0.000000e+00,0.000000e+00,0.000000e+00,0.000000e+00,0.000000e+00,0.000000e+00,3.000000e-01,0.000000e+00,0.000000e+00,0.000000e+00,0.000000e+00,0.000000e+00,0.000000e+00
9.090000e+01,11,5.000000e-01,5.000000e-01,5.000000e-01,5.000000e-01,5.000000e-01,5.000000e-01,5.000000e-01,5.000000e-01,5.000000e-01,5.000000e-01,5.000000e-01,1.851614e-40,5.000000e-01,5.000000e-01,5.000000e-01,5.000000e-01,5.000000e-01,5.000000e-01,0.000000e+00,0.000000e+00,0.000000e+00,0.000000e+00,0.000000e+00,0.000000e+00,0.000000e+00,0.000000e+00,0.000000e+00,0.000000e+00,0.000000e+00,3.000000e-01,0.000000e+00,0.000000e+00,0.000000e+00,0.000000e+00,0.000000e+00,0.000000e+00
9.100000e+01,11,5.000000e-01,5.000000e-01,5.000000e-01,5.000000e-01,5.000000e-01,5.000000e-01,5.000000e-01,5.000000e-01,5.000000e-01,5.000000e-01,5.000000e-01,4.690082e-38,5.000000e-01,5.000000e-01,5.000000e-01,5.000000e-01,5.000000e-01,5.000000e-01,0.000000e+00,0.000000e+00,0.000000e+00,0.000000e+00,0.000000e+00,0.000000e+00,0.000000e+00,0.000000e+00,0.000000e+00,0.000000e+00,0.000000e+00,3.000000e-01,0.000000e+00,0.000000e+00,0.000000e+00,0.000000e+00,0.000000e+00,0.000000e+00
9.110000e+01,11,5.000000e-01,5.000000e-01,5.000000e-01,5.000000e-01,5.000000e-01,5.000000e-01,5.000000e-01,5.000000e-01,5.000000e-01,5.000000e-01,5.000000e-01,1.371089e-34,5.000000e-01,5.000000e-01,5.000000e-01,5.000000e-01,5.000000e-01,5.000000e-01,0.000000e+00,0.000000e+00,0.000000e+00,0.000000e+00,0.000000e+00,0.000000e+00,0.000000e+00,0.000000e+00,0.000000e+00,0.000000e+00,0.000000e+00,3.000000e-01,0.000000e+00,0.000000e+00,0.000000e+00,0.000000e+00,0.000000e+00,0.000000e+00
9.120000e+01,11,5.000000e-01,5.000000e-01,5.000000e-01,5.000000e-01,5.000000e-01,5.000000e-01,5.000000e-01,5.000000e-01,5.000000e-01,5.000000e-01,5.000000e-01,1.908062e-30,5.000000e-01,5.000000e-01,5.000000e-01,5.000000e-01,5.000000e-01,5.000000e-01,0.000000e+00,0.000000e+00,0.000000e+00,0.000000e+00,0.000000e+00,0.000000e+00,0.000000e+00,0.000000e+00,0.000000e+00,0.000000e+00,0.000000e+00,3.000000e-01,0.000000e+00,0.000000e+00,0.000000e+00,0.000000e+00,0.000000e+00,0.000000e+00
9.130000e+01,11,5.000000e-01,5.000000e-01,5.000000e-01,5.000000e-01,5.000000e-01,5.000000e-01,5.000000e-01,5.000000e-01,5.000000e-01,5.000000e-01,5.000000e-01,5.016653e-26,5.000000e-01,5.000000e-01,5.000000e-01,5.000000e-01,5.000000e-01,5.000000e-01,0.000000e+00,0.000000e+00,0.000000e+00,0.000000e+00,0.000000e+00,0.000000e+00,0.000000e+00,0.000000e+00,0.000000e+00,0.000000e+00,0.000000e+00,3.000000e-01,0.000000e+00,0.000000e+00,0.000000e+00,0.000000e+00,0.000000e+00,0.000000e+00
9.140000e+01,11,5.000000e-01,5.000000e-01,5.000000e-01,5.000000e-01,5.000000e-01,5.000000e-01,5.000000e-01,5.000000e-01,5.000000e-01,5.000000e-01,5.000000e-01,1.107653e-21,5.000000e-01,5.000000e-01,5.000000e-01,5.000000e-01,5.000000e-01,5.000000e-01,0.000000e+00,0.000000e+00,0.000000e+00,0.000000e+00,0.000000e+00,0.000000e+00,0.000000e+00,0.000000e+00,0.000000e+00,0.000000e+00,0.000000e+00,3.000000e-01,0.000000e+00,0.000000e+00,0.000000e+00,0.000000e+00,0.000000e+00,0.000000e+00
9.150000e+01,11,5.000000e-01,5.000000e-01,5.000000e-01,5.000000e-01,5.000000e-01,5.000000e-01,5.000000e-01,5.000000e-01,5.000000e-01,5.000000e-01,5.000000e-01,1.123788e-17,5.000000e-01,5.000000e-01,5.000000e-01,5.000000e-01,5.000000e-01,5.000000e-01,0.000000e+00,0.000000e+00,0.000000e+00,0.000000e+00,0.000000e+00,0.000000e+00,0.000000e+00,0.000000e+00,0.000000e+00,0.000000e+00,0.000000e+00,3.000000e-01,0.000000e+00,0.000000e+00,0.000000e+00,0.000000e+00,0.000000e+00,0.000000e+00
9.160000e+01,11,5.000000e-01,5.000000e-01,5.000000e-01,5.000000e-01,5.000000e-01,5.000000e-01,5.000000e-01,5.000000e-01,5.000000e-01,5.000000e-01,5.000000e-01,7.165468e-22,5.000000e-01,5.000000e-01,5.000000e-01,5.000000e-01,5.000000e-01,5.000000e-01,0.000000e+00,0.000000e+00,0.000000e+00,0.000000e+00,0.000000e+00,0.000000e+00,0.000000e+00,0.000000e+00,0.000000e+00,0.000000e+00,0.000000e+00,3.000000e-01,0.000000e+00,0.000000e+00,0.000000e+00,0.000000e+00,0.000000e+00,0.000000e+00
9.170000e+01,11,5.000000e-01,5.000000e-01,5.000000e-01,5.000000e-01,5.000000e-01,5.000000e-01,5.000000e-01,5.000000e-01,5.000000e-01,5.000000e-01,5.000000e-01,1.669984e-26,5.000000e-01,5.000000e-01,5.000000e-01,5.000000e-01,5.000000e-01,5.000000e-01,0.000000e+00,0.000000e+00,0.000000e+00,0.000000e+00,0.000000e+00,0.000000e+00,0.000000e+00,0.000000e+00,0.000000e+00,0.000000e+00,0.000000e+00,3.000000e-01,0.000000e+00,0.000000e+00,0.000000e+00,0.000000e+00,0.000000e+00,0.000000e+00
9.180000e+01,11,5.000000e-01,5.000000e-01,5.000000e-01,5.000000e-01,5.000000e-01,5.000000e-01,5.000000e-01,5.000000e-01,5.000000e-01,5.000000e-01,5.000000e-01,2.546505e-31,5.000000e-01,5.000000e-01,5.000000e-01,5.000000e-01,5.000000e-01,5.000000e-01,0.000000e+00,0.000000e+00,0.000000e+00,0.000000e+00,0.000000e+00,0.000000e+00,0.000000e+00,0.000000e+00,0.000000e+00,0.000000e+00,0.000000e+00,3.000000e-01,0.000000e+00,0.000000e+00,0.000000e+00,0.000000e+00,0.000000e+00,0.000000e+00
9.190000e+01,11,5.000000e-01,5.000000e-01,5.000000e-01,5.000000e-01,5.000000e-01,5.000000e-01,5.000000e-01,5.000000e-01,5.000000e-01,5.000000e-01,5.000000e-01,5.825682e-36,5.000000e-01,5.000000e-01,5.000000e-01,5.000000e-01,5.000000e-01,5.000000e-01,0.000000e+00,0.000000e+00,0.000000e+00,0.000000e+00,0.000000e+00,0.000000e+00,0.000000e+00,0.000000e+00,0.000000e+00,0.000000e+00,0.000000e+00,3.000000e-01,0.000000e+00,0.000000e+00,0.000000e+00,0.000000e+00,0.000000e+00,0.000000e+00
9.200000e+01,11,5.000000e-01,5.000000e-01,5.000000e-01,5.000000e-01,5.000000e-01,5.000000e-01,5.000000e-01,5.000000e-01,5.000000e-01,5.000000e-01,5.000000e-01,5.407223e-40,5.000000e-01,5.000000e-01,5.000000e-01,5.000000e-01,5.000000e-01,5.000000e-01,0.000000e+00,0.000000e+00,0.000000e+00,0.000000e+00,0.000000e+00,0.000000e+00,0.000000e+00,0.000000e+00,0.000000e+00,0.000000e+00,0.000000e+00,3.000000e-01,0.000000e+00,0.000000e+00,0.000000e+00,0.000000e+00,0.000000e+00,0.000000e+00
9.210000e+01,11,5.000000e-01,5.000000e-01,5.000000e-01,5.000000e-01,5.000000e-01,5.000000e-01,5.000000e-01,5.000000e-01,5.000000e-01,5.000000e-01,5.000000e-01,5.575736e-43,5.000000e-01,5.000000e-01,5.000000e-01,5.000000e-01,5.000000e-01,5.000000e-01,0.000000e+00,0.000000e+00,0.000000e+00,0.000000e+00,0.000000e+00,0.000000e+00,0.000000e+00,0.000000e+00,0.000000e+00,0.000000e+00,0.000000e+00,3.000000e-01,0.000000e+00,0.000000e+00,0.000000e+00,0.000000e+00,0.000000e+00,0.000000e+00
9.220000e+01,11,5.000000e-01,5.000000e-01,5.000000e-01,5.000000e-01,5.000000e-01,5.000000e-01,5.000000e-01,5.000000e-01,5.000000e-01,5.000000e-01,5.000000e-01,1.459364e-44,5.000000e-01,5.000000e-01,5.000000e-01,5.000000e-01,5.000000e-01,5.000000e-01,0.000000e+00,0.000000e+00,0.000000e+00,0.000000e+00,0.000000e+00,0.000000e+00,0.000000e+00,0.000000e+00,0.000000e+00,0.000000e+00,0.000000e+00,3.000000e-01,0.000000e+00,0.000000e+00,0.000000e+00,0.000000e+00,0.000000e+00,0.000000e+00
9.230000e+01,11,5.000000e-01,5.000000e-01,5.000000e-01,5.000000e-01,5.000000e-01,5.000000e-01,5.000000e-01,5.000000e-01,5.000000e-01,5.000000e-01,5.000000e-01,1.542115e-44,5.000000e-01,5.000000e-01,5.000000e-01,5.000000e-01,5.000000e-01,5.000000e-01,0.000000e+00,0.000000e+00,0.000000e+00,0.000000e+00,0.000000e+00,0.000000e+00,0.000000e+00,0.000000e+00,0.000000e+00,0.000000e+00,0.000000e+00,3.000000e-01,0.000000e+00,0.000000e+00,0.000000e+00,0.000000e+00,0.000000e+00,0.000000e+00
9.240000e+01,11,5.000000e-01,5.000000e-01,5.000000e-01,5.000000e-01,5.000000e-01,5.000000e-01,5.000000e-01,5.000000e-01,5.000000e-01,5.000000e-01,5.000000e-01,6.532088e-43,5.000000e-01,5.000000e-01,5.000000e-01,5.000000e-01,5.000000e-01,5.000000e-01,0.000000e+00,0.000000e+00,0.000000e+00,0.000000e+00,0.000000e+00,0.000000e+00,0.000000e+00,0.000000e+00,0.000000e+00,0.000000e+00,0.000000e+00,3.000000e-01,0.000000e+00,0.000000e+00,0.000000e+00,0.000000e+00,0.000000e+00,0.000000e+00
9.250000e+01,11,5.000000e-01,5.000000e-01,5.000000e-01,5.000000e-01,5.000000e-01,5.000000e-01,5.000000e-01,5.000000e-01,5.000000e-01,5.000000e-01,5.000000e-01,6.885569e-40,5.000000e-01,5.000000e-01,5.000000e-01,5.000000e-01,5.000000e-01,5.000000e-01,0.000000e+00,0.000000e+00,0.000000e+00,0.000000e+00,0.000000e+00,0.000000e+00,0.000000e+00,0.000000e+00,0.000000e+00,0.000000e+00,0.000000e+00,3.000000e-01,0.000000e+00,0.000000e+00,0.000000e+00,0.000000e+00,0.000000e+00,0.000000e+00
9.260000e+01,11,5.000000e-01,5.000000e-01,5.000000e-01,5.000000e-01,5.000000e-01,5.000000e-01,5.000000e-01,5.000000e-01,5.000000e-01,5.000000e-01,5.000000e-01,7.842319e-36,5.000000e-01,5.000000e-01,5.000000e-01,5.000000e-01,5.000000e-01,5.000000e-01,0.000000e+00,0.000000e+00,0.000000e+00,0.000000e+00,0.000000e+00,0.000000e+00,0.000000e+00,0.000000e+00,0.000000e+00,0.000000e+00,0.000000e+00,3.000000e-01,0.000000e+00,0.000000e+00,0.000000e+00,0.000000e+00,0.000000e+00,0.000000e+00
9.270000e+01,11,5.000000e-01,5.000000e-01,5.000000e-01,5.000000e-01,5.000000e-01,5.000000e-01,5.000000e-01,5.000000e-01,5.000000e-01,5.000000e-01,5.000000e-01,3.516383e-31,5.000000e-01,5.000000e-01,5.000000e-01,5.000000e-01,5.000000e-01,5.000000e-01,0.000000e+00,0.000000e+00,0.000000e+00,0.000000e+00,0.000000e+00,0.000000e+00,0.000000e+00,0.000000e+00,0.000000e+00,0.000000e+00,0.000000e+00,3.000000e-01,0.000000e+00,0.000000e+00,0.000000e+00,0.000000e+00,0.000000e+00,0.000000e+00
9.280000e+01,11,5.000000e-01,5.000000e-01,5.000000e-01,5.000000e-01,5.000000e-01,5.000000e-01,5.000000e-01,5.000000e-01,5.000000e-01,5.000000e-01,5.000000e-01,2.302096e-26,5.000000e-01,5.000000e-01,5.000000e-01,5.000000e-01,5.000000e-01,5.000000e-01,0.000000e+00,0.000000e+00,0.000000e+00,0.000000e+00,0.000000e+00,0.000000e+00,0.000000e+00,0.000000e+00,0.000000e+00,0.000000e+00,0.000000e+00,3.000000e-01,0.000000e+00,0.000000e+00,0.000000e+00,0.000000e+00,0.000000e+00,0.000000e+00
9.290000e+01,11,5.000000e-01,5.000000e-01,5.000000e-01,5.000000e-01,5.000000e-01,5.000000e-01,5.000000e-01,5.000000e-01,5.000000e-01,5.000000e-01,5.000000e-01,9.658549e-22,5.000000e-01,5.000000e-01,5.000000e-01,5.000000e-01,5.000000e-01,5.000000e-01,0.000000e+00,0.000000e+00,0.000000e+00,0.000000e+00,0.000000e+00,0.000000e+00,0.000000e+00,0.000000e+00,0.000000e+00,0.000000e+00,0.000000e+00,3.000000e-01,0.000000e+00,0.000000e+00,0.000000e+00,0.000000e+00,0.000000e+00,0.000000e+00
9.300000e+01,11,5.000000e-01,5.000000e-01,5.000000e-01,5.000000e-01,5.000000e-01,5.000000e-01,5.000000e-01,5.000000e-01,5.000000e-01,5.000000e-01,5.000000e-01,1.462042e-17,5.000000e-01,5.000000e-01,5.000000e-01,5.000000e-01,5.000000e-01,5.000000e-01,0.000000e+00,0.000000e+00,0.000000e+00,0.000000e+00,0.000000e+00,0.000000e+00,0.000000e+00,0.000000e+00,0.000000e+00,0.000000e+00,0.000000e+00,3.000000e-01,0.000000e+00,0.000000e+00,0.000000e+00,0.000000e+00,0.000000e+00,0.000000e+00
9.310000e+01,11,5.000000e-01,5.000000e-01,5.000000e-01,5.000000e-01,5.000000e-01,5.000000e-01,5.000000e-01,5.000000e-01,5.000000e-01,5.000000e-01,5.000000e-01,1.174261e-18,5.000000e-01,5.000000e-01,5.000000e-01,5.000000e-01,5.000000e-01,5.000000e-01,0.000000e+00,0.000000e+00,0.000000e+00,0.000000e+00,0.000000e+00,0.000000e+00,0.000000e+00,0.000000e+00,0.000000e+00,0.000000e+00,0.000000e+00,3.000000e-01,0.000000e+00,0.000000e+00,0.000000e+00,0.000000e+00,0.000000e+00,0.000000e+00
9.320000e+01,11,5.000000e-01,5.000000e-01,5.000000e-01,5.000000e-01,5.000000e-01,5.000000e-01,5.000000e-01,5.000000e-01,5.000000e-01,5.000000e-01,5.000000e-01,3.030031e-19,5.000000e-01,5.000000e-01,5.000000e-01,5.000000e-01,5.000000e-01,5.000000e-01,0.000000e+00,0.000000e+00,0.000000e+00,0.000000e+00,0.000000e+00,0.000000e+00,0.000000e+00,0.000000e+00,0.000000e+00,0.000000e+00,0.000000e+00,3.000000e-01,0.000000e+00,0.000000e+00,0.000000e+00,0.000000e+00,0.000000e+00,0.000000e+00
9.330000e+01,11,5.000000e-01,5.000000e-01,5.000000e-01,5.000000e-01,5.000000e-01,5.000000e-01,5.000000e-01,5.000000e-01,5.000000e-01,5.000000e-01,5.000000e-01,2.918081e-19,5.000000e-01,5.000000e-01,5.000000e-01,5.000000e-01,5.000000e-01,5.000000e-01,0.000000e+00,0.000000e+00,0.000000e+00,0.000000e+00,0.000000e+00,0.000000e+00,0.000000e+00,0.000000e+00,0.000000e+00,0.000000e+00,0.000000e+00,3.000000e-01,0.000000e+00,0.000000e+00,0.000000e+00,0.000000e+00,0.000000e+00,0.000000e+00
9.340000e+01,11,5.000000e-01,5.000000e-01,5.000000e-01,5.000000e-01,5.000000e-01,5.000000e-01,5.000000e-01,5.000000e-01,5.000000e-01,5.000000e-01,5.000000e-01,1.053312e-18,5.000000e-01,5.000000e-01,5.000000e-01,5.000000e-01,5.000000e-01,5.000000e-01,0.000000e+00,0.000000e+00,0.000000e+00,0.000000e+00,0.000000e+00,0.000000e+00,0.000000e+00,0.000000e+00,0.000000e+00,0.000000e+00,0.000000e+00,3.000000e-01,0.000000e+00,0.000000e+00,0.000000e+00,0.000000e+00,0.000000e+00,0.000000e+00
9.350000e+01,11,5.000000e-01,5.000000e-01,5.000000e-01,5.000000e-01,5.000000e-01,5.000000e-01,5.000000e-01,5.000000e-01,5.000000e-01,5.000000e-01,5.000000e-01,1.236039e-17,5.000000e-01,5.000000e-01,5.000000e-01,5.000000e-01,5.000000e-01,5.000000e-01,0.000000e+00,0.000000e+00,0.000000e+00,0.000000e+00,0.000000e+00,0.000000e+00,0.000000e+00,0.000000e+00,0.000000e+00,0.000000e+00,0.000000e+00,3.000000e-01,0.000000e+00,0.000000e+00,0.000000e+00,0.000000e+00,0.000000e+00,0.000000e+00
9.360000e+01,11,5.000000e-01,5.000000e-01,5.000000e-01,5.000000e-01,5.000000e-01,5.000000e-01,5.000000e-01,5.000000e-01,5.000000e-01,5.000000e-01,5.000000e-01,3.637839e-16,5.000000e-01,5.000000e-01,5.000000e-01,5.000000e-01,5.000000e-01,5.000000e-01,0.000000e+00,0.000000e+00,0.000000e+00,0.000000e+00,0.000000e+00,0.000000e+00,0.000000e+00,0.000000e+00,0.000000e+00,0.000000e+00,0.000000e+00,3.000000e-01,0.000000e+00,0.000000e+00,0.000000e+00,0.000000e+00,0.000000e+00,0.000000e+00
9.370000e+01,11,5.000000e-01,5.000000e-01,5.000000e-01,5.000000e-01,5.000000e-01,5.000000e-01,5.000000e-01,5.000000e-01,5.000000e-01,5.000000e-01,5.000000e-01,1.937784e-14,5.000000e-01,5.000000e-01,5.000000e-01,5.000000e-01,5.000000e-01,5.000000e-01,0.000000e+00,0.000000e+00,0.000000e+00,0.000000e+00,0.000000e+00,0.000000e+00,0.000000e+00,0.000000e+00,0.000000e+00,0.000000e+00,0.000000e+00,3.000000e-01,0.000000e+00,0.000000e+00,0.000000e+00,0.000000e+00,0.000000e+00,0.000000e+00
9.380000e+01,11,5.000000e-01,5.000000e-01,5.000000e-01,5.000000e-01,5.000000e-01,5.000000e-01,5.000000e-01,5.000000e-01,5.000000e-01,5.000000e-01,5.000000e-01,1.334518e-12,5.000000e-01,5.000000e-01,5.000000e-01,5.000000e-01,5.000000e-01,5.000000e-01,0.000000e+00,0.000000e+00,0.000000e+00,0.000000e+00,0.000000e+00,0.000000e+00,0.000000e+00,0.000000e+00,0.000000e+00,0.000000e+00,0.000000e+00,3.000000e-01,0.000000e+00,0.000000e+00,0.000000e+00,0.000000e+00,0.000000e+00,0.000000e+00
9.390000e+01,11,5.000000e-01,5.000000e-01,5.000000e-01,5.000000e-01,5.000000e-01,5.000000e-01,5.000000e-01,5.000000e-01,5.000000e-01,5.000000e-01,5.000000e-01,8.819989e-11,5.000000e-01,5.000000e-01,5.000000e-01,5.000000e-01,5.000000e-01,5.000000e-01,0.000000e+00,0.000000e+00,0.000000e+00,0.000000e+00,0.000000e+00,0.000000e+00,0.000000e+00,0.000000e+00,0.000000e+00,0.000000e+00,0.000000e+00,3.000000e-01,0.000000e+00,0.000000e+00,0.000000e+00,0.000000e+00,0.000000e+00,0.000000e+00
9.400000e+01,11,5.000000e-01,5.000000e-01,5.000000e-01,5.000000e-01,5.000000e-01,5.000000e-01,5.000000e-01,5.000000e-01,5.000000e-01,5.000000e-01,5.000000e-01,4.451297e-09,5.000000e-01,5.000000e-01,5.000000e-01,5.000000e-01,5.000000e-01,5.000000e-01,0.000000e+00,0.000000e+00,0.000000e+00,0.000000e+00,0.000000e+00,0.000000e+00,0.000000e+00,0.000000e+00,0.000000e+00,0.000000e+00,0.000000e+00,2.999989e-01,0.000000e+00,0.000000e+00,0.000000e+00,0.000000e+00,0.000000e+00,0.000000e+00
9.410000e+01,11,5.000000e-01,5.000000e-01,5.000000e-01,5.000000e-01,5.000000e-01,5.000000e-01,5.000000e-01,5.000000e-01,5.000000e-01,5.000000e-01,5.000000e-01,1.480009e-07,5.000000e-01,5.000000e-01,5.000000e-01,5.000000e-01,5.000000e-01,5.000000e-01,0.000000e+00,0.000000e+00,0.000000e+00,0.000000e+00,0.000000e+00,0.000000e+00,0.000000e+00,0.000000e+00,0.000000e+00,0.000000e+00,0.000000e+00,2.999645e-01,0.000000e+00,0.000000e+00,0.000000e+00,0.000000e+00,0.000000e+00,0.000000e+00
9.420000e+01,11,5.000000e-01,5.000000e-01,5.000000e-01,5.000000e-01,5.000000e-01,5.000000e-01,5.000000e-01,5.000000e-01,5.000000e-01,5.000000e-01,5.000000e-01,3.017560e-06,5.000000e-01,5.000000e-01,5.000000e-01,5.000000e-01,5.000000e-01,5.000000e-01,0.000000e+00,0.000000e+00,0.000000e+00,0.000000e+00,0.000000e+00,0.000000e+00,0.000000e+00,0.000000e+00,0.000000e+00,0.000000e+00,0.000000e+00,2.992767e-01,0.000000e+00,0.000000e+00,0.000000e+00,0.000000e+00,0.000000e+00,0.000000e+00
9.430000e+01,11,5.000000e-01,5.000000e-01,5.000000e-01,5.000000e-01,5.000000e-01,5.000000e-01,5.000000e-01,5.000000e-01,5.000000e-01,5.000000e-01,5.000000e-01,3.731743e-05,5.000000e-01,5.000000e-01,5.000000e-01,5.000000e-01,5.000000e-01,5.000000e-01,0.000000e+00,0.000000e+00,0.000000e+00,0.000000e+00,0.000000e+00,0.000000e+00,0.000000e+00,0.000000e+00,0.000000e+00,0.000000e+00,0.000000e+00,2.911760e-01,0.000000e+00,0.000000e+00,0.000000e+00,0.000000e+00,0.000000e+00,0.000000e+00
9.440000e+01,11,5.000000e-01,5.000000e-01,5.000000e-01,5.000000e-01,5.000000e-01,5.000000e-01,5.000000e-01,5.000000e-01,5.000000e-01,5.000000e-01,5.000000e-01,2.887107e-04,5.000000e-01,5.000000e-01,5.000000e-01,5.000000e-01,5.000000e-01,5.000000e-01,0.000000e+00,0.000000e+00,0.000000e+00,0.000000e+00,0.000000e+00,0.000000e+00,0.000000e+00,0.000000e+00,0.000000e+00,0.000000e+00,0.000000e+00,2.381214e-01,0.000000e+00,0.000000e+00,0.000000e+00,0.000000e+00,0.000000e+00,0.000000e+00
9.450000e+01,11,5.000000e-01,5.000000e-01,5.000000e-01,5.000000e-01,5.000000e-01,5.000000e-01,5.000000e-01,5.000000e-01,5.000000e-01,5.000000e-01,5.000000e-01,1.476174e-03,5.000000e-01,5.000000e-01,5.000000e-01,5.000000e-01,5.000000e-01,5.000000e-01,0.000000e+00,0.000000e+00,0.000000e+00,0.000000e+00,0.000000e+00,0.000000e+00,0.000000e+00,0.000000e+00,0.000000e+00,0.000000e+00,0.000000e+00,9.201678e-02,0.000000e+00,0.000000e+00,0.000000e+00,0.000000e+00,0.000000e+00,0.000000e+00
9.460000e+01,11,5.000000e-01,5.000000e-01,5.000000e-01,5.000000e-01,5.000000e-01,5.000000e-01,5.000000e-01,5.000000e-01,5.000000e-01,5.000000e-01,5.000000e-01,1.296633e-03,5.000000e-01,5.000000e-01,5.000000e-01,5.000000e-01,5.000000e-01,5.000000e-01,0.000000e+00,0.000000e+00,0.000000e+00,0.000000e+00,0.000000e+00,0.000000e+00,0.000000e+00,0.000000e+00,0.000000e+00,0.000000e+00,0.000000e+00,1.062508e-01,0.000000e+00,0.000000e+00,0.000000e+00,0.000000e+00,0.000000e+00,0.000000e+00
9.470000e+01,11,5.000000e-01,5.000000e-01,5.000000e-01,5.000000e-01,5.000000e-01,5.000000e-01,5.000000e-01,5.000000e-01,5.000000e-01,5.000000e-01,5.000000e-01,1.280825e-03,5.000000e-01,5.000000e-01,5.000000e-01,5.000000e-01,5.000000e-01,5.000000e-01,0.000000e+00,0.000000e+00,0.000000e+00,0.000000e+00,0.000000e+00,0.000000e+00,0.000000e+00,0.000000e+00,0.000000e+00,0.000000e+00,0.000000e+00,1.076048e-01,0.000000e+00,0.000000e+00,0.000000e+00,0.000000e+00,0.000000e+00,0.000000e+00
9.480000e+01,11,5.000000e-01,5.000000e-01,5.000000e-01,5.000000e-01,5.000000e-01,5.000000e-01,5.000000e-01,5.000000e-01,5.000000e-01,5.000000e-01,5.000000e-01,1.424178e-03,5.000000e-01,5.000000e-01,5.000000e-01,5.000000e-01,5.000000e-01,5.000000e-01,0.000000e+00,0.000000e+00,0.000000e+00,0.000000e+00,0.000000e+00,0.000000e+00,0.000000e+00,0.000000e+00,0.000000e+00,0.000000e+00,0.000000e+00,9.593091e-02,0.000000e+00,0.000000e+00,0.000000e+00,0.000000e+00,0.000000e+00,0.000000e+00
9.490000e+01,11,5.000000e-01,5.000000e-01,5.000000e-01,5.000000e-01,5.000000e-01,5.000000e-01,5.000000e-01,5.000000e-01,5.000000e-01,5.000000e-01,5.000000e-01,1.768242e-03,5.000000e-01,5.000000e-01,5.000000e-01,5.000000e-01,5.000000e-01,5.000000e-01,0.000000e+00,0.000000e+00,0.000000e+00,0.000000e+00,0.000000e+00,0.000000e+00,0.000000e+00,0.000000e+00,0.000000e+00,0.000000e+00,0.000000e+00,7.281606e-02,0.000000e+00,0.000000e+00,0.000000e+00,0.000000e+00,0.000000e+00,0.000000e+00
9.500000e+01,11,5.000000e-01,5.000000e-01,5.000000e-01,5.000000e-01,5.000000e-01,5.000000e-01,5.000000e-01,5.000000e-01,5.000000e-01,5.000000e-01,5.000000e-01,2.412875e-03,5.000000e-01,5.000000e-01,5.000000e-01,5.000000e-01,5.000000e-01,5.000000e-01,0.000000e+00,0.000000e+00,0.000000e+00,0.000000e+00,0.000000e+00,0.000000e+00,0.000000e+00,0.000000e+00,0.000000e+00,0.000000e+00,0.000000e+00,4.342998e-02,0.000000e+00,0.000000e+00,0.000000e+00,0.000000e+00,0.000000e+00,0.000000e+00
9.510000e+01,11,5.000000e-01,5.000000e-01,5.000000e-01,5.000000e-01,5.000000e-01,5.000000e-01,5.000000e-01,5.000000e-01,5.000000e-01,5.000000e-01,5.000000e-01,3.541947e-03,5.000000e-01,5.000000e-01,5.000000e-01,5.000000e-01,5.000000e-01,5.000000e-01,0.000000e+00,0.000000e+00,0.000000e+00,0.000000e+00,0.000000e+00,0.000000e+00,0.000000e+00,0.000000e+00,0.000000e+00,0.000000e+00,0.000000e+00,1.755247e-02,0.000000e+00,0.000000e+00,0.000000e+00,0.000000e+00,0.000000e+00,0.000000e+00
9.520000e+01,11,5.000000e-01,5.000000e-01,5.000000e-01,5.000000e-01,5.000000e-01,5.000000e-01,5.000000e-01,5.000000e-01,5.000000e-01,5.000000e-01,5.000000e-01,5.459710e-03,5.000000e-01,5.000000e-01,5.000000e-01,5.000000e-01,5.000000e-01,5.000000e-01,0.000000e+00,0.000000e+00,0.000000e+00,0.000000e+00,0.000000e+00,0.000000e+00,0.000000e+00,0.000000e+00,0.000000e+00,0.000000e+00,0.000000e+00,3.758602e-03,0.000000e+00,0.000000e+00,0.000000e+00,0.000000e+00,0.000000e+00,0.000000e+00
9.530000e+01,11,5.000000e-01,5.000000e-01,5.000000e-01,5.000000e-01,5.000000e-01,5.000000e-01,5.000000e-01,5.000000e-01,5.000000e-01,5.000000e-01,5.000000e-01,8.626844e-03,5.000000e-01,5.000000e-01,5.000000e-01,5.000000e-01,5.000000e-01,5.000000e-01,0.000000e+00,0.000000e+00,0.000000e+00,0.000000e+00,0.000000e+00,0.000000e+00,0.000000e+00,0.000000e+00,0.000000e+00,0.000000e+00,0.000000e+00,2.929849e-04,0.000000e+00,0.000000e+00,0.000000e+00,0.000000e+00,0.000000e+00,0.000000e+00
9.540000e+01,11,5.000000e-01,5.000000e-01,5.000000e-01,5.000000e-01,5.000000e-01,5.000000e-01,5.000000e-01,5.000000e-01,5.000000e-01,5.000000e-01,5.000000e-01,1.367305e-02,5.000000e-01,5.000000e-01,5.000000e-01,5.000000e-01,5.000000e-01,5.000000e-01,0.000000e+00,0.000000e+00,0.000000e+00,0.000000e+00,0.000000e+00,0.000000e+00,0.000000e+00,0.000000e+00,0.000000e+00,0.000000e+00,0.000000e+00,4.941302e-06,0.000000e+00,0.000000e+00,0.000000e+00,0.000000e+00,0.000000e+00,0.000000e+00
9.550000e+01,11,5.000000e-01,5.000000e-01,5.000000e-01,5.000000e-01,5.000000e-01,5.000000e-01,5.000000e-01,5.000000e-01,5.000000e-01,5.000000e-01,5.000000e-01,2.135538e-02,5.000000e-01,5.000000e-01,5.000000e-01,5.000000e-01,5.000000e-01,5.000000e-01,0.000000e+00,0.000000e+00,0.000000e+00,0.000000e+00,0.000000e+00,0.000000e+00,0.000000e+00,0.000000e+00,0.000000e+00,0.000000e+00,0.000000e+00,9.487047e-09,0.000000e+00,0.000000e+00,0.000000e+00,0.000000e+00,0.000000e+00,0.000000e+00
9.560000e+01,11,5.000000e-01,5.000000e-01,5.000000e-01,5.000000e-01,5.000000e-01,5.000000e-01,5.000000e-01,5.000000e-01,5.000000e-01,5.000000e-01,5.000000e-01,3.244214e-02,5.000000e-01,5.000000e-01,5.000000e-01,5.000000e-01,5.000000e-01,5.000000e-01,0.000000e+00,0.000000e+00,0.000000e+00,0.000000e+00,0.000000e+00,0.000000e+00,0.000000e+00,0.000000e+00,0.000000e+00,0.000000e+00,0.000000e+00,1.043932e-12,0.000000e+00,0.000000e+00,0.000000e+00,0.000000e+00,0.000000e+00,0.000000e+00
9.570000e+01,11,5.000000e-01,5.000000e-01,5.000000e-01,5.000000e-01,5.000000e-01,5.000000e-01,5.000000e-01,5.000000e-01,5.000000e-01,5.000000e-01,5.000000e-01,4.753677e-02,5.000000e-01,5.000000e-01,5.000000e-01,5.000000e-01,5.000000e-01,5.000000e-01,0.000000e+00,0.000000e+00,0.000000e+00,0.000000e+00,0.000000e+00,0.000000e+00,0.000000e+00,0.000000e+00,0.000000e+00,0.000000e+00,0.000000e+00,0.000000e+00,0.000000e+00,0.000000e+00,0.000000e+00,0.000000e+00,0.000000e+00,0.000000e+00
9.580000e+01,-1,5.000000e-01,5.000000e-01,5.000000e-01,5.000000e-01,5.000000e-01,5.000000e-01,5.000000e-01,5.000000e-01,5.000000e-01,5.000000e-01,5.000000e-01,5.000000e-01,5.000000e-01,5.000000e-01,5.000000e-01,5.000000e-01,5.000000e-01,5.000000e-01,0.000000e+00,0.000000e+00,0.000000e+00,0.000000e+00,0.000000e+00,0.000000e+00,0.000000e+00,0.000000e+00,0.000000e+00,0.000000e+00,0.000000e+00,0.000000e+00,0.000000e+00,0.000000e+00,0.000000e+00,0.000000e+00,0.000000e+00,0.000000e+00
9.590000e+01,-1,5.000000e-01,5.000000e-01,5.000000e-01,5.000000e-01,5.000000e-01,5.000000e-01,5.000000e-01,5.000000e-01,5.000000e-01,5.000000e-01,5.000000e-01,5.000000e-01,5.000000e-01,5.000000e-01,5.000000e-01,5.000000e-01,5.000000e-01,5.000000e-01,0.000000e+00,0.000000e+00,0.000000e+00,0.000000e+00,0.000000e+00,0.000000e+00,0.000000e+00,0.000000e+00,0.000000e+00,0.000000e+00,0.000000e+00,0.000000e+00,0.000000e+00,0.000000e+00,0.000000e+00,0.000000e+00,0.000000e+00,0.000000e+00
9.600000e+01,-1,5.000000e-01,5.000000e-01,5.000000e-01,5.000000e-01,5.000000e-01,5.000000e-01,5.000000e-01,5.000000e-01,5.000000e-01,5.000000e-01,5.000000e-01,5.000000e-01,5.000000e-01,5.000000e-01,5.000000e-01,5.000000e-01,5.000000e-01,5.000000e-01,0.000000e+00,0.000000e+00,0.000000e+00,0.000000e+00,0.000000e+00,0.000000e+00,0.000000e+00,0.000000e+00,0.000000e+00,0.000000e+00,0.000000e+00,0.000000e+00,0.000000e+00,0.000000e+00,0.000000e+00,0.000000e+00,0.000000e+00,0.000000e+00
9.610000e+01,-1,5.000000e-01,5.000000e-01,5.000000e-01,5.000000e-01,5.000000e-01,5.000000e-01,5.000000e-01,5.000000e-01,5.000000e-01,5.000000e-01,5.000000e-01,5.000000e-01,5.000000e-01,5.000000e-01,5.000000e-01,5.000000e-01,5.000000e-01,5.000000e-01,0.000000e+00,0.000000e+00,0.000000e+00,0.000000e+00,0.000000e+00,0.000000e+00,0.000000e+00,0.000000e+00,0.000000e+00,0.000000e+00,0.000000e+00,0.000000e+00,0.000000e+00,0.000000e+00,0.000000e+00,0.000000e+00,0.000000e+00,0.000000e+00
9.620000e+01,-1,5.000000e-01,5.000000e-01,5.000000e-01,5.000000e-01,5.000000e-01,5.000000e-01,5.000000e-01,5.000000e-01,5.000000e-01,5.000000e-01,5.000000e-01,5.000000e-01,5.000000e-01,5.000000e-01,5.000000e-01,5.000000e-01,5.000000e-01,5.000000e-01,0.000000e+00,0.000000e+00,0.000000e+00,0.000000e+00,0.000000e+00,0.000000e+00,0.000000e+00,0.000000e+00,0.000000e+00,0.000000e+00,0.000000e+00,0.000000e+00,0.000000e+00,0.000000e+00,0.000000e+00,0.000000e+00,0.000000e+00,0.000000e+00
9.630000e+01,11,5.000000e-01,5.000000e-01,5.000000e-01,5.000000e-01,5.000000e-01,5.000000e-01,5.000000e-01,5.000000e-01,5.000000e-01,5.000000e-01,5.000000e-01,2.636064e-02,5.000000e-01,5.000000e-01,5.000000e-01,5.000000e-01,5.000000e-01,5.000000e-01,0.000000e+00,0.000000e+00,0.000000e+00,0.000000e+00,0.000000e+00,0.000000e+00,0.000000e+00,0.000000e+00,0.000000e+00,0.000000e+00,0.000000e+00,1.568981e-10,0.000000e+00,0.000000e+00,0.000000e+00,0.000000e+00,0.000000e+00,0.000000e+00
9.640000e+01,11,5.000000e-01,5.000000e-01,5.000000e-01,5.000000e-01,5.000000e-01,5.000000e-01,5.000000e-01,5.000000e-01,5.000000e-01,5.000000e-01,5.000000e-01,1.161260e-02,5.000000e-01,5.000000e-01,5.000000e-01,5.000000e-01,5.000000e-01,5.000000e-01,0.000000e+00,0.000000e+00,0.000000e+00,0.000000e+00,0.000000e+00,0.000000e+00,0.000000e+00,0.000000e+00,0.000000e+00,0.000000e+00,0.000000e+00,2.623510e-05,0.000000e+00,0.000000e+00,0.000000e+00,0.000000e+00,0.000000e+00,0.000000e+00
9.650000e+01,11,5.000000e-01,5.000000e-01,5.000000e-01,5.000000e-01,5.000000e-01,5.000000e-01,5.000000e-01,5.000000e-01,5.000000e-01,5.000000e-01,5.000000e-01,4.022105e-03,5.000000e-01,5.000000e-01,5.000000e-01,5.000000e-01,5.000000e-01,5.000000e-01,0.000000e+00,0.000000e+00,0.000000e+00,0.000000e+00,0.000000e+00,0.000000e+00,0.000000e+00,0.000000e+00,0.000000e+00,0.000000e+00,0.000000e+00,1.193661e-02,0.000000e+00,0.000000e+00,0.000000e+00,0.000000e+00,0.000000e+00,0.000000e+00
9.660000e+01,11,5.000000e-01,5.000000e-01,5.000000e-01,5.000000e-01,5.000000e-01,5.000000e-01,5.000000e-01,5.000000e-01,5.000000e-01,5.000000e-01,5.000000e-01,1.031138e-03,5.000000e-01,5.000000e-01,5.000000e-01,5.000000e-01,5.000000e-01,5.000000e-01,0.000000e+00,0.000000e+00,0.000000e+00,0.000000e+00,0.000000e+00,0.000000e+00,0.000000e+00,0.000000e+00,0.000000e+00,0.000000e+00,0.000000e+00,1.314263e-01,0.000000e+00,0.000000e+00,0.000000e+00,0.000000e+00,0.000000e+00,0.000000e+00
9.670000e+01,11,5.000000e-01,5.000000e-01,5.000000e-01,5.000000e-01,5.000000e-01,5.000000e-01,5.000000e-01,5.000000e-01,5.000000e-01,5.000000e-01,5.000000e-01,1.832963e-04,5.000000e-01,5.000000e-01,5.000000e-01,5.000000e-01,5.000000e-01,5.000000e-01,0.000000e+00,0.000000e+00,0.000000e+00,0.000000e+00,0.000000e+00,0.000000e+00,0.000000e+00,0.000000e+00,0.000000e+00,0.000000e+00,0.000000e+00,2.590787e-01,0.000000e+00,0.000000e+00,0.000000e+00,0.000000e+00,0.000000e+00,0.000000e+00
9.680000e+01,11,5.000000e-01,5.000000e-01,5.000000e-01,5.000000e-01,5.000000e-01,5.000000e-01,5.000000e-01,5.000000e-01,5.000000e-01,5.000000e-01,5.000000e-01,2.119997e-05,5.000000e-01,5.000000e-01,5.000000e-01,5.000000e-01,5.000000e-01,5.000000e-01,0.000000e+00,0.000000e+00,0.000000e+00,0.000000e+00,0.000000e+00,0.000000e+00,0.000000e+00,0.000000e+00,0.000000e+00,0.000000e+00,0.000000e+00,2.949549e-01,0.000000e+00,0.000000e+00,0.000000e+00,0.000000e+00,0.000000e+00,0.000000e+00
9.690000e+01,11,5.000000e-01,5.000000e-01,5.000000e-01,5.000000e-01,5.000000e-01,5.000000e-01,5.000000e-01,5.000000e-01,5.000000e-01,5.000000e-01,5.000000e-01,1.516033e-06,5.000000e-01,5.000000e-01,5.000000e-01,5.000000e-01,5.000000e-01,5.000000e-01,0.000000e+00,0.000000e+00,0.000000e+00,0.000000e+00,0.000000e+00,0.000000e+00,0.000000e+00,0.000000e+00,0.000000e+00,0.000000e+00,0.000000e+00,2.996364e-01,0.000000e+00,0.000000e+00,0.000000e+00,0.000000e+00,0.000000e+00,0.000000e+00
9.700000e+01,11,5.000000e-01,5.000000e-01,5.000000e-01,5.000000e-01,5.000000e-01,5.000000e-01,5.000000e-01,5.000000e-01,5.000000e-01,5.000000e-01,5.000000e-01,6.550107e-08,5.000000e-01,5.000000e-01,5.000000e-01,5.000000e-01,5.000000e-01,5.000000e-01,0.000000e+00,0.000000e+00,0.000000e+00,0.000000e+00,0.000000e+00,0.000000e+00,0.000000e+00,0.000000e+00,0.000000e+00,0.000000e+00,0.000000e+00,2.999843e-01,0.000000e+00,0.000000e+00,0.000000e+00,0.000000e+00,0.000000e+00,0.000000e+00
9.710000e+01,11,5.000000e-01,5.000000e-01,5.000000e-01,5.000000e-01,5.000000e-01,5.000000e-01,5.000000e-01,5.000000e-01,5.000000e-01,5.000000e-01,5.000000e-01,1.750308e-09,5.000000e-01,5.000000e-01,5.000000e-01,5.000000e-01,5.000000e-01,5.000000e-01,0.000000e+00,0.000000e+00,0.000000e+00,0.000000e+00,0.000000e+00,0.000000e+00,0.000000e+00,0.000000e+00,0.000000e+00,0.000000e+00,0.000000e+00,2.999996e-01,0.000000e+00,0.000000e+00,0.000000e+00,0.000000e+00,0.000000e+00,0.000000e+00
9.720000e+01,11,5.000000e-01,5.000000e-01,5.000000e-01,5.000000e-01,5.000000e-01,5.000000e-01,5.000000e-01,5.000000e-01,5.000000e-01,5.000000e-01,5.000000e-01,3.160410e-11,5.000000e-01,5.000000e-01,5.000000e-01,5.000000e-01,5.000000e-01,5.000000e-01,0.000000e+00,0.000000e+00,0.000000e+00,0.000000e+00,0.000000e+00,0.000000e+00,0.000000e+00,0.000000e+00,0.000000e+00,0.000000e+00,0.000000e+00,3.000000e-01,0.000000e+00,0.000000e+00,0.000000e+00,0.000000e+00,0.000000e+00,0.000000e+00
9.730000e+01,11,5.000000e-01,5.000000e-01,5.000000e-01,5.000000e-01,5.000000e-01,5.000000e-01,5.000000e-01,5.000000e-01,5.000000e-01,5.000000e-01,5.000000e-01,4.557154e-13,5.000000e-01,5.000000e-01,5.000000e-01,5.000000e-01,5.000000e-01,5.000000e-01,0.000000e+00,0.000000e+00,0.000000e+00,0.000000e+00,0.000000e+00,0.000000e+00,0.000000e+00,0.000000e+00,0.000000e+00,0.000000e+00,0.000000e+00,3.000000e-01,0.000000e+00,0.000000e+00,0.000000e+00,0.000000e+00,0.000000e+00,0.000000e+00
9.740000e+01,11,5.000000e-01,5.000000e-01,5.000000e-01,5.000000e-01,5.000000e-01,5.000000e-01,5.000000e-01,5.000000e-01,5.000000e-01,5.000000e-01,5.000000e-01,6.720256e-15,5.000000e-01,5.000000e-01,5.000000e-01,5.000000e-01,5.000000e-01,5.000000e-01,0.000000e+00,0.000000e+00,0.000000e+00,0.000000e+00,0.000000e+00,0.000000e+00,0.000000e+00,0.000000e+00,0.000000e+00,0.000000e+00,0.000000e+00,3.000000e-01,0.000000e+00,0.000000e+00,0.000000e+00,0.000000e+00,0.000000e+00,0.000000e+00
9.750000e+01,11,5.000000e-01,5.000000e-01,5.000000e-01,5.000000e-01,5.000000e-01,5.000000e-01,5.000000e-01,5.000000e-01,5.000000e-01,5.000000e-01,5.000000e-01,1.384185e-16,5.000000e-01,5.000000e-01,5.000000e-01,5.000000e-01,5.000000e-01,5.000000e-01,0.000000e+00,0.000000e+00,0.000000e+00,0.000000e+00,0.000000e+00,0.000000e+00,0.000000e+00,0.000000e+00,0.000000e+00,0.000000e+00,0.000000e+00,3.000000e-01,0.000000e+00,0.000000e+00,0.000000e+00,0.000000e+00,0.000000e+00,0.000000e+00
9.760000e+01,11,5.000000e-01,5.000000e-01,5.000000e-01,5.000000e-01,5.000000e-01,5.000000e-01,5.000000e-01,5.000000e-01,5.000000e-01,5.000000e-01,5.000000e-01,7.207492e-14,5.000000e-01,5.000000e-01,5.000000e-01,5.000000e-01,5.000000e-01,5.000000e-01,0.000000e+00,0.000000e+00,0.000000e+00,0.000000e+00,0.000000e+00,0.000000e+00,0.000000e+00,0.000000e+00,0.000000e+00,0.000000e+00,0.000000e+00,3.000000e-01,0.000000e+00,0.000000e+00,0.000000e+00,0.000000e+00,0.000000e+00,0.000000e+00
9.770000e+01,11,5.000000e-01,5.000000e-01,5.000000e-01,5.000000e-01,5.000000e-01,5.000000e-01,5.000000e-01,5.000000e-01,5.000000e-01,5.000000e-01,5.000000e-01,2.099330e-11,5.000000e-01,5.000000e-01,5.000000e-01,5.000000e-01,5.000000e-01,5.000000e-01,0.000000e+00,0.000000e+00,0.000000e+00,0.000000e+00,0.000000e+00,0.000000e+00,0.000000e+00,0.000000e+00,0.000000e+00,0.000000e+00,0.000000e+00,3.000000e-01,0.000000e+00,0.000000e+00,0.000000e+00,0.000000e+00,0.000000e+00,0.000000e+00
9.780000e+01,11,5.000000e-01,5.000000e-01,5.000000e-01,5.000000e-01,5.000000e-01,5.000000e-01,5.000000e-01,5.000000e-01,5.000000e-01,5.000000e-01,5.000000e-01,2.887776e-09,5.000000e-01,5.000000e-01,5.000000e-01,5.000000e-01,5.000000e-01,5.000000e-01,0.000000e+00,0.000000e+00,0.000000e+00,0.000000e+00,0.000000e+00,0.000000e+00,0.000000e+00,0.000000e+00,0.000000e+00,0.000000e+00,0.000000e+00,2.999993e-01,0.000000e+00,0.000000e+00,0.000000e+00,0.000000e+00,0.000000e+00,0.000000e+00
9.790000e+01,11,5.000000e-01,5.000000e-01,5.000000e-01,5.000000e-01,5.000000e-01,5.000000e-01,5.000000e-01,5.000000e-01,5.000000e-01,5.000000e-01,5.000000e-01,1.777781e-07,5.000000e-01,5.000000e-01,5.000000e-01,5.000000e-01,5.000000e-01,5.000000e-01,0.000000e+00,0.000000e+00,0.000000e+00,0.000000e+00,0.000000e+00,0.000000e+00,0.000000e+00,0.000000e+00,0.000000e+00,0.000000e+00,0.000000e+00,2.999573e-01,0.000000e+00,0.000000e+00,0.000000e+00,0.000000e+00,0.000000e+00,0.000000e+00
9.800000e+01,11,5.000000e-01,5.000000e-01,5.000000e-01,5.000000e-01,5.000000e-01,5.000000e-01,5.000000e-01,5.000000e-01,5.000000e-01,5.000000e-01,5.000000e-01,5.047727e-06,5.000000e-01,5.000000e-01,5.000000e-01,5.000000e-01,5.000000e-01,5.000000e-01,0.000000e+00,0.000000e+00,0.000000e+00,0.000000e+00,0.000000e+00,0.000000e+00,0.000000e+00,0.000000e+00,0.000000e+00,0.000000e+00,0.000000e+00,2.987910e-01,0.000000e+00,0.000000e+00,0.000000e+00,0.000000e+00,0.000000e+00,0.000000e+00
9.810000e+01,11,5.000000e-01,5.000000e-01,5.000000e-01,5.000000e-01,5.000000e-01,5.000000e-01,5.000000e-01,5.000000e-01,5.000000e-01,5.000000e-01,5.000000e-01,7.169118e-05,5.000000e-01,5.000000e-01,5.000000e-01,5.000000e-01,5.000000e-01,5.000000e-01,0.000000e+00,0.000000e+00,0.000000e+00,0.000000e+00,0.000000e+00,0.000000e+00,0.000000e+00,0.000000e+00,0.000000e+00,0.000000e+00,0.000000e+00,2.832776e-01,0.000000e+00,0.000000e+00,0.000000e+00,0.000000e+00,0.000000e+00,0.000000e+00
9.820000e+01,11,5.000000e-01,5.000000e-01,5.000000e-01,5.000000e-01,5.000000e-01,5.000000e-01,5.000000e-01,5.000000e-01,5.000000e-01,5.000000e-01,5.000000e-01,5.655191e-04,5.000000e-01,5.000000e-01,5.000000e-01,5.000000e-01,5.000000e-01,5.000000e-01,0.000000e+00,0.000000e+00,0.000000e+00,0.000000e+00,0.000000e+00,0.000000e+00,0.000000e+00,0.000000e+00,0.000000e+00,0.000000e+00,0.000000e+00,1.908026e-01,0.000000e+00,0.000000e+00,0.000000e+00,0.000000e+00,0.000000e+00,0.000000e+00
9.830000e+01,11,5.000000e-01,5.000000e-01,5.000000e-01,5.000000e-01,5.000000e-01,5.000000e-01,5.000000e-01,5.000000e-01,5.000000e-01,5.000000e-01,5.000000e-01,2.761477e-03,5.000000e-01,5.000000e-01,5.000000e-01,5.000000e-01,5.000000e-01,5.000000e-01,0.000000e+00,0.000000e+00,0.000000e+00,0.000000e+00,0.000000e+00,0.000000e+00,0.000000e+00,0.000000e+00,0.000000e+00,0.000000e+00,0.000000e+00,3.283663e-02,0.000000e+00,0.000000e+00,0.000000e+00,0.000000e+00,0.000000e+00,0.000000e+00
9.840000e+01,11,5.000000e-01,5.000000e-01,5.000000e-01,5.000000e-01,5.000000e-01,5.000000e-01,5.000000e-01,5.000000e-01,5.000000e-01,5.000000e-01,5.000000e-01,9.226994e-03,5.000000e-01,5.000000e-01,5.000000e-01,5.000000e-01,5.000000e-01,5.000000e-01,0.000000e+00,0.000000e+00,0.000000e+00,0.000000e+00,0.000000e+00,0.000000e+00,0.000000e+00,0.000000e+00,0.000000e+00,0.000000e+00,0.000000e+00,1.804903e-04,0.000000e+00,0.000000e+00,0.000000e+00,0.000000e+00,0.000000e+00,0.000000e+00
9.850000e+01,11,5.000000e-01,5.000000e-01,5.000000e-01,5.000000e-01,5.000000e-01,5.000000e-01,5.000000e-01,5.000000e-01,5.000000e-01,5.000000e-01,5.000000e-01,2.299164e-02,5.000000e-01,5.000000e-01,5.000000e-01,5.000000e-01,5.000000e-01,5.000000e-01,0.000000e+00,0.000000e+00,0.000000e+00,0.000000e+00,0.000000e+00,0.000000e+00,0.000000e+00,0.000000e+00,0.000000e+00,0.000000e+00,0.000000e+00,2.487400e-09,0.000000e+00,0.000000e+00,0.000000e+00,0.000000e+00,0.000000e+00,0.000000e+00
9.860000e+01,11,5.000000e-01,5.000000e-01,5.000000e-01,5.000000e-01,5.000000e-01,5.000000e-01,5.000000e-01,5.000000e-01,5.000000e-01,5.000000e-01,5.000000e-01,4.583242e-02,5.000000e-01,5.000000e-01,5.000000e-01,5.000000e-01,5.000000e-01,5.000000e-01,0.000000e+00,0.000000e+00,0.000000e+00,0.000000e+00,0.000000e+00,0.000000e+00,0.000000e+00,0.000000e+00,0.000000e+00,0.000000e+00,0.000000e+00,0.000000e+00,0.000000e+00,0.000000e+00,0.000000e+00,0.000000e+00,0.000000e+00,0.000000e+00
9.870000e+01,-1,5.000000e-01,5.000000e-01,5.000000e-01,5.000000e-01,5.000000e-01,5.000000e-01,5.000000e-01,5.000000e-01,5.000000e-01,5.000000e-01,5.000000e-01,5.000000e-01,5.000000e-01,5.000000e-01,5.000000e-01,5.000000e-01,5.000000e-01,5.000000e-01,0.000000e+00,0.000000e+00,0.000000e+00,0.000000e+00,0.000000e+00,0.000000e+00,0.000000e+00,0.000000e+00,0.000000e+00,0.000000e+00,0.000000e+00,0.000000e+00,0.000000e+00,0.000000e+00,0.000000e+00,0.000000e+00,0.000000e+00,0.000000e+00
9.880000e+01,-1,5.000000e-01,5.000000e-01,5.000000e-01,5.000000e-01,5.000000e-01,5.000000e-01,5.000000e-01,5.000000e-01,5.000000e-01,5.000000e-01,5.000000e-01,5.000000e-01,5.000000e-01,5.000000e-01,5.000000e-01,5.000000e-01,5.000000e-01,5.000000e-01,0.000000e+00,0.000000e+00,0.000000e+00,0.000000e+00,0.000000e+00,0.000000e+00,0.000000e+00,0.000000e+00,0.000000e+00,0.000000e+00,0.000000e+00,0.000000e+00,0.000000e+00,0.000000e+00,0.000000e+00,0.000000e+00,0.000000e+00,0.000000e+00
9.890000e+01,-1,5.000000e-01,5.000000e-01,5.000000e-01,5.000000e-01,5.000000e-01,5.000000e-01,5.000000e-01,5.000000e-01,5.000000e-01,5.000000e-01,5.000000e-01,5.000000e-01,5.000000e-01,5.000000e-01,5.000000e-01,5.000000e-01,5.000000e-01,5.000000e-01,0.000000e+00,0.000000e+00,0.000000e+00,0.000000e+00,0.000000e+00,0.000000e+00,0.000000e+00,0.000000e+00,0.000000e+00,0.000000e+00,0.000000e+00,0.000000e+00,0.000000e+00,0.000000e+00,0.000000e+00,0.000000e+00,0.000000e+00,0.000000e+00
9.900000e+01,-1,5.000000e-01,5.000000e-01,5.000000e-01,5.000000e-01,5.000000e-01,5.000000e-01,5.000000e-01,5.000000e-01,5.000000e-01,5.000000e-01,5.000000e-01,5.000000e-01,5.000000e-01,5.000000e-01,5.000000e-01,5.000000e-01,5.000000e-01,5.000000e-01,0.000000e+00,0.000000e+00,0.000000e+00,0.000000e+00,0.000000e+00,0.000000e+00,0.000000e+00,0.000000e+00,0.000000e+00,0.000000e+00,0.000000e+00,0.000000e+00,0.000000e+00,0.000000e+00,0.000000e+00,0.000000e+00,0.000000e+00,0.000000e+00
9.910000e+01,-1,5.000000e-01,5.000000e-01,5.000000e-01,5.000000e-01,5.000000e-01,5.000000e-01,5.000000e-01,5.000000e-01,5.000000e-01,5.000000e-01,5.000000e-01,5.000000e-01,5.000000e-01,5.000000e-01,5.000000e-01,5.000000e-01,5.000000e-01,5.000000e-01,0.000000e+00,0.000000e+00,0.000000e+00,0.000000e+00,0.000000e+00,0.000000e+00,0.000000e+00,0.000000e+00,0.000000e+00,0.000000e+00,0.000000e+00,0.000000e+00,0.000000e+00,0.000000e+00,0.000000e+00,0.000000e+00,0.000000e+00,0.000000e+00
9.920000e+01,-1,5.000000e-01,5.000000e-01,5.000000e-01,5.000000e-01,5.000000e-01,5.000000e-01,5.000000e-01,5.000000e-01,5.000000e-01,5.000000e-01,5.000000e-01,5.000000e-01,5.000000e-01,5.000000e-01,5.000000e-01,5.000000e-01,5.000000e-01,5.000000e-01,0.000000e+00,0.000000e+00,0.000000e+00,0.000000e+00,0.000000e+00,0.000000e+00,0.000000e+00,0.000000e+00,0.000000e+00,0.000000e+00,0.000000e+00,0.000000e+00,0.000000e+00,0.000000e+00,0.000000e+00,0.000000e+00,0.000000e+00,0.000000e+00
9.930000e+01,-1,5.000000e-01,5.000000e-01,5.000000e-01,5.000000e-01,5.000000e-01,5.000000e-01,5.000000e-01,5.000000e-01,5.000000e-01,5.000000e-01,5.000000e-01,5.000000e-01,5.000000e-01,5.000000e-01,5.000000e-01,5.000000e-01,5.000000e-01,5.000000e-01,0.000000e+00,0.000000e+00,0.000000e+00,0.000000e+00,0.000000e+00,0.000000e+00,0.000000e+00,0.000000e+00,0.000000e+00,0.000000e+00,0.000000e+00,0.000000e+00,0.000000e+00,0.000000e+00,0.000000e+00,0.000000e+00,0.000000e+00,0.000000e+00
9.940000e+01,-1,5.000000e-01,5.000000e-01,5.000000e-01,5.000000e-01,5.000000e-01,5.000000e-01,5.000000e-01,5.000000e-01,5.000000e-01,5.000000e-01,5.000000e-01,5.000000e-01,5.000000e-01,5.000000e-01,5.000000e-01,5.000000e-01,5.000000e-01,5.000000e-01,0.000000e+00,0.000000e+00,0.000000e+00,0.000000e+00,0.000000e+00,0.000000e+00,0.000000e+00,0.000000e+00,0.000000e+00,0.000000e+00,0.000000e+00,0.000000e+00,0.000000e+00,0.000000e+00,0.000000e+00,0.000000e+00,0.000000e+00,0.000000e+00
9.950000e+01,-1,5.000000e-01,5.000000e-01,5.000000e-01,5.000000e-01,5.000000e-01,5.000000e-01,5.000000e-01,5.000000e-01,5.000000e-01,5.000000e-01,5.000000e-01,5.000000e-01,5.000000e-01,5.000000e-01,5.000000e-01,5.000000e-01,5.000000e-01,5.000000e-01,0.000000e+00,0.000000e+00,0.000000e+00,0.000000e+00,0.000000e+00,0.000000e+00,0.000000e+00,0.000000e+00,0.000000e+00,0.000000e+00,0.000000e+00,0.000000e+00,0.000000e+00,0.000000e+00,0.000000e+00,0.000000e+00,0.000000e+00,0.000000e+00
9.960000e+01,-1,5.000000e-01,5.000000e-01,5.000000e-01,5.000000e-01,5.000000e-01,5.000000e-01,5.000000e-01,5.000000e-01,5.000000e-01,5.000000e-01,5.000000e-01,5.000000e-01,5.000000e-01,5.000000e-01,5.000000e-01,5.000000e-01,5.000000e-01,5.000000e-01,0.000000e+00,0.000000e+00,0.000000e+00,0.000000e+00,0.000000e+00,0.000000e+00,0.000000e+00,0.000000e+00,0.000000e+00,0.000000e+00,0.000000e+00,0.000000e+00,0.000000e+00,0.000000e+00,0.000000e+00,0.000000e+00,0.000000e+00,0.000000e+00
9.970000e+01,-1,5.000000e-01,5.000000e-01,5.000000e-01,5.000000e-01,5.000000e-01,5.000000e-01,5.000000e-01,5.000000e-01,5.000000e-01,5.000000e-01,5.000000e-01,5.000000e-01,5.000000e-01,5.000000e-01,5.000000e-01,5.000000e-01,5.000000e-01,5.000000e-01,0.000000e+00,0.000000e+00,0.000000e+00,0.000000e+00,0.000000e+00,0.000000e+00,0.000000e+00,0.000000e+00,0.000000e+00,0.000000e+00,0.000000e+00,0.000000e+00,0.000000e+00,0.000000e+00,0.000000e+00,0.000000e+00,0.000000e+00,0.000000e+00
9.980000e+01,-1,5.000000e-01,5.000000e-01,5.000000e-01,5.000000e-01,5.000000e-01,5.000000e-01,5.000000e-01,5.000000e-01,5.000000e-01,5.000000e-01,5.000000e-01,5.000000e-01,5.000000e-01,5.000000e-01,5.000000e-01,5.000000e-01,5.000000e-01,5.000000e-01,0.000000e+00,0.000000e+00,0.000000e+00,0.000000e+00,0.000000e+00,0.000000e+00,0.000000e+00,0.000000e+00,0.000000e+00,0.000000e+00,0.000000e+00,0.000000e+00,0.000000e+00,0.000000e+00,0.000000e+00,0.000000e+00,0.000000e+00,0.000000e+00
9.990000e+01,-1,5.000000e-01,5.000000e-01,5.000000e-01,5.000000e-01,5.000000e-01,5.000000e-01,5.000000e-01,5.000000e-01,5.000000e-01,5.000000e-01,5.000000e-01,5.000000e-01,5.000000e-01,5.000000e-01,5.000000e-01,5.000000e-01,5.000000e-01,5.000000e-01,0.000000e+00,0.000000e+00,0.000000e+00,0.000000e+00,0.000000e+00,0.000000e+00,0.000000e+00,0.000000e+00,0.000000e+00,0.000000e+00,0.000000e+00,0.000000e+00,0.000000e+00,0.000000e+00,0.000000e+00,0.000000e+00,0.000000e+00,0.000000e+00
1.000000e+02,-1,5.000000e-01,5.000000e-01,5.000000e-01,5.000000e-01,5.000000e-01,5.000000e-01,5.000000e-01,5.000000e-01,5.000000e-01,5.000000e-01,5.000000e-01,5.000000e-01,5.000000e-01,5.000000e-01,5.000000e-01,5.000000e-01,5.000000e-01,5.000000e-01,0.000000e+00,0.000000e+00,0.000000e+00,0.000000e+00,0.000000e+00,0.000000e+00,0.000000e+00,0.000000e+00,0.000000e+00,0.000000e+00,0.000000e+00,0.000000e+00,0.000000e+00,0.000000e+00,0.000000e+00,0.000000e+00,0.000000e+00,0.000000e+00
1.001000e+02,-1,5.000000e-01,5.000000e-01,5.000000e-01,5.000000e-01,5.000000e-01,5.000000e-01,5.000000e-01,5.000000e-01,5.000000e-01,5.000000e-01,5.000000e-01,5.000000e-01,5.000000e-01,5.000000e-01,5.000000e-01,5.000000e-01,5.000000e-01,5.000000e-01,0.000000e+00,0.000000e+00,0.000000e+00,0.000000e+00,0.000000e+00,0.000000e+00,0.000000e+00,0.000000e+00,0.000000e+00,0.000000e+00,0.000000e+00,0.000000e+00,0.000000e+00,0.000000e+00,0.000000e+00,0.000000e+00,0.000000e+00,0.000000e+00
1.002000e+02,-1,5.000000e-01,5.000000e-01,5.000000e-01,5.000000e-01,5.000000e-01,5.000000e-01,5.000000e-01,5.000000e-01,5.000000e-01,5.000000e-01,5.000000e-01,5.000000e-01,5.000000e-01,5.000000e-01,5.000000e-01,5.000000e-01,5.000000e-01,5.000000e-01,0.000000e+00,0.000000e+00,0.000000e+00,0.000000e+00,0.000000e+00,0.000000e+00,0.000000e+00,0.000000e+00,0.000000e+00,0.000000e+00,0.000000e+00,0.000000e+00,0.000000e+00,0.000000e+00,0.000000e+00,0.000000e+00,0.000000e+00,0.000000e+00
1.003000e+02,-1,5.000000e-01,5.000000e-01,5.000000e-01,5.000000e-01,5.000000e-01,5.000000e-01,5.000000e-01,5.000000e-01,5.000000e-01,5.000000e-01,5.000000e-01,5.000000e-01,5.000000e-01,5.000000e-01,5.000000e-01,5.000000e-01,5.000000e-01,5.000000e-01,0.000000e+00,0.000000e+00,0.000000e+00,0.000000e+00,0.000000e+00,0.000000e+00,0.000000e+00,0.000000e+00,0.000000e+00,0.000000e+00,0.000000e+00,0.000000e+00,0.000000e+00,0.000000e+00,0.000000e+00,0.000000e+00,0.000000e+00,0.000000e+00
1.004000e+02,5,5.000000e-01,5.000000e-01,5.000000e-01,5.000000e-01,5.000000e-01,2.844135e-02,5.000000e-01,5.000000e-01,5.000000e-01,5.000000e-01,5.000000e-01,5.000000e-01,5.000000e-01,5.000000e-01,5.000000e-01,5.000000e-01,5.000000e-01,5.000000e-01,0.000000e+00,0.000000e+00,0.000000e+00,0.000000e+00,0.000000e+00,2.833597e-11,0.000000e+00,0.000000e+00,0.000000e+00,0.000000e+00,0.000000e+00,0.000000e+00,0.000000e+00,0.000000e+00,0.000000e+00,0.000000e+00,0.000000e+00,0.000000e+00
1.005000e+02,5,5.000000e-01,5.000000e-01,5.000000e-01,5.000000e-01,5.000000e-01,1.263105e-02,5.000000e-01,5.000000e-01,5.000000e-01,5.000000e-01,5.000000e-01,5.000000e-01,5.000000e-01,5.000000e-01,5.000000e-01,5.000000e-01,5.000000e-01,5.000000e-01,0.000000e+00,0.000000e+00,0.000000e+00,0.000000e+00,0.000000e+00,1.149987e-05,0.000000e+00,0.000000e+00,0.000000e+00,0.000000e+00,0.000000e+00,0.000000e+00,0.000000e+00,0.000000e+00,0.000000e+00,0.000000e+00,0.000000e+00,0.000000e+00
1.006000e+02,5,5.000000e-01,5.000000e-01,5.000000e-01,5.000000e-01,5.000000e-01,5.266983e-03,5.000000e-01,5.000000e-01,5.000000e-01,5.000000e-01,5.000000e-01,5.000000e-01,5.000000e-01,5.000000e-01,5.000000e-01,5.000000e-01,5.000000e-01,5.000000e-01,0.000000e+00,0.000000e+00,0.000000e+00,0.000000e+00,0.000000e+00,4.388822e-03,0.000000e+00,0.000000e+00,0.000000e+00,0.000000e+00,0.000000e+00,0.000000e+00,0.000000e+00,0.000000e+00,0.000000e+00,0.000000e+00,0.000000e+00,0.000000e+00
1.007000e+02,5,5.000000e-01,5.000000e-01,5.000000e-01,5.000000e-01,5.000000e-01,1.829208e-03,5.000000e-01,5.000000e-01,5.000000e-01,5.000000e-01,5.000000e-01,5.000000e-01,5.000000e-01,5.000000e-01,5.000000e-01,5.000000e-01,5.000000e-01,5.000000e-01,0.000000e+00,0.000000e+00,0.000000e+00,0.000000e+00,0.000000e+00,6.934377e-02,0.000000e+00,0.000000e+00,0.000000e+00,0.000000e+00,0.000000e+00,0.000000e+00,0.000000e+00,0.000000e+00,0.000000e+00,0.000000e+00,0.000000e+00,0.000000e+00
1.008000e+02,5,5.000000e-01,5.000000e-01,5.000000e-01,5.000000e-01,5.000000e-01,5.215088e-04,5.000000e-01,5.000000e-01,5.000000e-01,5.000000e-01,5.000000e-01,5.000000e-01,5.000000e-01,5.000000e-01,5.000000e-01,5.000000e-01,5.000000e-01,5.000000e-01,0.000000e+00,0.000000e+00,0.000000e+00,0.000000e+00,0.000000e+00,1.976438e-01,0.000000e+00,0.000000e+00,0.000000e+00,0.000000e+00,0.000000e+00,0.000000e+00,0.000000e+00,0.000000e+00,0.000000e+00,0.000000e+00,0.000000e+00,0.000000e+00
1.009000e+02,5,5.000000e-01,5.000000e-01,5.000000e-01,5.000000e-01,5.000000e-01,1.218099e-04,5.000000e-01,5.000000e-01,5.000000e-01,5.000000e-01,5.000000e-01,5.000000e-01,5.000000e-01,5.000000e-01,5.000000e-01,5.000000e-01,5.000000e-01,5.000000e-01,0.000000e+00,0.000000e+00,0.000000e+00,0.000000e+00,0.000000e+00,2.721433e-01,0.000000e+00,0.000000e+00,0.000000e+00,0.000000e+00,0.000000e+00,0.000000e+00,0.000000e+00,0.000000e+00,0.000000e+00,0.000000e+00,0.000000e+00,0.000000e+00
1.010000e+02,5,5.000000e-01,5.000000e-01,5.000000e-01,5.000000e-01,5.000000e-01,2.370322e-05,5.000000e-01,5.000000e-01,5.000000e-01,5.000000e-01,5.000000e-01,5.000000e-01,5.000000e-01,5.000000e-01,5.000000e-01,5.000000e-01,5.000000e-01,5.000000e-01,0.000000e+00,0.000000e+00,0.000000e+00,0.000000e+00,0.000000e+00,2.943648e-01,0.000000e+00,0.000000e+00,0.000000e+00,0.000000e+00,0.000000e+00,0.000000e+00,0.000000e+00,0.000000e+00,0.000000e+00,0.000000e+00,0.000000e+00,0.000000e+00
1.011000e+02,5,5.000000e-01,5.000000e-01,5.000000e-01,5.000000e-01,5.000000e-01,4.005296e-06,5.000000e-01,5.000000e-01,5.000000e-01,5.000000e-01,5.000000e-01,5.000000e-01,5.000000e-01,5.000000e-01,5.000000e-01,5.000000e-01,5.000000e-01,5.000000e-01,0.000000e+00,0.000000e+00,0.000000e+00,0.000000e+00,0.000000e+00,2.990403e-01,0.000000e+00,0.000000e+00,0.000000e+00,0.000000e+00,0.000000e+00,0.000000e+00,0.000000e+00,0.000000e+00,0.000000e+00,0.000000e+00,0.000000e+00,0.000000e+00
1.012000e+02,5,5.000000e-01,5.000000e-01,5.000000e-01,5.000000e-01,5.000000e-01,6.302252e-07,5.000000e-01,5.000000e-01,5.000000e-01,5.000000e-01,5.000000e-01,5.000000e-01,5.000000e-01,5.000000e-01,5.000000e-01,5.000000e-01,5.000000e-01,5.000000e-01,0.000000e+00,0.000000e+00,0.000000e+00,0.000000e+00,0.000000e+00,2.998488e-01,0.000000e+00,0.000000e+00,0.000000e+00,0.000000e+00,0.000000e+00,0.000000e+00,0.000000e+00,0.000000e+00,0.000000e+00,0.000000e+00,0.000000e+00,0.000000e+00
1.013000e+02,5,5.000000e-01,5.000000e-01,5.000000e-01,5.000000e-01,5.000000e-01,1.018289e-07,5.000000e-01,5.000000e-01,5.000000e-01,5.000000e-01,5.000000e-01,5.000000e-01,5.000000e-01,5.000000e-01,5.000000e-01,5.000000e-01,5.000000e-01,5.000000e-01,0.000000e+00,0.000000e+00,0.000000e+00,0.000000e+00,0.000000e+00,2.999756e-01,0.000000e+00,0.000000e+00,0.000000e+00,0.000000e+00,0.000000e+00,0.000000e+00,0.000000e+00,0.000000e+00,0.000000e+00,0.000000e+00,0.000000e+00,0.000000e+00
1.014000e+02,5,5.000000e-01,5.000000e-01,5.000000e-01,5.000000e-01,5.000000e-01,1.904139e-08,5.000000e-01,5.000000e-01,5.000000e-01,5.000000e-01,5.000000e-01,5.000000e-01,5.000000e-01,5.000000e-01,5.000000e-01,5.000000e-01,5.000000e-01,5.000000e-01,0.000000e+00,0.000000e+00,0.000000e+00,0.000000e+00,0.000000e+00,2.999954e-01,0.000000e+00,0.000000e+00,0.000000e+00,0.000000e+00,0.000000e+00,0.000000e+00,0.000000e+00,0.000000e+00,0.000000e+00,0.000000e+00,0.000000e+00,0.000000e+00
1.015000e+02,5,5.000000e-01,5.000000e-01,5.000000e-01,5.000000e-01,5.000000e-01,4.687815e-09,5.000000e-01,5.000000e-01,5.000000e-01,5.000000e-01,5.000000e-01,5.000000e-01,5.000000e-01,5.000000e-01,5.000000e-01,5.000000e-01,5.000000e-01,5.000000e-01,0.000000e+00,0.000000e+00,0.000000e+00,0.000000e+00,0.000000e+00,2.999989e-01,0.000000e+00,0.000000e+00,0.000000e+00,0.000000e+00,0.000000e+00,0.000000e+00,0.000000e+00,0.000000e+00,0.000000e+00,0.000000e+00,0.000000e+00,0.000000e+00
1.016000e+02,5,5.000000e-01,5.000000e-01,5.000000e-01,5.000000e-01,5.000000e-01,1.714680e-09,5.000000e-01,5.000000e-01,5.000000e-01,5.000000e-01,5.000000e-01,5.000000e-01,5.000000e-01,5.000000e-01,5.000000e-01,5.000000e-01,5.000000e-01,5.000000e-01,0.000000e+00,0.000000e+00,0.000000e+00,0.000000e+00,0.000000e+00,2.999996e-01,0.000000e+00,0.000000e+00,0.000000e+00,0.000000e+00,0.000000e+00,0.000000e+00,0.000000e+00,0.000000e+00,0.000000e+00,0.000000e+00,0.000000e+00,0.000000e+00
1.017000e+02,5,5.000000e-01,5.000000e-01,5.000000e-01,5.000000e-01,5.000000e-01,1.023417e-09,5.000000e-01,5.000000e-01,5.000000e-01,5.000000e-01,5.000000e-01,5.000000e-01,5.000000e-01,5.000000e-01,5.000000e-01,5.000000e-01,5.000000e-01,5.000000e-01,0.000000e+00,0.000000e+00,0.000000e+00,0.000000e+00,0.000000e+00,2.999998e-01,0.000000e+00,0.000000e+00,0.000000e+00,0.000000e+00,0.000000e+00,0.000000e+00,0.000000e+00,0.000000e+00,0.000000e+00,0.000000e+00,0.000000e+00,0.000000e+00
1.018000e+02,5,5.000000e-01,5.000000e-01,5.000000e-01,5.000000e-01,5.000000e-01,1.048163e-09,5.000000e-01,5.000000e-01,5.000000e-01,5.000000e-01,5.000000e-01,5.000000e-01,5.000000e-01,5.000000e-01,5.000000e-01,5.000000e-01,5.000000e-01,5.000000e-01,0.000000e+00,0.000000e+00,0.000000e+00,0.000000e+00,0.000000e+00,2.999997e-01,0.000000e+00,0.000000e+00,0.000000e+00,0.000000e+00,0.000000e+00,0.000000e+00,0.000000e+00,0.000000e+00,0.000000e+00,0.000000e+00,0.000000e+00,0.000000e+00
1.019000e+02,5,5.000000e-01,5.000000e-01,5.000000e-01,5.000000e-01,5.000000e-01,1.837753e-09,5.000000e-01,5.000000e-01,5.000000e-01,5.000000e-01,5.000000e-01,5.000000e-01,5.000000e-01,5.000000e-01,5.000000e-01,5.000000e-01,5.000000e-01,5.000000e-01,0.000000e+00,0.000000e+00,0.000000e+00,0.000000e+00,0.000000e+00,2.999996e-01,0.000000e+00,0.000000e+00,0.000000e+00,0.000000e+00,0.000000e+00,0.000000e+00,0.000000e+00,0.000000e+00,0.000000e+00,0.000000e+00,0.000000e+00,0.000000e+00
1.020000e+02,5,5.000000e-01,5.000000e-01,5.000000e-01,5.000000e-01,5.000000e-01,5.222952e-09,5.000000e-01,5.000000e-01,5.000000e-01,5.000000e-01,5.000000e-01,5.000000e-01,5.000000e-01,5.000000e-01,5.000000e-01,5.000000e-01,5.000000e-01,5.000000e-01,0.000000e+00,0.000000e+00,0.000000e+00,0.000000e+00,0.000000e+00,2.999987e-01,0.000000e+00,0.000000e+00,0.000000e+00,0.000000e+00,0.000000e+00,0.000000e+00,0.000000e+00,0.000000e+00,0.000000e+00,0.000000e+00,0.000000e+00,0.000000e+00
1.021000e+02,5,5.000000e-01,5.000000e-01,5.000000e-01,5.000000e-01,5.000000e-01,1.348269e-11,5.000000e-01,5.000000e-01,5.000000e-01,5.000000e-01,5.000000e-01,5.000000e-01,5.000000e-01,5.000000e-01,5.000000e-01,5.000000e-01,5.000000e-01,5.000000e-01,0.000000e+00,0.000000e+00,0.000000e+00,0.000000e+00,0.000000e+00,3.000000e-01,0.000000e+00,0.000000e+00,0.000000e+00,0.000000e+00,0.000000e+00,0.000000e+00,0.000000e+00,0.000000e+00,0.000000e+00,0.000000e+00,0.000000e+00,0.000000e+00
1.022000e+02,5,5.000000e-01,5.000000e-01,5.000000e-01,5.000000e-01,5.000000e-01,7.432345e-15,5.000000e-01,5.000000e-01,5.000000e-01,5.000000e-01,5.000000e-01,5.000000e-01,5.000000e-01,5.000000e-01,5.000000e-01,5.000000e-01,5.000000e-01,5.000000e-01,0.000000e+00,0.000000e+00,0.000000e+00,0.000000e+00,0.000000e+00,3.000000e-01,0.000000e+00,0.000000e+00,0.000000e+00,0.000000e+00,0.000000e+00,0.000000e+00,0.000000e+00,0.000000e+00,0.000000e+00,0.000000e+00,0.000000e+00,0.000000e+00
1.023000e+02,5,5.000000e-01,5.000000e-01,5.000000e-01,5.000000e-01,5.000000e-01,7.903929e-19,5.000000e-01,5.000000e-01,5.000000e-01,5.000000e-01,5.000000e-01,5.000000e-01,5.000000e-01,5.000000e-01,5.000000e-01,5.000000e-01,5.000000e-01,5.000000e-01,0.000000e+00,0.000000e+00,0.000000e+00,0.000000e+00,0.000000e+00,3.000000e-01,0.000000e+00,0.000000e+00,0.000000e+00,0.000000e+00,0.000000e+00,0.000000e+00,0.000000e+00,0.000000e+00,0.000000e+00,0.000000e+00,0.000000e+00,0.000000e+00
1.024000e+02,5,5.000000e-01,5.000000e-01,5.000000e-01,5.000000e-01,5.000000e-01,1.737223e-23,5.000000e-01,5.000000e-01,5.000000e-01,5.000000e-01,5.000000e-01,5.000000e-01,5.000000e-01,5.000000e-01,5.000000e-01,5.000000e-01,5.000000e-01,5.000000e-01,0.000000e+00,0.000000e+00,0.000000e+00,0.000000e+00,0.000000e+00,3.000000e-01,0.000000e+00,0.000000e+00,0.000000e+00,0.000000e+00,0.000000e+00,0.000000e+00,0.000000e+00,0.000000e+00,0.000000e+00,0.000000e+00,0.000000e+00,0.000000e+00
1.025000e+02,5,5.000000e-01,5.000000e-01,5.000000e-01,5.000000e-01,5.000000e-01,1.082394e-28,5.000000e-01,5.000000e-01,5.000000e-01,5.000000e-01,5.000000e-01,5.000000e-01,5.000000e-01,5.000000e-01,5.000000e-01,5.000000e-01,5.000000e-01,5.000000e-01,0.000000e+00,0.000000e+00,0.000000e+00,0.000000e+00,0.000000e+00,3.000000e-01,0.000000e+00,0.000000e+00,0.000000e+00,0.000000e+00,0.000000e+00,0.000000e+00,0.000000e+00,0.000000e+00,0.000000e+00,0.000000e+00,0.000000e+00,0.000000e+00
1.026000e+02,5,5.000000e-01,5.000000e-01,5.000000e-01,5.000000e-01,5.000000e-01,3.541365e-34,5.000000e-01,5.000000e-01,5.000000e-01,5.000000e-01,5.000000e-01,5.000000e-01,5.000000e-01,5.000000e-01,5.000000e-01,5.000000e-01,5.000000e-01,5.000000e-01,0.000000e+00,0.000000e+00,0.000000e+00,0.000000e+00,0.000000e+00,3.000000e-01,0.000000e+00,0.000000e+00,0.000000e+00,0.000000e+00,0.000000e+00,0.000000e+00,0.000000e+00,0.000000e+00,0.000000e+00,0.000000e+00,0.000000e+00,0.000000e+00
1.027000e+02,5,5.000000e-01,5.000000e-01,5.000000e-01,5.000000e-01,5.000000e-01,1.520874e-39,5.000000e-01,5.000000e-01,5.000000e-01,5.000000e-01,5.000000e-01,5.000000e-01,5.000000e-01,5.000000e-01,5.000000e-01,5.000000e-01,5.000000e-01,5.000000e-01,0.000000e+00,0.000000e+00,0.000000e+00,0.000000e+00,0.000000e+00,3.000000e-01,0.000000e+00,0.000000e+00,0.000000e+00,0.000000e+00,0.000000e+00,0.000000e+00,0.000000e+00,0.000000e+00,0.000000e+00,0.000000e+00,0.000000e+00,0.000000e+00
1.028000e+02,5,5.000000e-01,5.000000e-01,5.000000e-01,5.000000e-01,5.000000e-01,2.665406e-44,5.000000e-01,5.000000e-01,5.000000e-01,5.000000e-01,5.000000e-01,5.000000e-01,5.000000e-01,5.000000e-01,5.000000e-01,5.000000e-01,5.000000e-01,5.000000e-01,0.000000e+00,0.000000e+00,0.000000e+00,0.000000e+00,0.000000e+00,3.000000e-01,0.000000e+00,0.000000e+00,0.000000e+00,0.000000e+00,0.000000e+00,0.000000e+00,0.000000e+00,0.000000e+00,0.000000e+00,0.000000e+00,0.000000e+00,0.000000e+00
1.029000e+02,5,5.000000e-01,5.000000e-01,5.000000e-01,5.000000e-01,5.000000e-01,6.234087e-48,5.000000e-01,5.000000e-01,5.000000e-01,5.000000e-01,5.000000e-01,5.000000e-01,5.000000e-01,5.000000e-01,5.000000e-01,5.000000e-01,5.000000e-01,5.000000e-01,0.000000e+00,0.000000e+00,0.000000e+00,0.000000e+00,0.000000e+00,3.000000e-01,0.000000e+00,0.000000e+00,0.000000e+00,0.000000e+00,0.000000e+00,0.000000e+00,0.000000e+00,0.000000e+00,0.000000e+00,0.000000e+00,0.000000e+00,0.000000e+00
1.030000e+02,5,5.000000e-01,5.000000e-01,5.000000e-01,5.000000e-01,5.000000e-01,5.345073e-50,5.000000e-01,5.000000e-01,5.000000e-01,5.000000e-01,5.000000e-01,5.000000e-01,5.000000e-01,5.000000e-01,5.000000e-01,5.000000e-01,5.000000e-01,5.000000e-01,0.000000e+00,0.000000e+00,0.000000e+00,0.000000e+00,0.000000e+00,3.000000e-01,0.000000e+00,0.000000e+00,0.000000e+00,0.000000e+00,0.000000e+00,0.000000e+00,0.000000e+00,0.000000e+00,0.000000e+00,0.000000e+00,0.000000e+00,0.000000e+00
1.031000e+02,5,5.000000e-01,5.000000e-01,5.000000e-01,5.000000e-01,5.000000e-01,3.104749e-50,5.000000e-01,5.000000e-01,5.000000e-01,5.000000e-01,5.000000e-01,5.000000e-01,5.000000e-01,5.000000e-01,5.000000e-01,5.000000e-01,5.000000e-01,5.000000e-01,0.000000e+00,0.000000e+00,0.000000e+00,0.000000e+00,0.000000e+00,3.000000e-01,0.000000e+00,0.000000e+00,0.000000e+00,0.000000e+00,0.000000e+00,0.000000e+00,0.000000e+00,0.000000e+00,0.000000e+00,0.000000e+00,0.000000e+00,0.000000e+00
1.032000e+02,5,5.000000e-01,5.000000e-01,5.000000e-01,5.000000e-01,5.000000e-01,1.312799e-48,5.000000e-01,5.000000e-01,5.000000e-01,5.000000e-01,5.000000e-01,5.000000e-01,5.000000e-01,5.000000e-01,5.000000e-01,5.000000e-01,5.000000e-01,5.000000e-01,0.000000e+00,0.000000e+00,0.000000e+00,0.000000e+00,0.000000e+00,3.000000e-01,0.000000e+00,0.000000e+00,0.000000e+00,0.000000e+00,0.000000e+00,0.000000e+00,0.000000e+00,0.000000e+00,0.000000e+00,0.000000e+00,0.000000e+00,0.000000e+00
1.033000e+02,5,5.000000e-01,5.000000e-01,5.000000e-01,5.000000e-01,5.000000e-01,2.480426e-45,5.000000e-01,5.000000e-01,5.000000e-01,5.000000e-01,5.000000e-01,5.000000e-01,5.000000e-01,5.000000e-01,5.000000e-01,5.000000e-01,5.000000e-01,5.000000e-01,0.000000e+00,0.000000e+00,0.000000e+00,0.000000e+00,0.000000e+00,3.000000e-01,0.000000e+00,0.000000e+00,0.000000e+00,0.000000e+00,0.000000e+00,0.000000e+00,0.000000e+00,0.000000e+00,0.000000e+00,0.000000e+00,0.000000e+00,0.000000e+00
1.034000e+02,5,5.000000e-01,5.000000e-01,5.000000e-01,5.000000e-01,5.000000e-01,8.258274e-41,5.000000e-01,5.000000e-01,5.000000e-01,5.000000e-01,5.000000e-01,5.000000e-01,5.000000e-01,5.000000e-01,5.000000e-01,5.000000e-01,5.000000e-01,5.000000e-01,0.000000e+00,0.000000e+00,0.000000e+00,0.000000e+00,0.000000e+00,3.000000e-01,0.000000e+00,0.000000e+00,0.000000e+00,0.000000e+00,0.000000e+00,0.000000e+00,0.000000e+00,0.000000e+00,0.000000e+00,0.000000e+00,0.000000e+00,0.000000e+00
1.035000e+02,5,5.000000e-01,5.000000e-01,5.000000e-01,5.000000e-01,5.000000e-01,1.513480e-35,5.000000e-01,5.000000e-01,5.000000e-01,5.000000e-01,5.000000e-01,5.000000e-01,5.000000e-01,5.000000e-01,5.000000e-01,5.000000e-01,5.000000e-01,5.000000e-01,0.000000e+00,0.000000e+00,0.000000e+00,0.000000e+00,0.000000e+00,3.000000e-01,0.000000e+00,0.000000e+00,0.000000e+00,0.000000e+00,0.000000e+00,0.000000e+00,0.000000e+00,0.000000e+00,0.000000e+00,0.000000e+00,0.000000e+00,0.000000e+00
1.036000e+02,5,5.000000e-01,5.000000e-01,5.000000e-01,5.000000e-01,5.000000e-01,5.703640e-30,5.000000e-01,5.000000e-01,5.000000e-01,5.000000e-01,5.000000e-01,5.000000e-01,5.000000e-01,5.000000e-01,5.000000e-01,5.000000e-01,5.000000e-01,5.000000e-01,0.000000e+00,0.000000e+00,0.000000e+00,0.000000e+00,0.000000e+00,3.000000e-01,0.000000e+00,0.000000e+00,0.000000e+00,0.000000e+00,0.000000e+00,0.000000e+00,0.000000e+00,0.000000e+00,0.000000e+00,0.000000e+00,0.000000e+00,0.000000e+00
1.037000e+02,5,5.000000e-01,5.000000e-01,5.000000e-01,5.000000e-01,5.000000e-01,1.278679e-24,5.000000e-01,5.000000e-01,5.000000e-01,5.000000e-01,5.000000e-01,5.000000e-01,5.000000e-01,5.000000e-01,5.000000e-01,5.000000e-01,5.000000e-01,5.000000e-01,0.000000e+00,0.000000e+00,0.000000e+00,0.000000e+00,0.000000e+00,3.000000e-01,0.000000e+00,0.000000e+00,0.000000e+00,0.000000e+00,0.000000e+00,0.000000e+00,0.000000e+00,0.000000e+00,0.000000e+00,0.000000e+00,0.000000e+00,0.000000e+00
1.038000e+02,5,5.000000e-01,5.000000e-01,5.000000e-01,5.000000e-01,5.000000e-01,8.644791e-20,5.000000e-01,5.000000e-01,5.000000e-01,5.000000e-01,5.000000e-01,5.000000e-01,5.000000e-01,5.000000e-01,5.000000e-01,5.000000e-01,5.000000e-01,5.000000e-01,0.000000e+00,0.000000e+00,0.000000e+00,0.000000e+00,0.000000e+00,3.000000e-01,0.000000e+00,0.000000e+00,0.000000e+00,0.000000e+00,0.000000e+00,0.000000e+00,0.000000e+00,0.000000e+00,0.000000e+00,0.000000e+00,0.000000e+00,0.000000e+00
1.039000e+02,5,5.000000e-01,5.000000e-01,5.000000e-01,5.000000e-01,5.000000e-01,1.218660e-15,5.000000e-01,5.000000e-01,5.000000e-01,5.000000e-01,5.000000e-01,5.000000e-01,5.000000e-01,5.000000e-01,5.000000e-01,5.000000e-01,5.000000e-01,5.000000e-01,0.000000e+00,0.000000e+00,0.000000e+00,0.000000e+00,0.000000e+00,3.000000e-01,0.000000e+00,0.000000e+00,0.000000e+00,0.000000e+00,0.000000e+00,0.000000e+00,0.000000e+00,0.000000e+00,0.000000e+00,0.000000e+00,0.000000e+00,0.000000e+00
1.040000e+02,5,5.000000e-01,5.000000e-01,5.000000e-01,5.000000e-01,5.000000e-01,3.221345e-12,5.000000e-01,5.000000e-01,5.000000e-01,5.000000e-01,5.000000e-01,5.000000e-01,5.000000e-01,5.000000e-01,5.000000e-01,5.000000e-01,5.000000e-01,5.000000e-01,0.000000e+00,0.000000e+00,0.000000e+00,0.000000e+00,0.000000e+00,3.000000e-01,0.000000e+00,0.000000e+00,0.000000e+00,0.000000e+00,0.000000e+00,0.000000e+00,0.000000e+00,0.000000e+00,0.000000e+00,0.000000e+00,0.000000e+00,0.000000e+00
1.041000e+02,5,5.000000e-01,5.000000e-01,5.000000e-01,5.000000e-01,5.000000e-01,1.730583e-09,5.000000e-01,5.000000e-01,5.000000e-01,5.000000e-01,5.000000e-01,5.000000e-01,5.000000e-01,5.000000e-01,5.000000e-01,5.000000e-01,5.000000e-01,5.000000e-01,0.000000e+00,0.000000e+00,0.000000e+00,0.000000e+00,0.000000e+00,2.999996e-01,0.000000e+00,0.000000e+00,0.000000e+00,0.000000e+00,0.000000e+00,0.000000e+00,0.000000e+00,0.000000e+00,0.000000e+00,0.000000e+00,0.000000e+00,0.000000e+00
1.042000e+02,5,5.000000e-01,5.000000e-01,5.000000e-01,5.000000e-01,5.000000e-01,2.283422e-07,5.000000e-01,5.000000e-01,5.000000e-01,5.000000e-01,5.000000e-01,5.000000e-01,5.000000e-01,5.000000e-01,5.000000e-01,5.000000e-01,5.000000e-01,5.000000e-01,0.000000e+00,0.000000e+00,0.000000e+00,0.000000e+00,0.000000e+00,2.999452e-01,0.000000e+00,0.000000e+00,0.000000e+00,0.000000e+00,0.000000e+00,0.000000e+00,0.000000e+00,0.000000e+00,0.000000e+00,0.000000e+00,0.000000e+00,0.000000e+00
1.043000e+02,5,5.000000e-01,5.000000e-01,5.000000e-01,5.000000e-01,5.000000e-01,9.355707e-06,5.000000e-01,5.000000e-01,5.000000e-01,5.000000e-01,5.000000e-01,5.000000e-01,5.000000e-01,5.000000e-01,5.000000e-01,5.000000e-01,5.000000e-01,5.000000e-01,0.000000e+00,0.000000e+00,0.000000e+00,0.000000e+00,0.000000e+00,2.977630e-01,0.000000e+00,0.000000e+00,0.000000e+00,0.000000e+00,0.000000e+00,0.000000e+00,0.000000e+00,0.000000e+00,0.000000e+00,0.000000e+00,0.000000e+00,0.000000e+00
1.044000e+02,5,5.000000e-01,5.000000e-01,5.000000e-01,5.000000e-01,5.000000e-01,1.507048e-04,5.000000e-01,5.000000e-01,5.000000e-01,5.000000e-01,5.000000e-01,5.000000e-01,5.000000e-01,5.000000e-01,5.000000e-01,5.000000e-01,5.000000e-01,5.000000e-01,0.000000e+00,0.000000e+00,0.000000e+00,0.000000e+00,0.000000e+00,2.659237e-01,0.000000e+00,0.000000e+00,0.000000e+00,0.000000e+00,0.000000e+00,0.000000e+00,0.000000e+00,0.000000e+00,0.000000e+00,0.000000e+00,0.000000e+00,0.000000e+00
1.045000e+02,5,5.000000e-01,5.000000e-01,5.000000e-01,5.000000e-01,5.000000e-01,1.180012e-03,5.000000e-01,5.000000e-01,5.000000e-01,5.000000e-01,5.000000e-01,5.000000e-01,5.000000e-01,5.000000e-01,5.000000e-01,5.000000e-01,5.000000e-01,5.000000e-01,0.000000e+00,0.000000e+00,0.000000e+00,0.000000e+00,0.000000e+00,1.166544e-01,0.000000e+00,0.000000e+00,0.000000e+00,0.000000e+00,0.000000e+00,0.000000e+00,0.000000e+00,0.000000e+00,0.000000e+00,0.000000e+00,0.000000e+00,0.000000e+00
1.046000e+02,5,5.000000e-01,5.000000e-01,5.000000e-01,5.000000e-01,5.000000e-01,5.363443e-03,5.000000e-01,5.000000e-01,5.000000e-01,5.000000e-01,5.000000e-01,5.000000e-01,5.000000e-01,5.000000e-01,5.000000e-01,5.000000e-01,5.000000e-01,5.000000e-01,0.000000e+00,0.000000e+00,0.000000e+00,0.000000e+00,0.000000e+00,4.061206e-03,0.000000e+00,0.000000e+00,0.000000e+00,0.000000e+00,0.000000e+00,0.000000e+00,0.000000e+00,0.000000e+00,0.000000e+00,0.000000e+00,0.000000e+00,0.000000e+00
1.047000e+02,5,5.000000e-01,5.000000e-01,5.000000e-01,5.000000e-01,5.000000e-01,1.629648e-02,5.000000e-01,5.000000e-01,5.000000e-01,5.000000e-01,5.000000e-01,5.000000e-01,5.000000e-01,5.000000e-01,5.000000e-01,5.000000e-01,5.000000e-01,5.000000e-01,0.000000e+00,0.000000e+00,0.000000e+00,0.000000e+00,0.000000e+00,5.868150e-07,0.000000e+00,0.000000e+00,0.000000e+00,0.000000e+00,0.000000e+00,0.000000e+00,0.000000e+00,0.000000e+00,0.000000e+00,0.000000e+00,0.000000e+00,0.000000e+00
1.048000e+02,5,5.000000e-01,5.000000e-01,5.000000e-01,5.000000e-01,5.000000e-01,3.688097e-02,5.000000e-01,5.000000e-01,5.000000e-01,5.000000e-01,5.000000e-01,5.000000e-01,5.000000e-01,5.000000e-01,5.000000e-01,5.000000e-01,5.000000e-01,5.000000e-01,0.000000e+00,0.000000e+00,0.000000e+00,0.000000e+00,0.000000e+00,2.637890e-14,0.000000e+00,0.000000e+00,0.000000e+00,0.000000e+00,0.000000e+00,0.000000e+00,0.000000e+00,0.000000e+00,0.000000e+00,0.000000e+00,0.000000e+00,0.000000e+00
1.049000e+02,-1,5.000000e-01,5.000000e-01,5.000000e-01,5.000000e-01,5.000000e-01,5.000000e-01,5.000000e-01,5.000000e-01,5.000000e-01,5.000000e-01,5.000000e-01,5.000000e-01,5.000000e-01,5.000000e-01,5.000000e-01,5.000000e-01,5.000000e-01,5.000000e-01,0.000000e+00,0.000000e+00,0.000000e+00,0.000000e+00,0.000000e+00,0.000000e+00,0.000000e+00,0.000000e+00,0.000000e+00,0.000000e+00,0.000000e+00,0.000000e+00,0.000000e+00,0.000000e+00,0.000000e+00,0.000000e+00,0.000000e+00,0.000000e+00
1.050000e+02,-1,5.000000e-01,5.000000e-01,5.000000e-01,5.000000e-01,5.000000e-01,5.000000e-01,5.000000e-01,5.000000e-01,5.000000e-01,5.000000e-01,5.000000e-01,5.000000e-01,5.000000e-01,5.000000e-01,5.000000e-01,5.000000e-01,5.000000e-01,5.000000e-01,0.000000e+00,0.000000e+00,0.000000e+00,0.000000e+00,0.000000e+00,0.000000e+00,0.000000e+00,0.000000e+00,0.000000e+00,0.000000e+00,0.000000e+00,0.000000e+00,0.000000e+00,0.000000e+00,0.000000e+00,0.000000e+00,0.000000e+00,0.000000e+00
1.051000e+02,-1,5.000000e-01,5.000000e-01,5.000000e-01,5.000000e-01,5.000000e-01,5.000000e-01,5.000000e-01,5.000000e-01,5.000000e-01,5.000000e-01,5.000000e-01,5.000000e-01,5.000000e-01,5.000000e-01,5.000000e-01,5.000000e-01,5.000000e-01,5.000000e-01,0.000000e+00,0.000000e+00,0.000000e+00,0.000000e+00,0.000000e+00,0.000000e+00,0.000000e+00,0.000000e+00,0.000000e+00,0.000000e+00,0.000000e+00,0.000000e+00,0.000000e+00,0.000000e+00,0.000000e+00,0.000000e+00,0.000000e+00,0.000000e+00
1.052000e+02,-1,5.000000e-01,5.000000e-01,5.000000e-01,5.000000e-01,5.000000e-01,5.000000e-01,5.000000e-01,5.000000e-01,5.000000e-01,5.000000e-01,5.000000e-01,5.000000e-01,5.000000e-01,5.000000e-01,5.000000e-01,5.000000e-01,5.000000e-01,5.000000e-01,0.000000e+00,0.000000e+00,0.000000e+00,0.000000e+00,0.000000e+00,0.000000e+00,0.000000e+00,0.000000e+00,0.000000e+00,0.000000e+00,0.000000e+00,0.000000e+00,0.000000e+00,0.000000e+00,0.000000e+00,0.000000e+00,0.000000e+00,0.000000e+00
1.053000e+02,-1,5.000000e-01,5.000000e-01,5.000000e-01,5.000000e-01,5.000000e-01,5.000000e-01,5.000000e-01,5.000000e-01,5.000000e-01,5.000000e-01,5.000000e-01,5.000000e-01,5.000000e-01,5.000000e-01,5.000000e-01,5.000000e-01,5.000000e-01,5.000000e-01,0.000000e+00,0.000000e+00,0.000000e+00,0.000000e+00,0.000000e+00,0.000000e+00,0.000000e+00,0.000000e+00,0.000000e+00,0.000000e+00,0.000000e+00,0.000000e+00,0.000000e+00,0.000000e+00,0.000000e+00,0.000000e+00,0.000000e+00,0.000000e+00
1.054000e+02,-1,5.000000e-01,5.000000e-01,5.000000e-01,5.000000e-01,5.000000e-01,5.000000e-01,5.000000e-01,5.000000e-01,5.000000e-01,5.000000e-01,5.000000e-01,5.000000e-01,5.000000e-01,5.000000e-01,5.000000e-01,5.000000e-01,5.000000e-01,5.000000e-01,0.000000e+00,0.000000e+00,0.000000e+00,0.000000e+00,0.000000e+00,0.000000e+00,0.000000e+00,0.000000e+00,0.000000e+00,0.000000e+00,0.000000e+00,0.000000e+00,0.000000e+00,0.000000e+00,0.000000e+00,0.000000e+00,0.000000e+00,0.000000e+00
1.055000e+02,-1,5.000000e-01,5.000000e-01,5.000000e-01,5.000000e-01,5.000000e-01,5.000000e-01,5.000000e-01,5.000000e-01,5.000000e-01,5.000000e-01,5.000000e-01,5.000000e-01,5.000000e-01,5.000000e-01,5.000000e-01,5.000000e-01,5.000000e-01,5.000000e-01,0.000000e+00,0.000000e+00,0.000000e+00,0.000000e+00,0.000000e+00,0.000000e+00,0.000000e+00,0.000000e+00,0.000000e+00,0.000000e+00,0.000000e+00,0.000000e+00,0.000000e+00,0.000000e+00,0.000000e+00,0.000000e+00,0.000000e+00,0.000000e+00
1.056000e+02,-1,5.000000e-01,5.000000e-01,5.000000e-01,5.000000e-01,5.000000e-01,5.000000e-01,5.000000e-01,5.000000e-01,5.000000e-01,5.000000e-01,5.000000e-01,5.000000e-01,5.000000e-01,5.000000e-01,5.000000e-01,5.000000e-01,5.000000e-01,5.000000e-01,0.000000e+00,0.000000e+00,0.000000e+00,0.000000e+00,0.000000e+00,0.000000e+00,0.000000e+00,0.000000e+00,0.000000e+00,0.000000e+00,0.000000e+00,0.000000e+00,0.000000e+00,0.000000e+00,0.000000e+00,0.000000e+00,0.000000e+00,0.000000e+00
1.057000e+02,-1,5.000000e-01,5.000000e-01,5.000000e-01,5.000000e-01,5.000000e-01,5.000000e-01,5.000000e-01,5.000000e-01,5.000000e-01,5.000000e-01,5.000000e-01,5.000000e-01,5.000000e-01,5.000000e-01,5.000000e-01,5.000000e-01,5.000000e-01,5.000000e-01,0.000000e+00,0.000000e+00,0.000000e+00,0.000000e+00,0.000000e+00,0.000000e+00,0.000000e+00,0.000000e+00,0.000000e+00,0.000000e+00,0.000000e+00,0.000000e+00,0.000000e+00,0.000000e+00,0.000000e+00,0.000000e+00,0.000000e+00,0.000000e+00
1.058000e+02,-1,5.000000e-01,5.000000e-01,5.000000e-01,5.000000e-01,5.000000e-01,5.000000e-01,5.000000e-01,5.000000e-01,5.000000e-01,5.000000e-01,5.000000e-01,5.000000e-01,5.000000e-01,5.000000e-01,5.000000e-01,5.000000e-01,5.000000e-01,5.000000e-01,0.000000e+00,0.000000e+00,0.000000e+00,0.000000e+00,0.000000e+00,0.000000e+00,0.000000e+00,0.000000e+00,0.000000e+00,0.000000e+00,0.000000e+00,0.000000e+00,0.000000e+00,0.000000e+00,0.000000e+00,0.000000e+00,0.000000e+00,0.000000e+00
1.059000e+02,-1,5.000000e-01,5.000000e-01,5.000000e-01,5.000000e-01,5.000000e-01,5.000000e-01,5.000000e-01,5.000000e-01,5.000000e-01,5.000000e-01,5.000000e-01,5.000000e-01,5.000000e-01,5.000000e-01,5.000000e-01,5.000000e-01,5.000000e-01,5.000000e-01,0.000000e+00,0.000000e+00,0.000000e+00,0.000000e+00,0.000000e+00,0.000000e+00,0.000000e+00,0.000000e+00,0.000000e+00,0.000000e+00,0.000000e+00,0.000000e+00,0.000000e+00,0.000000e+00,0.000000e+00,0.000000e+00,0.000000e+00,0.000000e+00
1.060000e+02,-1,5.000000e-01,5.000000e-01,5.000000e-01,5.000000e-01,5.000000e-01,5.000000e-01,5.000000e-01,5.000000e-01,5.000000e-01,5.000000e-01,5.000000e-01,5.000000e-01,5.000000e-01,5.000000e-01,5.000000e-01,5.000000e-01,5.000000e-01,5.000000e-01,0.000000e+00,0.000000e+00,0.000000e+00,0.000000e+00,0.000000e+00,0.000000e+00,0.000000e+00,0.000000e+00,0.000000e+00,0.000000e+00,0.000000e+00,0.000000e+00,0.000000e+00,0.000000e+00,0.000000e+00,0.000000e+00,0.000000e+00,0.000000e+00
1.061000e+02,-1,5.000000e-01,5.000000e-01,5.000000e-01,5.000000e-01,5.000000e-01,5.000000e-01,5.000000e-01,5.000000e-01,5.000000e-01,5.000000e-01,5.000000e-01,5.000000e-01,5.000000e-01,5.000000e-01,5.000000e-01,5.000000e-01,5.000000e-01,5.000000e-01,0.000000e+00,0.000000e+00,0.000000e+00,0.000000e+00,0.000000e+00,0.000000e+00,0.000000e+00,0.000000e+00,0.000000e+00,0.000000e+00,0.000000e+00,0.000000e+00,0.000000e+00,0.000000e+00,0.000000e+00,0.000000e+00,0.000000e+00,0.000000e+00
1.062000e+02,-1,5.000000e-01,5.000000e-01,5.000000e-01,5.000000e-01,5.000000e-01,5.000000e-01,5.000000e-01,5.000000e-01,5.000000e-01,5.000000e-01,5.000000e-01,5.000000e-01,5.000000e-01,5.000000e-01,5.000000e-01,5.000000e-01,5.000000e-01,5.000000e-01,0.000000e+00,0.000000e+00,0.000000e+00,0.000000e+00,0.000000e+00,0.000000e+00,0.000000e+00,0.000000e+00,0.000000e+00,0.000000e+00,0.000000e+00,0.000000e+00,0.000000e+00,0.000000e+00,0.000000e+00,0.000000e+00,0.000000e+00,0.000000e+00
1.063000e+02,-1,5.000000e-01,5.000000e-01,5.000000e-01,5.000000e-01,5.000000e-01,5.000000e-01,5.000000e-01,5.000000e-01,5.000000e-01,5.000000e-01,5.000000e-01,5.000000e-01,5.000000e-01,5.000000e-01,5.000000e-01,5.000000e-01,5.000000e-01,5.000000e-01,0.000000e+00,0.000000e+00,0.000000e+00,0.000000e+00,0.000000e+00,0.000000e+00,0.000000e+00,0.000000e+00,0.000000e+00,0.000000e+00,0.000000e+00,0.000000e+00,0.000000e+00,0.000000e+00,0.000000e+00,0.000000e+00,0.000000e+00,0.000000e+00
1.064000e+02,-1,5.000000e-01,5.000000e-01,5.000000e-01,5.000000e-01,5.000000e-01,5.000000e-01,5.000000e-01,5.000000e-01,5.000000e-01,5.000000e-01,5.000000e-01,5.000000e-01,5.000000e-01,5.000000e-01,5.000000e-01,5.000000e-01,5.000000e-01,5.000000e-01,0.000000e+00,0.000000e+00,0.000000e+00,0.000000e+00,0.000000e+00,0.000000e+00,0.000000e+00,0.000000e+00,0.000000e+00,0.000000e+00,0.000000e+00,0.000000e+00,0.000000e+00,0.000000e+00,0.000000e+00,0.000000e+00,0.000000e+00,0.000000e+00
1.065000e+02,-1,5.000000e-01,5.000000e-01,5.000000e-01,5.000000e-01,5.000000e-01,5.000000e-01,5.000000e-01,5.000000e-01,5.000000e-01,5.000000e-01,5.000000e-01,5.000000e-01,5.000000e-01,5.000000e-01,5.000000e-01,5.000000e-01,5.000000e-01,5.000000e-01,0.000000e+00,0.000000e+00,0.000000e+00,0.000000e+00,0.000000e+00,0.000000e+00,0.000000e+00,0.000000e+00,0.000000e+00,0.000000e+00,0.000000e+00,0.000000e+00,0.000000e+00,0.000000e+00,0.000000e+00,0.000000e+00,0.000000e+00,0.000000e+00
1.066000e+02,-1,5.000000e-01,5.000000e-01,5.000000e-01,5.000000e-01,5.000000e-01,5.000000e-01,5.000000e-01,5.000000e-01,5.000000e-01,5.000000e-01,5.000000e-01,5.000000e-01,5.000000e-01,5.000000e-01,5.000000e-01,5.000000e-01,5.000000e-01,5.000000e-01,0.000000e+00,0.000000e+00,0.000000e+00,0.000000e+00,0.000000e+00,0.000000e+00,0.000000e+00,0.000000e+00,0.000000e+00,0.000000e+00,0.000000e+00,0.000000e+00,0.000000e+00,0.000000e+00,0.000000e+00,0.000000e+00,0.000000e+00,0.000000e+00
1.067000e+02,-1,5.000000e-01,5.000000e-01,5.000000e-01,5.000000e-01,5.000000e-01,5.000000e-01,5.000000e-01,5.000000e-01,5.000000e-01,5.000000e-01,5.000000e-01,5.000000e-01,5.000000e-01,5.000000e-01,5.000000e-01,5.000000e-01,5.000000e-01,5.000000e-01,0.000000e+00,0.000000e+00,0.000000e+00,0.000000e+00,0.000000e+00,0.000000e+00,0.000000e+00,0.000000e+00,0.000000e+00,0.000000e+00,0.000000e+00,0.000000e+00,0.000000e+00,0.000000e+00,0.000000e+00,0.000000e+00,0.000000e+00,0.000000e+00
1.068000e+02,-1,5.000000e-01,5.000000e-01,5.000000e-01,5.000000e-01,5.000000e-01,5.000000e-01,5.000000e-01,5.000000e-01,5.000000e-01,5.000000e-01,5.000000e-01,5.000000e-01,5.000000e-01,5.000000e-01,5.000000e-01,5.000000e-01,5.000000e-01,5.000000e-01,0.000000e+00,0.000000e+00,0.000000e+00,0.000000e+00,0.000000e+00,0.000000e+00,0.000000e+00,0.000000e+00,0.000000e+00,0.000000e+00,0.000000e+00,0.000000e+00,0.000000e+00,0.000000e+00,0.000000e+00,0.000000e+00,0.000000e+00,0.000000e+00
1.069000e+02,5,5.000000e-01,5.000000e-01,5.000000e-01,5.000000e-01,5.000000e-01,4.286570e-02,5.000000e-01,5.000000e-01,5.000000e-01,5.000000e-01,5.000000e-01,5.000000e-01,5.000000e-01,5.000000e-01,5.000000e-01,5.000000e-01,5.000000e-01,5.000000e-01,0.000000e+00,0.000000e+00,0.000000e+00,0.000000e+00,0.000000e+00,1.665335e-16,0.000000e+00,0.000000e+00,0.000000e+00,0.000000e+00,0.000000e+00,0.000000e+00,0.000000e+00,0.000000e+00,0.000000e+00,0.000000e+00,0.000000e+00,0.000000e+00
1.070000e+02,5,5.000000e-01,5.000000e-01,5.000000e-01,5.000000e-01,5.000000e-01,1.999084e-02,5.000000e-01,5.000000e-01,5.000000e-01,5.000000e-01,5.000000e-01,5.000000e-01,5.000000e-01,5.000000e-01,5.000000e-01,5.000000e-01,5.000000e-01,5.000000e-01,0.000000e+00,0.000000e+00,0.000000e+00,0.000000e+00,0.000000e+00,2.892207e-08,0.000000e+00,0.000000e+00,0.000000e+00,0.000000e+00,0.000000e+00,0.000000e+00,0.000000e+00,0.000000e+00,0.000000e+00,0.000000e+00,0.000000e+00,0.000000e+00
1.071000e+02,5,5.000000e-01,5.000000e-01,5.000000e-01,5.000000e-01,5.000000e-01,7.086335e-03,5.000000e-01,5.000000e-01,5.000000e-01,5.000000e-01,5.000000e-01,5.000000e-01,5.000000e-01,5.000000e-01,5.000000e-01,5.000000e-01,5.000000e-01,5.000000e-01,0.000000e+00,0.000000e+00,0.000000e+00,0.000000e+00,0.000000e+00,1.014639e-03,0.000000e+00,0.000000e+00,0.000000e+00,0.000000e+00,0.000000e+00,0.000000e+00,0.000000e+00,0.000000e+00,0.000000e+00,0.000000e+00,0.000000e+00,0.000000e+00
1.072000e+02,5,5.000000e-01,5.000000e-01,5.000000e-01,5.000000e-01,5.000000e-01,1.725222e-03,5.000000e-01,5.000000e-01,5.000000e-01,5.000000e-01,5.000000e-01,5.000000e-01,5.000000e-01,5.000000e-01,5.000000e-01,5.000000e-01,5.000000e-01,5.000000e-01,0.000000e+00,0.000000e+00,0.000000e+00,0.000000e+00,0.000000e+00,7.537028e-02,0.000000e+00,0.000000e+00,0.000000e+00,0.000000e+00,0.000000e+00,0.000000e+00,0.000000e+00,0.000000e+00,0.000000e+00,0.000000e+00,0.000000e+00,0.000000e+00
1.073000e+02,5,5.000000e-01,5.000000e-01,5.000000e-01,5.000000e-01,5.000000e-01,2.524933e-04,5.000000e-01,5.000000e-01,5.000000e-01,5.000000e-01,5.000000e-01,5.000000e-01,5.000000e-01,5.000000e-01,5.000000e-01,5.000000e-01,5.000000e-01,5.000000e-01,0.000000e+00,0.000000e+00,0.000000e+00,0.000000e+00,0.000000e+00,2.451235e-01,0.000000e+00,0.000000e+00,0.000000e+00,0.000000e+00,0.000000e+00,0.000000e+00,0.000000e+00,0.000000e+00,0.000000e+00,0.000000e+00,0.000000e+00,0.000000e+00
1.074000e+02,5,5.000000e-01,5.000000e-01,5.000000e-01,5.000000e-01,5.000000e-01,1.875952e-05,5.000000e-01,5.000000e-01,5.000000e-01,5.000000e-01,5.000000e-01,5.000000e-01,5.000000e-01,5.000000e-01,5.000000e-01,5.000000e-01,5.000000e-01,5.000000e-01,0.000000e+00,0.000000e+00,0.000000e+00,0.000000e+00,0.000000e+00,2.955313e-01,0.000000e+00,0.000000e+00,0.000000e+00,0.000000e+00,0.000000e+00,0.000000e+00,0.000000e+00,0.000000e+00,0.000000e+00,0.000000e+00,0.000000e+00,0.000000e+00
1.075000e+02,5,5.000000e-01,5.000000e-01,5.000000e-01,5.000000e-01,5.000000e-01,5.766381e-07,5.000000e-01,5.000000e-01,5.000000e-01,5.000000e-01,5.000000e-01,5.000000e-01,5.000000e-01,5.000000e-01,5.000000e-01,5.000000e-01,5.000000e-01,5.000000e-01,0.000000e+00,0.000000e+00,0.000000e+00,0.000000e+00,0.000000e+00,2.998616e-01,0.000000e+00,0.000000e+00,0.000000e+00,0.000000e+00,0.000000e+00,0.000000e+00,0.000000e+00,0.000000e+00,0.000000e+00,0.000000e+00,0.000000e+00,0.000000e+00
1.076000e+02,5,5.000000e-01,5.000000e-01,5.000000e-01,5.000000e-01,5.000000e-01,5.816751e-09,5.000000e-01,5.000000e-01,5.000000e-01,5.000000e-01,5.000000e-01,5.000000e-01,5.000000e-01,5.000000e-01,5.000000e-01,5.000000e-01,5.000000e-01,5.000000e-01,0.000000e+00,0.000000e+00,0.000000e+00,0.000000e+00,0.000000e+00,2.999986e-01,0.000000e+00,0.000000e+00,0.000000e+00,0.000000e+00,0.000000e+00,0.000000e+00,0.000000e+00,0.000000e+00,0.000000e+00,0.000000e+00,0.000000e+00,0.000000e+00
1.077000e+02,5,5.000000e-01,5.000000e-01,5.000000e-01,5.000000e-01,5.000000e-01,1.518952e-11,5.000000e-01,5.000000e-01,5.000000e-01,5.000000e-01,5.000000e-01,5.000000e-01,5.000000e-01,5.000000e-01,5.000000e-01,5.000000e-01,5.000000e-01,5.000000e-01,0.000000e+00,0.000000e+00,0.000000e+00,0.000000e+00,0.000000e+00,3.000000e-01,0.000000e+00,0.000000e+00,0.000000e+00,0.000000e+00,0.000000e+00,0.000000e+00,0.000000e+00,0.000000e+00,0.000000e+00,0.000000e+00,0.000000e+00,0.000000e+00
1.078000e+02,5,5.000000e-01,5.000000e-01,5.000000e-01,5.000000e-01,5.000000e-01,8.378674e-15,5.000000e-01,5.000000e-01,5.000000e-01,5.000000e-01,5.000000e-01,5.000000e-01,5.000000e-01,5.000000e-01,5.000000e-01,5.000000e-01,5.000000e-01,5.000000e-01,0.000000e+00,0.000000e+00,0.000000e+00,0.000000e+00,0.000000e+00,3.000000e-01,0.000000e+00,0.000000e+00,0.000000e+00,0.000000e+00,0.000000e+00,0.000000e+00,0.000000e+00,0.000000e+00,0.000000e+00,0.000000e+00,0.000000e+00,0.000000e+00
1.079000e+02,5,5.000000e-01,5.000000e-01,5.000000e-01,5.000000e-01,5.000000e-01,8.743952e-19,5.000000e-01,5.000000e-01,5.000000e-01,5.000000e-01,5.000000e-01,5.000000e-01,5.000000e-01,5.000000e-01,5.000000e-01,5.000000e-01,5.000000e-01,5.000000e-01,0.000000e+00,0.000000e+00,0.000000e+00,0.000000e+00,0.000000e+00,3.000000e-01,0.000000e+00,0.000000e+00,0.000000e+00,0.000000e+00,0.000000e+00,0.000000e+00,0.000000e+00,0.000000e+00,0.000000e+00,0.000000e+00,0.000000e+00,0.000000e+00
1.080000e+02,5,5.000000e-01,5.000000e-01,5.000000e-01,5.000000e-01,5.000000e-01,1.830276e-23,5.000000e-01,5.000000e-01,5.000000e-01,5.000000e-01,5.000000e-01,5.000000e-01,5.000000e-01,5.000000e-01,5.000000e-01,5.000000e-01,5.000000e-01,5.000000e-01,0.000000e+00,0.000000e+00,0.000000e+00,0.000000e+00,0.000000e+00,3.000000e-01,0.000000e+00,0.000000e+00,0.000000e+00,0.000000e+00,0.000000e+00,0.000000e+00,0.000000e+00,0.000000e+00,0.000000e+00,0.000000e+00,0.000000e+00,0.000000e+00
1.081000e+02,5,5.000000e-01,5.000000e-01,5.000000e-01,5.000000e-01,5.000000e-01,1.333650e-19,5.000000e-01,5.000000e-01,5.000000e-01,5.000000e-01,5.000000e-01,5.000000e-01,5.000000e-01,5.000000e-01,5.000000e-01,5.000000e-01,5.000000e-01,5.000000e-01,0.000000e+00,0.000000e+00,0.000000e+00,0.000000e+00,0.000000e+00,3.000000e-01,0.000000e+00,0.000000e+00,0.000000e+00,0.000000e+00,0.000000e+00,0.000000e+00,0.000000e+00,0.000000e+00,0.000000e+00,0.000000e+00,0.000000e+00,0.000000e+00
1.082000e+02,5,5.000000e-01,5.000000e-01,5.000000e-01,5.000000e-01,5.000000e-01,4.888123e-16,5.000000e-01,5.000000e-01,5.000000e-01,5.000000e-01,5.000000e-01,5.000000e-01,5.000000e-01,5.000000e-01,5.000000e-01,5.000000e-01,5.000000e-01,5.000000e-01,0.000000e+00,0.000000e+00,0.000000e+00,0.000000e+00,0.000000e+00,3.000000e-01,0.000000e+00,0.000000e+00,0.000000e+00,0.000000e+00,0.000000e+00,0.000000e+00,0.000000e+00,0.000000e+00,0.000000e+00,0.000000e+00,0.000000e+00,0.000000e+00
1.083000e+02,5,5.000000e-01,5.000000e-01,5.000000e-01,5.000000e-01,5.000000e-01,6.550033e-13,5.000000e-01,5.000000e-01,5.000000e-01,5.000000e-01,5.000000e-01,5.000000e-01,5.000000e-01,5.000000e-01,5.000000e-01,5.000000e-01,5.000000e-01,5.000000e-01,0.000000e+00,0.000000e+00,0.000000e+00,0.000000e+00,0.000000e+00,3.000000e-01,0.000000e+00,0.000000e+00,0.000000e+00,0.000000e+00,0.000000e+00,0.000000e+00,0.000000e+00,0.000000e+00,0.000000e+00,0.000000e+00,0.000000e+00,0.000000e+00
1.084000e+02,5,5.000000e-01,5.000000e-01,5.000000e-01,5.000000e-01,5.000000e-01,2.810581e-10,5.000000e-01,5.000000e-01,5.000000e-01,5.000000e-01,5.000000e-01,5.000000e-01,5.000000e-01,5.000000e-01,5.000000e-01,5.000000e-01,5.000000e-01,5.000000e-01,0.000000e+00,0.000000e+00,0.000000e+00,0.000000e+00,0.000000e+00,2.999999e-01,0.000000e+00,0.000000e+00,0.000000e+00,0.000000e+00,0.000000e+00,0.000000e+00,0.000000e+00,0.000000e+00,0.000000e+00,0.000000e+00,0.000000e+00,0.000000e+00
1.085000e+02,5,5.000000e-01,5.000000e-01,5.000000e-01,5.000000e-01,5.000000e-01,3.900256e-08,5.000000e-01,5.000000e-01,5.000000e-01,5.000000e-01,5.000000e-01,5.000000e-01,5.000000e-01,5.000000e-01,5.000000e-01,5.000000e-01,5.000000e-01,5.000000e-01,0.000000e+00,0.000000e+00,0.000000e+00,0.000000e+00,0.000000e+00,2.999906e-01,0.000000e+00,0.000000e+00,0.000000e+00,0.000000e+00,0.000000e+00,0.000000e+00,0.000000e+00,0.000000e+00,0.000000e+00,0.000000e+00,0.000000e+00,0.000000e+00
1.086000e+02,5,5.000000e-01,5.000000e-01,5.000000e-01,5.000000e-01,5.000000e-01,1.937048e-06,5.000000e-01,5.000000e-01,5.000000e-01,5.000000e-01,5.000000e-01,5.000000e-01,5.000000e-01,5.000000e-01,5.000000e-01,5.000000e-01,5.000000e-01,5.000000e-01,0.000000e+00,0.000000e+00,0.000000e+00,0.000000e+00,0.000000e+00,2.995355e-01,0.000000e+00,0.000000e+00,0.000000e+00,0.000000e+00,0.000000e+00,0.000000e+00,0.000000e+00,0.000000e+00,0.000000e+00,0.000000e+00,0.000000e+00,0.000000e+00
1.087000e+02,5,5.000000e-01,5.000000e-01,5.000000e-01,5.000000e-01,5.000000e-01,3.990174e-05,5.000000e-01,5.000000e-01,5.000000e-01,5.000000e-01,5.000000e-01,5.000000e-01,5.000000e-01,5.000000e-01,5.000000e-01,5.000000e-01,5.000000e-01,5.000000e-01,0.000000e+00,0.000000e+00,0.000000e+00,0.000000e+00,0.000000e+00,2.905746e-01,0.000000e+00,0.000000e+00,0.000000e+00,0.000000e+00,0.000000e+00,0.000000e+00,0.000000e+00,0.000000e+00,0.000000e+00,0.000000e+00,0.000000e+00,0.000000e+00
1.088000e+02,5,5.000000e-01,5.000000e-01,5.000000e-01,5.000000e-01,5.000000e-01,4.000388e-04,5.000000e-01,5.000000e-01,5.000000e-01,5.000000e-01,5.000000e-01,5.000000e-01,5.000000e-01,5.000000e-01,5.000000e-01,5.000000e-01,5.000000e-01,5.000000e-01,0.000000e+00,0.000000e+00,0.000000e+00,0.000000e+00,0.000000e+00,2.178240e-01,0.000000e+00,0.000000e+00,0.000000e+00,0.000000e+00,0.000000e+00,0.000000e+00,0.000000e+00,0.000000e+00,0.000000e+00,0.000000e+00,0.000000e+00,0.000000e+00
1.089000e+02,5,5.000000e-01,5.000000e-01,5.000000e-01,5.000000e-01,5.000000e-01,2.270131e-03,5.000000e-01,5.000000e-01,5.000000e-01,5.000000e-01,5.000000e-01,5.000000e-01,5.000000e-01,5.000000e-01,5.000000e-01,5.000000e-01,5.000000e-01,5.000000e-01,0.000000e+00,0.000000e+00,0.000000e+00,0.000000e+00,0.000000e+00,4.869679e-02,0.000000e+00,0.000000e+00,0.000000e+00,0.000000e+00,0.000000e+00,0.000000e+00,0.000000e+00,0.000000e+00,0.000000e+00,0.000000e+00,0.000000e+00,0.000000e+00
1.090000e+02,5,5.000000e-01,5.000000e-01,5.000000e-01,5.000000e-01,5.000000e-01,8.312927e-03,5.000000e-01,5.000000e-01,5.000000e-01,5.000000e-01,5.000000e-01,5.000000e-01,5.000000e-01,5.000000e-01,5.000000e-01,5.000000e-01,5.000000e-01,5.000000e-01,0.000000e+00,0.000000e+00,0.000000e+00,0.000000e+00,0.000000e+00,3.774356e-04,0.000000e+00,0.000000e+00,0.000000e+00,0.000000e+00,0.000000e+00,0.000000e+00,0.000000e+00,0.000000e+00,0.000000e+00,0.000000e+00,0.000000e+00,0.000000e+00
1.091000e+02,5,5.000000e-01,5.000000e-01,5.000000e-01,5.000000e-01,5.000000e-01,2.186984e-02,5.000000e-01,5.000000e-01,5.000000e-01,5.000000e-01,5.000000e-01,5.000000e-01,5.000000e-01,5.000000e-01,5.000000e-01,5.000000e-01,5.000000e-01,5.000000e-01,0.000000e+00,0.000000e+00,0.000000e+00,0.000000e+00,0.000000e+00,6.229343e-09,0.000000e+00,0.000000e+00,0.000000e+00,0.000000e+00,0.000000e+00,0.000000e+00,0.000000e+00,0.000000e+00,0.000000e+00,0.000000e+00,0.000000e+00,0.000000e+00
1.092000e+02,5,5.000000e-01,5.000000e-01,5.000000e-01,5.000000e-01,5.000000e-01,4.497692e-02,5.000000e-01,5.000000e-01,5.000000e-01,5.000000e-01,5.000000e-01,5.000000e-01,5.000000e-01,5.000000e-01,5.000000e-01,5.000000e-01,5.000000e-01,5.000000e-01,0.000000e+00,0.000000e+00,0.000000e+00,0.000000e+00,0.000000e+00,3.330669e-17,0.000000e+00,0.000000e+00,0.000000e+00,0.000000e+00,0.000000e+00,0.000000e+00,0.000000e+00,0.000000e+00,0.000000e+00,0.000000e+00,0.000000e+00,0.000000e+00
1.093000e+02,-1,5.000000e-01,5.000000e-01,5.000000e-01,5.000000e-01,5.000000e-01,5.000000e-01,5.000000e-01,5.000000e-01,5.000000e-01,5.000000e-01,5.000000e-01,5.000000e-01,5.000000e-01,5.000000e-01,5.000000e-01,5.000000e-01,5.000000e-01,5.000000e-01,0.000000e+00,0.000000e+00,0.000000e+00,0.000000e+00,0.000000e+00,0.000000e+00,0.000000e+00,0.000000e+00,0.000000e+00,0.000000e+00,0.000000e+00,0.000000e+00,0.000000e+00,0.000000e+00,0.000000e+00,0.000000e+00,0.000000e+00,0.000000e+00
1.094000e+02,-1,5.000000e-01,5.000000e-01,5.000000e-01,5.000000e-01,5.000000e-01,5.000000e-01,5.000000e-01,5.000000e-01,5.000000e-01,5.000000e-01,5.000000e-01,5.000000e-01,5.000000e-01,5.000000e-01,5.000000e-01,5.000000e-01,5.000000e-01,5.000000e-01,0.000000e+00,0.000000e+00,0.000000e+00,0.000000e+00,0.000000e+00,0.000000e+00,0.000000e+00,0.000000e+00,0.000000e+00,0.000000e+00,0.000000e+00,0.000000e+00,0.000000e+00,0.000000e+00,0.000000e+00,0.000000e+00,0.000000e+00,0.000000e+00
1.095000e+02,-1,5.000000e-01,5.000000e-01,5.000000e-01,5.000000e-01,5.000000e-01,5.000000e-01,5.000000e-01,5.000000e-01,5.000000e-01,5.000000e-01,5.000000e-01,5.000000e-01,5.000000e-01,5.000000e-01,5.000000e-01,5.000000e-01,5.000000e-01,5.000000e-01,0.000000e+00,0.000000e+00,0.000000e+00,0.000000e+00,0.000000e+00,0.000000e+00,0.000000e+00,0.000000e+00,0.000000e+00,0.000000e+00,0.000000e+00,0.000000e+00,0.000000e+00,0.000000e+00,0.000000e+00,0.000000e+00,0.000000e+00,0.000000e+00
1.096000e+02,-1,5.000000e-01,5.000000e-01,5.000000e-01,5.000000e-01,5.000000e-01,5.000000e-01,5.000000e-01,5.000000e-01,5.000000e-01,5.000000e-01,5.000000e-01,5.000000e-01,5.000000e-01,5.000000e-01,5.000000e-01,5.000000e-01,5.000000e-01,5.000000e-01,0.000000e+00,0.000000e+00,0.000000e+00,0.000000e+00,0.000000e+00,0.000000e+00,0.000000e+00,0.000000e+00,0.000000e+00,0.000000e+00,0.000000e+00,0.000000e+00,0.000000e+00,0.000000e+00,0.000000e+00,0.000000e+00,0.000000e+00,0.000000e+00
1.097000e+02,-1,5.000000e-01,5.000000e-01,5.000000e-01,5.000000e-01,5.000000e-01,5.000000e-01,5.000000e-01,5.000000e-01,5.000000e-01,5.000000e-01,5.000000e-01,5.000000e-01,5.000000e-01,5.000000e-01,5.000000e-01,5.000000e-01,5.000000e-01,5.000000e-01,0.000000e+00,0.000000e+00,0.000000e+00,0.000000e+00,0.000000e+00,0.000000e+00,0.000000e+00,0.000000e+00,0.000000e+00,0.000000e+00,0.000000e+00,0.000000e+00,0.000000e+00,0.000000e+00,0.000000e+00,0.000000e+00,0.000000e+00,0.000000e+00
1.098000e+02,-1,5.000000e-01,5.000000e-01,5.000000e-01,5.000000e-01,5.000000e-01,5.000000e-01,5.000000e-01,5.000000e-01,5.000000e-01,5.000000e-01,5.000000e-01,5.000000e-01,5.000000e-01,5.000000e-01,5.000000e-01,5.000000e-01,5.000000e-01,5.000000e-01,0.000000e+00,0.000000e+00,0.000000e+00,0.000000e+00,0.000000e+00,0.000000e+00,0.000000e+00,0.000000e+00,0.000000e+00,0.000000e+00,0.000000e+00,0.000000e+00,0.000000e+00,0.000000e+00,0.000000e+00,0.000000e+00,0.000000e+00,0.000000e+00
1.099000e+02,-1,5.000000e-01,5.000000e-01,5.000000e-01,5.000000e-01,5.000000e-01,5.000000e-01,5.000000e-01,5.000000e-01,5.000000e-01,5.000000e-01,5.000000e-01,5.000000e-01,5.000000e-01,5.000000e-01,5.000000e-01,5.000000e-01,5.000000e-01,5.000000e-01,0.000000e+00,0.000000e+00,0.000000e+00,0.000000e+00,0.000000e+00,0.000000e+00,0.000000e+00,0.000000e+00,0.000000e+00,0.000000e+00,0.000000e+00,0.000000e+00,0.000000e+00,0.000000e+00,0.000000e+00,0.000000e+00,0.000000e+00,0.000000e+00
1.100000e+02,-1,5.000000e-01,5.000000e-01,5.000000e-01,5.000000e-01,5.000000e-01,5.000000e-01,5.000000e-01,5.000000e-01,5.000000e-01,5.000000e-01,5.000000e-01,5.000000e-01,5.000000e-01,5.000000e-01,5.000000e-01,5.000000e-01,5.000000e-01,5.000000e-01,0.000000e+00,0.000000e+00,0.000000e+00,0.000000e+00,0.000000e+00,0.000000e+00,0.000000e+00,0.000000e+00,0.000000e+00,0.000000e+00,0.000000e+00,0.000000e+00,0.000000e+00,0.000000e+00,0.000000e+00,0.000000e+00,0.000000e+00,0.000000e+00
1.101000e+02,-1,5.000000e-01,5.000000e-01,5.000000e-01,5.000000e-01,5.000000e-01,5.000000e-01,5.000000e-01,5.000000e-01,5.000000e-01,5.000000e-01,5.000000e-01,5.000000e-01,5.000000e-01,5.000000e-01,5.000000e-01,5.000000e-01,5.000000e-01,5.000000e-01,0.000000e+00,0.000000e+00,0.000000e+00,0.000000e+00,0.000000e+00,0.000000e+00,0.000000e+00,0.000000e+00,0.000000e+00,0.000000e+00,0.000000e+00,0.000000e+00,0.000000e+00,0.000000e+00,0.000000e+00,0.000000e+00,0.000000e+00,0.000000e+00
1.102000e+02,4,5.000000e-01,5.000000e-01,5.000000e-01,5.000000e-01,3.418265e-02,5.000000e-01,5.000000e-01,5.000000e-01,5.000000e-01,5.000000e-01,5.000000e-01,5.000000e-01,5.000000e-01,5.000000e-01,5.000000e-01,5.000000e-01,5.000000e-01,5.000000e-01,0.000000e+00,0.000000e+00,0.000000e+00,0.000000e+00,2.472356e-13,0.000000e+00,0.000000e+00,0.000000e+00,0.000000e+00,0.000000e+00,0.000000e+00,0.000000e+00,0.000000e+00,0.000000e+00,0.000000e+00,0.000000e+00,0.000000e+00,0.000000e+00
1.103000e+02,4,5.000000e-01,5.000000e-01,5.000000e-01,5.000000e-01,1.740093e-02,5.000000e-01,5.000000e-01,5.000000e-01,5.000000e-01,5.000000e-01,5.000000e-01,5.000000e-01,5.000000e-01,5.000000e-01,5.000000e-01,5.000000e-01,5.000000e-01,5.000000e-01,0.000000e+00,0.000000e+00,0.000000e+00,0.000000e+00,2.388914e-07,0.000000e+00,0.000000e+00,0.000000e+00,0.000000e+00,0.000000e+00,0.000000e+00,0.000000e+00,0.000000e+00,0.000000e+00,0.000000e+00,0.000000e+00,0.000000e+00,0.000000e+00
1.104000e+02,4,5.000000e-01,5.000000e-01,5.000000e-01,5.000000e-01,7.471686e-03,5.000000e-01,5.000000e-01,5.000000e-01,5.000000e-01,5.000000e-01,5.000000e-01,5.000000e-01,5.000000e-01,5.000000e-01,5.000000e-01,5.000000e-01,5.000000e-01,5.000000e-01,0.000000e+00,0.000000e+00,0.000000e+00,0.000000e+00,7.437808e-04,0.000000e+00,0.000000e+00,0.000000e+00,0.000000e+00,0.000000e+00,0.000000e+00,0.000000e+00,0.000000e+00,0.000000e+00,0.000000e+00,0.000000e+00,0.000000e+00,0.000000e+00
1.105000e+02,4,5.000000e-01,5.000000e-01,5.000000e-01,5.000000e-01,2.621407e-03,5.000000e-01,5.000000e-01,5.000000e-01,5.000000e-01,5.000000e-01,5.000000e-01,5.000000e-01,5.000000e-01,5.000000e-01,5.000000e-01,5.000000e-01,5.000000e-01,5.000000e-01,0.000000e+00,0.000000e+00,0.000000e+00,0.000000e+00,3.674138e-02,0.000000e+00,0.000000e+00,0.000000e+00,0.000000e+00,0.000000e+00,0.000000e+00,0.000000e+00,0.000000e+00,0.000000e+00,0.000000e+00,0.000000e+00,0.000000e+00,0.000000e+00
1.106000e+02,4,5.000000e-01,5.000000e-01,5.000000e-01,5.000000e-01,7.296980e-04,5.000000e-01,5.000000e-01,5.000000e-01,5.000000e-01,5.000000e-01,5.000000e-01,5.000000e-01,5.000000e-01,5.000000e-01,5.000000e-01,5.000000e-01,5.000000e-01,5.000000e-01,0.000000e+00,0.000000e+00,0.000000e+00,0.000000e+00,1.673037e-01,0.000000e+00,0.000000e+00,0.000000e+00,0.000000e+00,0.000000e+00,0.000000e+00,0.000000e+00,0.000000e+00,0.000000e+00,0.000000e+00,0.000000e+00,0.000000e+00,0.000000e+00
1.107000e+02,4,5.000000e-01,5.000000e-01,5.000000e-01,5.000000e-01,1.577282e-04,5.000000e-01,5.000000e-01,5.000000e-01,5.000000e-01,5.000000e-01,5.000000e-01,5.000000e-01,5.000000e-01,5.000000e-01,5.000000e-01,5.000000e-01,5.000000e-01,5.000000e-01,0.000000e+00,0.000000e+00,0.000000e+00,0.000000e+00,2.644336e-01,0.000000e+00,0.000000e+00,0.000000e+00,0.000000e+00,0.000000e+00,0.000000e+00,0.000000e+00,0.000000e+00,0.000000e+00,0.000000e+00,0.000000e+00,0.000000e+00,0.000000e+00
1.108000e+02,4,5.000000e-01,5.000000e-01,5.000000e-01,5.000000e-01,2.631177e-05,5.000000e-01,5.000000e-01,5.000000e-01,5.000000e-01,5.000000e-01,5.000000e-01,5.000000e-01,5.000000e-01,5.000000e-01,5.000000e-01,5.000000e-01,5.000000e-01,5.000000e-01,0.000000e+00,0.000000e+00,0.000000e+00,0.000000e+00,2.937511e-01,0.000000e+00,0.000000e+00,0.000000e+00,0.000000e+00,0.000000e+00,0.000000e+00,0.000000e+00,0.000000e+00,0.000000e+00,0.000000e+00,0.000000e+00,0.000000e+00,0.000000e+00
1.109000e+02,4,5.000000e-01,5.000000e-01,5.000000e-01,5.000000e-01,3.447917e-06,5.000000e-01,5.000000e-01,5.000000e-01,5.000000e-01,5.000000e-01,5.000000e-01,5.000000e-01,5.000000e-01,5.000000e-01,5.000000e-01,5.000000e-01,5.000000e-01,5.000000e-01,0.000000e+00,0.000000e+00,0.000000e+00,0.000000e+00,2.991736e-01,0.000000e+00,0.000000e+00,0.000000e+00,0.000000e+00,0.000000e+00,0.000000e+00,0.000000e+00,0.000000e+00,0.000000e+00,0.000000e+00,0.000000e+00,0.000000e+00,0.000000e+00
1.110000e+02,4,5.000000e-01,5.000000e-01,5.000000e-01,5.000000e-01,3.730512e-07,5.000000e-01,5.000000e-01,5.000000e-01,5.000000e-01,5.000000e-01,5.000000e-01,5.000000e-01,5.000000e-01,5.000000e-01,5.000000e-01,5.000000e-01,5.000000e-01,5.000000e-01,0.000000e+00,0.000000e+00,0.000000e+00,0.000000e+00,2.999105e-01,0.000000e+00,0.000000e+00,0.000000e+00,0.000000e+00,0.000000e+00,0.000000e+00,0.000000e+00,0.000000e+00,0.000000e+00,0.000000e+00,0.000000e+00,0.000000e+00,0.000000e+00
1.111000e+02,4,5.000000e-01,5.000000e-01,5.000000e-01,5.000000e-01,2.485484e-07,5.000000e-01,5.000000e-01,5.000000e-01,5.000000e-01,5.000000e-01,5.000000e-01,5.000000e-01,5.000000e-01,5.000000e-01,5.000000e-01,5.000000e-01,5.000000e-01,5.000000e-01,0.000000e+00,0.000000e+00,0.000000e+00,0.000000e+00,2.999404e-01,0.000000e+00,0.000000e+00,0.000000e+00,0.000000e+00,0.000000e+00,0.000000e+00,0.000000e+00,0.000000e+00,0.000000e+00,0.000000e+00,0.000000e+00,0.000000e+00,0.000000e+00
1.112000e+02,4,5.000000e-01,5.000000e-01,5.000000e-01,5.000000e-01,2.377747e-07,5.000000e-01,5.000000e-01,5.000000e-01,5.000000e-01,5.000000e-01,5.000000e-01,5.000000e-01,5.000000e-01,5.000000e-01,5.000000e-01,5.000000e-01,5.000000e-01,5.000000e-01,0.000000e+00,0.000000e+00,0.000000e+00,0.000000e+00,2.999429e-01,0.000000e+00,0.000000e+00,0.000000e+00,0.000000e+00,0.000000e+00,0.000000e+00,0.000000e+00,0.000000e+00,0.000000e+00,0.000000e+00,0.000000e+00,0.000000e+00,0.000000e+00
1.113000e+02,4,5.000000e-01,5.000000e-01,5.000000e-01,5.000000e-01,3.279610e-07,5.000000e-01,5.000000e-01,5.000000e-01,5.000000e-01,5.000000e-01,5.000000e-01,5.000000e-01,5.000000e-01,5.000000e-01,5.000000e-01,5.000000e-01,5.000000e-01,5.000000e-01,0.000000e+00,0.000000e+00,0.000000e+00,0.000000e+00,2.999213e-01,0.000000e+00,0.000000e+00,0.000000e+00,0.000000e+00,0.000000e+00,0.000000e+00,0.000000e+00,0.000000e+00,0.000000e+00,0.000000e+00,0.000000e+00,0.000000e+00,0.000000e+00
1.114000e+02,4,5.000000e-01,5.000000e-01,5.000000e-01,5.000000e-01,6.331883e-07,5.000000e-01,5.000000e-01,5.000000e-01,5.000000e-01,5.000000e-01,5.000000e-01,5.000000e-01,5.000000e-01,5.000000e-01,5.000000e-01,5.000000e-01,5.000000e-01,5.000000e-01,0.000000e+00,0.000000e+00,0.000000e+00,0.000000e+00,2.998481e-01,0.000000e+00,0.000000e+00,0.000000e+00,0.000000e+00,0.000000e+00,0.000000e+00,0.000000e+00,0.000000e+00,0.000000e+00,0.000000e+00,0.000000e+00,0.000000e+00,0.000000e+00
1.115000e+02,4,5.000000e-01,5.000000e-01,5.000000e-01,5.000000e-01,1.614553e-06,5.000000e-01,5.000000e-01,5.000000e-01,5.000000e-01,5.000000e-01,5.000000e-01,5.000000e-01,5.000000e-01,5.000000e-01,5.000000e-01,5.000000e-01,5.000000e-01,5.000000e-01,0.000000e+00,0.000000e+00,0.000000e+00,0.000000e+00,2.996128e-01,0.000000e+00,0.000000e+00,0.000000e+00,0.000000e+00,0.000000e+00,0.000000e+00,0.000000e+00,0.000000e+00,0.000000e+00,0.000000e+00,0.000000e+00,0.000000e+00,0.000000e+00
1.116000e+02,4,5.000000e-01,5.000000e-01,5.000000e-01,5.000000e-01,5.034264e-06,5.000000e-01,5.000000e-01,5.000000e-01,5.000000e-01,5.000000e-01,5.000000e-01,5.000000e-01,5.000000e-01,5.000000e-01,5.000000e-01,5.000000e-01,5.000000e-01,5.000000e-01,0.000000e+00,0.000000e+00,0.000000e+00,0.000000e+00,2.987942e-01,0.000000e+00,0.000000e+00,0.000000e+00,0.000000e+00,0.000000e+00,0.000000e+00,0.000000e+00,0.000000e+00,0.000000e+00,0.000000e+00,0.000000e+00,0.000000e+00,0.000000e+00
1.117000e+02,4,5.000000e-01,5.000000e-01,5.000000e-01,5.000000e-01,1.764529e-05,5.000000e-01,5.000000e-01,5.000000e-01,5.000000e-01,5.000000e-01,5.000000e-01,5.000000e-01,5.000000e-01,5.000000e-01,5.000000e-01,5.000000e-01,5.000000e-01,5.000000e-01,0.000000e+00,0.000000e+00,0.000000e+00,0.000000e+00,2.957948e-01,0.000000e+00,0.000000e+00,0.000000e+00,0.000000e+00,0.000000e+00,0.000000e+00,0.000000e+00,0.000000e+00,0.000000e+00,0.000000e+00,0.000000e+00,0.000000e+00,0.000000e+00
1.118000e+02,4,5.000000e-01,5.000000e-01,5.000000e-01,5.000000e-01,6.416332e-05,5.000000e-01,5.000000e-01,5.000000e-01,5.000000e-01,5.000000e-01,5.000000e-01,5.000000e-01,5.000000e-01,5.000000e-01,5.000000e-01,5.000000e-01,5.000000e-01,5.000000e-01,0.000000e+00,0.000000e+00,0.000000e+00,0.000000e+00,2.849889e-01,0.000000e+00,0.000000e+00,0.000000e+00,0.000000e+00,0.000000e+00,0.000000e+00,0.000000e+00,0.000000e+00,0.000000e+00,0.000000e+00,0.000000e+00,0.000000e+00,0.000000e+00
1.119000e+02,4,5.000000e-01,5.000000e-01,5.000000e-01,5.000000e-01,2.261696e-04,5.000000e-01,5.000000e-01,5.000000e-01,5.000000e-01,5.000000e-01,5.000000e-01,5.000000e-01,5.000000e-01,5.000000e-01,5.000000e-01,5.000000e-01,5.000000e-01,5.000000e-01,0.000000e+00,0.000000e+00,0.000000e+00,0.000000e+00,2.503416e-01,0.000000e+00,0.000000e+00,0.000000e+00,0.000000e+00,0.000000e+00,0.000000e+00,0.000000e+00,0.000000e+00,0.000000e+00,0.000000e+00,0.000000e+00,0.000000e+00,0.000000e+00
1.120000e+02,4,5.000000e-01,5.000000e-01,5.000000e-01,5.000000e-01,7.345442e-04,5.000000e-01,5.000000e-01,5.000000e-01,5.000000e-01,5.000000e-01,5.000000e-01,5.000000e-01,5.000000e-01,5.000000e-01,5.000000e-01,5.000000e-01,5.000000e-01,5.000000e-01,0.000000e+00,0.000000e+00,0.000000e+00,0.000000e+00,1.666559e-01,0.000000e+00,0.000000e+00,0.000000e+00,0.000000e+00,0.000000e+00,0.000000e+00,0.000000e+00,0.000000e+00,0.000000e+00,0.000000e+00,0.000000e+00,0.000000e+00,0.000000e+00
1.121000e+02,4,5.000000e-01,5.000000e-01,5.000000e-01,5.000000e-01,2.127601e-03,5.000000e-01,5.000000e-01,5.000000e-01,5.000000e-01,5.000000e-01,5.000000e-01,5.000000e-01,5.000000e-01,5.000000e-01,5.000000e-01,5.000000e-01,5.000000e-01,5.000000e-01,0.000000e+00,0.000000e+00,0.000000e+00,0.000000e+00,5.459204e-02,0.000000e+00,0.000000e+00,0.000000e+00,0.000000e+00,0.000000e+00,0.000000e+00,0.000000e+00,0.000000e+00,0.000000e+00,0.000000e+00,0.000000e+00,0.000000e+00,0.000000e+00
1.122000e+02,4,5.000000e-01,5.000000e-01,5.000000e-01,5.000000e-01,5.408510e-03,5.000000e-01,5.000000e-01,5.000000e-01,5.000000e-01,5.000000e-01,5.000000e-01,5.000000e-01,5.000000e-01,5.000000e-01,5.000000e-01,5.000000e-01,5.000000e-01,5.000000e-01,0.000000e+00,0.000000e+00,0.000000e+00,0.000000e+00,3.916630e-03,0.000000e+00,0.000000e+00,0.000000e+00,0.000000e+00,0.000000e+00,0.000000e+00,0.000000e+00,0.000000e+00,0.000000e+00,0.000000e+00,0.000000e+00,0.000000e+00,0.000000e+00
1.123000e+02,4,5.000000e-01,5.000000e-01,5.000000e-01,5.000000e-01,1.203190e-02,5.000000e-01,5.000000e-01,5.000000e-01,5.000000e-01,5.000000e-01,5.000000e-01,5.000000e-01,5.000000e-01,5.000000e-01,5.000000e-01,5.000000e-01,5.000000e-01,5.000000e-01,0.000000e+00,0.000000e+00,0.000000e+00,0.000000e+00,1.868356e-05,0.000000e+00,0.000000e+00,0.000000e+00,0.000000e+00,0.000000e+00,0.000000e+00,0.000000e+00,0.000000e+00,0.000000e+00,0.000000e+00,0.000000e+00,0.000000e+00,0.000000e+00
1.124000e+02,4,5.000000e-01,5.000000e-01,5.000000e-01,5.000000e-01,2.357493e-02,5.000000e-01,5.000000e-01,5.000000e-01,5.000000e-01,5.000000e-01,5.000000e-01,5.000000e-01,5.000000e-01,5.000000e-01,5.000000e-01,5.000000e-01,5.000000e-01,5.000000e-01,0.000000e+00,0.000000e+00,0.000000e+00,0.000000e+00,1.542620e-09,0.000000e+00,0.000000e+00,0.000000e+00,0.000000e+00,0.000000e+00,0.000000e+00,0.000000e+00,0.000000e+00,0.000000e+00,0.000000e+00,0.000000e+00,0.000000e+00,0.000000e+00
1.125000e+02,4,5.000000e-01,5.000000e-01,5.000000e-01,5.000000e-01,4.117781e-02,5.000000e-01,5.000000e-01,5.000000e-01,5.000000e-01,5.000000e-01,5.000000e-01,5.000000e-01,5.000000e-01,5.000000e-01,5.000000e-01,5.000000e-01,5.000000e-01,5.000000e-01,0.000000e+00,0.000000e+00,0.000000e+00,0.000000e+00,7.327472e-16,0.000000e+00,0.000000e+00,0.000000e+00,0.000000e+00,0.000000e+00,0.000000e+00,0.000000e+00,0.000000e+00,0.000000e+00,0.000000e+00,0.000000e+00,0.000000e+00,0.000000e+00
1.126000e+02,-1,5.000000e-01,5.000000e-01,5.000000e-01,5.000000e-01,5.000000e-01,5.000000e-01,5.000000e-01,5.000000e-01,5.000000e-01,5.000000e-01,5.000000e-01,5.000000e-01,5.000000e-01,5.000000e-01,5.000000e-01,5.000000e-01,5.000000e-01,5.000000e-01,0.000000e+00,0.000000e+00,0.000000e+00,0.000000e+00,0.000000e+00,0.000000e+00,0.000000e+00,0.000000e+00,0.000000e+00,0.000000e+00,0.000000e+00,0.000000e+00,0.000000e+00,0.000000e+00,0.000000e+00,0.000000e+00,0.000000e+00,0.000000e+00
1.127000e+02,-1,5.000000e-01,5.000000e-01,5.000000e-01,5.000000e-01,5.000000e-01,5.000000e-01,5.000000e-01,5.000000e-01,5.000000e-01,5.000000e-01,5.000000e-01,5.000000e-01,5.000000e-01,5.000000e-01,5.000000e-01,5.000000e-01,5.000000e-01,5.000000e-01,0.000000e+00,0.000000e+00,0.000000e+00,0.000000e+00,0.000000e+00,0.000000e+00,0.000000e+00,0.000000e+00,0.000000e+00,0.000000e+00,0.000000e+00,0.000000e+00,0.000000e+00,0.000000e+00,0.000000e+00,0.000000e+00,0.000000e+00,0.000000e+00
1.128000e+02,-1,5.000000e-01,5.000000e-01,5.000000e-01,5.000000e-01,5.000000e-01,5.000000e-01,5.000000e-01,5.000000e-01,5.000000e-01,5.000000e-01,5.000000e-01,5.000000e-01,5.000000e-01,5.000000e-01,5.000000e-01,5.000000e-01,5.000000e-01,5.000000e-01,0.000000e+00,0.000000e+00,0.000000e+00,0.000000e+00,0.000000e+00,0.000000e+00,0.000000e+00,0.000000e+00,0.000000e+00,0.000000e+00,0.000000e+00,0.000000e+00,0.000000e+00,0.000000e+00,0.000000e+00,0.000000e+00,0.000000e+00,0.000000e+00
1.129000e+02,-1,5.000000e-01,5.000000e-01,5.000000e-01,5.000000e-01,5.000000e-01,5.000000e-01,5.000000e-01,5.000000e-01,5.000000e-01,5.000000e-01,5.000000e-01,5.000000e-01,5.000000e-01,5.000000e-01,5.000000e-01,5.000000e-01,5.000000e-01,5.000000e-01,0.000000e+00,0.000000e+00,0.000000e+00,0.000000e+00,0.000000e+00,0.000000e+00,0.000000e+00,0.000000e+00,0.000000e+00,0.000000e+00,0.000000e+00,0.000000e+00,0.000000e+00,0.000000e+00,0.000000e+00,0.000000e+00,0.000000e+00,0.000000e+00
1.130000e+02,-1,5.000000e-01,5.000000e-01,5.000000e-01,5.000000e-01,5.000000e-01,5.000000e-01,5.000000e-01,5.000000e-01,5.000000e-01,5.000000e-01,5.000000e-01,5.000000e-01,5.000000e-01,5.000000e-01,5.000000e-01,5.000000e-01,5.000000e-01,5.000000e-01,0.000000e+00,0.000000e+00,0.000000e+00,0.000000e+00,0.000000e+00,0.000000e+00,0.000000e+00,0.000000e+00,0.000000e+00,0.000000e+00,0.000000e+00,0.000000e+00,0.000000e+00,0.000000e+00,0.000000e+00,0.000000e+00,0.000000e+00,0.000000e+00
1.131000e+02,-1,5.000000e-01,5.000000e-01,5.000000e-01,5.000000e-01,5.000000e-01,5.000000e-01,5.000000e-01,5.000000e-01,5.000000e-01,5.000000e-01,5.000000e-01,5.000000e-01,5.000000e-01,5.000000e-01,5.000000e-01,5.000000e-01,5.000000e-01,5.000000e-01,0.000000e+00,0.000000e+00,0.000000e+00,0.000000e+00,0.000000e+00,0.000000e+00,0.000000e+00,0.000000e+00,0.000000e+00,0.000000e+00,0.000000e+00,0.000000e+00,0.000000e+00,0.000000e+00,0.000000e+00,0.000000e+00,0.000000e+00,0.000000e+00
1.132000e+02,-1,5.000000e-01,5.000000e-01,5.000000e-01,5.000000e-01,5.000000e-01,5.000000e-01,5.000000e-01,5.000000e-01,5.000000e-01,5.000000e-01,5.000000e-01,5.000000e-01,5.000000e-01,5.000000e-01,5.000000e-01,5.000000e-01,5.000000e-01,5.000000e-01,0.000000e+00,0.000000e+00,0.000000e+00,0.000000e+00,0.000000e+00,0.000000e+00,0.000000e+00,0.000000e+00,0.000000e+00,0.000000e+00,0.000000e+00,0.000000e+00,0.000000e+00,0.000000e+00,0.000000e+00,0.000000e+00,0.000000e+00,0.000000e+00
1.133000e+02,-1,5.000000e-01,5.000000e-01,5.000000e-01,5.000000e-01,5.000000e-01,5.000000e-01,5.000000e-01,5.000000e-01,5.000000e-01,5.000000e-01,5.000000e-01,5.000000e-01,5.000000e-01,5.000000e-01,5.000000e-01,5.000000e-01,5.000000e-01,5.000000e-01,0.000000e+00,0.000000e+00,0.000000e+00,0.000000e+00,0.000000e+00,0.000000e+00,0.000000e+00,0.000000e+00,0.000000e+00,0.000000e+00,0.000000e+00,0.000000e+00,0.000000e+00,0.000000e+00,0.000000e+00,0.000000e+00,0.000000e+00,0.000000e+00
1.134000e+02,-1,5.000000e-01,5.000000e-01,5.000000e-01,5.000000e-01,5.000000e-01,5.000000e-01,5.000000e-01,5.000000e-01,5.000000e-01,5.000000e-01,5.000000e-01,5.000000e-01,5.000000e-01,5.000000e-01,5.000000e-01,5.000000e-01,5.000000e-01,5.000000e-01,0.000000e+00,0.000000e+00,0.000000e+00,0.000000e+00,0.000000e+00,0.000000e+00,0.000000e+00,0.000000e+00,0.000000e+00,0.000000e+00,0.000000e+00,0.000000e+00,0.000000e+00,0.000000e+00,0.000000e+00,0.000000e+00,0.000000e+00,0.000000e+00
1.135000e+02,-1,5.000000e-01,5.000000e-01,5.000000e-01,5.000000e-01,5.000000e-01,5.000000e-01,5.000000e-01,5.000000e-01,5.000000e-01,5.000000e-01,5.000000e-01,5.000000e-01,5.000000e-01,5.000000e-01,5.000000e-01,5.000000e-01,5.000000e-01,5.000000e-01,0.000000e+00,0.000000e+00,0.000000e+00,0.000000e+00,0.000000e+00,0.000000e+00,0.000000e+00,0.000000e+00,0.000000e+00,0.000000e+00,0.000000e+00,0.000000e+00,0.000000e+00,0.000000e+00,0.000000e+00,0.000000e+00,0.000000e+00,0.000000e+00
1.136000e+02,-1,5.000000e-01,5.000000e-01,5.000000e-01,5.000000e-01,5.000000e-01,5.000000e-01,5.000000e-01,5.000000e-01,5.000000e-01,5.000000e-01,5.000000e-01,5.000000e-01,5.000000e-01,5.000000e-01,5.000000e-01,5.000000e-01,5.000000e-01,5.000000e-01,0.000000e+00,0.000000e+00,0.000000e+00,0.000000e+00,0.000000e+00,0.000000e+00,0.000000e+00,0.000000e+00,0.000000e+00,0.000000e+00,0.000000e+00,0.000000e+00,0.000000e+00,0.000000e+00,0.000000e+00,0.000000e+00,0.000000e+00,0.000000e+00
1.137000e+02,-1,5.000000e-01,5.000000e-01,5.000000e-01,5.000000e-01,5.000000e-01,5.000000e-01,5.000000e-01,5.000000e-01,5.000000e-01,5.000000e-01,5.000000e-01,5.000000e-01,5.000000e-01,5.000000e-01,5.000000e-01,5.000000e-01,5.000000e-01,5.000000e-01,0.000000e+00,0.000000e+00,0.000000e+00,0.000000e+00,0.000000e+00,0.000000e+00,0.000000e+00,0.000000e+00,0.000000e+00,0.000000e+00,0.000000e+00,0.000000e+00,0.000000e+00,0.000000e+00,0.000000e+00,0.000000e+00,0.000000e+00,0.000000e+00
1.138000e+02,-1,5.000000e-01,5.000000e-01,5.000000e-01,5.000000e-01,5.000000e-01,5.000000e-01,5.000000e-01,5.000000e-01,5.000000e-01,5.000000e-01,5.000000e-01,5.000000e-01,5.000000e-01,5.000000e-01,5.000000e-01,5.000000e-01,5.000000e-01,5.000000e-01,0.000000e+00,0.000000e+00,0.000000e+00,0.000000e+00,0.000000e+00,0.000000e+00,0.000000e+00,0.000000e+00,0.000000e+00,0.000000e+00,0.000000e+00,0.000000e+00,0.000000e+00,0.000000e+00,0.000000e+00,0.000000e+00,0.000000e+00,0.000000e+00
1.139000e+02,-1,5.000000e-01,5.000000e-01,5.000000e-01,5.000000e-01,5.000000e-01,5.000000e-01,5.000000e-01,5.000000e-01,5.000000e-01,5.000000e-01,5.000000e-01,5.000000e-01,5.000000e-01,5.000000e-01,5.000000e-01,5.000000e-01,5.000000e-01,5.000000e-01,0.000000e+00,0.000000e+00,0.000000e+00,0.000000e+00,0.000000e+00,0.000000e+00,0.000000e+00,0.000000e+00,0.000000e+00,0.000000e+00,0.000000e+00,0.000000e+00,0.000000e+00,0.000000e+00,0.000000e+00,0.000000e+00,0.000000e+00,0.000000e+00
1.140000e+02,-1,5.000000e-01,5.000000e-01,5.000000e-01,5.000000e-01,5.000000e-01,5.000000e-01,5.000000e-01,5.000000e-01,5.000000e-01,5.000000e-01,5.000000e-01,5.000000e-01,5.000000e-01,5.000000e-01,5.000000e-01,5.000000e-01,5.000000e-01,5.000000e-01,0.000000e+00,0.000000e+00,0.000000e+00,0.000000e+00,0.000000e+00,0.000000e+00,0.000000e+00,0.000000e+00,0.000000e+00,0.000000e+00,0.000000e+00,0.000000e+00,0.000000e+00,0.000000e+00,0.000000e+00,0.000000e+00,0.000000e+00,0.000000e+00
1.141000e+02,-1,5.000000e-01,5.000000e-01,5.000000e-01,5.000000e-01,5.000000e-01,5.000000e-01,5.000000e-01,5.000000e-01,5.000000e-01,5.000000e-01,5.000000e-01,5.000000e-01,5.000000e-01,5.000000e-01,5.000000e-01,5.000000e-01,5.000000e-01,5.000000e-01,0.000000e+00,0.000000e+00,0.000000e+00,0.000000e+00,0.000000e+00,0.000000e+00,0.000000e+00,0.000000e+00,0.000000e+00,0.000000e+00,0.000000e+00,0.000000e+00,0.000000e+00,0.000000e+00,0.000000e+00,0.000000e+00,0.000000e+00,0.000000e+00
1.142000e+02,-1,5.000000e-01,5.000000e-01,5.000000e-01,5.000000e-01,5.000000e-01,5.000000e-01,5.000000e-01,5.000000e-01,5.000000e-01,5.000000e-01,5.000000e-01,5.000000e-01,5.000000e-01,5.000000e-01,5.000000e-01,5.000000e-01,5.000000e-01,5.000000e-01,0.000000e+00,0.000000e+00,0.000000e+00,0.000000e+00,0.000000e+00,0.000000e+00,0.000000e+00,0.000000e+00,0.000000e+00,0.000000e+00,0.000000e+00,0.000000e+00,0.000000e+00,0.000000e+00,0.000000e+00,0.000000e+00,0.000000e+00,0.000000e+00
1.143000e+02,-1,5.000000e-01,5.000000e-01,5.000000e-01,5.000000e-01,5.000000e-01,5.000000e-01,5.000000e-01,5.000000e-01,5.000000e-01,5.000000e-01,5.000000e-01,5.000000e-01,5.000000e-01,5.000000e-01,5.000000e-01,5.000000e-01,5.000000e-01,5.000000e-01,0.000000e+00,0.000000e+00,0.000000e+00,0.000000e+00,0.000000e+00,0.000000e+00,0.000000e+00,0.000000e+00,0.000000e+00,0.000000e+00,0.000000e+00,0.000000e+00,0.000000e+00,0.000000e+00,0.000000e+00,0.000000e+00,0.000000e+00,0.000000e+00
1.144000e+02,-1,5.000000e-01,5.000000e-01,5.000000e-01,5.000000e-01,5.000000e-01,5.000000e-01,5.000000e-01,5.000000e-01,5.000000e-01,5.000000e-01,5.000000e-01,5.000000e-01,5.000000e-01,5.000000e-01,5.000000e-01,5.000000e-01,5.000000e-01,5.000000e-01,0.000000e+00,0.000000e+00,0.000000e+00,0.000000e+00,0.000000e+00,0.000000e+00,0.000000e+00,0.000000e+00,0.000000e+00,0.000000e+00,0.000000e+00,0.000000e+00,0.000000e+00,0.000000e+00,0.000000e+00,0.000000e+00,0.000000e+00,0.000000e+00
1.145000e+02,-1,5.000000e-01,5.000000e-01,5.000000e-01,5.000000e-01,5.000000e-01,5.000000e-01,5.000000e-01,5.000000e-01,5.000000e-01,5.000000e-01,5.000000e-01,5.000000e-01,5.000000e-01,5.000000e-01,5.000000e-01,5.000000e-01,5.000000e-01,5.000000e-01,0.000000e+00,0.000000e+00,0.000000e+00,0.000000e+00,0.000000e+00,0.000000e+00,0.000000e+00,0.000000e+00,0.000000e+00,0.000000e+00,0.000000e+00,0.000000e+00,0.000000e+00,0.000000e+00,0.000000e+00,0.000000e+00,0.000000e+00,0.000000e+00
1.146000e+02,-1,5.000000e-01,5.000000e-01,5.000000e-01,5.000000e-01,5.000000e-01,5.000000e-01,5.000000e-01,5.000000e-01,5.000000e-01,5.000000e-01,5.000000e-01,5.000000e-01,5.000000e-01,5.000000e-01,5.000000e-01,5.000000e-01,5.000000e-01,5.000000e-01,0.000000e+00,0.000000e+00,0.000000e+00,0.000000e+00,0.000000e+00,0.000000e+00,0.000000e+00,0.000000e+00,0.000000e+00,0.000000e+00,0.000000e+00,0.000000e+00,0.000000e+00,0.000000e+00,0.000000e+00,0.000000e+00,0.000000e+00,0.000000e+00
1.147000e+02,-1,5.000000e-01,5.000000e-01,5.000000e-01,5.000000e-01,5.000000e-01,5.000000e-01,5.000000e-01,5.000000e-01,5.000000e-01,5.000000e-01,5.000000e-01,5.000000e-01,5.000000e-01,5.000000e-01,5.000000e-01,5.000000e-01,5.000000e-01,5.000000e-01,0.000000e+00,0.000000e+00,0.000000e+00,0.000000e+00,0.000000e+00,0.000000e+00,0.000000e+00,0.000000e+00,0.000000e+00,0.000000e+00,0.000000e+00,0.000000e+00,0.000000e+00,0.000000e+00,0.000000e+00,0.000000e+00,0.000000e+00,0.000000e+00
1.148000e+02,-1,5.000000e-01,5.000000e-01,5.000000e-01,5.000000e-01,5.000000e-01,5.000000e-01,5.000000e-01,5.000000e-01,5.000000e-01,5.000000e-01,5.000000e-01,5.000000e-01,5.000000e-01,5.000000e-01,5.000000e-01,5.000000e-01,5.000000e-01,5.000000e-01,0.000000e+00,0.000000e+00,0.000000e+00,0.000000e+00,0.000000e+00,0.000000e+00,0.000000e+00,0.000000e+00,0.000000e+00,0.000000e+00,0.000000e+00,0.000000e+00,0.000000e+00,0.000000e+00,0.000000e+00,0.000000e+00,0.000000e+00,0.000000e+00
1.149000e+02,-1,5.000000e-01,5.000000e-01,5.000000e-01,5.000000e-01,5.000000e-01,5.000000e-01,5.000000e-01,5.000000e-01,5.000000e-01,5.000000e-01,5.000000e-01,5.000000e-01,5.000000e-01,5.000000e-01,5.000000e-01,5.000000e-01,5.000000e-01,5.000000e-01,0.000000e+00,0.000000e+00,0.000000e+00,0.000000e+00,0.000000e+00,0.000000e+00,0.000000e+00,0.000000e+00,0.000000e+00,0.000000e+00,0.000000e+00,0.000000e+00,0.000000e+00,0.000000e+00,0.000000e+00,0.000000e+00,0.000000e+00,0.000000e+00
1.150000e+02,-1,5.000000e-01,5.000000e-01,5.000000e-01,5.000000e-01,5.000000e-01,5.000000e-01,5.000000e-01,5.000000e-01,5.000000e-01,5.000000e-01,5.000000e-01,5.000000e-01,5.000000e-01,5.000000e-01,5.000000e-01,5.000000e-01,5.000000e-01,5.000000e-01,0.000000e+00,0.000000e+00,0.000000e+00,0.000000e+00,0.000000e+00,0.000000e+00,0.000000e+00,0.000000e+00,0.000000e+00,0.000000e+00,0.000000e+00,0.000000e+00,0.000000e+00,0.000000e+00,0.000000e+00,0.000000e+00,0.000000e+00,0.000000e+00
1.151000e+02,-1,5.000000e-01,5.000000e-01,5.000000e-01,5.000000e-01,5.000000e-01,5.000000e-01,5.000000e-01,5.000000e-01,5.000000e-01,5.000000e-01,5.000000e-01,5.000000e-01,5.000000e-01,5.000000e-01,5.000000e-01,5.000000e-01,5.000000e-01,5.000000e-01,0.000000e+00,0.000000e+00,0.000000e+00,0.000000e+00,0.000000e+00,0.000000e+00,0.000000e+00,0.000000e+00,0.000000e+00,0.000000e+00,0.000000e+00,0.000000e+00,0.000000e+00,0.000000e+00,0.000000e+00,0.000000e+00,0.000000e+00,0.000000e+00
1.152000e+02,-1,5.000000e-01,5.000000e-01,5.000000e-01,5.000000e-01,5.000000e-01,5.000000e-01,5.000000e-01,5.000000e-01,5.000000e-01,5.000000e-01,5.000000e-01,5.000000e-01,5.000000e-01,5.000000e-01,5.000000e-01,5.000000e-01,5.000000e-01,5.000000e-01,0.000000e+00,0.000000e+00,0.000000e+00,0.000000e+00,0.000000e+00,0.000000e+00,0.000000e+00,0.000000e+00,0.000000e+00,0.000000e+00,0.000000e+00,0.000000e+00,0.000000e+00,0.000000e+00,0.000000e+00,0.000000e+00,0.000000e+00,0.000000e+00
1.153000e+02,-1,5.000000e-01,5.000000e-01,5.000000e-01,5.000000e-01,5.000000e-01,5.000000e-01,5.000000e-01,5.000000e-01,5.000000e-01,5.000000e-01,5.000000e-01,5.000000e-01,5.000000e-01,5.000000e-01,5.000000e-01,5.000000e-01,5.000000e-01,5.000000e-01,0.000000e+00,0.000000e+00,0.000000e+00,0.000000e+00,0.000000e+00,0.000000e+00,0.000000e+00,0.000000e+00,0.000000e+00,0.000000e+00,0.000000e+00,0.000000e+00,0.000000e+00,0.000000e+00,0.000000e+00,0.000000e+00,0.000000e+00,0.000000e+00
1.154000e+02,-1,5.000000e-01,5.000000e-01,5.000000e-01,5.000000e-01,5.000000e-01,5.000000e-01,5.000000e-01,5.000000e-01,5.000000e-01,5.000000e-01,5.000000e-01,5.000000e-01,5.000000e-01,5.000000e-01,5.000000e-01,5.000000e-01,5.000000e-01,5.000000e-01,0.000000e+00,0.000000e+00,0.000000e+00,0.000000e+00,0.000000e+00,0.000000e+00,0.000000e+00,0.000000e+00,0.000000e+00,0.000000e+00,0.000000e+00,0.000000e+00,0.000000e+00,0.000000e+00,0.000000e+00,0.000000e+00,0.000000e+00,0.000000e+00
1.155000e+02,-1,5.000000e-01,5.000000e-01,5.000000e-01,5.000000e-01,5.000000e-01,5.000000e-01,5.000000e-01,5.000000e-01,5.000000e-01,5.000000e-01,5.000000e-01,5.000000e-01,5.000000e-01,5.000000e-01,5.000000e-01,5.000000e-01,5.000000e-01,5.000000e-01,0.000000e+00,0.000000e+00,0.000000e+00,0.000000e+00,0.000000e+00,0.000000e+00,0.000000e+00,0.000000e+00,0.000000e+00,0.000000e+00,0.000000e+00,0.000000e+00,0.000000e+00,0.000000e+00,0.000000e+00,0.000000e+00,0.000000e+00,0.000000e+00
1.156000e+02,-1,5.000000e-01,5.000000e-01,5.000000e-01,5.000000e-01,5.000000e-01,5.000000e-01,5.000000e-01,5.000000e-01,5.000000e-01,5.000000e-01,5.000000e-01,5.000000e-01,5.000000e-01,5.000000e-01,5.000000e-01,5.000000e-01,5.000000e-01,5.000000e-01,0.000000e+00,0.000000e+00,0.000000e+00,0.000000e+00,0.000000e+00,0.000000e+00,0.000000e+00,0.000000e+00,0.000000e+00,0.000000e+00,0.000000e+00,0.000000e+00,0.000000e+00,0.000000e+00,0.000000e+00,0.000000e+00,0.000000e+00,0.000000e+00
1.157000e+02,-1,5.000000e-01,5.000000e-01,5.000000e-01,5.000000e-01,5.000000e-01,5.000000e-01,5.000000e-01,5.000000e-01,5.000000e-01,5.000000e-01,5.000000e-01,5.000000e-01,5.000000e-01,5.000000e-01,5.000000e-01,5.000000e-01,5.000000e-01,5.000000e-01,0.000000e+00,0.000000e+00,0.000000e+00,0.000000e+00,0.000000e+00,0.000000e+00,0.000000e+00,0.000000e+00,0.000000e+00,0.000000e+00,0.000000e+00,0.000000e+00,0.000000e+00,0.000000e+00,0.000000e+00,0.000000e+00,0.000000e+00,0.000000e+00
1.158000e+02,-1,5.000000e-01,5.000000e-01,5.000000e-01,5.000000e-01,5.000000e-01,5.000000e-01,5.000000e-01,5.000000e-01,5.000000e-01,5.000000e-01,5.000000e-01,5.000000e-01,5.000000e-01,5.000000e-01,5.000000e-01,5.000000e-01,5.000000e-01,5.000000e-01,0.000000e+00,0.000000e+00,0.000000e+00,0.000000e+00,0.000000e+00,0.000000e+00,0.000000e+00,0.000000e+00,0.000000e+00,0.000000e+00,0.000000e+00,0.000000e+00,0.000000e+00,0.000000e+00,0.000000e+00,0.000000e+00,0.000000e+00,0.000000e+00
1.159000e+02,-1,5.000000e-01,5.000000e-01,5.000000e-01,5.000000e-01,5.000000e-01,5.000000e-01,5.000000e-01,5.000000e-01,5.000000e-01,5.000000e-01,5.000000e-01,5.000000e-01,5.000000e-01,5.000000e-01,5.000000e-01,5.000000e-01,5.000000e-01,5.000000e-01,0.000000e+00,0.000000e+00,0.000000e+00,0.000000e+00,0.000000e+00,0.000000e+00,0.000000e+00,0.000000e+00,0.000000e+00,0.000000e+00,0.000000e+00,0.000000e+00,0.000000e+00,0.000000e+00,0.000000e+00,0.000000e+00,0.000000e+00,0.000000e+00
1.160000e+02,-1,5.000000e-01,5.000000e-01,5.000000e-01,5.000000e-01,5.000000e-01,5.000000e-01,5.000000e-01,5.000000e-01,5.000000e-01,5.000000e-01,5.000000e-01,5.000000e-01,5.000000e-01,5.000000e-01,5.000000e-01,5.000000e-01,5.000000e-01,5.000000e-01,0.000000e+00,0.000000e+00,0.000000e+00,0.000000e+00,0.000000e+00,0.000000e+00,0.000000e+00,0.000000e+00,0.000000e+00,0.000000e+00,0.000000e+00,0.000000e+00,0.000000e+00,0.000000e+00,0.000000e+00,0.000000e+00,0.000000e+00,0.000000e+00
1.161000e+02,-1,5.000000e-01,5.000000e-01,5.000000e-01,5.000000e-01,5.000000e-01,5.000000e-01,5.000000e-01,5.000000e-01,5.000000e-01,5.000000e-01,5.000000e-01,5.000000e-01,5.000000e-01,5.000000e-01,5.000000e-01,5.000000e-01,5.000000e-01,5.000000e-01,0.000000e+00,0.000000e+00,0.000000e+00,0.000000e+00,0.000000e+00,0.000000e+00,0.000000e+00,0.000000e+00,0.000000e+00,0.000000e+00,0.000000e+00,0.000000e+00,0.000000e+00,0.000000e+00,0.000000e+00,0.000000e+00,0.000000e+00,0.000000e+00
1.162000e+02,-1,5.000000e-01,5.000000e-01,5.000000e-01,5.000000e-01,5.000000e-01,5.000000e-01,5.000000e-01,5.000000e-01,5.000000e-01,5.000000e-01,5.000000e-01,5.000000e-01,5.000000e-01,5.000000e-01,5.000000e-01,5.000000e-01,5.000000e-01,5.000000e-01,0.000000e+00,0.000000e+00,0.000000e+00,0.000000e+00,0.000000e+00,0.000000e+00,0.000000e+00,0.000000e+00,0.000000e+00,0.000000e+00,0.000000e+00,0.000000e+00,0.000000e+00,0.000000e+00,0.000000e+00,0.000000e+00,0.000000e+00,0.000000e+00
1.163000e+02,-1,5.000000e-01,5.000000e-01,5.000000e-01,5.000000e-01,5.000000e-01,5.000000e-01,5.000000e-01,5.000000e-01,5.000000e-01,5.000000e-01,5.000000e-01,5.000000e-01,5.000000e-01,5.000000e-01,5.000000e-01,5.000000e-01,5.000000e-01,5.000000e-01,0.000000e+00,0.000000e+00,0.000000e+00,0.000000e+00,0.000000e+00,0.000000e+00,0.000000e+00,0.000000e+00,0.000000e+00,0.000000e+00,0.000000e+00,0.000000e+00,0.000000e+00,0.000000e+00,0.000000e+00,0.000000e+00,0.000000e+00,0.000000e+00
1.164000e+02,-1,5.000000e-01,5.000000e-01,5.000000e-01,5.000000e-01,5.000000e-01,5.000000e-01,5.000000e-01,5.000000e-01,5.000000e-01,5.000000e-01,5.000000e-01,5.000000e-01,5.000000e-01,5.000000e-01,5.000000e-01,5.000000e-01,5.000000e-01,5.000000e-01,0.000000e+00,0.000000e+00,0.000000e+00,0.000000e+00,0.000000e+00,0.000000e+00,0.000000e+00,0.000000e+00,0.000000e+00,0.000000e+00,0.000000e+00,0.000000e+00,0.000000e+00,0.000000e+00,0.000000e+00,0.000000e+00,0.000000e+00,0.000000e+00
1.165000e+02,-1,5.000000e-01,5.000000e-01,5.000000e-01,5.000000e-01,5.000000e-01,5.000000e-01,5.000000e-01,5.000000e-01,5.000000e-01,5.000000e-01,5.000000e-01,5.000000e-01,5.000000e-01,5.000000e-01,5.000000e-01,5.000000e-01,5.000000e-01,5.000000e-01,0.000000e+00,0.000000e+00,0.000000e+00,0.000000e+00,0.000000e+00,0.000000e+00,0.000000e+00,0.000000e+00,0.000000e+00,0.000000e+00,0.000000e+00,0.000000e+00,0.000000e+00,0.000000e+00,0.000000e+00,0.000000e+00,0.000000e+00,0.000000e+00
1.166000e+02,-1,5.000000e-01,5.000000e-01,5.000000e-01,5.000000e-01,5.000000e-01,5.000000e-01,5.000000e-01,5.000000e-01,5.000000e-01,5.000000e-01,5.000000e-01,5.000000e-01,5.000000e-01,5.000000e-01,5.000000e-01,5.000000e-01,5.000000e-01,5.000000e-01,0.000000e+00,0.000000e+00,0.000000e+00,0.000000e+00,0.000000e+00,0.000000e+00,0.000000e+00,0.000000e+00,0.000000e+00,0.000000e+00,0.000000e+00,0.000000e+00,0.000000e+00,0.000000e+00,0.000000e+00,0.000000e+00,0.000000e+00,0.000000e+00
1.167000e+02,-1,5.000000e-01,5.000000e-01,5.000000e-01,5.000000e-01,5.000000e-01,5.000000e-01,5.000000e-01,5.000000e-01,5.000000e-01,5.000000e-01,5.000000e-01,5.000000e-01,5.000000e-01,5.000000e-01,5.000000e-01,5.000000e-01,5.000000e-01,5.000000e-01,0.000000e+00,0.000000e+00,0.000000e+00,0.000000e+00,0.000000e+00,0.000000e+00,0.000000e+00,0.000000e+00,0.000000e+00,0.000000e+00,0.000000e+00,0.000000e+00,0.000000e+00,0.000000e+00,0.000000e+00,0.000000e+00,0.000000e+00,0.000000e+00
1.168000e+02,-1,5.000000e-01,5.000000e-01,5.000000e-01,5.000000e-01,5.000000e-01,5.000000e-01,5.000000e-01,5.000000e-01,5.000000e-01,5.000000e-01,5.000000e-01,5.000000e-01,5.000000e-01,5.000000e-01,5.000000e-01,5.000000e-01,5.000000e-01,5.000000e-01,0.000000e+00,0.000000e+00,0.000000e+00,0.000000e+00,0.000000e+00,0.000000e+00,0.000000e+00,0.000000e+00,0.000000e+00,0.000000e+00,0.000000e+00,0.000000e+00,0.000000e+00,0.000000e+00,0.000000e+00,0.000000e+00,0.000000e+00,0.000000e+00
1.169000e+02,-1,5.000000e-01,5.000000e-01,5.000000e-01,5.000000e-01,5.000000e-01,5.000000e-01,5.000000e-01,5.000000e-01,5.000000e-01,5.000000e-01,5.000000e-01,5.000000e-01,5.000000e-01,5.000000e-01,5.000000e-01,5.000000e-01,5.000000e-01,5.000000e-01,0.000000e+00,0.000000e+00,0.000000e+00,0.000000e+00,0.000000e+00,0.000000e+00,0.000000e+00,0.000000e+00,0.000000e+00,0.000000e+00,0.000000e+00,0.000000e+00,0.000000e+00,0.000000e+00,0.000000e+00,0.000000e+00,0.000000e+00,0.000000e+00
1.170000e+02,-1,5.000000e-01,5.000000e-01,5.000000e-01,5.000000e-01,5.000000e-01,5.000000e-01,5.000000e-01,5.000000e-01,5.000000e-01,5.000000e-01,5.000000e-01,5.000000e-01,5.000000e-01,5.000000e-01,5.000000e-01,5.000000e-01,5.000000e-01,5.000000e-01,0.000000e+00,0.000000e+00,0.000000e+00,0.000000e+00,0.000000e+00,0.000000e+00,0.000000e+00,0.000000e+00,0.000000e+00,0.000000e+00,0.000000e+00,0.000000e+00,0.000000e+00,0.000000e+00,0.000000e+00,0.000000e+00,0.000000e+00,0.000000e+00
1.171000e+02,-1,5.000000e-01,5.000000e-01,5.000000e-01,5.000000e-01,5.000000e-01,5.000000e-01,5.000000e-01,5.000000e-01,5.000000e-01,5.000000e-01,5.000000e-01,5.000000e-01,5.000000e-01,5.000000e-01,5.000000e-01,5.000000e-01,5.000000e-01,5.000000e-01,0.000000e+00,0.000000e+00,0.000000e+00,0.000000e+00,0.000000e+00,0.000000e+00,0.000000e+00,0.000000e+00,0.000000e+00,0.000000e+00,0.000000e+00,0.000000e+00,0.000000e+00,0.000000e+00,0.000000e+00,0.000000e+00,0.000000e+00,0.000000e+00
1.172000e+02,-1,5.000000e-01,5.000000e-01,5.000000e-01,5.000000e-01,5.000000e-01,5.000000e-01,5.000000e-01,5.000000e-01,5.000000e-01,5.000000e-01,5.000000e-01,5.000000e-01,5.000000e-01,5.000000e-01,5.000000e-01,5.000000e-01,5.000000e-01,5.000000e-01,0.000000e+00,0.000000e+00,0.000000e+00,0.000000e+00,0.000000e+00,0.000000e+00,0.000000e+00,0.000000e+00,0.000000e+00,0.000000e+00,0.000000e+00,0.000000e+00,0.000000e+00,0.000000e+00,0.000000e+00,0.000000e+00,0.000000e+00,0.000000e+00
1.173000e+02,-1,5.000000e-01,5.000000e-01,5.000000e-01,5.000000e-01,5.000000e-01,5.000000e-01,5.000000e-01,5.000000e-01,5.000000e-01,5.000000e-01,5.000000e-01,5.000000e-01,5.000000e-01,5.000000e-01,5.000000e-01,5.000000e-01,5.000000e-01,5.000000e-01,0.000000e+00,0.000000e+00,0.000000e+00,0.000000e+00,0.000000e+00,0.000000e+00,0.000000e+00,0.000000e+00,0.000000e+00,0.000000e+00,0.000000e+00,0.000000e+00,0.000000e+00,0.000000e+00,0.000000e+00,0.000000e+00,0.000000e+00,0.000000e+00
1.174000e+02,-1,5.000000e-01,5.000000e-01,5.000000e-01,5.000000e-01,5.000000e-01,5.000000e-01,5.000000e-01,5.000000e-01,5.000000e-01,5.000000e-01,5.000000e-01,5.000000e-01,5.000000e-01,5.000000e-01,5.000000e-01,5.000000e-01,5.000000e-01,5.000000e-01,0.000000e+00,0.000000e+00,0.000000e+00,0.000000e+00,0.000000e+00,0.000000e+00,0.000000e+00,0.000000e+00,0.000000e+00,0.000000e+00,0.000000e+00,0.000000e+00,0.000000e+00,0.000000e+00,0.000000e+00,0.000000e+00,0.000000e+00,0.000000e+00
1.175000e+02,-1,5.000000e-01,5.000000e-01,5.000000e-01,5.000000e-01,5.000000e-01,5.000000e-01,5.000000e-01,5.000000e-01,5.000000e-01,5.000000e-01,5.000000e-01,5.000000e-01,5.000000e-01,5.000000e-01,5.000000e-01,5.000000e-01,5.000000e-01,5.000000e-01,0.000000e+00,0.000000e+00,0.000000e+00,0.000000e+00,0.000000e+00,0.000000e+00,0.000000e+00,0.000000e+00,0.000000e+00,0.000000e+00,0.000000e+00,0.000000e+00,0.000000e+00,0.000000e+00,0.000000e+00,0.000000e+00,0.000000e+00,0.000000e+00
1.176000e+02,-1,5.000000e-01,5.000000e-01,5.000000e-01,5.000000e-01,5.000000e-01,5.000000e-01,5.000000e-01,5.000000e-01,5.000000e-01,5.000000e-01,5.000000e-01,5.000000e-01,5.000000e-01,5.000000e-01,5.000000e-01,5.000000e-01,5.000000e-01,5.000000e-01,0.000000e+00,0.000000e+00,0.000000e+00,0.000000e+00,0.000000e+00,0.000000e+00,0.000000e+00,0.000000e+00,0.000000e+00,0.000000e+00,0.000000e+00,0.000000e+00,0.000000e+00,0.000000e+00,0.000000e+00,0.000000e+00,0.000000e+00,0.000000e+00
1.177000e+02,-1,5.000000e-01,5.000000e-01,5.000000e-01,5.000000e-01,5.000000e-01,5.000000e-01,5.000000e-01,5.000000e-01,5.000000e-01,5.000000e-01,5.000000e-01,5.000000e-01,5.000000e-01,5.000000e-01,5.000000e-01,5.000000e-01,5.000000e-01,5.000000e-01,0.000000e+00,0.000000e+00,0.000000e+00,0.000000e+00,0.000000e+00,0.000000e+00,0.000000e+00,0.000000e+00,0.000000e+00,0.000000e+00,0.000000e+00,0.000000e+00,0.000000e+00,0.000000e+00,0.000000e+00,0.000000e+00,0.000000e+00,0.000000e+00
1.178000e+02,-1,5.000000e-01,5.000000e-01,5.000000e-01,5.000000e-01,5.000000e-01,5.000000e-01,5.000000e-01,5.000000e-01,5.000000e-01,5.000000e-01,5.000000e-01,5.000000e-01,5.000000e-01,5.000000e-01,5.000000e-01,5.000000e-01,5.000000e-01,5.000000e-01,0.000000e+00,0.000000e+00,0.000000e+00,0.000000e+00,0.000000e+00,0.000000e+00,0.000000e+00,0.000000e+00,0.000000e+00,0.000000e+00,0.000000e+00,0.000000e+00,0.000000e+00,0.000000e+00,0.000000e+00,0.000000e+00,0.000000e+00,0.000000e+00
1.179000e+02,-1,5.000000e-01,5.000000e-01,5.000000e-01,5.000000e-01,5.000000e-01,5.000000e-01,5.000000e-01,5.000000e-01,5.000000e-01,5.000000e-01,5.000000e-01,5.000000e-01,5.000000e-01,5.000000e-01,5.000000e-01,5.000000e-01,5.000000e-01,5.000000e-01,0.000000e+00,0.000000e+00,0.000000e+00,0.000000e+00,0.000000e+00,0.000000e+00,0.000000e+00,0.000000e+00,0.000000e+00,0.000000e+00,0.000000e+00,0.000000e+00,0.000000e+00,0.000000e+00,0.000000e+00,0.000000e+00,0.000000e+00,0.000000e+00
1.180000e+02,-1,5.000000e-01,5.000000e-01,5.000000e-01,5.000000e-01,5.000000e-01,5.000000e-01,5.000000e-01,5.000000e-01,5.000000e-01,5.000000e-01,5.000000e-01,5.000000e-01,5.000000e-01,5.000000e-01,5.000000e-01,5.000000e-01,5.000000e-01,5.000000e-01,0.000000e+00,0.000000e+00,0.000000e+00,0.000000e+00,0.000000e+00,0.000000e+00,0.000000e+00,0.000000e+00,0.000000e+00,0.000000e+00,0.000000e+00,0.000000e+00,0.000000e+00,0.000000e+00,0.000000e+00,0.000000e+00,0.000000e+00,0.000000e+00
1.181000e+02,-1,5.000000e-01,5.000000e-01,5.000000e-01,5.000000e-01,5.000000e-01,5.000000e-01,5.000000e-01,5.000000e-01,5.000000e-01,5.000000e-01,5.000000e-01,5.000000e-01,5.000000e-01,5.000000e-01,5.000000e-01,5.000000e-01,5.000000e-01,5.000000e-01,0.000000e+00,0.000000e+00,0.000000e+00,0.000000e+00,0.000000e+00,0.000000e+00,0.000000e+00,0.000000e+00,0.000000e+00,0.000000e+00,0.000000e+00,0.000000e+00,0.000000e+00,0.000000e+00,0.000000e+00,0.000000e+00,0.000000e+00,0.000000e+00
1.182000e+02,-1,5.000000e-01,5.000000e-01,5.000000e-01,5.000000e-01,5.000000e-01,5.000000e-01,5.000000e-01,5.000000e-01,5.000000e-01,5.000000e-01,5.000000e-01,5.000000e-01,5.000000e-01,5.000000e-01,5.000000e-01,5.000000e-01,5.000000e-01,5.000000e-01,0.000000e+00,0.000000e+00,0.000000e+00,0.000000e+00,0.000000e+00,0.000000e+00,0.000000e+00,0.000000e+00,0.000000e+00,0.000000e+00,0.000000e+00,0.000000e+00,0.000000e+00,0.000000e+00,0.000000e+00,0.000000e+00,0.000000e+00,0.000000e+00
1.183000e+02,-1,5.000000e-01,5.000000e-01,5.000000e-01,5.000000e-01,5.000000e-01,5.000000e-01,5.000000e-01,5.000000e-01,5.000000e-01,5.000000e-01,5.000000e-01,5.000000e-01,5.000000e-01,5.000000e-01,5.000000e-01,5.000000e-01,5.000000e-01,5.000000e-01,0.000000e+00,0.000000e+00,0.000000e+00,0.000000e+00,0.000000e+00,0.000000e+00,0.000000e+00,0.000000e+00,0.000000e+00,0.000000e+00,0.000000e+00,0.000000e+00,0.000000e+00,0.000000e+00,0.000000e+00,0.000000e+00,0.000000e+00,0.000000e+00
1.184000e+02,4,5.000000e-01,5.000000e-01,5.000000e-01,5.000000e-01,4.416738e-02,5.000000e-01,5.000000e-01,5.000000e-01,5.000000e-01,5.000000e-01,5.000000e-01,5.000000e-01,5.000000e-01,5.000000e-01,5.000000e-01,5.000000e-01,5.000000e-01,5.000000e-01,0.000000e+00,0.000000e+00,0.000000e+00,0.000000e+00,6.661338e-17,0.000000e+00,0.000000e+00,0.000000e+00,0.000000e+00,0.000000e+00,0.000000e+00,0.000000e+00,0.000000e+00,0.000000e+00,0.000000e+00,0.000000e+00,0.000000e+00,0.000000e+00
1.185000e+02,4,5.000000e-01,5.000000e-01,5.000000e-01,5.000000e-01,2.235647e-02,5.000000e-01,5.000000e-01,5.000000e-01,5.000000e-01,5.000000e-01,5.000000e-01,5.000000e-01,5.000000e-01,5.000000e-01,5.000000e-01,5.000000e-01,5.000000e-01,5.000000e-01,0.000000e+00,0.000000e+00,0.000000e+00,0.000000e+00,4.183573e-09,0.000000e+00,0.000000e+00,0.000000e+00,0.000000e+00,0.000000e+00,0.000000e+00,0.000000e+00,0.000000e+00,0.000000e+00,0.000000e+00,0.000000e+00,0.000000e+00,0.000000e+00
1.186000e+02,4,5.000000e-01,5.000000e-01,5.000000e-01,5.000000e-01,9.722334e-03,5.000000e-01,5.000000e-01,5.000000e-01,5.000000e-01,5.000000e-01,5.000000e-01,5.000000e-01,5.000000e-01,5.000000e-01,5.000000e-01,5.000000e-01,5.000000e-01,5.000000e-01,0.000000e+00,0.000000e+00,0.000000e+00,0.000000e+00,1.209787e-04,0.000000e+00,0.000000e+00,0.000000e+00,0.000000e+00,0.000000e+00,0.000000e+00,0.000000e+00,0.000000e+00,0.000000e+00,0.000000e+00,0.000000e+00,0.000000e+00,0.000000e+00
1.187000e+02,4,5.000000e-01,5.000000e-01,5.000000e-01,5.000000e-01,3.371856e-03,5.000000e-01,5.000000e-01,5.000000e-01,5.000000e-01,5.000000e-01,5.000000e-01,5.000000e-01,5.000000e-01,5.000000e-01,5.000000e-01,5.000000e-01,5.000000e-01,5.000000e-01,0.000000e+00,0.000000e+00,0.000000e+00,0.000000e+00,2.012050e-02,0.000000e+00,0.000000e+00,0.000000e+00,0.000000e+00,0.000000e+00,0.000000e+00,0.000000e+00,0.000000e+00,0.000000e+00,0.000000e+00,0.000000e+00,0.000000e+00,0.000000e+00
1.188000e+02,4,5.000000e-01,5.000000e-01,5.000000e-01,5.000000e-01,8.892535e-04,5.000000e-01,5.000000e-01,5.000000e-01,5.000000e-01,5.000000e-01,5.000000e-01,5.000000e-01,5.000000e-01,5.000000e-01,5.000000e-01,5.000000e-01,5.000000e-01,5.000000e-01,0.000000e+00,0.000000e+00,0.000000e+00,0.000000e+00,1.472399e-01,0.000000e+00,0.000000e+00,0.000000e+00,0.000000e+00,0.000000e+00,0.000000e+00,0.000000e+00,0.000000e+00,0.000000e+00,0.000000e+00,0.000000e+00,0.000000e+00,0.000000e+00
1.189000e+02,4,5.000000e-01,5.000000e-01,5.000000e-01,5.000000e-01,1.702344e-04,5.000000e-01,5.000000e-01,5.000000e-01,5.000000e-01,5.000000e-01,5.000000e-01,5.000000e-01,5.000000e-01,5.000000e-01,5.000000e-01,5.000000e-01,5.000000e-01,5.000000e-01,0.000000e+00,0.000000e+00,0.000000e+00,0.000000e+00,2.618006e-01,0.000000e+00,0.000000e+00,0.000000e+00,0.000000e+00,0.000000e+00,0.000000e+00,0.000000e+00,0.000000e+00,0.000000e+00,0.000000e+00,0.000000e+00,0.000000e+00,0.000000e+00
1.190000e+02,4,5.000000e-01,5.000000e-01,5.000000e-01,5.000000e-01,2.277786e-05,5.000000e-01,5.000000e-01,5.000000e-01,5.000000e-01,5.000000e-01,5.000000e-01,5.000000e-01,5.000000e-01,5.000000e-01,5.000000e-01,5.000000e-01,5.000000e-01,5.000000e-01,0.000000e+00,0.000000e+00,0.000000e+00,0.000000e+00,2.945828e-01,0.000000e+00,0.000000e+00,0.000000e+00,0.000000e+00,0.000000e+00,0.000000e+00,0.000000e+00,0.000000e+00,0.000000e+00,0.000000e+00,0.000000e+00,0.000000e+00,0.000000e+00
1.191000e+02,4,5.000000e-01,5.000000e-01,5.000000e-01,5.000000e-01,2.091225e-06,5.000000e-01,5.000000e-01,5.000000e-01,5.000000e-01,5.000000e-01,5.000000e-01,5.000000e-01,5.000000e-01,5.000000e-01,5.000000e-01,5.000000e-01,5.000000e-01,5.000000e-01,0.000000e+00,0.000000e+00,0.000000e+00,0.000000e+00,2.994985e-01,0.000000e+00,0.000000e+00,0.000000e+00,0.000000e+00,0.000000e+00,0.000000e+00,0.000000e+00,0.000000e+00,0.000000e+00,0.000000e+00,0.000000e+00,0.000000e+00,0.000000e+00
1.192000e+02,4,5.000000e-01,5.000000e-01,5.000000e-01,5.000000e-01,1.335794e-07,5.000000e-01,5.000000e-01,5.000000e-01,5.000000e-01,5.000000e-01,5.000000e-01,5.000000e-01,5.000000e-01,5.000000e-01,5.000000e-01,5.000000e-01,5.000000e-01,5.000000e-01,0.000000e+00,0.000000e+00,0.000000e+00,0.000000e+00,2.999679e-01,0.000000e+00,0.000000e+00,0.000000e+00,0.000000e+00,0.000000e+00,0.000000e+00,0.000000e+00,0.000000e+00,0.000000e+00,0.000000e+00,0.000000e+00,0.000000e+00,0.000000e+00
1.193000e+02,4,5.000000e-01,5.000000e-01,5.000000e-01,5.000000e-01,6.300745e-09,5.000000e-01,5.000000e-01,5.000000e-01,5.000000e-01,5.000000e-01,5.000000e-01,5.000000e-01,5.000000e-01,5.000000e-01,5.000000e-01,5.000000e-01,5.000000e-01,5.000000e-01,0.000000e+00,0.000000e+00,0.000000e+00,0.000000e+00,2.999985e-01,0.000000e+00,0.000000e+00,0.000000e+00,0.000000e+00,0.000000e+00,0.000000e+00,0.000000e+00,0.000000e+00,0.000000e+00,0.000000e+00,0.000000e+00,0.000000e+00,0.000000e+00
1.194000e+02,4,5.000000e-01,5.000000e-01,5.000000e-01,5.000000e-01,2.463048e-10,5.000000e-01,5.000000e-01,5.000000e-01,5.000000e-01,5.000000e-01,5.000000e-01,5.000000e-01,5.000000e-01,5.000000e-01,5.000000e-01,5.000000e-01,5.000000e-01,5.000000e-01,0.000000e+00,0.000000e+00,0.000000e+00,0.000000e+00,2.999999e-01,0.000000e+00,0.000000e+00,0.000000e+00,0.000000e+00,0.000000e+00,0.000000e+00,0.000000e+00,0.000000e+00,0.000000e+00,0.000000e+00,0.000000e+00,0.000000e+00,0.000000e+00
1.195000e+02,4,5.000000e-01,5.000000e-01,5.000000e-01,5.000000e-01,9.494440e-12,5.000000e-01,5.000000e-01,5.000000e-01,5.000000e-01,5.000000e-01,5.000000e-01,5.000000e-01,5.000000e-01,5.000000e-01,5.000000e-01,5.000000e-01,5.000000e-01,5.000000e-01,0.000000e+00,0.000000e+00,0.000000e+00,0.000000e+00,3.000000e-01,0.000000e+00,0.000000e+00,0.000000e+00,0.000000e+00,0.000000e+00,0.000000e+00,0.000000e+00,0.000000e+00,0.000000e+00,0.000000e+00,0.000000e+00,0.000000e+00,0.000000e+00
1.196000e+02,4,5.000000e-01,5.000000e-01,5.000000e-01,5.000000e-01,4.510731e-13,5.000000e-01,5.000000e-01,5.000000e-01,5.000000e-01,5.000000e-01,5.000000e-01,5.000000e-01,5.000000e-01,5.000000e-01,5.000000e-01,5.000000e-01,5.000000e-01,5.000000e-01,0.000000e+00,0.000000e+00,0.000000e+00,0.000000e+00,3.000000e-01,0.000000e+00,0.000000e+00,0.000000e+00,0.000000e+00,0.000000e+00,0.000000e+00,0.000000e+00,0.000000e+00,0.000000e+00,0.000000e+00,0.000000e+00,0.000000e+00,0.000000e+00
1.197000e+02,4,5.000000e-01,5.000000e-01,5.000000e-01,5.000000e-01,3.388842e-14,5.000000e-01,5.000000e-01,5.000000e-01,5.000000e-01,5.000000e-01,5.000000e-01,5.000000e-01,5.000000e-01,5.000000e-01,5.000000e-01,5.000000e-01,5.000000e-01,5.000000e-01,0.000000e+00,0.000000e+00,0.000000e+00,0.000000e+00,3.000000e-01,0.000000e+00,0.000000e+00,0.000000e+00,0.000000e+00,0.000000e+00,0.000000e+00,0.000000e+00,0.000000e+00,0.000000e+00,0.000000e+00,0.000000e+00,0.000000e+00,0.000000e+00
1.198000e+02,4,5.000000e-01,5.000000e-01,5.000000e-01,5.000000e-01,5.120633e-15,5.000000e-01,5.000000e-01,5.000000e-01,5.000000e-01,5.000000e-01,5.000000e-01,5.000000e-01,5.000000e-01,5.000000e-01,5.000000e-01,5.000000e-01,5.000000e-01,5.000000e-01,0.000000e+00,0.000000e+00,0.000000e+00,0.000000e+00,3.000000e-01,0.000000e+00,0.000000e+00,0.000000e+00,0.000000e+00,0.000000e+00,0.000000e+00,0.000000e+00,0.000000e+00,0.000000e+00,0.000000e+00,0.000000e+00,0.000000e+00,0.000000e+00
1.199000e+02,4,5.000000e-01,5.000000e-01,5.000000e-01,5.000000e-01,1.884399e-15,5.000000e-01,5.000000e-01,5.000000e-01,5.000000e-01,5.000000e-01,5.000000e-01,5.000000e-01,5.000000e-01,5.000000e-01,5.000000e-01,5.000000e-01,5.000000e-01,5.000000e-01,0.000000e+00,0.000000e+00,0.000000e+00,0.000000e+00,3.000000e-01,0.000000e+00,0.000000e+00,0.000000e+00,0.000000e+00,0.000000e+00,0.000000e+00,0.000000e+00,0.000000e+00,0.000000e+00,0.000000e+00,0.000000e+00,0.000000e+00,0.000000e+00
