time_s,ue_x,ue_y,serving_AP,SNR_AP0_dB,SNR_AP1_dB,SNR_AP2_dB,SNR_AP3_dB,SNR_AP4_dB,SNR_AP5_dB
0.000000,5.000000,8.000000,-1,0.000000,0.000000,0.000000,0.000000,0.000000,0.000000
0.100000,5.619756,8.505868,-1,0.000000,0.000000,0.000000,0.000000,0.000000,0.000000
0.200000,6.188517,8.852070,-1,0.000000,0.000000,0.000000,0.000000,0.000000,0.000000
0.300000,6.400304,8.080613,-1,0.000000,0.000000,0.000000,0.000000,0.000000,0.000000
0.400000,6.361688,7.470231,-1,0.000000,0.000000,0.000000,0.000000,0.000000,0.000000
0.500000,5.571857,7.343077,-1,0.000000,0.000000,0.000000,0.000000,0.000000,0.000000
0.600000,5.180295,7.545704,-1,0.000000,0.000000,0.000000,0.000000,0.000000,0.000000
0.700000,5.452513,8.297966,-1,0.000000,0.000000,0.000000,0.000000,0.000000,0.000000
0.800000,5.539835,9.071110,-1,0.000000,0.000000,0.000000,0.000000,0.000000,0.000000
0.900000,5.442261,9.865138,-1,0.000000,0.000000,0.000000,0.000000,0.000000,0.000000
1.000000,5.604674,9.704207,-1,0.000000,0.000000,0.000000,0.000000,0.000000,0.000000
1.100000,5.923080,8.970301,-1,0.000000,0.000000,0.000000,0.000000,0.000000,0.000000
1.200000,5.484536,9.089355,-1,0.000000,0.000000,0.000000,0.000000,0.000000,0.000000
1.300000,4.793674,9.492729,-1,0.000000,0.000000,0.000000,0.000000,0.000000,0.000000
1.400000,4.737007,10.242521,-1,0.000000,0.000000,0.000000,0.000000,0.000000,0.000000
1.500000,4.770938,11.041801,-1,0.000000,0.000000,0.000000,0.000000,0.000000,0.000000
1.600000,5.545168,11.243215,-1,0.000000,0.000000,0.000000,0.000000,0.000000,0.000000
1.700000,6.294160,11.349581,-1,0.000000,0.000000,0.000000,0.000000,0.000000,0.000000
1.800000,6.866483,10.790612,-1,0.000000,0.000000,0.000000,0.000000,0.000000,0.000000
1.900000,7.385226,10.192529,-1,0.000000,0.000000,0.000000,0.000000,0.000000,0.000000
2.000000,7.743226,9.477101,-1,0.000000,0.000000,0.000000,0.000000,0.000000,0.000000
2.100000,8.216006,8.862675,-1,0.000000,0.000000,0.000000,0.000000,0.000000,0.000000
2.200000,8.880085,8.416582,-1,0.000000,0.000000,0.000000,0.000000,0.000000,0.000000
2.300000,9.594056,8.312401,-1,0.000000,0.000000,0.000000,0.000000,0.000000,0.000000
2.400000,9.642083,8.550131,-1,0.000000,0.000000,0.000000,0.000000,0.000000,0.000000
2.500000,8.944443,8.354811,-1,0.000000,0.000000,0.000000,0.000000,0.000000,0.000000
2.600000,8.286538,7.899663,3,0.000000,0.000000,0.000000,18.882183,0.000000,0.000000
2.700000,8.270115,8.367322,3,0.000000,0.000000,0.000000,18.169615,0.000000,0.000000
2.800000,8.467519,9.142585,-1,0.000000,0.000000,0.000000,0.000000,0.000000,0.000000
2.900000,8.162282,8.622113,3,0.000000,0.000000,0.000000,17.486092,0.000000,0.000000
3.000000,7.785239,7.916536,3,0.000000,0.000000,0.000000,23.112566,0.000000,0.000000
3.100000,7.051600,8.235556,3,0.000000,0.000000,0.000000,21.726167,0.000000,0.000000
3.200000,6.310453,8.502177,-1,0.000000,0.000000,0.000000,0.000000,0.000000,0.000000
3.300000,5.516749,8.402005,-1,0.000000,0.000000,0.000000,0.000000,0.000000,0.000000
3.400000,4.886137,8.523729,-1,0.000000,0.000000,0.000000,0.000000,0.000000,0.000000
3.500000,4.744799,9.311145,-1,0.000000,0.000000,0.000000,0.000000,0.000000,0.000000
3.600000,4.798573,10.067485,-1,0.000000,0.000000,0.000000,0.000000,0.000000,0.000000
3.700000,5.177536,10.772033,-1,0.000000,0.000000,0.000000,0.000000,0.000000,0.000000
3.800000,5.013114,11.310729,-1,0.000000,0.000000,0.000000,0.000000,0.000000,0.000000
3.900000,4.305310,11.683572,-1,0.000000,0.000000,0.000000,0.000000,0.000000,0.000000
4.000000,3.704697,12.194402,-1,0.000000,0.000000,0.000000,0.000000,0.000000,0.000000
4.100000,3.168401,12.788023,4,0.000000,0.000000,0.000000,0.000000,18.055607,0.000000
4.200000,3.349263,12.425727,-1,0.000000,0.000000,0.000000,0.000000,0.000000,0.000000
4.300000,3.769177,11.744792,-1,0.000000,0.000000,0.000000,0.000000,0.000000,0.000000
4.400000,4.125030,11.028827,-1,0.000000,0.000000,0.000000,0.000000,0.000000,0.000000
4.500000,4.471733,10.307857,-1,0.000000,0.000000,0.000000,0.000000,0.000000,0.000000
4.600000,5.181749,10.676473,-1,0.000000,0.000000,0.000000,0.000000,0.000000,0.000000
4.700000,5.831657,10.903202,-1,0.000000,0.000000,0.000000,0.000000,0.000000,0.000000
4.800000,6.060819,10.136726,-1,0.000000,0.000000,0.000000,0.000000,0.000000,0.000000
4.900000,6.114335,9.723090,-1,0.000000,0.000000,0.000000,0.000000,0.000000,0.000000
5.000000,5.640914,10.367972,-1,0.000000,0.000000,0.000000,0.000000,0.000000,0.000000
5.100000,5.299634,11.067570,-1,0.000000,0.000000,0.000000,0.000000,0.000000,0.000000
5.200000,5.178590,11.858359,-1,0.000000,0.000000,0.000000,0.000000,0.000000,0.000000
5.300000,4.719261,12.284625,-1,0.000000,0.000000,0.000000,0.000000,0.000000,0.000000
5.400000,3.921647,12.346366,-1,0.000000,0.000000,0.000000,0.000000,0.000000,0.000000
5.500000,4.080962,12.569145,-1,0.000000,0.000000,0.000000,0.000000,0.000000,0.000000
5.600000,4.814435,12.888547,-1,0.000000,0.000000,0.000000,0.000000,0.000000,0.000000
5.700000,5.222271,12.411967,-1,0.000000,0.000000,0.000000,0.000000,0.000000,0.000000
5.800000,5.521560,11.670060,-1,0.000000,0.000000,0.000000,0.000000,0.000000,0.000000
5.900000,5.543020,10.877504,-1,0.000000,0.000000,0.000000,0.000000,0.000000,0.000000
6.000000,5.524790,10.077711,-1,0.000000,0.000000,0.000000,0.000000,0.000000,0.000000
6.100000,5.891114,9.366511,-1,0.000000,0.000000,0.000000,0.000000,0.000000,0.000000
6.200000,6.148058,8.821387,-1,0.000000,0.000000,0.000000,0.000000,0.000000,0.000000
6.300000,5.639332,9.438799,-1,0.000000,0.000000,0.000000,0.000000,0.000000,0.000000
6.400000,5.343483,9.721148,-1,0.000000,0.000000,0.000000,0.000000,0.000000,0.000000
6.500000,5.686266,8.998306,-1,0.000000,0.000000,0.000000,0.000000,0.000000,0.000000
6.600000,5.749262,8.287444,-1,0.000000,0.000000,0.000000,0.000000,0.000000,0.000000
6.700000,5.345947,7.596548,-1,0.000000,0.000000,0.000000,0.000000,0.000000,0.000000
6.800000,5.510492,7.412023,-1,0.000000,0.000000,0.000000,0.000000,0.000000,0.000000
6.900000,6.242896,7.733868,-1,0.000000,0.000000,0.000000,0.000000,0.000000,0.000000
7.000000,6.676433,8.328643,3,0.000000,0.000000,0.000000,17.759726,0.000000,0.000000
7.100000,6.930650,9.087177,-1,0.000000,0.000000,0.000000,0.000000,0.000000,0.000000
7.200000,6.395849,9.232413,-1,0.000000,0.000000,0.000000,0.000000,0.000000,0.000000
7.300000,5.598042,9.173215,-1,0.000000,0.000000,0.000000,0.000000,0.000000,0.000000
7.400000,4.808791,9.286456,-1,0.000000,0.000000,0.000000,0.000000,0.000000,0.000000
7.500000,4.020761,9.424331,-1,0.000000,0.000000,0.000000,0.000000,0.000000,0.000000
7.600000,3.361126,8.971692,-1,0.000000,0.000000,0.000000,0.000000,0.000000,0.000000
7.700000,2.819706,8.669021,2,0.000000,0.000000,19.461630,0.000000,0.000000,0.000000
7.800000,3.105788,9.416120,-1,0.000000,0.000000,0.000000,0.000000,0.000000,0.000000
7.900000,3.126317,10.024933,-1,0.000000,0.000000,0.000000,0.000000,0.000000,0.000000
8.000000,2.350185,10.218888,-1,0.000000,0.000000,0.000000,0.000000,0.000000,0.000000
8.100000,1.578377,10.428363,-1,0.000000,0.000000,0.000000,0.000000,0.000000,0.000000
8.200000,0.813776,10.663705,-1,0.000000,0.000000,0.000000,0.000000,0.000000,0.000000
8.300000,0.782600,10.589773,-1,0.000000,0.000000,0.000000,0.000000,0.000000,0.000000
8.400000,1.484850,10.206568,-1,0.000000,0.000000,0.000000,0.000000,0.000000,0.000000
8.500000,2.226178,10.209600,-1,0.000000,0.000000,0.000000,0.000000,0.000000,0.000000
8.600000,2.990953,10.444374,-1,0.000000,0.000000,0.000000,0.000000,0.000000,0.000000
8.700000,3.527551,10.012460,-1,0.000000,0.000000,0.000000,0.000000,0.000000,0.000000
8.800000,3.988091,9.358317,-1,0.000000,0.000000,0.000000,0.000000,0.000000,0.000000
8.900000,3.750046,9.911067,-1,0.000000,0.000000,0.000000,0.000000,0.000000,0.000000
9.000000,3.412202,10.636231,-1,0.000000,0.000000,0.000000,0.000000,0.000000,0.000000
9.100000,4.097200,10.222977,-1,0.000000,0.000000,0.000000,0.000000,0.000000,0.000000
9.200000,4.655785,9.770077,-1,0.000000,0.000000,0.000000,0.000000,0.000000,0.000000
9.300000,4.329482,9.039648,-1,0.000000,0.000000,0.000000,0.000000,0.000000,0.000000
9.400000,4.251866,8.381944,-1,0.000000,0.000000,0.000000,0.000000,0.000000,0.000000
9.500000,4.920309,7.942418,-1,0.000000,0.000000,0.000000,0.000000,0.000000,0.000000
9.600000,5.339768,7.367719,-1,0.000000,0.000000,0.000000,0.000000,0.000000,0.000000
9.700000,5.344252,6.567731,-1,0.000000,0.000000,0.000000,0.000000,0.000000,0.000000
9.800000,5.615499,5.871703,-1,0.000000,0.000000,0.000000,0.000000,0.000000,0.000000
9.900000,6.153508,5.279634,-1,0.000000,0.000000,0.000000,0.000000,0.000000,0.000000
10.000000,6.225195,5.540394,-1,0.000000,0.000000,0.000000,0.000000,0.000000,0.000000
10.100000,6.017088,6.312852,-1,0.000000,0.000000,0.000000,0.000000,0.000000,0.000000
10.200000,6.007239,5.907451,-1,0.000000,0.000000,0.000000,0.000000,0.000000,0.000000
10.300000,6.063478,5.109430,-1,0.000000,0.000000,0.000000,0.000000,0.000000,0.000000
10.400000,6.319866,5.663757,-1,0.000000,0.000000,0.000000,0.000000,0.000000,0.000000
10.500000,6.604848,6.411277,-1,0.000000,0.000000,0.000000,0.000000,0.000000,0.000000
10.600000,6.116619,7.045022,-1,0.000000,0.000000,0.000000,0.000000,0.000000,0.000000
10.700000,5.618073,7.529479,-1,0.000000,0.000000,0.000000,0.000000,0.000000,0.000000
10.800000,5.047305,6.968923,-1,0.000000,0.000000,0.000000,0.000000,0.000000,0.000000
10.900000,4.816841,6.579314,-1,0.000000,0.000000,0.000000,0.000000,0.000000,0.000000
11.000000,5.607293,6.702545,-1,0.000000,0.000000,0.000000,0.000000,0.000000,0.000000
11.100000,6.158914,7.073985,-1,0.000000,0.000000,0.000000,0.000000,0.000000,0.000000
11.200000,6.312482,7.859107,-1,0.000000,0.000000,0.000000,0.000000,0.000000,0.000000
11.300000,6.573500,8.606715,-1,0.000000,0.000000,0.000000,0.000000,0.000000,0.000000
11.400000,6.941968,9.316807,-1,0.000000,0.000000,0.000000,0.000000,0.000000,0.000000
11.500000,7.061340,9.083446,-1,0.000000,0.000000,0.000000,0.000000,0.000000,0.000000
11.600000,7.031255,8.284012,3,0.000000,0.000000,0.000000,21.375853,0.000000,0.000000
11.700000,6.933805,8.677376,3,0.000000,0.000000,0.000000,17.807636,0.000000,0.000000
11.800000,6.813901,9.468339,-1,0.000000,0.000000,0.000000,0.000000,0.000000,0.000000
11.900000,7.089218,8.930245,-1,0.000000,0.000000,0.000000,0.000000,0.000000,0.000000
12.000000,7.420995,8.202286,3,0.000000,0.000000,0.000000,23.462501,0.000000,0.000000
12.100000,8.139881,8.553289,3,0.000000,0.000000,0.000000,18.257810,0.000000,0.000000
12.200000,8.724239,8.949885,-1,0.000000,0.000000,0.000000,0.000000,0.000000,0.000000
12.300000,8.366896,9.665641,-1,0.000000,0.000000,0.000000,0.000000,0.000000,0.000000
12.400000,8.124631,10.400795,-1,0.000000,0.000000,0.000000,0.000000,0.000000,0.000000
12.500000,8.227595,11.194141,-1,0.000000,0.000000,0.000000,0.000000,0.000000,0.000000
12.600000,8.384047,11.975495,-1,0.000000,0.000000,0.000000,0.000000,0.000000,0.000000
12.700000,8.629649,12.736862,-1,0.000000,0.000000,0.000000,0.000000,0.000000,0.000000
12.800000,8.903766,13.487821,-1,0.000000,0.000000,0.000000,0.000000,0.000000,0.000000
12.900000,9.206398,14.228371,-1,0.000000,0.000000,0.000000,0.000000,0.000000,0.000000
13.000000,8.925416,14.813314,-1,0.000000,0.000000,0.000000,0.000000,0.000000,0.000000
13.100000,8.294267,15.304894,-1,0.000000,0.000000,0.000000,0.000000,0.000000,0.000000
13.200000,7.549335,15.551324,-1,0.000000,0.000000,0.000000,0.000000,0.000000,0.000000
13.300000,6.766475,15.716037,-1,0.000000,0.000000,0.000000,0.000000,0.000000,0.000000
13.400000,6.380368,15.625477,-1,0.000000,0.000000,0.000000,0.000000,0.000000,0.000000
13.500000,6.050940,14.896452,-1,0.000000,0.000000,0.000000,0.000000,0.000000,0.000000
13.600000,6.621902,15.456812,-1,0.000000,0.000000,0.000000,0.000000,0.000000,0.000000
13.700000,7.112010,15.953324,-1,0.000000,0.000000,0.000000,0.000000,0.000000,0.000000
13.800000,7.036142,15.156930,-1,0.000000,0.000000,0.000000,0.000000,0.000000,0.000000
13.900000,7.039179,14.750441,-1,0.000000,0.000000,0.000000,0.000000,0.000000,0.000000
14.000000,7.278933,15.513670,-1,0.000000,0.000000,0.000000,0.000000,0.000000,0.000000
14.100000,7.673975,15.836456,-1,0.000000,0.000000,0.000000,0.000000,0.000000,0.000000
14.200000,8.327831,15.375508,-1,0.000000,0.000000,0.000000,0.000000,0.000000,0.000000
14.300000,8.881239,15.474741,-1,0.000000,0.000000,0.000000,0.000000,0.000000,0.000000
14.400000,9.334202,15.865846,-1,0.000000,0.000000,0.000000,0.000000,0.000000,0.000000
14.500000,9.330921,15.149502,-1,0.000000,0.000000,0.000000,0.000000,0.000000,0.000000
14.600000,9.053894,14.398998,-1,0.000000,0.000000,0.000000,0.000000,0.000000,0.000000
14.700000,9.574689,14.102563,-1,0.000000,0.000000,0.000000,0.000000,0.000000,0.000000
14.800000,9.638576,13.957485,-1,0.000000,0.000000,0.000000,0.000000,0.000000,0.000000
14.900000,9.883353,14.336525,-1,0.000000,0.000000,0.000000,0.000000,0.000000,0.000000
15.000000,9.224596,14.790440,-1,0.000000,0.000000,0.000000,0.000000,0.000000,0.000000
15.100000,8.946433,15.540524,-1,0.000000,0.000000,0.000000,0.000000,0.000000,0.000000
15.200000,8.687625,15.704348,-1,0.000000,0.000000,0.000000,0.000000,0.000000,0.000000
15.300000,8.564299,14.913911,-1,0.000000,0.000000,0.000000,0.000000,0.000000,0.000000
15.400000,8.376420,14.145294,-1,0.000000,0.000000,0.000000,0.000000,0.000000,0.000000
15.500000,7.994888,13.442134,5,0.000000,0.000000,0.000000,0.000000,0.000000,21.724539
15.600000,7.991348,13.189245,5,0.000000,0.000000,0.000000,0.000000,0.000000,21.680892
15.700000,8.617794,13.686804,-1,0.000000,0.000000,0.000000,0.000000,0.000000,0.000000
15.800000,9.323345,13.857616,-1,0.000000,0.000000,0.000000,0.000000,0.000000,0.000000
15.900000,9.892000,13.701681,-1,0.000000,0.000000,0.000000,0.000000,0.000000,0.000000
16.000000,9.904359,13.248246,-1,0.000000,0.000000,0.000000,0.000000,0.000000,0.000000
16.100000,9.605072,12.616311,-1,0.000000,0.000000,0.000000,0.000000,0.000000,0.000000
16.200000,8.883803,12.417763,-1,0.000000,0.000000,0.000000,0.000000,0.000000,0.000000
16.300000,8.085633,12.363678,-1,0.000000,0.000000,0.000000,0.000000,0.000000,0.000000
16.400000,8.546169,11.937327,-1,0.000000,0.000000,0.000000,0.000000,0.000000,0.000000
16.500000,9.186519,11.457794,-1,0.000000,0.000000,0.000000,0.000000,0.000000,0.000000
16.600000,9.351011,12.240701,-1,0.000000,0.000000,0.000000,0.000000,0.000000,0.000000
16.700000,9.554666,12.845538,-1,0.000000,0.000000,0.000000,0.000000,0.000000,0.000000
16.800000,9.967536,12.203893,-1,0.000000,0.000000,0.000000,0.000000,0.000000,0.000000
16.900000,9.741163,11.872934,-1,0.000000,0.000000,0.000000,0.000000,0.000000,0.000000
17.000000,9.730936,12.474033,-1,0.000000,0.000000,0.000000,0.000000,0.000000,0.000000
17.100000,9.381160,13.149064,-1,0.000000,0.000000,0.000000,0.000000,0.000000,0.000000
17.200000,9.328256,13.947312,-1,0.000000,0.000000,0.000000,0.000000,0.000000,0.000000
17.300000,9.571517,14.051047,-1,0.000000,0.000000,0.000000,0.000000,0.000000,0.000000
17.400000,9.889057,13.460268,-1,0.000000,0.000000,0.000000,0.000000,0.000000,0.000000
17.500000,9.829524,13.112110,-1,0.000000,0.000000,0.000000,0.000000,0.000000,0.000000
17.600000,9.055600,12.909524,-1,0.000000,0.000000,0.000000,0.000000,0.000000,0.000000
17.700000,8.866059,13.458865,-1,0.000000,0.000000,0.000000,0.000000,0.000000,0.000000
17.800000,8.871312,14.258847,-1,0.000000,0.000000,0.000000,0.000000,0.000000,0.000000
17.900000,9.362270,13.859240,-1,0.000000,0.000000,0.000000,0.000000,0.000000,0.000000
18.000000,9.922613,13.288263,-1,0.000000,0.000000,0.000000,0.000000,0.000000,0.000000
18.100000,9.301795,13.792827,-1,0.000000,0.000000,0.000000,0.000000,0.000000,0.000000
18.200000,8.789097,14.139091,-1,0.000000,0.000000,0.000000,0.000000,0.000000,0.000000
18.300000,9.033232,13.377253,-1,0.000000,0.000000,0.000000,0.000000,0.000000,0.000000
18.400000,9.016363,12.802436,-1,0.000000,0.000000,0.000000,0.000000,0.000000,0.000000
18.500000,8.216481,12.788683,5,0.000000,0.000000,0.000000,0.000000,0.000000,17.594556
18.600000,8.008172,12.850513,5,0.000000,0.000000,0.000000,0.000000,0.000000,19.898650
18.700000,8.785817,13.038313,-1,0.000000,0.000000,0.000000,0.000000,0.000000,0.000000
18.800000,8.830202,13.335592,-1,0.000000,0.000000,0.000000,0.000000,0.000000,0.000000
18.900000,8.141328,13.742351,5,0.000000,0.000000,0.000000,0.000000,0.000000,19.248783
19.000000,7.483480,13.594247,5,0.000000,0.000000,0.000000,0.000000,0.000000,23.281852
19.100000,6.844247,13.113226,5,0.000000,0.000000,0.000000,0.000000,0.000000,19.995990
19.200000,6.106331,12.832375,-1,0.000000,0.000000,0.000000,0.000000,0.000000,0.000000
19.300000,5.335520,12.618246,-1,0.000000,0.000000,0.000000,0.000000,0.000000,0.000000
19.400000,5.936113,12.656819,-1,0.000000,0.000000,0.000000,0.000000,0.000000,0.000000
19.500000,6.732620,12.731491,5,0.000000,0.000000,0.000000,0.000000,0.000000,16.631618
19.600000,7.500515,12.955852,5,0.000000,0.000000,0.000000,0.000000,0.000000,22.658664
19.700000,8.243520,13.081847,5,0.000000,0.000000,0.000000,0.000000,0.000000,18.974219
19.800000,8.812297,12.519270,-1,0.000000,0.000000,0.000000,0.000000,0.000000,0.000000
19.900000,9.251364,11.897728,-1,0.000000,0.000000,0.000000,0.000000,0.000000,0.000000
20.000000,9.301301,11.099288,-1,0.000000,0.000000,0.000000,0.000000,0.000000,0.000000
20.100000,9.440507,10.320375,-1,0.000000,0.000000,0.000000,0.000000,0.000000,0.000000
20.200000,9.728494,9.574008,-1,0.000000,0.000000,0.000000,0.000000,0.000000,0.000000
20.300000,9.901932,9.531148,-1,0.000000,0.000000,0.000000,0.000000,0.000000,0.000000
20.400000,9.450770,10.191793,-1,0.000000,0.000000,0.000000,0.000000,0.000000,0.000000
20.500000,8.827366,10.230524,-1,0.000000,0.000000,0.000000,0.000000,0.000000,0.000000
20.600000,8.100616,9.896106,-1,0.000000,0.000000,0.000000,0.000000,0.000000,0.000000
20.700000,7.479874,9.403562,-1,0.000000,0.000000,0.000000,0.000000,0.000000,0.000000
20.800000,6.894468,8.858310,-1,0.000000,0.000000,0.000000,0.000000,0.000000,0.000000
20.900000,7.356034,9.241874,-1,0.000000,0.000000,0.000000,0.000000,0.000000,0.000000
21.000000,7.967167,9.758126,-1,0.000000,0.000000,0.000000,0.000000,0.000000,0.000000
21.100000,8.390003,9.079002,-1,0.000000,0.000000,0.000000,0.000000,0.000000,0.000000
21.200000,8.772743,8.583951,-1,0.000000,0.000000,0.000000,0.000000,0.000000,0.000000
21.300000,8.874811,9.377413,-1,0.000000,0.000000,0.000000,0.000000,0.000000,0.000000
21.400000,8.775151,9.877907,-1,0.000000,0.000000,0.000000,0.000000,0.000000,0.000000
21.500000,8.070306,9.499498,-1,0.000000,0.000000,0.000000,0.000000,0.000000,0.000000
21.600000,7.919452,9.184963,-1,0.000000,0.000000,0.000000,0.000000,0.000000,0.000000
21.700000,8.691918,8.976883,-1,0.000000,0.000000,0.000000,0.000000,0.000000,0.000000
21.800000,9.119058,9.270745,-1,0.000000,0.000000,0.000000,0.000000,0.000000,0.000000
21.900000,9.200875,10.066550,-1,0.000000,0.000000,0.000000,0.000000,0.000000,0.000000
22.000000,8.941341,9.957823,-1,0.000000,0.000000,0.000000,0.000000,0.000000,0.000000
22.100000,8.476996,9.306375,-1,0.000000,0.000000,0.000000,0.000000,0.000000,0.000000
22.200000,8.052418,8.628894,3,0.000000,0.000000,0.000000,18.363945,0.000000,0.000000
22.300000,7.641096,7.942735,3,0.000000,0.000000,0.000000,23.668323,0.000000,0.000000
22.400000,7.892652,7.225927,3,0.000000,0.000000,0.000000,17.990465,0.000000,0.000000
22.500000,8.238905,6.504742,-1,0.000000,0.000000,0.000000,0.000000,0.000000,0.000000
22.600000,7.820058,5.823150,-1,0.000000,0.000000,0.000000,0.000000,0.000000,0.000000
22.700000,7.441540,5.326032,-1,0.000000,0.000000,0.000000,0.000000,0.000000,0.000000
22.800000,7.345333,6.120226,-1,0.000000,0.000000,0.000000,0.000000,0.000000,0.000000
22.900000,7.301214,6.517847,-1,0.000000,0.000000,0.000000,0.000000,0.000000,0.000000
23.000000,7.413358,5.725746,-1,0.000000,0.000000,0.000000,0.000000,0.000000,0.000000
23.100000,7.480207,4.930700,-1,0.000000,0.000000,0.000000,0.000000,0.000000,0.000000
23.200000,7.471564,4.130747,-1,0.000000,0.000000,0.000000,0.000000,0.000000,0.000000
23.300000,7.783771,3.486209,1,0.000000,17.998834,0.000000,0.000000,0.000000,0.000000
23.400000,8.416827,2.997087,1,0.000000,16.640594,0.000000,0.000000,0.000000,0.000000
23.500000,8.333092,2.430423,1,0.000000,18.015190,0.000000,0.000000,0.000000,0.000000
23.600000,7.819284,1.817233,1,0.000000,17.501045,0.000000,0.000000,0.000000,0.000000
23.700000,7.249168,1.257817,-1,0.000000,0.000000,0.000000,0.000000,0.000000,0.000000
23.800000,6.660282,0.716325,-1,0.000000,0.000000,0.000000,0.000000,0.000000,0.000000
23.900000,7.075080,1.150094,-1,0.000000,0.000000,0.000000,0.000000,0.000000,0.000000
24.000000,7.633261,1.723185,1,0.000000,16.922750,0.000000,0.000000,0.000000,0.000000
24.100000,8.428884,1.639615,-1,0.000000,0.000000,0.000000,0.000000,0.000000,0.000000
24.200000,9.086548,1.474202,-1,0.000000,0.000000,0.000000,0.000000,0.000000,0.000000
24.300000,8.778496,0.735890,-1,0.000000,0.000000,0.000000,0.000000,0.000000,0.000000
24.400000,8.418382,0.029383,-1,0.000000,0.000000,0.000000,0.000000,0.000000,0.000000
24.500000,7.902083,0.581711,-1,0.000000,0.000000,0.000000,0.000000,0.000000,0.000000
24.600000,7.848208,0.830451,-1,0.000000,0.000000,0.000000,0.000000,0.000000,0.000000
24.700000,8.565038,0.475269,-1,0.000000,0.000000,0.000000,0.000000,0.000000,0.000000
24.800000,9.302407,0.425718,-1,0.000000,0.000000,0.000000,0.000000,0.000000,0.000000
24.900000,9.939685,0.681797,-1,0.000000,0.000000,0.000000,0.000000,0.000000,0.000000
25.000000,9.844614,0.768662,-1,0.000000,0.000000,0.000000,0.000000,0.000000,0.000000
25.100000,9.044748,0.754000,-1,0.000000,0.000000,0.000000,0.000000,0.000000,0.000000
25.200000,8.581150,0.211355,-1,0.000000,0.000000,0.000000,0.000000,0.000000,0.000000
25.300000,8.229641,0.507283,-1,0.000000,0.000000,0.000000,0.000000,0.000000,0.000000
25.400000,7.537618,0.861662,-1,0.000000,0.000000,0.000000,0.000000,0.000000,0.000000
25.500000,6.796949,1.164003,-1,0.000000,0.000000,0.000000,0.000000,0.000000,0.000000
25.600000,6.931722,1.952569,1,0.000000,17.436111,0.000000,0.000000,0.000000,0.000000
25.700000,6.949677,2.644976,1,0.000000,21.352506,0.000000,0.000000,0.000000,0.000000
25.800000,6.149910,2.664264,-1,0.000000,0.000000,0.000000,0.000000,0.000000,0.000000
25.900000,5.553551,2.878700,-1,0.000000,0.000000,0.000000,0.000000,0.000000,0.000000
26.000000,5.567416,3.678580,-1,0.000000,0.000000,0.000000,0.000000,0.000000,0.000000
26.100000,5.291494,4.273423,-1,0.000000,0.000000,0.000000,0.000000,0.000000,0.000000
26.200000,4.532592,4.526538,-1,0.000000,0.000000,0.000000,0.000000,0.000000,0.000000
26.300000,4.457000,4.392961,-1,0.000000,0.000000,0.000000,0.000000,0.000000,0.000000
26.400000,5.064718,3.872693,-1,0.000000,0.000000,0.000000,0.000000,0.000000,0.000000
26.500000,5.729464,3.920821,-1,0.000000,0.000000,0.000000,0.000000,0.000000,0.000000
26.600000,6.428428,4.309986,-1,0.000000,0.000000,0.000000,0.000000,0.000000,0.000000
26.700000,6.729752,3.820782,-1,0.000000,0.000000,0.000000,0.000000,0.000000,0.000000
26.800000,6.898530,3.038789,1,0.000000,19.831761,0.000000,0.000000,0.000000,0.000000
26.900000,7.336102,2.378413,1,0.000000,22.930465,0.000000,0.000000,0.000000,0.000000
27.000000,7.812073,1.735411,-1,0.000000,0.000000,0.000000,0.000000,0.000000,0.000000
27.100000,8.316707,2.356172,1,0.000000,17.919768,0.000000,0.000000,0.000000,0.000000
27.200000,8.851575,2.863385,-1,0.000000,0.000000,0.000000,0.000000,0.000000,0.000000
27.300000,9.598081,2.575759,-1,0.000000,0.000000,0.000000,0.000000,0.000000,0.000000
27.400000,9.642130,2.354015,-1,0.000000,0.000000,0.000000,0.000000,0.000000,0.000000
27.500000,8.842493,2.329917,-1,0.000000,0.000000,0.000000,0.000000,0.000000,0.000000
27.600000,8.366396,2.613919,1,0.000000,17.990037,0.000000,0.000000,0.000000,0.000000
27.700000,8.429534,3.411424,-1,0.000000,0.000000,0.000000,0.000000,0.000000,0.000000
27.800000,8.073843,3.910325,-1,0.000000,0.000000,0.000000,0.000000,0.000000,0.000000
27.900000,7.299323,4.110624,-1,0.000000,0.000000,0.000000,0.000000,0.000000,0.000000
28.000000,6.936046,4.680403,-1,0.000000,0.000000,0.000000,0.000000,0.000000,0.000000
28.100000,6.819514,5.471870,-1,0.000000,0.000000,0.000000,0.000000,0.000000,0.000000
28.200000,7.338398,5.914026,-1,0.000000,0.000000,0.000000,0.000000,0.000000,0.000000
28.300000,8.069088,6.239745,-1,0.000000,0.000000,0.000000,0.000000,0.000000,0.000000
28.400000,8.803290,6.003469,-1,0.000000,0.000000,0.000000,0.000000,0.000000,0.000000
28.500000,9.537993,5.686909,-1,0.000000,0.000000,0.000000,0.000000,0.000000,0.000000
28.600000,9.693635,5.909632,-1,0.000000,0.000000,0.000000,0.000000,0.000000,0.000000
28.700000,9.006093,6.203350,-1,0.000000,0.000000,0.000000,0.000000,0.000000,0.000000
28.800000,8.884352,6.994033,-1,0.000000,0.000000,0.000000,0.000000,0.000000,0.000000
28.900000,8.602147,7.527401,-1,0.000000,0.000000,0.000000,0.000000,0.000000,0.000000
29.000000,7.838549,7.288824,3,0.000000,0.000000,0.000000,18.942740,0.000000,0.000000
29.100000,7.407252,6.843254,-1,0.000000,0.000000,0.000000,0.000000,0.000000,0.000000
29.200000,7.529790,6.052695,-1,0.000000,0.000000,0.000000,0.000000,0.000000,0.000000
29.300000,7.588536,5.257423,-1,0.000000,0.000000,0.000000,0.000000,0.000000,0.000000
29.400000,7.583491,4.457439,-1,0.000000,0.000000,0.000000,0.000000,0.000000,0.000000
29.500000,8.072472,4.062351,-1,0.000000,0.000000,0.000000,0.000000,0.000000,0.000000
29.600000,8.857871,3.910201,-1,0.000000,0.000000,0.000000,0.000000,0.000000,0.000000
29.700000,8.550729,4.198502,-1,0.000000,0.000000,0.000000,0.000000,0.000000,0.000000
29.800000,7.879408,4.633621,-1,0.000000,0.000000,0.000000,0.000000,0.000000,0.000000
29.900000,7.176477,5.014841,-1,0.000000,0.000000,0.000000,0.000000,0.000000,0.000000
30.000000,6.469029,5.388362,-1,0.000000,0.000000,0.000000,0.000000,0.000000,0.000000
30.100000,6.652968,6.166929,-1,0.000000,0.000000,0.000000,0.000000,0.000000,0.000000
30.200000,6.754422,6.767797,-1,0.000000,0.000000,0.000000,0.000000,0.000000,0.000000
30.300000,6.278474,6.124778,-1,0.000000,0.000000,0.000000,0.000000,0.000000,0.000000
30.400000,5.930189,5.442702,-1,0.000000,0.000000,0.000000,0.000000,0.000000,0.000000
30.500000,5.964894,4.643455,-1,0.000000,0.000000,0.000000,0.000000,0.000000,0.000000
30.600000,6.023496,4.441647,-1,0.000000,0.000000,0.000000,0.000000,0.000000,0.000000
30.700000,6.121926,5.235568,-1,0.000000,0.000000,0.000000,0.000000,0.000000,0.000000
30.800000,6.027135,5.259351,-1,0.000000,0.000000,0.000000,0.000000,0.000000,0.000000
30.900000,5.739122,4.512993,-1,0.000000,0.000000,0.000000,0.000000,0.000000,0.000000
31.000000,6.093746,4.043437,-1,0.000000,0.000000,0.000000,0.000000,0.000000,0.000000
31.100000,6.833950,3.739962,-1,0.000000,0.000000,0.000000,0.000000,0.000000,0.000000
31.200000,6.485420,3.938485,-1,0.000000,0.000000,0.000000,0.000000,0.000000,0.000000
31.300000,5.773978,4.304341,-1,0.000000,0.000000,0.000000,0.000000,0.000000,0.000000
31.400000,5.250134,4.898571,-1,0.000000,0.000000,0.000000,0.000000,0.000000,0.000000
31.500000,4.753089,5.525425,-1,0.000000,0.000000,0.000000,0.000000,0.000000,0.000000
31.600000,5.481359,5.856518,-1,0.000000,0.000000,0.000000,0.000000,0.000000,0.000000
31.700000,6.055764,6.224020,-1,0.000000,0.000000,0.000000,0.000000,0.000000,0.000000
31.800000,5.553114,6.846388,-1,0.000000,0.000000,0.000000,0.000000,0.000000,0.000000
31.900000,5.056849,7.473704,-1,0.000000,0.000000,0.000000,0.000000,0.000000,0.000000
32.000000,4.579740,8.115863,-1,0.000000,0.000000,0.000000,0.000000,0.000000,0.000000
32.100000,4.142085,8.251599,-1,0.000000,0.000000,0.000000,0.000000,0.000000,0.000000
32.200000,3.770186,7.543298,-1,0.000000,0.000000,0.000000,0.000000,0.000000,0.000000
32.300000,3.979606,7.128462,-1,0.000000,0.000000,0.000000,0.000000,0.000000,0.000000
32.400000,4.770345,7.007092,-1,0.000000,0.000000,0.000000,0.000000,0.000000,0.000000
32.500000,5.108403,7.459850,-1,0.000000,0.000000,0.000000,0.000000,0.000000,0.000000
32.600000,5.174852,8.257086,-1,0.000000,0.000000,0.000000,0.000000,0.000000,0.000000
32.700000,4.651737,8.718491,-1,0.000000,0.000000,0.000000,0.000000,0.000000,0.000000
32.800000,3.932101,9.067954,-1,0.000000,0.000000,0.000000,0.000000,0.000000,0.000000
32.900000,3.715215,8.423241,-1,0.000000,0.000000,0.000000,0.000000,0.000000,0.000000
33.000000,3.570151,7.636503,-1,0.000000,0.000000,0.000000,0.000000,0.000000,0.000000
33.100000,3.705046,6.847958,-1,0.000000,0.000000,0.000000,0.000000,0.000000,0.000000
33.200000,3.896422,6.225958,-1,0.000000,0.000000,0.000000,0.000000,0.000000,0.000000
33.300000,4.483164,6.769771,-1,0.000000,0.000000,0.000000,0.000000,0.000000,0.000000
33.400000,5.046925,7.020478,-1,0.000000,0.000000,0.000000,0.000000,0.000000,0.000000
33.500000,5.541742,6.391863,-1,0.000000,0.000000,0.000000,0.000000,0.000000,0.000000
33.600000,6.147803,5.955283,-1,0.000000,0.000000,0.000000,0.000000,0.000000,0.000000
33.700000,6.939271,5.838759,-1,0.000000,0.000000,0.000000,0.000000,0.000000,0.000000
33.800000,7.702293,5.622070,-1,0.000000,0.000000,0.000000,0.000000,0.000000,0.000000
33.900000,8.436870,5.305214,-1,0.000000,0.000000,0.000000,0.000000,0.000000,0.000000
34.000000,9.116465,5.480807,-1,0.000000,0.000000,0.000000,0.000000,0.000000,0.000000
34.100000,9.763073,5.951869,-1,0.000000,0.000000,0.000000,0.000000,0.000000,0.000000
34.200000,9.453405,6.440927,-1,0.000000,0.000000,0.000000,0.000000,0.000000,0.000000
34.300000,8.824980,6.935984,-1,0.000000,0.000000,0.000000,0.000000,0.000000,0.000000
34.400000,8.222655,6.533469,-1,0.000000,0.000000,0.000000,0.000000,0.000000,0.000000
34.500000,7.624060,6.002731,-1,0.000000,0.000000,0.000000,0.000000,0.000000,0.000000
34.600000,8.423169,5.964977,-1,0.000000,0.000000,0.000000,0.000000,0.000000,0.000000
34.700000,9.022866,5.941700,-1,0.000000,0.000000,0.000000,0.000000,0.000000,0.000000
34.800000,8.226683,6.019759,-1,0.000000,0.000000,0.000000,0.000000,0.000000,0.000000
34.900000,7.767228,6.223367,-1,0.000000,0.000000,0.000000,0.000000,0.000000,0.000000
35.000000,8.317956,6.803625,-1,0.000000,0.000000,0.000000,0.000000,0.000000,0.000000
35.100000,8.764606,6.884321,-1,0.000000,0.000000,0.000000,0.000000,0.000000,0.000000
35.200000,9.037794,6.132411,-1,0.000000,0.000000,0.000000,0.000000,0.000000,0.000000
35.300000,9.338813,5.391813,-1,0.000000,0.000000,0.000000,0.000000,0.000000,0.000000
35.400000,9.667661,4.662526,-1,0.000000,0.000000,0.000000,0.000000,0.000000,0.000000
35.500000,9.852604,4.038377,-1,0.000000,0.000000,0.000000,0.000000,0.000000,0.000000
35.600000,9.282339,3.477309,-1,0.000000,0.000000,0.000000,0.000000,0.000000,0.000000
35.700000,8.991275,3.918376,-1,0.000000,0.000000,0.000000,0.000000,0.000000,0.000000
35.800000,8.793280,4.693487,-1,0.000000,0.000000,0.000000,0.000000,0.000000,0.000000
35.900000,8.113418,5.037008,-1,0.000000,0.000000,0.000000,0.000000,0.000000,0.000000
36.000000,7.364718,5.318874,-1,0.000000,0.000000,0.000000,0.000000,0.000000,0.000000
36.100000,7.413422,4.520358,-1,0.000000,0.000000,0.000000,0.000000,0.000000,0.000000
36.200000,7.471010,3.722784,-1,0.000000,0.000000,0.000000,0.000000,0.000000,0.000000
36.300000,7.590781,2.931800,1,0.000000,23.195398,0.000000,0.000000,0.000000,0.000000
36.400000,7.660102,2.537508,1,0.000000,23.503992,0.000000,0.000000,0.000000,0.000000
36.500000,7.578077,3.333292,1,0.000000,20.208319,0.000000,0.000000,0.000000,0.000000
36.600000,7.550820,3.531619,1,0.000000,18.009050,0.000000,0.000000,0.000000,0.000000
36.700000,7.614843,2.734185,1,0.000000,23.715233,0.000000,0.000000,0.000000,0.000000
36.800000,7.906381,2.031089,1,0.000000,19.318775,0.000000,0.000000,0.000000,0.000000
36.900000,8.425432,1.422332,-1,0.000000,0.000000,0.000000,0.000000,0.000000,0.000000
37.000000,8.633254,0.694221,-1,0.000000,0.000000,0.000000,0.000000,0.000000,0.000000
37.100000,8.654339,0.105501,-1,0.000000,0.000000,0.000000,0.000000,0.000000,0.000000
37.200000,8.695807,0.293476,-1,0.000000,0.000000,0.000000,0.000000,0.000000,0.000000
37.300000,8.744069,1.092019,-1,0.000000,0.000000,0.000000,0.000000,0.000000,0.000000
37.400000,8.647734,0.499362,-1,0.000000,0.000000,0.000000,0.000000,0.000000,0.000000
37.500000,8.530743,0.292037,-1,0.000000,0.000000,0.000000,0.000000,0.000000,0.000000
37.600000,8.130624,0.400714,-1,0.000000,0.000000,0.000000,0.000000,0.000000,0.000000
37.700000,7.838250,1.088525,-1,0.000000,0.000000,0.000000,0.000000,0.000000,0.000000
37.800000,8.300092,1.741750,-1,0.000000,0.000000,0.000000,0.000000,0.000000,0.000000
37.900000,8.829282,2.312792,-1,0.000000,0.000000,0.000000,0.000000,0.000000,0.000000
38.000000,9.560515,2.637287,-1,0.000000,0.000000,0.000000,0.000000,0.000000,0.000000
38.100000,9.720166,2.800463,-1,0.000000,0.000000,0.000000,0.000000,0.000000,0.000000
38.200000,8.927178,2.694773,-1,0.000000,0.000000,0.000000,0.000000,0.000000,0.000000
38.300000,8.843332,2.891430,-1,0.000000,0.000000,0.000000,0.000000,0.000000,0.000000
38.400000,9.468629,3.390434,-1,0.000000,0.000000,0.000000,0.000000,0.000000,0.000000
38.500000,9.804930,3.666893,-1,0.000000,0.000000,0.000000,0.000000,0.000000,0.000000
38.600000,9.017802,3.809826,-1,0.000000,0.000000,0.000000,0.000000,0.000000,0.000000
38.700000,9.411223,3.953546,-1,0.000000,0.000000,0.000000,0.000000,0.000000,0.000000
38.800000,9.801841,4.097529,-1,0.000000,0.000000,0.000000,0.000000,0.000000,0.000000
38.900000,9.596527,4.115133,-1,0.000000,0.000000,0.000000,0.000000,0.000000,0.000000
39.000000,8.796527,4.114682,-1,0.000000,0.000000,0.000000,0.000000,0.000000,0.000000
39.100000,9.223933,3.438425,-1,0.000000,0.000000,0.000000,0.000000,0.000000,0.000000
39.200000,9.688350,2.889378,-1,0.000000,0.000000,0.000000,0.000000,0.000000,0.000000
39.300000,9.588165,3.230800,-1,0.000000,0.000000,0.000000,0.000000,0.000000,0.000000
39.400000,9.209585,3.372443,-1,0.000000,0.000000,0.000000,0.000000,0.000000,0.000000
39.500000,9.865721,2.914747,-1,0.000000,0.000000,0.000000,0.000000,0.000000,0.000000
39.600000,9.461728,2.483389,-1,0.000000,0.000000,0.000000,0.000000,0.000000,0.000000
39.700000,8.761818,2.095927,-1,0.000000,0.000000,0.000000,0.000000,0.000000,0.000000
39.800000,8.765754,2.088641,-1,0.000000,0.000000,0.000000,0.000000,0.000000,0.000000
39.900000,9.473534,2.461532,-1,0.000000,0.000000,0.000000,0.000000,0.000000,0.000000
40.000000,9.443146,3.004478,-1,0.000000,0.000000,0.000000,0.000000,0.000000,0.000000
40.100000,8.969859,3.649458,-1,0.000000,0.000000,0.000000,0.000000,0.000000,0.000000
40.200000,9.075205,3.253951,-1,0.000000,0.000000,0.000000,0.000000,0.000000,0.000000
40.300000,9.373429,2.511616,-1,0.000000,0.000000,0.000000,0.000000,0.000000,0.000000
40.400000,9.595604,1.743684,-1,0.000000,0.000000,0.000000,0.000000,0.000000,0.000000
40.500000,9.806914,0.972096,-1,0.000000,0.000000,0.000000,0.000000,0.000000,0.000000
40.600000,9.899630,0.177487,-1,0.000000,0.000000,0.000000,0.000000,0.000000,0.000000
40.700000,9.925623,0.434368,-1,0.000000,0.000000,0.000000,0.000000,0.000000,0.000000
40.800000,9.484546,0.233053,-1,0.000000,0.000000,0.000000,0.000000,0.000000,0.000000
40.900000,9.353554,0.742216,-1,0.000000,0.000000,0.000000,0.000000,0.000000,0.000000
41.000000,9.847185,0.776599,-1,0.000000,0.000000,0.000000,0.000000,0.000000,0.000000
41.100000,9.252932,1.082745,-1,0.000000,0.000000,0.000000,0.000000,0.000000,0.000000
41.200000,9.000360,1.841828,-1,0.000000,0.000000,0.000000,0.000000,0.000000,0.000000
41.300000,8.517156,2.040789,-1,0.000000,0.000000,0.000000,0.000000,0.000000,0.000000
41.400000,7.803319,1.679627,-1,0.000000,0.000000,0.000000,0.000000,0.000000,0.000000
41.500000,7.347790,2.007566,1,0.000000,20.154304,0.000000,0.000000,0.000000,0.000000
41.600000,7.047245,2.748965,1,0.000000,22.088677,0.000000,0.000000,0.000000,0.000000
41.700000,6.407637,2.730917,-1,0.000000,0.000000,0.000000,0.000000,0.000000,0.000000
41.800000,5.655007,2.459719,-1,0.000000,0.000000,0.000000,0.000000,0.000000,0.000000
41.900000,6.068133,2.908254,-1,0.000000,0.000000,0.000000,0.000000,0.000000,0.000000
42.000000,6.647797,3.459607,-1,0.000000,0.000000,0.000000,0.000000,0.000000,0.000000
42.100000,7.384323,3.771903,-1,0.000000,0.000000,0.000000,0.000000,0.000000,0.000000
42.200000,8.128767,4.043317,-1,0.000000,0.000000,0.000000,0.000000,0.000000,0.000000
42.300000,8.928631,4.028564,-1,0.000000,0.000000,0.000000,0.000000,0.000000,0.000000
42.400000,9.665373,3.871644,-1,0.000000,0.000000,0.000000,0.000000,0.000000,0.000000
42.500000,9.787252,3.288223,-1,0.000000,0.000000,0.000000,0.000000,0.000000,0.000000
42.600000,9.158275,2.835795,-1,0.000000,0.000000,0.000000,0.000000,0.000000,0.000000
42.700000,8.393295,2.601689,1,0.000000,17.648692,0.000000,0.000000,0.000000,0.000000
42.800000,7.749514,2.787500,1,0.000000,23.209629,0.000000,0.000000,0.000000,0.000000
42.900000,7.226930,3.393227,1,0.000000,19.073632,0.000000,0.000000,0.000000,0.000000
43.000000,6.891260,3.140288,1,0.000000,19.129130,0.000000,0.000000,0.000000,0.000000
43.100000,6.667739,2.372148,1,0.000000,17.807743,0.000000,0.000000,0.000000,0.000000
43.200000,6.488963,1.592835,-1,0.000000,0.000000,0.000000,0.000000,0.000000,0.000000
43.300000,6.325102,0.809796,-1,0.000000,0.000000,0.000000,0.000000,0.000000,0.000000
43.400000,6.976493,0.908351,-1,0.000000,0.000000,0.000000,0.000000,0.000000,0.000000
43.500000,7.744348,1.132847,-1,0.000000,0.000000,0.000000,0.000000,0.000000,0.000000
43.600000,7.862081,0.341558,-1,0.000000,0.000000,0.000000,0.000000,0.000000,0.000000
43.700000,7.887854,0.287311,-1,0.000000,0.000000,0.000000,0.000000,0.000000,0.000000
43.800000,7.269903,0.220760,-1,0.000000,0.000000,0.000000,0.000000,0.000000,0.000000
43.900000,6.688998,0.763701,-1,0.000000,0.000000,0.000000,0.000000,0.000000,0.000000
44.000000,6.219233,1.411251,-1,0.000000,0.000000,0.000000,0.000000,0.000000,0.000000
44.100000,5.754597,1.569499,-1,0.000000,0.000000,0.000000,0.000000,0.000000,0.000000
44.200000,5.298510,0.912244,-1,0.000000,0.000000,0.000000,0.000000,0.000000,0.000000
44.300000,5.383401,0.832758,-1,0.000000,0.000000,0.000000,0.000000,0.000000,0.000000
44.400000,6.009272,1.331041,-1,0.000000,0.000000,0.000000,0.000000,0.000000,0.000000
44.500000,5.888582,1.166191,-1,0.000000,0.000000,0.000000,0.000000,0.000000,0.000000
44.600000,5.319957,0.603461,-1,0.000000,0.000000,0.000000,0.000000,0.000000,0.000000
44.700000,4.831963,0.953082,-1,0.000000,0.000000,0.000000,0.000000,0.000000,0.000000
44.800000,4.370848,1.606819,-1,0.000000,0.000000,0.000000,0.000000,0.000000,0.000000
44.900000,4.193788,2.378274,-1,0.000000,0.000000,0.000000,0.000000,0.000000,0.000000
45.000000,4.057309,3.166547,-1,0.000000,0.000000,0.000000,0.000000,0.000000,0.000000
45.100000,4.823885,3.395373,-1,0.000000,0.000000,0.000000,0.000000,0.000000,0.000000
45.200000,5.445504,3.682692,-1,0.000000,0.000000,0.000000,0.000000,0.000000,0.000000
45.300000,5.052428,4.379464,-1,0.000000,0.000000,0.000000,0.000000,0.000000,0.000000
45.400000,4.684471,4.715901,-1,0.000000,0.000000,0.000000,0.000000,0.000000,0.000000
45.500000,4.391869,3.971331,-1,0.000000,0.000000,0.000000,0.000000,0.000000,0.000000
45.600000,4.044315,3.756735,-1,0.000000,0.000000,0.000000,0.000000,0.000000,0.000000
45.700000,3.605171,4.425430,-1,0.000000,0.000000,0.000000,0.000000,0.000000,0.000000
45.800000,3.421324,4.361376,-1,0.000000,0.000000,0.000000,0.000000,0.000000,0.000000
45.900000,3.492774,3.564574,-1,0.000000,0.000000,0.000000,0.000000,0.000000,0.000000
46.000000,3.029754,3.165359,0,19.613896,0.000000,0.000000,0.000000,0.000000,0.000000
46.100000,2.246053,3.004697,0,22.358836,0.000000,0.000000,0.000000,0.000000,0.000000
46.200000,1.761436,3.490514,-1,0.000000,0.000000,0.000000,0.000000,0.000000,0.000000
46.300000,1.376514,4.191823,-1,0.000000,0.000000,0.000000,0.000000,0.000000,0.000000
46.400000,1.230573,3.586356,-1,0.000000,0.000000,0.000000,0.000000,0.000000,0.000000
46.500000,1.118773,2.794207,-1,0.000000,0.000000,0.000000,0.000000,0.000000,0.000000
46.600000,0.405280,3.156046,-1,0.000000,0.000000,0.000000,0.000000,0.000000,0.000000
46.700000,0.206921,3.571920,-1,0.000000,0.000000,0.000000,0.000000,0.000000,0.000000
46.800000,0.110072,4.366036,-1,0.000000,0.000000,0.000000,0.000000,0.000000,0.000000
46.900000,0.186829,5.094596,-1,0.000000,0.000000,0.000000,0.000000,0.000000,0.000000
47.000000,0.784400,5.626487,-1,0.000000,0.000000,0.000000,0.000000,0.000000,0.000000
47.100000,1.446825,5.878223,-1,0.000000,0.000000,0.000000,0.000000,0.000000,0.000000
47.200000,2.217340,5.663033,-1,0.000000,0.000000,0.000000,0.000000,0.000000,0.000000
47.300000,2.258759,5.351050,-1,0.000000,0.000000,0.000000,0.000000,0.000000,0.000000
47.400000,1.571080,4.942273,-1,0.000000,0.000000,0.000000,0.000000,0.000000,0.000000
47.500000,1.018118,4.385341,-1,0.000000,0.000000,0.000000,0.000000,0.000000,0.000000
47.600000,0.545985,3.739515,-1,0.000000,0.000000,0.000000,0.000000,0.000000,0.000000
47.700000,0.112182,3.839315,-1,0.000000,0.000000,0.000000,0.000000,0.000000,0.000000
47.800000,0.832361,4.187657,-1,0.000000,0.000000,0.000000,0.000000,0.000000,0.000000
47.900000,0.723562,3.560029,-1,0.000000,0.000000,0.000000,0.000000,0.000000,0.000000
48.000000,0.496337,2.792977,-1,0.000000,0.000000,0.000000,0.000000,0.000000,0.000000
48.100000,1.269332,2.586873,-1,0.000000,0.000000,0.000000,0.000000,0.000000,0.000000
48.200000,2.006492,2.327129,0,20.915418,0.000000,0.000000,0.000000,0.000000,0.000000
48.300000,2.492809,1.691917,0,16.637634,0.000000,0.000000,0.000000,0.000000,0.000000
48.400000,2.657866,1.204226,-1,0.000000,0.000000,0.000000,0.000000,0.000000,0.000000
48.500000,1.859139,1.159103,-1,0.000000,0.000000,0.000000,0.000000,0.000000,0.000000
48.600000,1.184356,0.887648,-1,0.000000,0.000000,0.000000,0.000000,0.000000,0.000000
48.700000,0.716144,0.238974,-1,0.000000,0.000000,0.000000,0.000000,0.000000,0.000000
48.800000,0.082898,0.111565,-1,0.000000,0.000000,0.000000,0.000000,0.000000,0.000000
48.900000,0.715384,0.163970,-1,0.000000,0.000000,0.000000,0.000000,0.000000,0.000000
49.000000,1.319875,0.212475,-1,0.000000,0.000000,0.000000,0.000000,0.000000,0.000000
49.100000,1.808092,0.846229,-1,0.000000,0.000000,0.000000,0.000000,0.000000,0.000000
49.200000,2.505952,1.173330,-1,0.000000,0.000000,0.000000,0.000000,0.000000,0.000000
49.300000,3.273694,1.398213,-1,0.000000,0.000000,0.000000,0.000000,0.000000,0.000000
49.400000,3.616303,2.081433,-1,0.000000,0.000000,0.000000,0.000000,0.000000,0.000000
49.500000,3.898178,2.830129,-1,0.000000,0.000000,0.000000,0.000000,0.000000,0.000000
49.600000,3.745203,2.044891,-1,0.000000,0.000000,0.000000,0.000000,0.000000,0.000000
49.700000,3.595214,1.259118,-1,0.000000,0.000000,0.000000,0.000000,0.000000,0.000000
49.800000,3.466134,0.469600,-1,0.000000,0.000000,0.000000,0.000000,0.000000,0.000000
49.900000,3.547599,0.213191,-1,0.000000,0.000000,0.000000,0.000000,0.000000,0.000000
50.000000,4.260699,0.575804,-1,0.000000,0.000000,0.000000,0.000000,0.000000,0.000000
50.100000,4.429957,0.919000,-1,0.000000,0.000000,0.000000,0.000000,0.000000,0.000000
50.200000,3.692812,1.229832,-1,0.000000,0.000000,0.000000,0.000000,0.000000,0.000000
50.300000,3.649407,1.152297,-1,0.000000,0.000000,0.000000,0.000000,0.000000,0.000000
50.400000,4.299740,0.686394,-1,0.000000,0.000000,0.000000,0.000000,0.000000,0.000000
50.500000,4.844921,0.112663,-1,0.000000,0.000000,0.000000,0.000000,0.000000,0.000000
50.600000,5.327011,0.525765,-1,0.000000,0.000000,0.000000,0.000000,0.000000,0.000000
50.700000,6.043814,0.618665,-1,0.000000,0.000000,0.000000,0.000000,0.000000,0.000000
50.800000,6.838854,0.529723,-1,0.000000,0.000000,0.000000,0.000000,0.000000,0.000000
50.900000,6.284191,0.768061,-1,0.000000,0.000000,0.000000,0.000000,0.000000,0.000000
51.000000,5.536714,1.053154,-1,0.000000,0.000000,0.000000,0.000000,0.000000,0.000000
51.100000,6.259186,1.396717,-1,0.000000,0.000000,0.000000,0.000000,0.000000,0.000000
51.200000,6.792960,1.715218,-1,0.000000,0.000000,0.000000,0.000000,0.000000,0.000000
51.300000,6.005858,1.858290,-1,0.000000,0.000000,0.000000,0.000000,0.000000,0.000000
51.400000,5.442593,2.163755,-1,0.000000,0.000000,0.000000,0.000000,0.000000,0.000000
51.500000,5.550839,2.956398,-1,0.000000,0.000000,0.000000,0.000000,0.000000,0.000000
51.600000,5.746643,3.723052,-1,0.000000,0.000000,0.000000,0.000000,0.000000,0.000000
51.700000,6.088373,4.446392,-1,0.000000,0.000000,0.000000,0.000000,0.000000,0.000000
51.800000,5.962670,4.539646,-1,0.000000,0.000000,0.000000,0.000000,0.000000,0.000000
51.900000,5.369532,4.002815,-1,0.000000,0.000000,0.000000,0.000000,0.000000,0.000000
52.000000,4.648047,3.770830,-1,0.000000,0.000000,0.000000,0.000000,0.000000,0.000000
52.100000,3.849554,3.721753,-1,0.000000,0.000000,0.000000,0.000000,0.000000,0.000000
52.200000,3.889641,3.159449,-1,0.000000,0.000000,0.000000,0.000000,0.000000,0.000000
52.300000,4.209256,2.426069,-1,0.000000,0.000000,0.000000,0.000000,0.000000,0.000000
52.400000,4.838028,1.955859,-1,0.000000,0.000000,0.000000,0.000000,0.000000,0.000000
52.500000,5.510965,1.523244,-1,0.000000,0.000000,0.000000,0.000000,0.000000,0.000000
52.600000,5.984796,0.878663,-1,0.000000,0.000000,0.000000,0.000000,0.000000,0.000000
52.700000,6.347743,0.400281,-1,0.000000,0.000000,0.000000,0.000000,0.000000,0.000000
52.800000,5.934506,1.085288,-1,0.000000,0.000000,0.000000,0.000000,0.000000,0.000000
52.900000,5.678841,1.406545,-1,0.000000,0.000000,0.000000,0.000000,0.000000,0.000000
53.000000,5.895893,0.636553,-1,0.000000,0.000000,0.000000,0.000000,0.000000,0.000000
53.100000,5.744574,0.067877,-1,0.000000,0.000000,0.000000,0.000000,0.000000,0.000000
53.200000,4.979302,0.165274,-1,0.000000,0.000000,0.000000,0.000000,0.000000,0.000000
53.300000,4.257761,0.494318,-1,0.000000,0.000000,0.000000,0.000000,0.000000,0.000000
53.400000,3.579951,0.919257,-1,0.000000,0.000000,0.000000,0.000000,0.000000,0.000000
53.500000,3.700127,1.410058,-1,0.000000,0.000000,0.000000,0.000000,0.000000,0.000000
53.600000,4.299096,1.940376,-1,0.000000,0.000000,0.000000,0.000000,0.000000,0.000000
53.700000,4.567498,2.661105,-1,0.000000,0.000000,0.000000,0.000000,0.000000,0.000000
53.800000,4.725711,3.445304,-1,0.000000,0.000000,0.000000,0.000000,0.000000,0.000000
53.900000,5.079450,4.158528,-1,0.000000,0.000000,0.000000,0.000000,0.000000,0.000000
54.000000,5.461120,4.861612,-1,0.000000,0.000000,0.000000,0.000000,0.000000,0.000000
54.100000,4.669839,4.743827,-1,0.000000,0.000000,0.000000,0.000000,0.000000,0.000000
54.200000,4.055910,4.578743,-1,0.000000,0.000000,0.000000,0.000000,0.000000,0.000000
54.300000,4.683454,4.082569,-1,0.000000,0.000000,0.000000,0.000000,0.000000,0.000000
54.400000,5.211042,3.902164,-1,0.000000,0.000000,0.000000,0.000000,0.000000,0.000000
54.500000,5.438767,4.669068,-1,0.000000,0.000000,0.000000,0.000000,0.000000,0.000000
54.600000,5.576117,4.848424,-1,0.000000,0.000000,0.000000,0.000000,0.000000,0.000000
54.700000,5.562843,4.048534,-1,0.000000,0.000000,0.000000,0.000000,0.000000,0.000000
54.800000,5.722229,4.012507,-1,0.000000,0.000000,0.000000,0.000000,0.000000,0.000000
54.900000,6.054277,4.740342,-1,0.000000,0.000000,0.000000,0.000000,0.000000,0.000000
55.000000,6.272143,4.522072,-1,0.000000,0.000000,0.000000,0.000000,0.000000,0.000000
55.100000,6.421499,3.736137,-1,0.000000,0.000000,0.000000,0.000000,0.000000,0.000000
55.200000,5.876234,3.683084,-1,0.000000,0.000000,0.000000,0.000000,0.000000,0.000000
55.300000,5.099428,3.874325,-1,0.000000,0.000000,0.000000,0.000000,0.000000,0.000000
55.400000,4.352373,3.638310,-1,0.000000,0.000000,0.000000,0.000000,0.000000,0.000000
55.500000,3.609567,3.341258,-1,0.000000,0.000000,0.000000,0.000000,0.000000,0.000000
55.600000,3.220940,2.641995,0,19.680890,0.000000,0.000000,0.000000,0.000000,0.000000
55.700000,2.975193,2.063415,0,19.166994,0.000000,0.000000,0.000000,0.000000,0.000000
55.800000,3.729603,2.329620,-1,0.000000,0.000000,0.000000,0.000000,0.000000,0.000000
55.900000,4.492536,2.495486,-1,0.000000,0.000000,0.000000,0.000000,0.000000,0.000000
56.000000,5.281037,2.360333,-1,0.000000,0.000000,0.000000,0.000000,0.000000,0.000000
56.100000,5.905958,2.006515,-1,0.000000,0.000000,0.000000,0.000000,0.000000,0.000000
56.200000,6.258245,1.288258,-1,0.000000,0.000000,0.000000,0.000000,0.000000,0.000000
56.300000,6.722361,1.206748,-1,0.000000,0.000000,0.000000,0.000000,0.000000,0.000000
56.400000,7.298306,1.761984,1,0.000000,17.255421,0.000000,0.000000,0.000000,0.000000
56.500000,8.014283,1.971529,1,0.000000,18.030349,0.000000,0.000000,0.000000,0.000000
56.600000,8.814280,1.973658,-1,0.000000,0.000000,0.000000,0.000000,0.000000,0.000000
56.700000,8.414404,1.961995,-1,0.000000,0.000000,0.000000,0.000000,0.000000,0.000000
56.800000,7.614569,1.945734,1,0.000000,19.587524,0.000000,0.000000,0.000000,0.000000
56.900000,7.916395,2.516896,1,0.000000,22.218858,0.000000,0.000000,0.000000,0.000000
57.000000,8.375600,3.171976,-1,0.000000,0.000000,0.000000,0.000000,0.000000,0.000000
57.100000,9.044917,2.733781,-1,0.000000,0.000000,0.000000,0.000000,0.000000,0.000000
57.200000,9.530861,2.342717,-1,0.000000,0.000000,0.000000,0.000000,0.000000,0.000000
57.300000,8.733201,2.281576,-1,0.000000,0.000000,0.000000,0.000000,0.000000,0.000000
57.400000,7.992126,2.375718,1,0.000000,21.166532,0.000000,0.000000,0.000000,0.000000
57.500000,7.420806,2.935713,1,0.000000,23.194376,0.000000,0.000000,0.000000,0.000000
57.600000,6.772528,3.357823,-1,0.000000,0.000000,0.000000,0.000000,0.000000,0.000000
57.700000,5.995985,3.550128,-1,0.000000,0.000000,0.000000,0.000000,0.000000,0.000000
57.800000,5.855093,3.960611,-1,0.000000,0.000000,0.000000,0.000000,0.000000,0.000000
57.900000,6.349851,4.589272,-1,0.000000,0.000000,0.000000,0.000000,0.000000,0.000000
58.000000,6.999144,5.011907,-1,0.000000,0.000000,0.000000,0.000000,0.000000,0.000000
58.100000,7.741160,5.310928,-1,0.000000,0.000000,0.000000,0.000000,0.000000,0.000000
58.200000,7.417252,5.702702,-1,0.000000,0.000000,0.000000,0.000000,0.000000,0.000000
58.300000,6.738038,6.125393,-1,0.000000,0.000000,0.000000,0.000000,0.000000,0.000000
58.400000,6.057058,5.811226,-1,0.000000,0.000000,0.000000,0.000000,0.000000,0.000000
58.500000,5.375827,5.391794,-1,0.000000,0.000000,0.000000,0.000000,0.000000,0.000000
58.600000,5.076949,6.133867,-1,0.000000,0.000000,0.000000,0.000000,0.000000,0.000000
58.700000,4.716846,6.799938,-1,0.000000,0.000000,0.000000,0.000000,0.000000,0.000000
58.800000,3.928158,6.933996,-1,0.000000,0.000000,0.000000,0.000000,0.000000,0.000000
58.900000,3.302861,7.231666,-1,0.000000,0.000000,0.000000,0.000000,0.000000,0.000000
59.000000,3.167736,8.020172,2,0.000000,0.000000,20.240389,0.000000,0.000000,0.000000
59.100000,2.946028,8.779748,2,0.000000,0.000000,17.615672,0.000000,0.000000,0.000000
59.200000,2.580014,9.491109,-1,0.000000,0.000000,0.000000,0.000000,0.000000,0.000000
59.300000,2.111124,10.126558,-1,0.000000,0.000000,0.000000,0.000000,0.000000,0.000000
59.400000,1.539358,10.686097,-1,0.000000,0.000000,0.000000,0.000000,0.000000,0.000000
59.500000,0.862640,11.086381,-1,0.000000,0.000000,0.000000,0.000000,0.000000,0.000000
59.600000,0.122952,11.391113,-1,0.000000,0.000000,0.000000,0.000000,0.000000,0.000000
59.700000,0.158579,10.909301,-1,0.000000,0.000000,0.000000,0.000000,0.000000,0.000000
59.800000,0.452644,10.165307,-1,0.000000,0.000000,0.000000,0.000000,0.000000,0.000000
59.900000,0.144299,10.369669,-1,0.000000,0.000000,0.000000,0.000000,0.000000,0.000000
60.000000,0.868528,10.709509,-1,0.000000,0.000000,0.000000,0.000000,0.000000,0.000000
60.100000,1.625903,10.967158,-1,0.000000,0.000000,0.000000,0.000000,0.000000,0.000000
60.200000,2.218047,11.263464,-1,0.000000,0.000000,0.000000,0.000000,0.000000,0.000000
60.300000,1.653574,11.830358,-1,0.000000,0.000000,0.000000,0.000000,0.000000,0.000000
60.400000,1.429689,12.240987,-1,0.000000,0.000000,0.000000,0.000000,0.000000,0.000000
60.500000,2.227572,12.182820,-1,0.000000,0.000000,0.000000,0.000000,0.000000,0.000000
60.600000,2.871132,12.409160,-1,0.000000,0.000000,0.000000,0.000000,0.000000,0.000000
60.700000,3.257490,13.109680,4,0.000000,0.000000,0.000000,0.000000,18.917797,0.000000
60.800000,3.849109,13.424644,-1,0.000000,0.000000,0.000000,0.000000,0.000000,0.000000
60.900000,4.645988,13.354053,-1,0.000000,0.000000,0.000000,0.000000,0.000000,0.000000
61.000000,4.956023,13.827456,-1,0.000000,0.000000,0.000000,0.000000,0.000000,0.000000
61.100000,4.973951,14.627255,-1,0.000000,0.000000,0.000000,0.000000,0.000000,0.000000
61.200000,5.558416,14.980894,-1,0.000000,0.000000,0.000000,0.000000,0.000000,0.000000
61.300000,6.331726,15.185812,-1,0.000000,0.000000,0.000000,0.000000,0.000000,0.000000
61.400000,5.765823,15.437270,-1,0.000000,0.000000,0.000000,0.000000,0.000000,0.000000
61.500000,5.008603,15.695376,-1,0.000000,0.000000,0.000000,0.000000,0.000000,0.000000
61.600000,5.155016,14.908888,-1,0.000000,0.000000,0.000000,0.000000,0.000000,0.000000
61.700000,5.295900,14.121531,-1,0.000000,0.000000,0.000000,0.000000,0.000000,0.000000
61.800000,5.398083,13.328083,-1,0.000000,0.000000,0.000000,0.000000,0.000000,0.000000
61.900000,5.646293,12.630222,-1,0.000000,0.000000,0.000000,0.000000,0.000000,0.000000
62.000000,6.332582,12.219117,-1,0.000000,0.000000,0.000000,0.000000,0.000000,0.000000
62.100000,6.871728,12.241197,-1,0.000000,0.000000,0.000000,0.000000,0.000000,0.000000
62.200000,7.165635,12.985253,5,0.000000,0.000000,0.000000,0.000000,0.000000,21.916508
62.300000,7.643263,13.132214,5,0.000000,0.000000,0.000000,0.000000,0.000000,23.344608
62.400000,8.304611,12.682082,-1,0.000000,0.000000,0.000000,0.000000,0.000000,0.000000
62.500000,8.934783,12.190872,-1,0.000000,0.000000,0.000000,0.000000,0.000000,0.000000
62.600000,9.546249,11.675014,-1,0.000000,0.000000,0.000000,0.000000,0.000000,0.000000
62.700000,9.734279,12.145019,-1,0.000000,0.000000,0.000000,0.000000,0.000000,0.000000
62.800000,9.781163,12.943644,-1,0.000000,0.000000,0.000000,0.000000,0.000000,0.000000
62.900000,9.370131,12.481154,-1,0.000000,0.000000,0.000000,0.000000,0.000000,0.000000
63.000000,8.893684,11.838505,-1,0.000000,0.000000,0.000000,0.000000,0.000000,0.000000
63.100000,9.034391,12.626034,-1,0.000000,0.000000,0.000000,0.000000,0.000000,0.000000
63.200000,9.237031,13.375755,-1,0.000000,0.000000,0.000000,0.000000,0.000000,0.000000
63.300000,9.873202,13.860818,-1,0.000000,0.000000,0.000000,0.000000,0.000000,0.000000
63.400000,9.485252,14.110744,-1,0.000000,0.000000,0.000000,0.000000,0.000000,0.000000
63.500000,8.827582,13.655256,-1,0.000000,0.000000,0.000000,0.000000,0.000000,0.000000
63.600000,8.443498,13.669363,-1,0.000000,0.000000,0.000000,0.000000,0.000000,0.000000
63.700000,8.515394,14.466125,-1,0.000000,0.000000,0.000000,0.000000,0.000000,0.000000
63.800000,8.228805,15.101087,-1,0.000000,0.000000,0.000000,0.000000,0.000000,0.000000
63.900000,7.583732,15.574248,-1,0.000000,0.000000,0.000000,0.000000,0.000000,0.000000
64.000000,6.843399,15.712101,-1,0.000000,0.000000,0.000000,0.000000,0.000000,0.000000
64.100000,6.045909,15.648770,-1,0.000000,0.000000,0.000000,0.000000,0.000000,0.000000
64.200000,5.801365,15.768766,-1,0.000000,0.000000,0.000000,0.000000,0.000000,0.000000
64.300000,5.741135,14.971036,-1,0.000000,0.000000,0.000000,0.000000,0.000000,0.000000
64.400000,5.092356,14.590611,-1,0.000000,0.000000,0.000000,0.000000,0.000000,0.000000
64.500000,4.359498,14.269800,-1,0.000000,0.000000,0.000000,0.000000,0.000000,0.000000
64.600000,3.563834,14.352977,-1,0.000000,0.000000,0.000000,0.000000,0.000000,0.000000
64.700000,2.868426,14.525754,-1,0.000000,0.000000,0.000000,0.000000,0.000000,0.000000
64.800000,2.874817,15.325728,-1,0.000000,0.000000,0.000000,0.000000,0.000000,0.000000
64.900000,2.726647,15.945442,-1,0.000000,0.000000,0.000000,0.000000,0.000000,0.000000
65.000000,2.114790,15.430047,-1,0.000000,0.000000,0.000000,0.000000,0.000000,0.000000
65.100000,1.436031,15.061263,-1,0.000000,0.000000,0.000000,0.000000,0.000000,0.000000
65.200000,0.645768,14.936831,-1,0.000000,0.000000,0.000000,0.000000,0.000000,0.000000
65.300000,0.203103,14.477448,-1,0.000000,0.000000,0.000000,0.000000,0.000000,0.000000
65.400000,0.108037,13.683117,-1,0.000000,0.000000,0.000000,0.000000,0.000000,0.000000
65.500000,0.250523,13.766987,-1,0.000000,0.000000,0.000000,0.000000,0.000000,0.000000
65.600000,0.767181,14.377777,-1,0.000000,0.000000,0.000000,0.000000,0.000000,0.000000
65.700000,0.297309,14.564466,-1,0.000000,0.000000,0.000000,0.000000,0.000000,0.000000
65.800000,0.501407,14.609787,-1,0.000000,0.000000,0.000000,0.000000,0.000000,0.000000
65.900000,0.223161,14.026342,-1,0.000000,0.000000,0.000000,0.000000,0.000000,0.000000
66.000000,0.208936,13.353072,-1,0.000000,0.000000,0.000000,0.000000,0.000000,0.000000
66.100000,0.051143,14.109616,-1,0.000000,0.000000,0.000000,0.000000,0.000000,0.000000
66.200000,0.377641,14.756996,-1,0.000000,0.000000,0.000000,0.000000,0.000000,0.000000
66.300000,1.169074,14.640232,-1,0.000000,0.000000,0.000000,0.000000,0.000000,0.000000
66.400000,1.691246,14.365839,-1,0.000000,0.000000,0.000000,0.000000,0.000000,0.000000
66.500000,1.405633,13.618560,-1,0.000000,0.000000,0.000000,0.000000,0.000000,0.000000
66.600000,1.370483,12.887980,-1,0.000000,0.000000,0.000000,0.000000,0.000000,0.000000
66.700000,1.752769,12.185230,-1,0.000000,0.000000,0.000000,0.000000,0.000000,0.000000
66.800000,2.169795,11.503739,-1,0.000000,0.000000,0.000000,0.000000,0.000000,0.000000
66.900000,2.621560,10.843505,-1,0.000000,0.000000,0.000000,0.000000,0.000000,0.000000
67.000000,2.309468,10.461183,-1,0.000000,0.000000,0.000000,0.000000,0.000000,0.000000
67.100000,1.539060,10.245609,-1,0.000000,0.000000,0.000000,0.000000,0.000000,0.000000
67.200000,0.764544,10.045511,-1,0.000000,0.000000,0.000000,0.000000,0.000000,0.000000
67.300000,0.011342,9.850573,-1,0.000000,0.000000,0.000000,0.000000,0.000000,0.000000
67.400000,0.137981,9.170972,-1,0.000000,0.000000,0.000000,0.000000,0.000000,0.000000
67.500000,0.419478,8.422133,-1,0.000000,0.000000,0.000000,0.000000,0.000000,0.000000
67.600000,1.199195,8.601133,-1,0.000000,0.000000,0.000000,0.000000,0.000000,0.000000
67.700000,1.912556,8.662719,2,0.000000,0.000000,17.773566,0.000000,0.000000,0.000000
67.800000,2.161427,7.902415,2,0.000000,0.000000,22.811512,0.000000,0.000000,0.000000
67.900000,2.274101,7.146371,2,0.000000,0.000000,17.805545,0.000000,0.000000,0.000000
68.000000,1.978188,6.403111,-1,0.000000,0.000000,0.000000,0.000000,0.000000,0.000000
68.100000,1.834534,6.235718,-1,0.000000,0.000000,0.000000,0.000000,0.000000,0.000000
68.200000,1.944648,7.028104,-1,0.000000,0.000000,0.000000,0.000000,0.000000,0.000000
68.300000,2.045326,7.821686,2,0.000000,0.000000,21.871499,0.000000,0.000000,0.000000
68.400000,2.136569,8.616466,2,0.000000,0.000000,19.742651,0.000000,0.000000,0.000000
68.500000,1.671004,8.929314,-1,0.000000,0.000000,0.000000,0.000000,0.000000,0.000000
68.600000,0.871354,8.953004,-1,0.000000,0.000000,0.000000,0.000000,0.000000,0.000000
68.700000,0.306748,9.435370,-1,0.000000,0.000000,0.000000,0.000000,0.000000,0.000000
68.800000,0.179510,10.070628,-1,0.000000,0.000000,0.000000,0.000000,0.000000,0.000000
68.900000,0.370529,9.808132,-1,0.000000,0.000000,0.000000,0.000000,0.000000,0.000000
69.000000,1.068611,9.417387,-1,0.000000,0.000000,0.000000,0.000000,0.000000,0.000000
69.100000,1.848672,9.239893,-1,0.000000,0.000000,0.000000,0.000000,0.000000,0.000000
69.200000,2.631226,9.084793,-1,0.000000,0.000000,0.000000,0.000000,0.000000,0.000000
69.300000,3.431224,9.086445,-1,0.000000,0.000000,0.000000,0.000000,0.000000,0.000000
69.400000,3.847793,9.167393,-1,0.000000,0.000000,0.000000,0.000000,0.000000,0.000000
69.500000,3.114076,9.486232,-1,0.000000,0.000000,0.000000,0.000000,0.000000,0.000000
69.600000,2.824939,9.437935,-1,0.000000,0.000000,0.000000,0.000000,0.000000,0.000000
69.700000,3.276770,8.777747,-1,0.000000,0.000000,0.000000,0.000000,0.000000,0.000000
69.800000,3.646873,8.820762,-1,0.000000,0.000000,0.000000,0.000000,0.000000,0.000000
69.900000,3.935247,9.566979,-1,0.000000,0.000000,0.000000,0.000000,0.000000,0.000000
70.000000,3.922032,10.331860,-1,0.000000,0.000000,0.000000,0.000000,0.000000,0.000000
70.100000,3.727862,11.107939,-1,0.000000,0.000000,0.000000,0.000000,0.000000,0.000000
70.200000,3.876206,11.868735,-1,0.000000,0.000000,0.000000,0.000000,0.000000,0.000000
70.300000,4.138721,12.624437,-1,0.000000,0.000000,0.000000,0.000000,0.000000,0.000000
70.400000,3.690975,13.227882,-1,0.000000,0.000000,0.000000,0.000000,0.000000,0.000000
70.500000,3.141764,13.809576,4,0.000000,0.000000,0.000000,0.000000,18.809894,0.000000
70.600000,3.842590,14.195378,-1,0.000000,0.000000,0.000000,0.000000,0.000000,0.000000
70.700000,4.404273,14.447261,-1,0.000000,0.000000,0.000000,0.000000,0.000000,0.000000
70.800000,3.991959,13.761697,-1,0.000000,0.000000,0.000000,0.000000,0.000000,0.000000
70.900000,3.882715,13.249418,-1,0.000000,0.000000,0.000000,0.000000,0.000000,0.000000
71.000000,4.682679,13.256993,-1,0.000000,0.000000,0.000000,0.000000,0.000000,0.000000
71.100000,5.374457,13.492406,-1,0.000000,0.000000,0.000000,0.000000,0.000000,0.000000
71.200000,5.885923,14.107550,-1,0.000000,0.000000,0.000000,0.000000,0.000000,0.000000
71.300000,5.747686,14.345932,-1,0.000000,0.000000,0.000000,0.000000,0.000000,0.000000
71.400000,4.959746,14.207550,-1,0.000000,0.000000,0.000000,0.000000,0.000000,0.000000
71.500000,5.046813,14.477619,-1,0.000000,0.000000,0.000000,0.000000,0.000000,0.000000
71.600000,5.658886,14.992757,-1,0.000000,0.000000,0.000000,0.000000,0.000000,0.000000
71.700000,6.411766,15.108690,-1,0.000000,0.000000,0.000000,0.000000,0.000000,0.000000
71.800000,7.211583,15.091555,-1,0.000000,0.000000,0.000000,0.000000,0.000000,0.000000
71.900000,6.614541,15.153946,-1,0.000000,0.000000,0.000000,0.000000,0.000000,0.000000
72.000000,5.817948,15.227698,-1,0.000000,0.000000,0.000000,0.000000,0.000000,0.000000
72.100000,6.606068,15.365052,-1,0.000000,0.000000,0.000000,0.000000,0.000000,0.000000
72.200000,7.286993,15.584860,-1,0.000000,0.000000,0.000000,0.000000,0.000000,0.000000
72.300000,7.217548,15.618160,-1,0.000000,0.000000,0.000000,0.000000,0.000000,0.000000
72.400000,7.331112,14.908350,-1,0.000000,0.000000,0.000000,0.000000,0.000000,0.000000
72.500000,7.993704,14.460051,-1,0.000000,0.000000,0.000000,0.000000,0.000000,0.000000
72.600000,8.661014,14.018944,-1,0.000000,0.000000,0.000000,0.000000,0.000000,0.000000
72.700000,9.336184,13.589824,-1,0.000000,0.000000,0.000000,0.000000,0.000000,0.000000
72.800000,9.583390,12.985608,-1,0.000000,0.000000,0.000000,0.000000,0.000000,0.000000
72.900000,9.402632,12.206297,-1,0.000000,0.000000,0.000000,0.000000,0.000000,0.000000
73.000000,9.383221,12.411709,-1,0.000000,0.000000,0.000000,0.000000,0.000000,0.000000
73.100000,9.460620,13.207956,-1,0.000000,0.000000,0.000000,0.000000,0.000000,0.000000
73.200000,8.880336,13.386061,-1,0.000000,0.000000,0.000000,0.000000,0.000000,0.000000
73.300000,8.080824,13.358117,5,0.000000,0.000000,0.000000,0.000000,0.000000,21.078918
73.400000,7.993190,14.054516,5,0.000000,0.000000,0.000000,0.000000,0.000000,17.920301
73.500000,8.007253,14.854393,-1,0.000000,0.000000,0.000000,0.000000,0.000000,0.000000
73.600000,7.559244,14.191605,5,0.000000,0.000000,0.000000,0.000000,0.000000,18.083736
73.700000,7.265543,13.593344,5,0.000000,0.000000,0.000000,0.000000,0.000000,22.824714
73.800000,8.052003,13.446777,5,0.000000,0.000000,0.000000,0.000000,0.000000,21.239646
73.900000,8.841028,13.318774,-1,0.000000,0.000000,0.000000,0.000000,0.000000,0.000000
74.000000,9.637753,13.246461,-1,0.000000,0.000000,0.000000,0.000000,0.000000,0.000000
74.100000,9.863164,13.326647,-1,0.000000,0.000000,0.000000,0.000000,0.000000,0.000000
74.200000,9.136385,13.661001,-1,0.000000,0.000000,0.000000,0.000000,0.000000,0.000000
74.300000,8.758372,13.428445,-1,0.000000,0.000000,0.000000,0.000000,0.000000,0.000000
74.400000,8.729124,12.628980,-1,0.000000,0.000000,0.000000,0.000000,0.000000,0.000000
74.500000,8.674247,12.827249,-1,0.000000,0.000000,0.000000,0.000000,0.000000,0.000000
74.600000,8.603992,13.624158,-1,0.000000,0.000000,0.000000,0.000000,0.000000,0.000000
74.700000,8.806711,14.381485,-1,0.000000,0.000000,0.000000,0.000000,0.000000,0.000000
74.800000,9.100421,15.125619,-1,0.000000,0.000000,0.000000,0.000000,0.000000,0.000000
74.900000,9.725462,14.839333,-1,0.000000,0.000000,0.000000,0.000000,0.000000,0.000000
75.000000,9.602164,14.405844,-1,0.000000,0.000000,0.000000,0.000000,0.000000,0.000000
75.100000,9.077761,15.009998,-1,0.000000,0.000000,0.000000,0.000000,0.000000,0.000000
75.200000,8.681786,15.460874,-1,0.000000,0.000000,0.000000,0.000000,0.000000,0.000000
75.300000,9.184798,14.838797,-1,0.000000,0.000000,0.000000,0.000000,0.000000,0.000000
75.400000,9.760796,14.349813,-1,0.000000,0.000000,0.000000,0.000000,0.000000,0.000000
75.500000,9.444250,14.260102,-1,0.000000,0.000000,0.000000,0.000000,0.000000,0.000000
75.600000,8.695535,14.041054,-1,0.000000,0.000000,0.000000,0.000000,0.000000,0.000000
75.700000,8.023886,13.606442,5,0.000000,0.000000,0.000000,0.000000,0.000000,20.992020
75.800000,7.975952,13.666840,5,0.000000,0.000000,0.000000,0.000000,0.000000,21.080597
75.900000,8.551733,14.222246,-1,0.000000,0.000000,0.000000,0.000000,0.000000,0.000000
76.000000,9.184426,14.154302,-1,0.000000,0.000000,0.000000,0.000000,0.000000,0.000000
76.100000,9.851267,13.712347,-1,0.000000,0.000000,0.000000,0.000000,0.000000,0.000000
76.200000,9.855211,13.015413,-1,0.000000,0.000000,0.000000,0.000000,0.000000,0.000000
76.300000,9.686127,12.233485,-1,0.000000,0.000000,0.000000,0.000000,0.000000,0.000000
76.400000,9.431088,12.795509,-1,0.000000,0.000000,0.000000,0.000000,0.000000,0.000000
76.500000,9.163769,13.549525,-1,0.000000,0.000000,0.000000,0.000000,0.000000,0.000000
76.600000,8.454714,13.179064,5,0.000000,0.000000,0.000000,0.000000,0.000000,16.737878
76.700000,7.753542,12.913899,5,0.000000,0.000000,0.000000,0.000000,0.000000,21.857883
76.800000,7.107547,13.385801,5,0.000000,0.000000,0.000000,0.000000,0.000000,22.540210
76.900000,6.820458,13.771828,5,0.000000,0.000000,0.000000,0.000000,0.000000,18.698575
77.000000,7.610086,13.900231,5,0.000000,0.000000,0.000000,0.000000,0.000000,21.114133
77.100000,8.181759,13.690843,5,0.000000,0.000000,0.000000,0.000000,0.000000,19.145801
77.200000,8.390173,12.918467,-1,0.000000,0.000000,0.000000,0.000000,0.000000,0.000000
77.300000,8.516886,12.132913,-1,0.000000,0.000000,0.000000,0.000000,0.000000,0.000000
77.400000,8.561899,11.334181,-1,0.000000,0.000000,0.000000,0.000000,0.000000,0.000000
77.500000,8.091994,10.920464,-1,0.000000,0.000000,0.000000,0.000000,0.000000,0.000000
77.600000,7.313137,10.737758,-1,0.000000,0.000000,0.000000,0.000000,0.000000,0.000000
77.700000,7.608769,11.037855,-1,0.000000,0.000000,0.000000,0.000000,0.000000,0.000000
77.800000,8.262565,11.498888,-1,0.000000,0.000000,0.000000,0.000000,0.000000,0.000000
77.900000,7.728111,11.888667,-1,0.000000,0.000000,0.000000,0.000000,0.000000,0.000000
78.000000,7.023906,12.268268,-1,0.000000,0.000000,0.000000,0.000000,0.000000,0.000000
78.100000,7.629421,11.745437,-1,0.000000,0.000000,0.000000,0.000000,0.000000,0.000000
78.200000,8.059398,11.293475,-1,0.000000,0.000000,0.000000,0.000000,0.000000,0.000000
78.300000,7.260616,11.337599,-1,0.000000,0.000000,0.000000,0.000000,0.000000,0.000000
78.400000,6.825283,11.255868,-1,0.000000,0.000000,0.000000,0.000000,0.000000,0.000000
78.500000,7.480300,10.796571,-1,0.000000,0.000000,0.000000,0.000000,0.000000,0.000000
78.600000,7.726894,10.257519,-1,0.000000,0.000000,0.000000,0.000000,0.000000,0.000000
78.700000,7.292785,9.585545,-1,0.000000,0.000000,0.000000,0.000000,0.000000,0.000000
78.800000,7.012119,8.854648,-1,0.000000,0.000000,0.000000,0.000000,0.000000,0.000000
78.900000,6.884895,8.064829,3,0.000000,0.000000,0.000000,20.730690,0.000000,0.000000
79.000000,6.337518,7.786870,-1,0.000000,0.000000,0.000000,0.000000,0.000000,0.000000
79.100000,5.538049,7.816027,-1,0.000000,0.000000,0.000000,0.000000,0.000000,0.000000
79.200000,5.858304,8.122436,-1,0.000000,0.000000,0.000000,0.000000,0.000000,0.000000
79.300000,6.551801,8.521263,-1,0.000000,0.000000,0.000000,0.000000,0.000000,0.000000
79.400000,5.944297,8.481120,-1,0.000000,0.000000,0.000000,0.000000,0.000000,0.000000
79.500000,5.150937,8.378267,-1,0.000000,0.000000,0.000000,0.000000,0.000000,0.000000
79.600000,5.915384,8.614106,-1,0.000000,0.000000,0.000000,0.000000,0.000000,0.000000
79.700000,6.668625,8.874178,-1,0.000000,0.000000,0.000000,0.000000,0.000000,0.000000
79.800000,7.343421,9.303888,-1,0.000000,0.000000,0.000000,0.000000,0.000000,0.000000
79.900000,7.908199,9.434972,-1,0.000000,0.000000,0.000000,0.000000,0.000000,0.000000
80.000000,8.142922,8.670181,3,0.000000,0.000000,0.000000,17.232387,0.000000,0.000000
80.100000,8.089101,7.969048,3,0.000000,0.000000,0.000000,21.000224,0.000000,0.000000
80.200000,7.554375,7.374011,3,0.000000,0.000000,0.000000,20.635680,0.000000,0.000000
80.300000,7.024682,7.378458,3,0.000000,0.000000,0.000000,19.002124,0.000000,0.000000
80.400000,6.500021,7.982387,-1,0.000000,0.000000,0.000000,0.000000,0.000000,0.000000
80.500000,5.877675,7.946435,-1,0.000000,0.000000,0.000000,0.000000,0.000000,0.000000
80.600000,5.196720,7.526555,-1,0.000000,0.000000,0.000000,0.000000,0.000000,0.000000
80.700000,4.446592,7.575627,-1,0.000000,0.000000,0.000000,0.000000,0.000000,0.000000
80.800000,3.673406,7.781015,-1,0.000000,0.000000,0.000000,0.000000,0.000000,0.000000
80.900000,3.641076,8.503728,-1,0.000000,0.000000,0.000000,0.000000,0.000000,0.000000
81.000000,3.714582,9.300343,-1,0.000000,0.000000,0.000000,0.000000,0.000000,0.000000
81.100000,3.339844,8.593540,-1,0.000000,0.000000,0.000000,0.000000,0.000000,0.000000
81.200000,2.915661,7.948091,2,0.000000,0.000000,22.385867,0.000000,0.000000,0.000000
81.300000,2.145363,7.732126,2,0.000000,0.000000,22.204880,0.000000,0.000000,0.000000
81.400000,1.403083,7.456480,-1,0.000000,0.000000,0.000000,0.000000,0.000000,0.000000
81.500000,0.744858,7.001793,-1,0.000000,0.000000,0.000000,0.000000,0.000000,0.000000
81.600000,0.520237,6.482844,-1,0.000000,0.000000,0.000000,0.000000,0.000000,0.000000
81.700000,1.018288,5.856789,-1,0.000000,0.000000,0.000000,0.000000,0.000000,0.000000
81.800000,1.032666,5.867706,-1,0.000000,0.000000,0.000000,0.000000,0.000000,0.000000
81.900000,0.563370,6.515596,-1,0.000000,0.000000,0.000000,0.000000,0.000000,0.000000
82.000000,0.681510,7.162894,-1,0.000000,0.000000,0.000000,0.000000,0.000000,0.000000
82.100000,1.152112,7.809836,-1,0.000000,0.000000,0.000000,0.000000,0.000000,0.000000
82.200000,0.742415,7.685380,-1,0.000000,0.000000,0.000000,0.000000,0.000000,0.000000
82.300000,0.039287,7.303790,-1,0.000000,0.000000,0.000000,0.000000,0.000000,0.000000
82.400000,0.407528,7.857069,-1,0.000000,0.000000,0.000000,0.000000,0.000000,0.000000
82.500000,0.817726,8.543901,-1,0.000000,0.000000,0.000000,0.000000,0.000000,0.000000
82.600000,0.388957,7.868507,-1,0.000000,0.000000,0.000000,0.000000,0.000000,0.000000
82.700000,0.047036,7.356916,-1,0.000000,0.000000,0.000000,0.000000,0.000000,0.000000
82.800000,0.533590,7.991947,-1,0.000000,0.000000,0.000000,0.000000,0.000000,0.000000
82.900000,0.798142,8.641215,-1,0.000000,0.000000,0.000000,0.000000,0.000000,0.000000
83.000000,0.396684,9.333191,-1,0.000000,0.000000,0.000000,0.000000,0.000000,0.000000
83.100000,0.062996,10.054031,-1,0.000000,0.000000,0.000000,0.000000,0.000000,0.000000
83.200000,0.157742,10.822975,-1,0.000000,0.000000,0.000000,0.000000,0.000000,0.000000
83.300000,0.556358,10.930113,-1,0.000000,0.000000,0.000000,0.000000,0.000000,0.000000
83.400000,1.132851,10.375445,-1,0.000000,0.000000,0.000000,0.000000,0.000000,0.000000
83.500000,1.696303,10.527175,-1,0.000000,0.000000,0.000000,0.000000,0.000000,0.000000
83.600000,2.251930,11.102743,-1,0.000000,0.000000,0.000000,0.000000,0.000000,0.000000
83.700000,2.880683,11.593118,-1,0.000000,0.000000,0.000000,0.000000,0.000000,0.000000
83.800000,3.533812,12.055095,-1,0.000000,0.000000,0.000000,0.000000,0.000000,0.000000
83.900000,3.546407,11.416256,-1,0.000000,0.000000,0.000000,0.000000,0.000000,0.000000
84.000000,3.467498,10.620157,-1,0.000000,0.000000,0.000000,0.000000,0.000000,0.000000
84.100000,2.757884,10.250769,-1,0.000000,0.000000,0.000000,0.000000,0.000000,0.000000
84.200000,2.207832,9.998114,-1,0.000000,0.000000,0.000000,0.000000,0.000000,0.000000
84.300000,2.774719,10.562596,-1,0.000000,0.000000,0.000000,0.000000,0.000000,0.000000
84.400000,3.037081,11.102128,-1,0.000000,0.000000,0.000000,0.000000,0.000000,0.000000
84.500000,2.385873,11.566807,-1,0.000000,0.000000,0.000000,0.000000,0.000000,0.000000
84.600000,1.810417,11.608990,-1,0.000000,0.000000,0.000000,0.000000,0.000000,0.000000
84.700000,1.361215,10.947009,-1,0.000000,0.000000,0.000000,0.000000,0.000000,0.000000
84.800000,0.783139,10.803248,-1,0.000000,0.000000,0.000000,0.000000,0.000000,0.000000
84.900000,0.076187,11.177706,-1,0.000000,0.000000,0.000000,0.000000,0.000000,0.000000
85.000000,0.642609,11.528286,-1,0.000000,0.000000,0.000000,0.000000,0.000000,0.000000
85.100000,1.368511,11.864538,-1,0.000000,0.000000,0.000000,0.000000,0.000000,0.000000
85.200000,1.963663,11.514007,-1,0.000000,0.000000,0.000000,0.000000,0.000000,0.000000
85.300000,2.515230,10.934548,-1,0.000000,0.000000,0.000000,0.000000,0.000000,0.000000
85.400000,3.215103,11.165318,-1,0.000000,0.000000,0.000000,0.000000,0.000000,0.000000
85.500000,3.936162,11.511834,-1,0.000000,0.000000,0.000000,0.000000,0.000000,0.000000
85.600000,3.407803,12.112531,-1,0.000000,0.000000,0.000000,0.000000,0.000000,0.000000
85.700000,3.045197,12.645764,4,0.000000,0.000000,0.000000,0.000000,17.873628,0.000000
85.800000,3.842869,12.706752,-1,0.000000,0.000000,0.000000,0.000000,0.000000,0.000000
85.900000,4.275976,12.639681,-1,0.000000,0.000000,0.000000,0.000000,0.000000,0.000000
86.000000,3.615389,12.188434,-1,0.000000,0.000000,0.000000,0.000000,0.000000,0.000000
86.100000,2.994303,12.122379,-1,0.000000,0.000000,0.000000,0.000000,0.000000,0.000000
86.200000,2.439054,12.698312,4,0.000000,0.000000,0.000000,0.000000,20.541863,0.000000
86.300000,1.819088,13.193166,4,0.000000,0.000000,0.000000,0.000000,19.959496,0.000000
86.400000,1.134405,13.606940,-1,0.000000,0.000000,0.000000,0.000000,0.000000,0.000000
86.500000,1.226723,14.120083,-1,0.000000,0.000000,0.000000,0.000000,0.000000,0.000000
86.600000,1.785241,14.692846,-1,0.000000,0.000000,0.000000,0.000000,0.000000,0.000000
86.700000,1.725041,15.401782,-1,0.000000,0.000000,0.000000,0.000000,0.000000,0.000000
86.800000,1.458602,15.843890,-1,0.000000,0.000000,0.000000,0.000000,0.000000,0.000000
86.900000,1.147261,15.607987,-1,0.000000,0.000000,0.000000,0.000000,0.000000,0.000000
87.000000,0.829506,14.873799,-1,0.000000,0.000000,0.000000,0.000000,0.000000,0.000000
87.100000,1.624843,14.787551,-1,0.000000,0.000000,0.000000,0.000000,0.000000,0.000000
87.200000,2.296783,14.809166,-1,0.000000,0.000000,0.000000,0.000000,0.000000,0.000000
87.300000,2.104943,15.585824,-1,0.000000,0.000000,0.000000,0.000000,0.000000,0.000000
87.400000,1.821781,15.688154,-1,0.000000,0.000000,0.000000,0.000000,0.000000,0.000000
87.500000,1.264653,15.114038,-1,0.000000,0.000000,0.000000,0.000000,0.000000,0.000000
87.600000,1.008890,14.469814,-1,0.000000,0.000000,0.000000,0.000000,0.000000,0.000000
87.700000,1.255401,13.708741,-1,0.000000,0.000000,0.000000,0.000000,0.000000,0.000000
87.800000,1.757511,13.199871,4,0.000000,0.000000,0.000000,0.000000,19.318791,0.000000
87.900000,2.515220,12.943204,4,0.000000,0.000000,0.000000,0.000000,22.576156,0.000000
88.000000,3.299255,12.857236,4,0.000000,0.000000,0.000000,0.000000,17.211930,0.000000
88.100000,4.099086,12.873688,-1,0.000000,0.000000,0.000000,0.000000,0.000000,0.000000
88.200000,4.687359,13.335197,-1,0.000000,0.000000,0.000000,0.000000,0.000000,0.000000
88.300000,5.205113,13.945058,-1,0.000000,0.000000,0.000000,0.000000,0.000000,0.000000
88.400000,4.584301,13.879703,-1,0.000000,0.000000,0.000000,0.000000,0.000000,0.000000
88.500000,3.800837,13.717889,-1,0.000000,0.000000,0.000000,0.000000,0.000000,0.000000
88.600000,4.577960,13.527944,-1,0.000000,0.000000,0.000000,0.000000,0.000000,0.000000
88.700000,5.211309,13.273281,-1,0.000000,0.000000,0.000000,0.000000,0.000000,0.000000
88.800000,4.838237,12.565597,-1,0.000000,0.000000,0.000000,0.000000,0.000000,0.000000
88.900000,4.471829,11.854557,-1,0.000000,0.000000,0.000000,0.000000,0.000000,0.000000
89.000000,4.125410,11.133451,-1,0.000000,0.000000,0.000000,0.000000,0.000000,0.000000
89.100000,3.956596,10.978943,-1,0.000000,0.000000,0.000000,0.000000,0.000000,0.000000
89.200000,4.083787,11.768767,-1,0.000000,0.000000,0.000000,0.000000,0.000000,0.000000
89.300000,3.762449,12.054931,-1,0.000000,0.000000,0.000000,0.000000,0.000000,0.000000
89.400000,2.992582,11.837435,-1,0.000000,0.000000,0.000000,0.000000,0.000000,0.000000
89.500000,2.489209,12.207444,-1,0.000000,0.000000,0.000000,0.000000,0.000000,0.000000
89.600000,2.145732,12.929956,4,0.000000,0.000000,0.000000,0.000000,21.472641,0.000000
89.700000,2.659835,13.104861,4,0.000000,0.000000,0.000000,0.000000,23.202090,0.000000
89.800000,3.459799,13.097230,-1,0.000000,0.000000,0.000000,0.000000,0.000000,0.000000
89.900000,4.247109,12.963618,-1,0.000000,0.000000,0.000000,0.000000,0.000000,0.000000
90.000000,5.032612,12.812008,-1,0.000000,0.000000,0.000000,0.000000,0.000000,0.000000
90.100000,4.272589,13.061737,-1,0.000000,0.000000,0.000000,0.000000,0.000000,0.000000
90.200000,3.619159,13.379577,-1,0.000000,0.000000,0.000000,0.000000,0.000000,0.000000
90.300000,3.711879,14.174185,-1,0.000000,0.000000,0.000000,0.000000,0.000000,0.000000
90.400000,3.756952,14.968640,-1,0.000000,0.000000,0.000000,0.000000,0.000000,0.000000
90.500000,3.659086,15.762631,-1,0.000000,0.000000,0.000000,0.000000,0.000000,0.000000
90.600000,3.298717,15.762988,-1,0.000000,0.000000,0.000000,0.000000,0.000000,0.000000
90.700000,2.500844,15.821291,-1,0.000000,0.000000,0.000000,0.000000,0.000000,0.000000
90.800000,2.465403,15.982610,-1,0.000000,0.000000,0.000000,0.000000,0.000000,0.000000
90.900000,3.192393,15.648715,-1,0.000000,0.000000,0.000000,0.000000,0.000000,0.000000
91.000000,3.378863,15.030982,-1,0.000000,0.000000,0.000000,0.000000,0.000000,0.000000
91.100000,3.241021,14.242947,-1,0.000000,0.000000,0.000000,0.000000,0.000000,0.000000
91.200000,2.731622,13.679286,4,0.000000,0.000000,0.000000,0.000000,22.403463,0.000000
91.300000,2.098372,13.190416,4,0.000000,0.000000,0.000000,0.000000,22.334362,0.000000
91.400000,2.598997,13.521548,4,0.000000,0.000000,0.000000,0.000000,23.479069,0.000000
91.500000,3.261605,13.969824,-1,0.000000,0.000000,0.000000,0.000000,0.000000,0.000000
91.600000,2.468215,14.072449,4,0.000000,0.000000,0.000000,0.000000,19.480168,0.000000
91.700000,1.797537,14.065057,-1,0.000000,0.000000,0.000000,0.000000,0.000000,0.000000
91.800000,1.985846,13.287535,4,0.000000,0.000000,0.000000,0.000000,21.646646,0.000000
91.900000,2.327010,12.699234,4,0.000000,0.000000,0.000000,0.000000,20.349461,0.000000
92.000000,3.126744,12.678596,4,0.000000,0.000000,0.000000,0.000000,17.514824,0.000000
92.100000,3.390770,12.851155,-1,0.000000,0.000000,0.000000,0.000000,0.000000,0.000000
92.200000,2.761949,13.345710,4,0.000000,0.000000,0.000000,0.000000,23.278267,0.000000
92.300000,2.572737,13.972890,4,0.000000,0.000000,0.000000,0.000000,20.485203,0.000000
92.400000,2.823133,14.732693,-1,0.000000,0.000000,0.000000,0.000000,0.000000,0.000000
92.500000,2.572689,14.655090,-1,0.000000,0.000000,0.000000,0.000000,0.000000,0.000000
92.600000,2.021740,14.075042,4,0.000000,0.000000,0.000000,0.000000,17.811482,0.000000
92.700000,2.466685,13.786915,4,0.000000,0.000000,0.000000,0.000000,22.128730,0.000000
92.800000,3.243594,13.596095,4,0.000000,0.000000,0.000000,0.000000,18.931169,0.000000
92.900000,3.451302,12.881034,-1,0.000000,0.000000,0.000000,0.000000,0.000000,0.000000
93.000000,3.577695,12.091082,-1,0.000000,0.000000,0.000000,0.000000,0.000000,0.000000
93.100000,4.336164,12.345492,-1,0.000000,0.000000,0.000000,0.000000,0.000000,0.000000
93.200000,5.095016,12.598740,-1,0.000000,0.000000,0.000000,0.000000,0.000000,0.000000
93.300000,5.856540,12.843855,-1,0.000000,0.000000,0.000000,0.000000,0.000000,0.000000
93.400000,6.229131,13.003665,-1,0.000000,0.000000,0.000000,0.000000,0.000000,0.000000
93.500000,5.434924,12.907564,-1,0.000000,0.000000,0.000000,0.000000,0.000000,0.000000
93.600000,4.784326,13.104826,-1,0.000000,0.000000,0.000000,0.000000,0.000000,0.000000
93.700000,4.373077,13.791029,-1,0.000000,0.000000,0.000000,0.000000,0.000000,0.000000
93.800000,3.911560,14.441570,-1,0.000000,0.000000,0.000000,0.000000,0.000000,0.000000
93.900000,3.399777,15.056451,-1,0.000000,0.000000,0.000000,0.000000,0.000000,0.000000
94.000000,2.775628,15.035680,-1,0.000000,0.000000,0.000000,0.000000,0.000000,0.000000
94.100000,2.084059,14.633520,-1,0.000000,0.000000,0.000000,0.000000,0.000000,0.000000
94.200000,2.500416,14.646053,-1,0.000000,0.000000,0.000000,0.000000,0.000000,0.000000
94.300000,3.286082,14.796818,-1,0.000000,0.000000,0.000000,0.000000,0.000000,0.000000
94.400000,2.716366,15.025135,-1,0.000000,0.000000,0.000000,0.000000,0.000000,0.000000
94.500000,1.953025,15.264531,-1,0.000000,0.000000,0.000000,0.000000,0.000000,0.000000
94.600000,1.162954,15.390176,-1,0.000000,0.000000,0.000000,0.000000,0.000000,0.000000
94.700000,0.372019,15.508807,-1,0.000000,0.000000,0.000000,0.000000,0.000000,0.000000
94.800000,0.424954,15.578335,-1,0.000000,0.000000,0.000000,0.000000,0.000000,0.000000
94.900000,0.825810,15.595257,-1,0.000000,0.000000,0.000000,0.000000,0.000000,0.000000
95.000000,0.038315,15.454358,-1,0.000000,0.000000,0.000000,0.000000,0.000000,0.000000
95.100000,0.477019,15.665402,-1,0.000000,0.000000,0.000000,0.000000,0.000000,0.000000
95.200000,0.538752,15.536984,-1,0.000000,0.000000,0.000000,0.000000,0.000000,0.000000
95.300000,0.175496,15.206496,-1,0.000000,0.000000,0.000000,0.000000,0.000000,0.000000
95.400000,0.612749,15.343136,-1,0.000000,0.000000,0.000000,0.000000,0.000000,0.000000
95.500000,1.408139,15.408546,-1,0.000000,0.000000,0.000000,0.000000,0.000000,0.000000
95.600000,2.207818,15.431218,-1,0.000000,0.000000,0.000000,0.000000,0.000000,0.000000
95.700000,2.412354,14.836903,-1,0.000000,0.000000,0.000000,0.000000,0.000000,0.000000
95.800000,2.418508,14.036927,4,0.000000,0.000000,0.000000,0.000000,19.820908,0.000000
95.900000,1.744320,13.751368,4,0.000000,0.000000,0.000000,0.000000,18.043743,0.000000
96.000000,0.972941,13.539298,-1,0.000000,0.000000,0.000000,0.000000,0.000000,0.000000
96.100000,0.378660,14.074863,-1,0.000000,0.000000,0.000000,0.000000,0.000000,0.000000
96.200000,0.206909,14.618982,-1,0.000000,0.000000,0.000000,0.000000,0.000000,0.000000
96.300000,0.731494,15.222978,-1,0.000000,0.000000,0.000000,0.000000,0.000000,0.000000
96.400000,1.186433,15.485665,-1,0.000000,0.000000,0.000000,0.000000,0.000000,0.000000
96.500000,1.432435,14.724428,-1,0.000000,0.000000,0.000000,0.000000,0.000000,0.000000
96.600000,1.431113,14.505465,-1,0.000000,0.000000,0.000000,0.000000,0.000000,0.000000
96.700000,1.017581,15.190295,-1,0.000000,0.000000,0.000000,0.000000,0.000000,0.000000
96.800000,0.750762,15.137244,-1,0.000000,0.000000,0.000000,0.000000,0.000000,0.000000
96.900000,0.630655,14.346311,-1,0.000000,0.000000,0.000000,0.000000,0.000000,0.000000
97.000000,0.238791,13.689554,-1,0.000000,0.000000,0.000000,0.000000,0.000000,0.000000
97.100000,0.316128,13.113303,-1,0.000000,0.000000,0.000000,0.000000,0.000000,0.000000
97.200000,1.022165,13.164593,-1,0.000000,0.000000,0.000000,0.000000,0.000000,0.000000
97.300000,1.778574,13.425063,4,0.000000,0.000000,0.000000,0.000000,19.617356,0.000000
97.400000,1.742051,12.770003,4,0.000000,0.000000,0.000000,0.000000,17.032027,0.000000
97.500000,1.592251,11.984153,-1,0.000000,0.000000,0.000000,0.000000,0.000000,0.000000
97.600000,0.891735,12.370517,-1,0.000000,0.000000,0.000000,0.000000,0.000000,0.000000
97.700000,0.378705,12.712527,-1,0.000000,0.000000,0.000000,0.000000,0.000000,0.000000
97.800000,1.178083,12.744072,-1,0.000000,0.000000,0.000000,0.000000,0.000000,0.000000
97.900000,1.587726,12.830512,-1,0.000000,0.000000,0.000000,0.000000,0.000000,0.000000
98.000000,0.828163,13.081639,-1,0.000000,0.000000,0.000000,0.000000,0.000000,0.000000
98.100000,0.264255,12.952155,-1,0.000000,0.000000,0.000000,0.000000,0.000000,0.000000
98.200000,0.026439,12.188321,-1,0.000000,0.000000,0.000000,0.000000,0.000000,0.000000
98.300000,0.103843,12.154917,-1,0.000000,0.000000,0.000000,0.000000,0.000000,0.000000
98.400000,0.496469,12.851942,-1,0.000000,0.000000,0.000000,0.000000,0.000000,0.000000
98.500000,1.077455,13.362044,-1,0.000000,0.000000,0.000000,0.000000,0.000000,0.000000
98.600000,1.771457,13.759990,4,0.000000,0.000000,0.000000,0.000000,18.277470,0.000000
98.700000,1.516436,14.279441,-1,0.000000,0.000000,0.000000,0.000000,0.000000,0.000000
98.800000,0.945075,14.839392,-1,0.000000,0.000000,0.000000,0.000000,0.000000,0.000000
98.900000,0.195712,14.735047,-1,0.000000,0.000000,0.000000,0.000000,0.000000,0.000000
99.000000,0.579079,14.535803,-1,0.000000,0.000000,0.000000,0.000000,0.000000,0.000000
99.100000,0.351828,15.302847,-1,0.000000,0.000000,0.000000,0.000000,0.000000,0.000000
99.200000,0.115384,15.881349,-1,0.000000,0.000000,0.000000,0.000000,0.000000,0.000000
99.300000,0.185416,15.140053,-1,0.000000,0.000000,0.000000,0.000000,0.000000,0.000000
99.400000,0.225648,14.508990,-1,0.000000,0.000000,0.000000,0.000000,0.000000,0.000000
99.500000,0.515823,14.208622,-1,0.000000,0.000000,0.000000,0.000000,0.000000,0.000000
99.600000,1.112808,13.752265,-1,0.000000,0.000000,0.000000,0.000000,0.000000,0.000000
99.700000,1.468984,13.035928,-1,0.000000,0.000000,0.000000,0.000000,0.000000,0.000000
99.800000,2.047032,12.683365,4,0.000000,0.000000,0.000000,0.000000,18.889970,0.000000
99.900000,2.846954,12.694577,4,0.000000,0.000000,0.000000,0.000000,19.620961,0.000000
100.000000,3.585619,12.458893,-1,0.000000,0.000000,0.000000,0.000000,0.000000,0.000000
100.100000,4.287532,12.075071,-1,0.000000,0.000000,0.000000,0.000000,0.000000,0.000000
100.200000,5.001097,12.244563,-1,0.000000,0.000000,0.000000,0.000000,0.000000,0.000000
100.300000,5.718547,12.598492,-1,0.000000,0.000000,0.000000,0.000000,0.000000,0.000000
100.400000,6.279236,13.160566,-1,0.000000,0.000000,0.000000,0.000000,0.000000,0.000000
100.500000,6.817531,13.752376,5,0.000000,0.000000,0.000000,0.000000,0.000000,18.790383
100.600000,7.423712,14.274434,5,0.000000,0.000000,0.000000,0.000000,0.000000,17.034326
100.700000,8.050654,14.757337,-1,0.000000,0.000000,0.000000,0.000000,0.000000,0.000000
100.800000,8.822920,14.966157,-1,0.000000,0.000000,0.000000,0.000000,0.000000,0.000000
100.900000,9.227010,15.026144,-1,0.000000,0.000000,0.000000,0.000000,0.000000,0.000000
101.000000,8.526574,14.639635,-1,0.000000,0.000000,0.000000,0.000000,0.000000,0.000000
101.100000,8.388788,14.395180,-1,0.000000,0.000000,0.000000,0.000000,0.000000,0.000000
101.200000,9.188751,14.387481,-1,0.000000,0.000000,0.000000,0.000000,0.000000,0.000000
101.300000,9.964446,14.246378,-1,0.000000,0.000000,0.000000,0.000000,0.000000,0.000000
101.400000,9.284125,13.971870,-1,0.000000,0.000000,0.000000,0.000000,0.000000,0.000000
101.500000,9.392129,14.182080,-1,0.000000,0.000000,0.000000,0.000000,0.000000,0.000000
101.600000,9.984206,14.683122,-1,0.000000,0.000000,0.000000,0.000000,0.000000,0.000000
101.700000,9.318722,15.125148,-1,0.000000,0.000000,0.000000,0.000000,0.000000,0.000000
101.800000,8.639299,15.547502,-1,0.000000,0.000000,0.000000,0.000000,0.000000,0.000000
101.900000,7.884339,15.802923,-1,0.000000,0.000000,0.000000,0.000000,0.000000,0.000000
102.000000,7.118588,15.965505,-1,0.000000,0.000000,0.000000,0.000000,0.000000,0.000000
102.100000,7.010432,15.241840,-1,0.000000,0.000000,0.000000,0.000000,0.000000,0.000000
102.200000,7.010682,14.579837,-1,0.000000,0.000000,0.000000,0.000000,0.000000,0.000000
102.300000,7.769769,14.832399,-1,0.000000,0.000000,0.000000,0.000000,0.000000,0.000000
102.400000,8.144448,15.067834,-1,0.000000,0.000000,0.000000,0.000000,0.000000,0.000000
102.500000,7.365908,15.251885,-1,0.000000,0.000000,0.000000,0.000000,0.000000,0.000000
102.600000,6.614398,15.507688,-1,0.000000,0.000000,0.000000,0.000000,0.000000,0.000000
102.700000,5.907940,15.883077,-1,0.000000,0.000000,0.000000,0.000000,0.000000,0.000000
102.800000,5.305193,15.616594,-1,0.000000,0.000000,0.000000,0.000000,0.000000,0.000000
102.900000,4.806156,14.991324,-1,0.000000,0.000000,0.000000,0.000000,0.000000,0.000000
103.000000,4.318586,15.156525,-1,0.000000,0.000000,0.000000,0.000000,0.000000,0.000000
103.100000,3.837897,15.796008,-1,0.000000,0.000000,0.000000,0.000000,0.000000,0.000000
103.200000,3.161436,15.819305,-1,0.000000,0.000000,0.000000,0.000000,0.000000,0.000000
103.300000,2.419717,15.519550,-1,0.000000,0.000000,0.000000,0.000000,0.000000,0.000000
103.400000,3.002873,15.664286,-1,0.000000,0.000000,0.000000,0.000000,0.000000,0.000000
103.500000,3.775296,15.872522,-1,0.000000,0.000000,0.000000,0.000000,0.000000,0.000000
103.600000,4.209733,15.200760,-1,0.000000,0.000000,0.000000,0.000000,0.000000,0.000000
103.700000,4.645039,14.529566,-1,0.000000,0.000000,0.000000,0.000000,0.000000,0.000000
103.800000,5.086425,13.862349,-1,0.000000,0.000000,0.000000,0.000000,0.000000,0.000000
103.900000,5.411044,13.162039,-1,0.000000,0.000000,0.000000,0.000000,0.000000,0.000000
104.000000,5.385362,12.362451,-1,0.000000,0.000000,0.000000,0.000000,0.000000,0.000000
104.100000,5.336596,12.160920,-1,0.000000,0.000000,0.000000,0.000000,0.000000,0.000000
104.200000,5.249356,12.956149,-1,0.000000,0.000000,0.000000,0.000000,0.000000,0.000000
104.300000,5.344114,12.978461,-1,0.000000,0.000000,0.000000,0.000000,0.000000,0.000000
104.400000,5.620869,12.227857,-1,0.000000,0.000000,0.000000,0.000000,0.000000,0.000000
104.500000,6.104132,11.620812,-1,0.000000,0.000000,0.000000,0.000000,0.000000,0.000000
104.600000,6.711301,11.099903,-1,0.000000,0.000000,0.000000,0.000000,0.000000,0.000000
104.700000,7.444156,11.119224,-1,0.000000,0.000000,0.000000,0.000000,0.000000,0.000000
104.800000,8.218908,11.318622,-1,0.000000,0.000000,0.000000,0.000000,0.000000,0.000000
104.900000,8.211887,10.651295,-1,0.000000,0.000000,0.000000,0.000000,0.000000,0.000000
105.000000,8.093184,9.860151,-1,0.000000,0.000000,0.000000,0.000000,0.000000,0.000000
105.100000,8.882078,9.992992,-1,0.000000,0.000000,0.000000,0.000000,0.000000,0.000000
105.200000,9.528054,10.198878,-1,0.000000,0.000000,0.000000,0.000000,0.000000,0.000000
105.300000,9.173613,10.916075,-1,0.000000,0.000000,0.000000,0.000000,0.000000,0.000000
105.400000,8.816592,11.631974,-1,0.000000,0.000000,0.000000,0.000000,0.000000,0.000000
105.500000,8.451836,12.343980,-1,0.000000,0.000000,0.000000,0.000000,0.000000,0.000000
105.600000,8.517129,12.725771,-1,0.000000,0.000000,0.000000,0.000000,0.000000,0.000000
105.700000,9.299167,12.557202,-1,0.000000,0.000000,0.000000,0.000000,0.000000,0.000000
105.800000,9.291014,12.498637,-1,0.000000,0.000000,0.000000,0.000000,0.000000,0.000000
105.900000,8.492670,12.550076,-1,0.000000,0.000000,0.000000,0.000000,0.000000,0.000000
106.000000,8.496027,12.967298,-1,0.000000,0.000000,0.000000,0.000000,0.000000,0.000000
106.100000,8.980406,13.603990,-1,0.000000,0.000000,0.000000,0.000000,0.000000,0.000000
106.200000,9.347910,13.216096,-1,0.000000,0.000000,0.000000,0.000000,0.000000,0.000000
106.300000,9.676455,12.486673,-1,0.000000,0.000000,0.000000,0.000000,0.000000,0.000000
106.400000,9.965838,11.771203,-1,0.000000,0.000000,0.000000,0.000000,0.000000,0.000000
106.500000,9.603965,11.057728,-1,0.000000,0.000000,0.000000,0.000000,0.000000,0.000000
106.600000,8.900518,10.676725,-1,0.000000,0.000000,0.000000,0.000000,0.000000,0.000000
106.700000,8.384895,10.338725,-1,0.000000,0.000000,0.000000,0.000000,0.000000,0.000000
106.800000,9.184040,10.301737,-1,0.000000,0.000000,0.000000,0.000000,0.000000,0.000000
106.900000,9.813663,10.471692,-1,0.000000,0.000000,0.000000,0.000000,0.000000,0.000000
107.000000,9.934722,11.262480,-1,0.000000,0.000000,0.000000,0.000000,0.000000,0.000000
107.100000,9.728079,11.655214,-1,0.000000,0.000000,0.000000,0.000000,0.000000,0.000000
107.200000,8.975264,11.384529,-1,0.000000,0.000000,0.000000,0.000000,0.000000,0.000000
107.300000,8.203031,11.191553,-1,0.000000,0.000000,0.000000,0.000000,0.000000,0.000000
107.400000,7.411378,11.076287,-1,0.000000,0.000000,0.000000,0.000000,0.000000,0.000000
107.500000,7.608012,10.952719,-1,0.000000,0.000000,0.000000,0.000000,0.000000,0.000000
107.600000,8.397616,10.824170,-1,0.000000,0.000000,0.000000,0.000000,0.000000,0.000000
107.700000,8.148588,11.192909,-1,0.000000,0.000000,0.000000,0.000000,0.000000,0.000000
107.800000,7.553350,11.727410,-1,0.000000,0.000000,0.000000,0.000000,0.000000,0.000000
107.900000,7.426751,12.492274,5,0.000000,0.000000,0.000000,0.000000,0.000000,18.277933
108.000000,7.367100,13.290047,5,0.000000,0.000000,0.000000,0.000000,0.000000,23.699802
108.100000,6.837992,12.690010,5,0.000000,0.000000,0.000000,0.000000,0.000000,17.303559
108.200000,6.300069,12.231175,-1,0.000000,0.000000,0.000000,0.000000,0.000000,0.000000
108.300000,5.700447,12.760753,-1,0.000000,0.000000,0.000000,0.000000,0.000000,0.000000
108.400000,5.443112,13.212612,-1,0.000000,0.000000,0.000000,0.000000,0.000000,0.000000
108.500000,6.212639,13.431309,-1,0.000000,0.000000,0.000000,0.000000,0.000000,0.000000
108.600000,6.861873,13.319637,5,0.000000,0.000000,0.000000,0.000000,0.000000,20.538574
108.700000,7.310622,12.657349,5,0.000000,0.000000,0.000000,0.000000,0.000000,19.887616
108.800000,7.931068,12.270291,-1,0.000000,0.000000,0.000000,0.000000,0.000000,0.000000
108.900000,8.723214,12.158463,-1,0.000000,0.000000,0.000000,0.000000,0.000000,0.000000
109.000000,8.601676,11.843068,-1,0.000000,0.000000,0.000000,0.000000,0.000000,0.000000
109.100000,7.931929,11.405531,-1,0.000000,0.000000,0.000000,0.000000,0.000000,0.000000
109.200000,7.237813,11.008728,-1,0.000000,0.000000,0.000000,0.000000,0.000000,0.000000
109.300000,6.535575,10.625502,-1,0.000000,0.000000,0.000000,0.000000,0.000000,0.000000
109.400000,6.491462,11.276236,-1,0.000000,0.000000,0.000000,0.000000,0.000000,0.000000
109.500000,6.541365,12.074678,-1,0.000000,0.000000,0.000000,0.000000,0.000000,0.000000
109.600000,7.320058,11.891273,-1,0.000000,0.000000,0.000000,0.000000,0.000000,0.000000
109.700000,8.024747,11.828034,-1,0.000000,0.000000,0.000000,0.000000,0.000000,0.000000
109.800000,8.211403,12.605954,-1,0.000000,0.000000,0.000000,0.000000,0.000000,0.000000
109.900000,8.485798,13.041287,-1,0.000000,0.000000,0.000000,0.000000,0.000000,0.000000
110.000000,9.023410,12.448857,-1,0.000000,0.000000,0.000000,0.000000,0.000000,0.000000
110.100000,9.564648,12.297405,-1,0.000000,0.000000,0.000000,0.000000,0.000000,0.000000
110.200000,9.888072,12.880916,-1,0.000000,0.000000,0.000000,0.000000,0.000000,0.000000
110.300000,9.283997,13.398088,-1,0.000000,0.000000,0.000000,0.000000,0.000000,0.000000
110.400000,8.623128,13.848922,-1,0.000000,0.000000,0.000000,0.000000,0.000000,0.000000
110.500000,8.843631,13.842863,-1,0.000000,0.000000,0.000000,0.000000,0.000000,0.000000
110.600000,9.592958,13.562668,-1,0.000000,0.000000,0.000000,0.000000,0.000000,0.000000
110.700000,9.625226,13.573789,-1,0.000000,0.000000,0.000000,0.000000,0.000000,0.000000
110.800000,8.832580,13.682015,-1,0.000000,0.000000,0.000000,0.000000,0.000000,0.000000
110.900000,8.942755,14.363535,-1,0.000000,0.000000,0.000000,0.000000,0.000000,0.000000
111.000000,9.181904,15.126953,-1,0.000000,0.000000,0.000000,0.000000,0.000000,0.000000
111.100000,9.441215,15.883761,-1,0.000000,0.000000,0.000000,0.000000,0.000000,0.000000
111.200000,9.593597,15.387343,-1,0.000000,0.000000,0.000000,0.000000,0.000000,0.000000
111.300000,8.997479,14.853823,-1,0.000000,0.000000,0.000000,0.000000,0.000000,0.000000
111.400000,8.356701,14.503528,-1,0.000000,0.000000,0.000000,0.000000,0.000000,0.000000
111.500000,7.581943,14.702902,-1,0.000000,0.000000,0.000000,0.000000,0.000000,0.000000
111.600000,6.797731,14.824812,-1,0.000000,0.000000,0.000000,0.000000,0.000000,0.000000
111.700000,5.997764,14.817613,-1,0.000000,0.000000,0.000000,0.000000,0.000000,0.000000
111.800000,5.782272,15.168926,-1,0.000000,0.000000,0.000000,0.000000,0.000000,0.000000
111.900000,6.151258,15.878750,-1,0.000000,0.000000,0.000000,0.000000,0.000000,0.000000
112.000000,5.836629,15.933290,-1,0.000000,0.000000,0.000000,0.000000,0.000000,0.000000
112.100000,5.111832,15.594662,-1,0.000000,0.000000,0.000000,0.000000,0.000000,0.000000
112.200000,5.521479,15.614413,-1,0.000000,0.000000,0.000000,0.000000,0.000000,0.000000
112.300000,6.309274,15.753624,-1,0.000000,0.000000,0.000000,0.000000,0.000000,0.000000
112.400000,6.281195,15.540510,-1,0.000000,0.000000,0.000000,0.000000,0.000000,0.000000
112.500000,6.136562,14.753692,-1,0.000000,0.000000,0.000000,0.000000,0.000000,0.000000
112.600000,6.563817,15.430045,-1,0.000000,0.000000,0.000000,0.000000,0.000000,0.000000
112.700000,6.915431,15.880649,-1,0.000000,0.000000,0.000000,0.000000,0.000000,0.000000
112.800000,6.737559,15.100673,-1,0.000000,0.000000,0.000000,0.000000,0.000000,0.000000
112.900000,6.453761,14.647531,-1,0.000000,0.000000,0.000000,0.000000,0.000000,0.000000
113.000000,5.852186,15.174891,-1,0.000000,0.000000,0.000000,0.000000,0.000000,0.000000
113.100000,5.591674,15.781377,-1,0.000000,0.000000,0.000000,0.000000,0.000000,0.000000
113.200000,5.899599,15.480258,-1,0.000000,0.000000,0.000000,0.000000,0.000000,0.000000
113.300000,5.940929,14.727261,-1,0.000000,0.000000,0.000000,0.000000,0.000000,0.000000
113.400000,5.715665,13.959631,-1,0.000000,0.000000,0.000000,0.000000,0.000000,0.000000
113.500000,6.115984,13.794144,-1,0.000000,0.000000,0.000000,0.000000,0.000000,0.000000
113.600000,6.891654,13.989943,5,0.000000,0.000000,0.000000,0.000000,0.000000,17.655496
113.700000,6.843356,13.489955,5,0.000000,0.000000,0.000000,0.000000,0.000000,20.168524
113.800000,6.520402,12.758039,-1,0.000000,0.000000,0.000000,0.000000,0.000000,0.000000
113.900000,7.067781,13.046750,5,0.000000,0.000000,0.000000,0.000000,0.000000,21.626678
114.000000,7.739493,13.481265,5,0.000000,0.000000,0.000000,0.000000,0.000000,23.189436
114.100000,8.327103,14.024141,-1,0.000000,0.000000,0.000000,0.000000,0.000000,0.000000
114.200000,8.808668,14.593697,-1,0.000000,0.000000,0.000000,0.000000,0.000000,0.000000
114.300000,8.547918,15.350010,-1,0.000000,0.000000,0.000000,0.000000,0.000000,0.000000
114.400000,8.477349,15.761115,-1,0.000000,0.000000,0.000000,0.000000,0.000000,0.000000
114.500000,8.977322,15.136593,-1,0.000000,0.000000,0.000000,0.000000,0.000000,0.000000
114.600000,9.569064,14.636657,-1,0.000000,0.000000,0.000000,0.000000,0.000000,0.000000
114.700000,9.686245,14.344364,-1,0.000000,0.000000,0.000000,0.000000,0.000000,0.000000
114.800000,9.229828,14.589283,-1,0.000000,0.000000,0.000000,0.000000,0.000000,0.000000
114.900000,9.061684,15.371413,-1,0.000000,0.000000,0.000000,0.000000,0.000000,0.000000
115.000000,8.552908,15.891277,-1,0.000000,0.000000,0.000000,0.000000,0.000000,0.000000
115.100000,7.839753,15.746220,-1,0.000000,0.000000,0.000000,0.000000,0.000000,0.000000
115.200000,7.839469,15.082607,-1,0.000000,0.000000,0.000000,0.000000,0.000000,0.000000
115.300000,8.076810,14.318624,-1,0.000000,0.000000,0.000000,0.000000,0.000000,0.000000
115.400000,7.671570,14.771629,-1,0.000000,0.000000,0.000000,0.000000,0.000000,0.000000
115.500000,7.174534,15.398490,-1,0.000000,0.000000,0.000000,0.000000,0.000000,0.000000
115.600000,7.867471,14.998694,-1,0.000000,0.000000,0.000000,0.000000,0.000000,0.000000
115.700000,8.573790,14.648184,-1,0.000000,0.000000,0.000000,0.000000,0.000000,0.000000
115.800000,9.373771,14.642681,-1,0.000000,0.000000,0.000000,0.000000,0.000000,0.000000
115.900000,9.830712,14.680596,-1,0.000000,0.000000,0.000000,0.000000,0.000000,0.000000
116.000000,9.048588,14.848768,-1,0.000000,0.000000,0.000000,0.000000,0.000000,0.000000
116.100000,8.303130,15.109247,-1,0.000000,0.000000,0.000000,0.000000,0.000000,0.000000
116.200000,7.618781,15.523575,-1,0.000000,0.000000,0.000000,0.000000,0.000000,0.000000
116.300000,6.918441,15.552645,-1,0.000000,0.000000,0.000000,0.000000,0.000000,0.000000
116.400000,6.202109,15.196459,-1,0.000000,0.000000,0.000000,0.000000,0.000000,0.000000
116.500000,5.870948,14.566815,-1,0.000000,0.000000,0.000000,0.000000,0.000000,0.000000
116.600000,5.770890,13.773097,-1,0.000000,0.000000,0.000000,0.000000,0.000000,0.000000
116.700000,5.148449,13.519156,-1,0.000000,0.000000,0.000000,0.000000,0.000000,0.000000
116.800000,4.351880,13.445141,-1,0.000000,0.000000,0.000000,0.000000,0.000000,0.000000
116.900000,4.638868,14.019474,-1,0.000000,0.000000,0.000000,0.000000,0.000000,0.000000
117.000000,5.080649,14.686430,-1,0.000000,0.000000,0.000000,0.000000,0.000000,0.000000
117.100000,5.325206,13.924726,-1,0.000000,0.000000,0.000000,0.000000,0.000000,0.000000
117.200000,5.631609,13.220035,-1,0.000000,0.000000,0.000000,0.000000,0.000000,0.000000
117.300000,6.370936,12.914428,-1,0.000000,0.000000,0.000000,0.000000,0.000000,0.000000
117.400000,6.854816,12.498104,-1,0.000000,0.000000,0.000000,0.000000,0.000000,0.000000
117.500000,6.572356,11.749628,-1,0.000000,0.000000,0.000000,0.000000,0.000000,0.000000
117.600000,6.476887,11.570669,-1,0.000000,0.000000,0.000000,0.000000,0.000000,0.000000
117.700000,6.693068,12.340907,-1,0.000000,0.000000,0.000000,0.000000,0.000000,0.000000
117.800000,7.187919,12.828084,5,0.000000,0.000000,0.000000,0.000000,0.000000,20.963625
117.900000,7.961441,13.032201,5,0.000000,0.000000,0.000000,0.000000,0.000000,21.350257
118.000000,8.337309,13.601328,5,0.000000,0.000000,0.000000,0.000000,0.000000,17.853188
118.100000,8.474585,14.389462,-1,0.000000,0.000000,0.000000,0.000000,0.000000,0.000000
118.200000,8.056175,14.980243,-1,0.000000,0.000000,0.000000,0.000000,0.000000,0.000000
118.300000,7.452536,15.505239,-1,0.000000,0.000000,0.000000,0.000000,0.000000,0.000000
118.400000,6.690384,15.706682,-1,0.000000,0.000000,0.000000,0.000000,0.000000,0.000000
118.500000,5.905587,15.861903,-1,0.000000,0.000000,0.000000,0.000000,0.000000,0.000000
118.600000,5.107359,15.915122,-1,0.000000,0.000000,0.000000,0.000000,0.000000,0.000000
118.700000,4.506805,15.982098,-1,0.000000,0.000000,0.000000,0.000000,0.000000,0.000000
118.800000,5.289964,15.854620,-1,0.000000,0.000000,0.000000,0.000000,0.000000,0.000000
118.900000,6.009447,15.582005,-1,0.000000,0.000000,0.000000,0.000000,0.000000,0.000000
119.000000,6.537899,14.981390,-1,0.000000,0.000000,0.000000,0.000000,0.000000,0.000000
119.100000,6.995275,14.334257,-1,0.000000,0.000000,0.000000,0.000000,0.000000,0.000000
119.200000,7.334189,13.609593,5,0.000000,0.000000,0.000000,0.000000,0.000000,22.982047
119.300000,7.286563,12.911293,5,0.000000,0.000000,0.000000,0.000000,0.000000,21.991799
119.400000,6.852397,12.239356,-1,0.000000,0.000000,0.000000,0.000000,0.000000,0.000000
119.500000,7.178934,12.090029,-1,0.000000,0.000000,0.000000,0.000000,0.000000,0.000000
119.600000,7.961894,12.254268,-1,0.000000,0.000000,0.000000,0.000000,0.000000,0.000000
119.700000,8.570914,11.860357,-1,0.000000,0.000000,0.000000,0.000000,0.000000,0.000000
119.800000,9.121954,11.280397,-1,0.000000,0.000000,0.000000,0.000000,0.000000,0.000000
119.900000,9.368182,11.885063,-1,0.000000,0.000000,0.000000,0.000000,0.000000,0.000000
