time_s,serving_AP,BER_AP0,BER_AP1,BER_AP2,BER_AP3,BER_AP4,BER_AP5,BER_AP6,BER_AP7,BER_AP8,BER_AP9,BER_AP10,BER_AP11,BER_AP12,BER_AP13,BER_AP14,BER_AP15,BER_AP16,BER_AP17,BER_AP18,BER_AP19,BER_AP20,BER_AP21,BER_AP22,BER_AP23,BER_AP24,BER_AP25,BER_AP26,BER_AP27,Reff_AP0_Mbps,Reff_AP1_Mbps,Reff_AP2_Mbps,Reff_AP3_Mbps,Reff_AP4_Mbps,Reff_AP5_Mbps,Reff_AP6_Mbps,Reff_AP7_Mbps,Reff_AP8_Mbps,Reff_AP9_Mbps,Reff_AP10_Mbps,Reff_AP11_Mbps,Reff_AP12_Mbps,Reff_AP13_Mbps,Reff_AP14_Mbps,Reff_AP15_Mbps,Reff_AP16_Mbps,Reff_AP17_Mbps,Reff_AP18_Mbps,Reff_AP19_Mbps,Reff_AP20_Mbps,Reff_AP21_Mbps,Reff_AP22_Mbps,Reff_AP23_Mbps,Reff_AP24_Mbps,Reff_AP25_Mbps,Reff_AP26_Mbps,Reff_AP27_Mbps
0.000000e+00,10,5.000000e-01,5.000000e-01,5.000000e-01,5.000000e-01,5.000000e-01,5.000000e-01,5.000000e-01,5.000000e-01,5.000000e-01,5.000000e-01,1.770487e-02,5.000000e-01,5.000000e-01,5.000000e-01,5.000000e-01,5.000000e-01,5.000000e-01,1.770487e-02,5.000000e-01,5.000000e-01,5.000000e-01,5.000000e-01,5.000000e-01,5.000000e-01,5.000000e-01,5.000000e-01,5.000000e-01,5.000000e-01,0.000000e+00,0.000000e+00,0.000000e+00,0.000000e+00,0.000000e+00,0.000000e+00,0.000000e+00,0.000000e+00,0.000000e+00,0.000000e+00,1.865157e-07,0.000000e+00,0.000000e+00,0.000000e+00,0.000000e+00,0.000000e+00,0.000000e+00,1.865157e-07,0.000000e+00,0.000000e+00,0.000000e+00,0.000000e+00,0.000000e+00,0.000000e+00,0.000000e+00,0.000000e+00,0.000000e+00,0.000000e+00
1.000000e-01,-1,5.000000e-01,5.000000e-01,5.000000e-01,5.000000e-01,5.000000e-01,5.000000e-01,5.000000e-01,5.000000e-01,5.000000e-01,5.000000e-01,5.000000e-01,5.000000e-01,5.000000e-01,5.000000e-01,5.000000e-01,5.000000e-01,5.000000e-01,5.000000e-01,5.000000e-01,5.000000e-01,5.000000e-01,5.000000e-01,5.000000e-01,5.000000e-01,5.000000e-01,5.000000e-01,5.000000e-01,5.000000e-01,0.000000e+00,0.000000e+00,0.000000e+00,0.000000e+00,0.000000e+00,0.000000e+00,0.000000e+00,0.000000e+00,0.000000e+00,0.000000e+00,0.000000e+00,0.000000e+00,0.000000e+00,0.000000e+00,0.000000e+00,0.000000e+00,0.000000e+00,0.000000e+00,0.000000e+00,0.000000e+00,0.000000e+00,0.000000e+00,0.000000e+00,0.000000e+00,0.000000e+00,0.000000e+00,0.000000e+00,0.000000e+00
2.000000e-01,-1,5.000000e-01,5.000000e-01,5.000000e-01,5.000000e-01,5.000000e-01,5.000000e-01,5.000000e-01,5.000000e-01,5.000000e-01,5.000000e-01,5.000000e-01,5.000000e-01,5.000000e-01,5.000000e-01,5.000000e-01,5.000000e-01,5.000000e-01,5.000000e-01,5.000000e-01,5.000000e-01,5.000000e-01,5.000000e-01,5.000000e-01,5.000000e-01,5.000000e-01,5.000000e-01,5.000000e-01,5.000000e-01,0.000000e+00,0.000000e+00,0.000000e+00,0.000000e+00,0.000000e+00,0.000000e+00,0.000000e+00,0.000000e+00,0.000000e+00,0.000000e+00,0.000000e+00,0.000000e+00,0.000000e+00,0.000000e+00,0.000000e+00,0.000000e+00,0.000000e+00,0.000000e+00,0.000000e+00,0.000000e+00,0.000000e+00,0.000000e+00,0.000000e+00,0.000000e+00,0.000000e+00,0.000000e+00,0.000000e+00,0.000000e+00
3.000000e-01,17,5.000000e-01,5.000000e-01,5.000000e-01,5.000000e-01,5.000000e-01,5.000000e-01,5.000000e-01,5.000000e-01,5.000000e-01,5.000000e-01,5.000000e-01,5.000000e-01,5.000000e-01,5.000000e-01,5.000000e-01,5.000000e-01,5.000000e-01,5.937498e-03,5.000000e-01,5.000000e-01,5.000000e-01,5.000000e-01,5.000000e-01,5.000000e-01,5.000000e-01,5.000000e-01,5.000000e-01,5.000000e-01,0.000000e+00,0.000000e+00,0.000000e+00,0.000000e+00,0.000000e+00,0.000000e+00,0.000000e+00,0.000000e+00,0.000000e+00,0.000000e+00,0.000000e+00,0.000000e+00,0.000000e+00,0.000000e+00,0.000000e+00,0.000000e+00,0.000000e+00,2.559024e-03,0.000000e+00,0.000000e+00,0.000000e+00,0.000000e+00,0.000000e+00,0.000000e+00,0.000000e+00,0.000000e+00,0.000000e+00,0.000000e+00
4.000000e-01,17,5.000000e-01,5.000000e-01,5.000000e-01,5.000000e-01,5.000000e-01,5.000000e-01,5.000000e-01,5.000000e-01,5.000000e-01,5.000000e-01,5.000000e-01,5.000000e-01,5.000000e-01,5.000000e-01,5.000000e-01,5.000000e-01,5.000000e-01,5.860999e-08,5.000000e-01,5.000000e-01,5.000000e-01,5.000000e-01,5.000000e-01,5.000000e-01,5.000000e-01,5.000000e-01,5.000000e-01,5.000000e-01,0.000000e+00,0.000000e+00,0.000000e+00,0.000000e+00,0.000000e+00,0.000000e+00,0.000000e+00,0.000000e+00,0.000000e+00,0.000000e+00,0.000000e+00,0.000000e+00,0.000000e+00,0.000000e+00,0.000000e+00,0.000000e+00,0.000000e+00,2.999859e-01,0.000000e+00,0.000000e+00,0.000000e+00,0.000000e+00,0.000000e+00,0.000000e+00,0.000000e+00,0.000000e+00,0.000000e+00,0.000000e+00
5.000000e-01,17,5.000000e-01,5.000000e-01,5.000000e-01,5.000000e-01,5.000000e-01,5.000000e-01,5.000000e-01,5.000000e-01,5.000000e-01,5.000000e-01,5.000000e-01,5.000000e-01,5.000000e-01,5.000000e-01,5.000000e-01,5.000000e-01,5.000000e-01,3.035907e-43,5.000000e-01,5.000000e-01,5.000000e-01,5.000000e-01,5.000000e-01,5.000000e-01,5.000000e-01,5.000000e-01,5.000000e-01,5.000000e-01,0.000000e+00,0.000000e+00,0.000000e+00,0.000000e+00,0.000000e+00,0.000000e+00,0.000000e+00,0.000000e+00,0.000000e+00,0.000000e+00,0.000000e+00,0.000000e+00,0.000000e+00,0.000000e+00,0.000000e+00,0.000000e+00,0.000000e+00,3.000000e-01,0.000000e+00,0.000000e+00,0.000000e+00,0.000000e+00,0.000000e+00,0.000000e+00,0.000000e+00,0.000000e+00,0.000000e+00,0.000000e+00
6.000000e-01,17,5.000000e-01,5.000000e-01,5.000000e-01,5.000000e-01,5.000000e-01,5.000000e-01,5.000000e-01,5.000000e-01,5.000000e-01,5.000000e-01,5.000000e-01,5.000000e-01,5.000000e-01,5.000000e-01,5.000000e-01,5.000000e-01,5.000000e-01,7.957008e-52,5.000000e-01,5.000000e-01,5.000000e-01,5.000000e-01,5.000000e-01,5.000000e-01,5.000000e-01,5.000000e-01,5.000000e-01,5.000000e-01,0.000000e+00,0.000000e+00,0.000000e+00,0.000000e+00,0.000000e+00,0.000000e+00,0.000000e+00,0.000000e+00,0.000000e+00,0.000000e+00,0.000000e+00,0.000000e+00,0.000000e+00,0.000000e+00,0.000000e+00,0.000000e+00,0.000000e+00,3.000000e-01,0.000000e+00,0.000000e+00,0.000000e+00,0.000000e+00,0.000000e+00,0.000000e+00,0.000000e+00,0.000000e+00,0.000000e+00,0.000000e+00
7.000000e-01,17,5.000000e-01,5.000000e-01,5.000000e-01,5.000000e-01,5.000000e-01,5.000000e-01,5.000000e-01,5.000000e-01,5.000000e-01,5.000000e-01,5.000000e-01,5.000000e-01,5.000000e-01,5.000000e-01,5.000000e-01,5.000000e-01,3.641108e-02,7.862179e-14,5.000000e-01,5.000000e-01,5.000000e-01,5.000000e-01,5.000000e-01,5.000000e-01,5.000000e-01,5.000000e-01,5.000000e-01,5.000000e-01,0.000000e+00,0.000000e+00,0.000000e+00,0.000000e+00,0.000000e+00,0.000000e+00,0.000000e+00,0.000000e+00,0.000000e+00,0.000000e+00,0.000000e+00,0.000000e+00,0.000000e+00,0.000000e+00,0.000000e+00,0.000000e+00,3.896883e-14,3.000000e-01,0.000000e+00,0.000000e+00,0.000000e+00,0.000000e+00,0.000000e+00,0.000000e+00,0.000000e+00,0.000000e+00,0.000000e+00,0.000000e+00
8.000000e-01,17,5.000000e-01,5.000000e-01,5.000000e-01,5.000000e-01,5.000000e-01,5.000000e-01,5.000000e-01,5.000000e-01,5.000000e-01,5.000000e-01,5.000000e-01,5.000000e-01,5.000000e-01,5.000000e-01,5.000000e-01,5.000000e-01,3.629634e-02,1.031071e-13,5.000000e-01,5.000000e-01,5.000000e-01,5.000000e-01,5.000000e-01,5.000000e-01,5.000000e-01,5.000000e-01,5.000000e-01,5.000000e-01,0.000000e+00,0.000000e+00,0.000000e+00,0.000000e+00,0.000000e+00,0.000000e+00,0.000000e+00,0.000000e+00,0.000000e+00,0.000000e+00,0.000000e+00,0.000000e+00,0.000000e+00,0.000000e+00,0.000000e+00,0.000000e+00,4.283240e-14,3.000000e-01,0.000000e+00,0.000000e+00,0.000000e+00,0.000000e+00,0.000000e+00,0.000000e+00,0.000000e+00,0.000000e+00,0.000000e+00,0.000000e+00
9.000000e-01,17,5.000000e-01,5.000000e-01,5.000000e-01,5.000000e-01,5.000000e-01,5.000000e-01,5.000000e-01,5.000000e-01,5.000000e-01,5.000000e-01,5.000000e-01,5.000000e-01,5.000000e-01,5.000000e-01,5.000000e-01,5.000000e-01,5.000000e-01,4.933190e-50,5.000000e-01,5.000000e-01,5.000000e-01,5.000000e-01,5.000000e-01,5.000000e-01,5.000000e-01,5.000000e-01,5.000000e-01,5.000000e-01,0.000000e+00,0.000000e+00,0.000000e+00,0.000000e+00,0.000000e+00,0.000000e+00,0.000000e+00,0.000000e+00,0.000000e+00,0.000000e+00,0.000000e+00,0.000000e+00,0.000000e+00,0.000000e+00,0.000000e+00,0.000000e+00,0.000000e+00,3.000000e-01,0.000000e+00,0.000000e+00,0.000000e+00,0.000000e+00,0.000000e+00,0.000000e+00,0.000000e+00,0.000000e+00,0.000000e+00,0.000000e+00
1.000000e+00,17,5.000000e-01,5.000000e-01,5.000000e-01,5.000000e-01,5.000000e-01,5.000000e-01,5.000000e-01,5.000000e-01,5.000000e-01,5.000000e-01,5.000000e-01,5.000000e-01,5.000000e-01,5.000000e-01,5.000000e-01,5.000000e-01,5.000000e-01,2.135626e-19,5.000000e-01,5.000000e-01,5.000000e-01,5.000000e-01,5.000000e-01,5.000000e-01,5.000000e-01,5.000000e-01,5.000000e-01,5.000000e-01,0.000000e+00,0.000000e+00,0.000000e+00,0.000000e+00,0.000000e+00,0.000000e+00,0.000000e+00,0.000000e+00,0.000000e+00,0.000000e+00,0.000000e+00,0.000000e+00,0.000000e+00,0.000000e+00,0.000000e+00,0.000000e+00,0.000000e+00,3.000000e-01,0.000000e+00,0.000000e+00,0.000000e+00,0.000000e+00,0.000000e+00,0.000000e+00,0.000000e+00,0.000000e+00,0.000000e+00,0.000000e+00
1.100000e+00,17,5.000000e-01,5.000000e-01,5.000000e-01,5.000000e-01,5.000000e-01,5.000000e-01,5.000000e-01,5.000000e-01,5.000000e-01,5.000000e-01,5.000000e-01,5.000000e-01,5.000000e-01,5.000000e-01,5.000000e-01,5.000000e-01,5.000000e-01,6.952726e-03,3.413802e-02,5.000000e-01,5.000000e-01,5.000000e-01,5.000000e-01,5.000000e-01,5.000000e-01,5.000000e-01,5.000000e-01,5.000000e-01,0.000000e+00,0.000000e+00,0.000000e+00,0.000000e+00,0.000000e+00,0.000000e+00,0.000000e+00,0.000000e+00,0.000000e+00,0.000000e+00,0.000000e+00,0.000000e+00,0.000000e+00,0.000000e+00,0.000000e+00,0.000000e+00,0.000000e+00,1.129952e-03,2.565614e-13,0.000000e+00,0.000000e+00,0.000000e+00,0.000000e+00,0.000000e+00,0.000000e+00,0.000000e+00,0.000000e+00,0.000000e+00
1.200000e+00,17,5.000000e-01,5.000000e-01,5.000000e-01,5.000000e-01,5.000000e-01,5.000000e-01,5.000000e-01,5.000000e-01,5.000000e-01,5.000000e-01,5.000000e-01,5.000000e-01,5.000000e-01,5.000000e-01,5.000000e-01,5.000000e-01,5.000000e-01,2.893991e-06,2.521616e-02,5.000000e-01,5.000000e-01,5.000000e-01,5.000000e-01,5.000000e-01,5.000000e-01,5.000000e-01,5.000000e-01,5.000000e-01,0.000000e+00,0.000000e+00,0.000000e+00,0.000000e+00,0.000000e+00,0.000000e+00,0.000000e+00,0.000000e+00,0.000000e+00,0.000000e+00,0.000000e+00,0.000000e+00,0.000000e+00,0.000000e+00,0.000000e+00,0.000000e+00,0.000000e+00,2.993062e-01,4.015866e-10,0.000000e+00,0.000000e+00,0.000000e+00,0.000000e+00,0.000000e+00,0.000000e+00,0.000000e+00,0.000000e+00,0.000000e+00
1.300000e+00,17,5.000000e-01,5.000000e-01,5.000000e-01,5.000000e-01,5.000000e-01,5.000000e-01,5.000000e-01,5.000000e-01,5.000000e-01,5.000000e-01,5.000000e-01,5.000000e-01,5.000000e-01,5.000000e-01,5.000000e-01,5.000000e-01,5.000000e-01,2.380111e-26,5.000000e-01,5.000000e-01,5.000000e-01,5.000000e-01,5.000000e-01,5.000000e-01,5.000000e-01,5.000000e-01,5.000000e-01,5.000000e-01,0.000000e+00,0.000000e+00,0.000000e+00,0.000000e+00,0.000000e+00,0.000000e+00,0.000000e+00,0.000000e+00,0.000000e+00,0.000000e+00,0.000000e+00,0.000000e+00,0.000000e+00,0.000000e+00,0.000000e+00,0.000000e+00,0.000000e+00,3.000000e-01,0.000000e+00,0.000000e+00,0.000000e+00,0.000000e+00,0.000000e+00,0.000000e+00,0.000000e+00,0.000000e+00,0.000000e+00,0.000000e+00
1.400000e+00,17,5.000000e-01,5.000000e-01,5.000000e-01,5.000000e-01,5.000000e-01,5.000000e-01,5.000000e-01,5.000000e-01,5.000000e-01,5.000000e-01,5.000000e-01,5.000000e-01,5.000000e-01,5.000000e-01,5.000000e-01,5.000000e-01,5.000000e-01,4.362603e-06,7.731565e-04,5.000000e-01,5.000000e-01,5.000000e-01,5.000000e-01,5.000000e-01,5.000000e-01,5.000000e-01,5.000000e-01,5.000000e-01,0.000000e+00,0.000000e+00,0.000000e+00,0.000000e+00,0.000000e+00,0.000000e+00,0.000000e+00,0.000000e+00,0.000000e+00,0.000000e+00,0.000000e+00,0.000000e+00,0.000000e+00,0.000000e+00,0.000000e+00,0.000000e+00,0.000000e+00,2.989548e-01,1.615829e-01,0.000000e+00,0.000000e+00,0.000000e+00,0.000000e+00,0.000000e+00,0.000000e+00,0.000000e+00,0.000000e+00,0.000000e+00
1.500000e+00,18,5.000000e-01,5.000000e-01,5.000000e-01,5.000000e-01,5.000000e-01,5.000000e-01,5.000000e-01,5.000000e-01,5.000000e-01,5.000000e-01,5.000000e-01,5.000000e-01,5.000000e-01,5.000000e-01,5.000000e-01,5.000000e-01,5.000000e-01,5.000000e-01,3.703016e-18,5.000000e-01,5.000000e-01,5.000000e-01,5.000000e-01,5.000000e-01,5.000000e-01,5.000000e-01,5.000000e-01,5.000000e-01,0.000000e+00,0.000000e+00,0.000000e+00,0.000000e+00,0.000000e+00,0.000000e+00,0.000000e+00,0.000000e+00,0.000000e+00,0.000000e+00,0.000000e+00,0.000000e+00,0.000000e+00,0.000000e+00,0.000000e+00,0.000000e+00,0.000000e+00,0.000000e+00,3.000000e-01,0.000000e+00,0.000000e+00,0.000000e+00,0.000000e+00,0.000000e+00,0.000000e+00,0.000000e+00,0.000000e+00,0.000000e+00
1.600000e+00,18,5.000000e-01,5.000000e-01,5.000000e-01,5.000000e-01,5.000000e-01,5.000000e-01,5.000000e-01,5.000000e-01,5.000000e-01,5.000000e-01,5.000000e-01,5.000000e-01,5.000000e-01,5.000000e-01,5.000000e-01,5.000000e-01,5.000000e-01,5.000000e-01,1.662526e-07,5.000000e-01,5.000000e-01,5.000000e-01,5.000000e-01,5.000000e-01,5.000000e-01,5.000000e-01,5.000000e-01,5.000000e-01,0.000000e+00,0.000000e+00,0.000000e+00,0.000000e+00,0.000000e+00,0.000000e+00,0.000000e+00,0.000000e+00,0.000000e+00,0.000000e+00,0.000000e+00,0.000000e+00,0.000000e+00,0.000000e+00,0.000000e+00,0.000000e+00,0.000000e+00,0.000000e+00,2.999601e-01,0.000000e+00,0.000000e+00,0.000000e+00,0.000000e+00,0.000000e+00,0.000000e+00,0.000000e+00,0.000000e+00,0.000000e+00
1.700000e+00,25,5.000000e-01,5.000000e-01,5.000000e-01,5.000000e-01,5.000000e-01,5.000000e-01,5.000000e-01,5.000000e-01,5.000000e-01,5.000000e-01,5.000000e-01,5.000000e-01,5.000000e-01,5.000000e-01,5.000000e-01,5.000000e-01,5.000000e-01,5.000000e-01,3.185561e-02,5.000000e-01,5.000000e-01,5.000000e-01,5.000000e-01,5.000000e-01,5.000000e-01,9.681174e-03,5.000000e-01,5.000000e-01,0.000000e+00,0.000000e+00,0.000000e+00,0.000000e+00,0.000000e+00,0.000000e+00,0.000000e+00,0.000000e+00,0.000000e+00,0.000000e+00,0.000000e+00,0.000000e+00,0.000000e+00,0.000000e+00,0.000000e+00,0.000000e+00,0.000000e+00,0.000000e+00,1.695211e-12,0.000000e+00,0.000000e+00,0.000000e+00,0.000000e+00,0.000000e+00,0.000000e+00,1.250689e-04,0.000000e+00,0.000000e+00
1.800000e+00,-1,5.000000e-01,5.000000e-01,5.000000e-01,5.000000e-01,5.000000e-01,5.000000e-01,5.000000e-01,5.000000e-01,5.000000e-01,5.000000e-01,5.000000e-01,5.000000e-01,5.000000e-01,5.000000e-01,5.000000e-01,5.000000e-01,5.000000e-01,5.000000e-01,5.000000e-01,5.000000e-01,5.000000e-01,5.000000e-01,5.000000e-01,5.000000e-01,5.000000e-01,5.000000e-01,5.000000e-01,5.000000e-01,0.000000e+00,0.000000e+00,0.000000e+00,0.000000e+00,0.000000e+00,0.000000e+00,0.000000e+00,0.000000e+00,0.000000e+00,0.000000e+00,0.000000e+00,0.000000e+00,0.000000e+00,0.000000e+00,0.000000e+00,0.000000e+00,0.000000e+00,0.000000e+00,0.000000e+00,0.000000e+00,0.000000e+00,0.000000e+00,0.000000e+00,0.000000e+00,0.000000e+00,0.000000e+00,0.000000e+00,0.000000e+00
1.900000e+00,-1,5.000000e-01,5.000000e-01,5.000000e-01,5.000000e-01,5.000000e-01,5.000000e-01,5.000000e-01,5.000000e-01,5.000000e-01,5.000000e-01,5.000000e-01,5.000000e-01,5.000000e-01,5.000000e-01,5.000000e-01,5.000000e-01,5.000000e-01,5.000000e-01,5.000000e-01,5.000000e-01,5.000000e-01,5.000000e-01,5.000000e-01,5.000000e-01,5.000000e-01,5.000000e-01,5.000000e-01,5.000000e-01,0.000000e+00,0.000000e+00,0.000000e+00,0.000000e+00,0.000000e+00,0.000000e+00,0.000000e+00,0.000000e+00,0.000000e+00,0.000000e+00,0.000000e+00,0.000000e+00,0.000000e+00,0.000000e+00,0.000000e+00,0.000000e+00,0.000000e+00,0.000000e+00,0.000000e+00,0.000000e+00,0.000000e+00,0.000000e+00,0.000000e+00,0.000000e+00,0.000000e+00,0.000000e+00,0.000000e+00,0.000000e+00
2.000000e+00,19,5.000000e-01,5.000000e-01,5.000000e-01,5.000000e-01,5.000000e-01,5.000000e-01,5.000000e-01,5.000000e-01,5.000000e-01,5.000000e-01,5.000000e-01,5.000000e-01,5.000000e-01,5.000000e-01,5.000000e-01,5.000000e-01,5.000000e-01,5.000000e-01,5.000000e-01,1.064301e-03,5.000000e-01,5.000000e-01,5.000000e-01,5.000000e-01,5.000000e-01,5.000000e-01,5.000000e-01,5.000000e-01,0.000000e+00,0.000000e+00,0.000000e+00,0.000000e+00,0.000000e+00,0.000000e+00,0.000000e+00,0.000000e+00,0.000000e+00,0.000000e+00,0.000000e+00,0.000000e+00,0.000000e+00,0.000000e+00,0.000000e+00,0.000000e+00,0.000000e+00,0.000000e+00,0.000000e+00,1.279819e-01,0.000000e+00,0.000000e+00,0.000000e+00,0.000000e+00,0.000000e+00,0.000000e+00,0.000000e+00,0.000000e+00
2.100000e+00,19,5.000000e-01,5.000000e-01,5.000000e-01,5.000000e-01,5.000000e-01,5.000000e-01,5.000000e-01,5.000000e-01,5.000000e-01,5.000000e-01,5.000000e-01,5.000000e-01,5.000000e-01,5.000000e-01,5.000000e-01,5.000000e-01,5.000000e-01,5.000000e-01,5.000000e-01,1.376434e-09,5.000000e-01,5.000000e-01,5.000000e-01,5.000000e-01,5.000000e-01,5.000000e-01,5.000000e-01,5.000000e-01,0.000000e+00,0.000000e+00,0.000000e+00,0.000000e+00,0.000000e+00,0.000000e+00,0.000000e+00,0.000000e+00,0.000000e+00,0.000000e+00,0.000000e+00,0.000000e+00,0.000000e+00,0.000000e+00,0.000000e+00,0.000000e+00,0.000000e+00,0.000000e+00,0.000000e+00,2.999997e-01,0.000000e+00,0.000000e+00,0.000000e+00,0.000000e+00,0.000000e+00,0.000000e+00,0.000000e+00,0.000000e+00
2.200000e+00,19,5.000000e-01,5.000000e-01,5.000000e-01,5.000000e-01,5.000000e-01,5.000000e-01,5.000000e-01,5.000000e-01,5.000000e-01,5.000000e-01,5.000000e-01,5.000000e-01,5.000000e-01,5.000000e-01,5.000000e-01,5.000000e-01,5.000000e-01,5.000000e-01,5.000000e-01,1.006215e-20,5.000000e-01,5.000000e-01,5.000000e-01,5.000000e-01,5.000000e-01,5.000000e-01,5.000000e-01,5.000000e-01,0.000000e+00,0.000000e+00,0.000000e+00,0.000000e+00,0.000000e+00,0.000000e+00,0.000000e+00,0.000000e+00,0.000000e+00,0.000000e+00,0.000000e+00,0.000000e+00,0.000000e+00,0.000000e+00,0.000000e+00,0.000000e+00,0.000000e+00,0.000000e+00,0.000000e+00,3.000000e-01,0.000000e+00,0.000000e+00,0.000000e+00,0.000000e+00,0.000000e+00,0.000000e+00,0.000000e+00,0.000000e+00
2.300000e+00,19,5.000000e-01,5.000000e-01,5.000000e-01,5.000000e-01,5.000000e-01,5.000000e-01,5.000000e-01,5.000000e-01,5.000000e-01,5.000000e-01,5.000000e-01,5.000000e-01,5.000000e-01,5.000000e-01,5.000000e-01,5.000000e-01,5.000000e-01,5.000000e-01,1.359953e-02,2.972534e-10,5.000000e-01,5.000000e-01,5.000000e-01,5.000000e-01,5.000000e-01,5.000000e-01,5.000000e-01,5.000000e-01,0.000000e+00,0.000000e+00,0.000000e+00,0.000000e+00,0.000000e+00,0.000000e+00,0.000000e+00,0.000000e+00,0.000000e+00,0.000000e+00,0.000000e+00,0.000000e+00,0.000000e+00,0.000000e+00,0.000000e+00,0.000000e+00,0.000000e+00,0.000000e+00,5.244898e-06,2.999999e-01,0.000000e+00,0.000000e+00,0.000000e+00,0.000000e+00,0.000000e+00,0.000000e+00,0.000000e+00,0.000000e+00
2.400000e+00,18,5.000000e-01,5.000000e-01,5.000000e-01,5.000000e-01,5.000000e-01,5.000000e-01,5.000000e-01,5.000000e-01,5.000000e-01,5.000000e-01,5.000000e-01,5.000000e-01,5.000000e-01,5.000000e-01,5.000000e-01,5.000000e-01,5.000000e-01,5.000000e-01,1.956052e-03,1.161924e-02,5.000000e-01,5.000000e-01,5.000000e-01,5.000000e-01,5.000000e-01,5.000000e-01,5.000000e-01,5.000000e-01,0.000000e+00,0.000000e+00,0.000000e+00,0.000000e+00,0.000000e+00,0.000000e+00,0.000000e+00,0.000000e+00,0.000000e+00,0.000000e+00,0.000000e+00,0.000000e+00,0.000000e+00,0.000000e+00,0.000000e+00,0.000000e+00,0.000000e+00,0.000000e+00,6.264025e-02,2.609442e-05,0.000000e+00,0.000000e+00,0.000000e+00,0.000000e+00,0.000000e+00,0.000000e+00,0.000000e+00,0.000000e+00
2.500000e+00,19,5.000000e-01,5.000000e-01,5.000000e-01,5.000000e-01,5.000000e-01,5.000000e-01,5.000000e-01,5.000000e-01,5.000000e-01,5.000000e-01,5.000000e-01,5.000000e-01,5.000000e-01,5.000000e-01,5.000000e-01,5.000000e-01,5.000000e-01,5.000000e-01,5.754962e-03,5.549027e-04,5.000000e-01,5.000000e-01,5.000000e-01,5.000000e-01,5.000000e-01,5.000000e-01,5.000000e-01,5.000000e-01,0.000000e+00,0.000000e+00,0.000000e+00,0.000000e+00,0.000000e+00,0.000000e+00,0.000000e+00,0.000000e+00,0.000000e+00,0.000000e+00,0.000000e+00,0.000000e+00,0.000000e+00,0.000000e+00,0.000000e+00,0.000000e+00,0.000000e+00,0.000000e+00,2.963924e-03,1.924309e-01,0.000000e+00,0.000000e+00,0.000000e+00,0.000000e+00,0.000000e+00,0.000000e+00,0.000000e+00,0.000000e+00
2.600000e+00,19,5.000000e-01,5.000000e-01,5.000000e-01,5.000000e-01,5.000000e-01,5.000000e-01,5.000000e-01,5.000000e-01,5.000000e-01,5.000000e-01,5.000000e-01,5.000000e-01,5.000000e-01,5.000000e-01,5.000000e-01,5.000000e-01,5.000000e-01,5.000000e-01,5.000000e-01,5.652826e-20,5.000000e-01,5.000000e-01,5.000000e-01,5.000000e-01,5.000000e-01,5.000000e-01,5.000000e-01,5.000000e-01,0.000000e+00,0.000000e+00,0.000000e+00,0.000000e+00,0.000000e+00,0.000000e+00,0.000000e+00,0.000000e+00,0.000000e+00,0.000000e+00,0.000000e+00,0.000000e+00,0.000000e+00,0.000000e+00,0.000000e+00,0.000000e+00,0.000000e+00,0.000000e+00,0.000000e+00,3.000000e-01,0.000000e+00,0.000000e+00,0.000000e+00,0.000000e+00,0.000000e+00,0.000000e+00,0.000000e+00,0.000000e+00
2.700000e+00,19,5.000000e-01,5.000000e-01,5.000000e-01,5.000000e-01,5.000000e-01,5.000000e-01,5.000000e-01,5.000000e-01,5.000000e-01,5.000000e-01,5.000000e-01,5.000000e-01,5.000000e-01,5.000000e-01,5.000000e-01,5.000000e-01,5.000000e-01,5.000000e-01,5.000000e-01,1.524256e-43,5.000000e-01,5.000000e-01,5.000000e-01,5.000000e-01,5.000000e-01,5.000000e-01,5.000000e-01,5.000000e-01,0.000000e+00,0.000000e+00,0.000000e+00,0.000000e+00,0.000000e+00,0.000000e+00,0.000000e+00,0.000000e+00,0.000000e+00,0.000000e+00,0.000000e+00,0.000000e+00,0.000000e+00,0.000000e+00,0.000000e+00,0.000000e+00,0.000000e+00,0.000000e+00,0.000000e+00,3.000000e-01,0.000000e+00,0.000000e+00,0.000000e+00,0.000000e+00,0.000000e+00,0.000000e+00,0.000000e+00,0.000000e+00
2.800000e+00,19,5.000000e-01,5.000000e-01,5.000000e-01,5.000000e-01,5.000000e-01,5.000000e-01,5.000000e-01,5.000000e-01,5.000000e-01,5.000000e-01,5.000000e-01,5.000000e-01,5.000000e-01,5.000000e-01,5.000000e-01,5.000000e-01,5.000000e-01,5.000000e-01,5.000000e-01,5.627228e-14,5.000000e-01,5.000000e-01,5.000000e-01,5.000000e-01,5.000000e-01,5.000000e-01,5.000000e-01,5.000000e-01,0.000000e+00,0.000000e+00,0.000000e+00,0.000000e+00,0.000000e+00,0.000000e+00,0.000000e+00,0.000000e+00,0.000000e+00,0.000000e+00,0.000000e+00,0.000000e+00,0.000000e+00,0.000000e+00,0.000000e+00,0.000000e+00,0.000000e+00,0.000000e+00,0.000000e+00,3.000000e-01,0.000000e+00,0.000000e+00,0.000000e+00,0.000000e+00,0.000000e+00,0.000000e+00,0.000000e+00,0.000000e+00
2.900000e+00,20,5.000000e-01,5.000000e-01,5.000000e-01,5.000000e-01,5.000000e-01,5.000000e-01,5.000000e-01,5.000000e-01,5.000000e-01,5.000000e-01,5.000000e-01,5.000000e-01,5.000000e-01,5.000000e-01,5.000000e-01,5.000000e-01,5.000000e-01,5.000000e-01,5.000000e-01,4.450284e-04,9.751412e-05,5.000000e-01,5.000000e-01,5.000000e-01,5.000000e-01,5.000000e-01,5.000000e-01,5.000000e-01,0.000000e+00,0.000000e+00,0.000000e+00,0.000000e+00,0.000000e+00,0.000000e+00,0.000000e+00,0.000000e+00,0.000000e+00,0.000000e+00,0.000000e+00,0.000000e+00,0.000000e+00,0.000000e+00,0.000000e+00,0.000000e+00,0.000000e+00,0.000000e+00,0.000000e+00,2.101204e-01,2.774851e-01,0.000000e+00,0.000000e+00,0.000000e+00,0.000000e+00,0.000000e+00,0.000000e+00,0.000000e+00
3.000000e+00,20,5.000000e-01,5.000000e-01,5.000000e-01,5.000000e-01,5.000000e-01,5.000000e-01,5.000000e-01,5.000000e-01,5.000000e-01,5.000000e-01,5.000000e-01,5.000000e-01,5.000000e-01,5.000000e-01,5.000000e-01,5.000000e-01,5.000000e-01,5.000000e-01,5.000000e-01,5.000000e-01,3.710447e-29,5.000000e-01,5.000000e-01,5.000000e-01,5.000000e-01,5.000000e-01,5.000000e-01,5.000000e-01,0.000000e+00,0.000000e+00,0.000000e+00,0.000000e+00,0.000000e+00,0.000000e+00,0.000000e+00,0.000000e+00,0.000000e+00,0.000000e+00,0.000000e+00,0.000000e+00,0.000000e+00,0.000000e+00,0.000000e+00,0.000000e+00,0.000000e+00,0.000000e+00,0.000000e+00,0.000000e+00,3.000000e-01,0.000000e+00,0.000000e+00,0.000000e+00,0.000000e+00,0.000000e+00,0.000000e+00,0.000000e+00
3.100000e+00,20,5.000000e-01,5.000000e-01,5.000000e-01,5.000000e-01,5.000000e-01,5.000000e-01,5.000000e-01,5.000000e-01,5.000000e-01,5.000000e-01,5.000000e-01,5.000000e-01,5.000000e-01,5.000000e-01,5.000000e-01,5.000000e-01,5.000000e-01,5.000000e-01,5.000000e-01,5.000000e-01,7.474020e-39,5.000000e-01,5.000000e-01,5.000000e-01,5.000000e-01,5.000000e-01,5.000000e-01,5.000000e-01,0.000000e+00,0.000000e+00,0.000000e+00,0.000000e+00,0.000000e+00,0.000000e+00,0.000000e+00,0.000000e+00,0.000000e+00,0.000000e+00,0.000000e+00,0.000000e+00,0.000000e+00,0.000000e+00,0.000000e+00,0.000000e+00,0.000000e+00,0.000000e+00,0.000000e+00,0.000000e+00,3.000000e-01,0.000000e+00,0.000000e+00,0.000000e+00,0.000000e+00,0.000000e+00,0.000000e+00,0.000000e+00
3.200000e+00,20,5.000000e-01,5.000000e-01,5.000000e-01,5.000000e-01,5.000000e-01,5.000000e-01,5.000000e-01,5.000000e-01,5.000000e-01,5.000000e-01,5.000000e-01,5.000000e-01,5.000000e-01,5.000000e-01,5.000000e-01,5.000000e-01,5.000000e-01,5.000000e-01,5.000000e-01,5.000000e-01,3.862271e-08,5.000000e-01,5.000000e-01,5.000000e-01,5.000000e-01,5.000000e-01,5.000000e-01,5.000000e-01,0.000000e+00,0.000000e+00,0.000000e+00,0.000000e+00,0.000000e+00,0.000000e+00,0.000000e+00,0.000000e+00,0.000000e+00,0.000000e+00,0.000000e+00,0.000000e+00,0.000000e+00,0.000000e+00,0.000000e+00,0.000000e+00,0.000000e+00,0.000000e+00,0.000000e+00,0.000000e+00,2.999907e-01,0.000000e+00,0.000000e+00,0.000000e+00,0.000000e+00,0.000000e+00,0.000000e+00,0.000000e+00
3.300000e+00,19,5.000000e-01,5.000000e-01,5.000000e-01,5.000000e-01,5.000000e-01,5.000000e-01,5.000000e-01,5.000000e-01,5.000000e-01,5.000000e-01,5.000000e-01,5.000000e-01,5.000000e-01,5.000000e-01,5.000000e-01,5.000000e-01,5.000000e-01,5.000000e-01,5.000000e-01,6.917292e-03,5.000000e-01,5.000000e-01,5.000000e-01,5.000000e-01,5.000000e-01,5.000000e-01,5.000000e-01,5.000000e-01,0.000000e+00,0.000000e+00,0.000000e+00,0.000000e+00,0.000000e+00,0.000000e+00,0.000000e+00,0.000000e+00,0.000000e+00,0.000000e+00,0.000000e+00,0.000000e+00,0.000000e+00,0.000000e+00,0.000000e+00,0.000000e+00,0.000000e+00,0.000000e+00,0.000000e+00,1.162672e-03,0.000000e+00,0.000000e+00,0.000000e+00,0.000000e+00,0.000000e+00,0.000000e+00,0.000000e+00,0.000000e+00
3.400000e+00,19,5.000000e-01,5.000000e-01,5.000000e-01,5.000000e-01,5.000000e-01,5.000000e-01,5.000000e-01,5.000000e-01,5.000000e-01,5.000000e-01,5.000000e-01,5.000000e-01,5.000000e-01,5.000000e-01,5.000000e-01,5.000000e-01,5.000000e-01,5.000000e-01,5.000000e-01,8.669311e-07,5.000000e-01,5.000000e-01,5.000000e-01,5.000000e-01,5.000000e-01,5.000000e-01,5.000000e-01,5.000000e-01,0.000000e+00,0.000000e+00,0.000000e+00,0.000000e+00,0.000000e+00,0.000000e+00,0.000000e+00,0.000000e+00,0.000000e+00,0.000000e+00,0.000000e+00,0.000000e+00,0.000000e+00,0.000000e+00,0.000000e+00,0.000000e+00,0.000000e+00,0.000000e+00,0.000000e+00,2.997920e-01,0.000000e+00,0.000000e+00,0.000000e+00,0.000000e+00,0.000000e+00,0.000000e+00,0.000000e+00,0.000000e+00
3.500000e+00,19,5.000000e-01,5.000000e-01,5.000000e-01,5.000000e-01,5.000000e-01,5.000000e-01,5.000000e-01,5.000000e-01,5.000000e-01,5.000000e-01,5.000000e-01,5.000000e-01,5.000000e-01,5.000000e-01,5.000000e-01,5.000000e-01,5.000000e-01,5.000000e-01,5.000000e-01,5.866076e-14,4.872716e-02,5.000000e-01,5.000000e-01,5.000000e-01,5.000000e-01,5.000000e-01,5.000000e-01,5.000000e-01,0.000000e+00,0.000000e+00,0.000000e+00,0.000000e+00,0.000000e+00,0.000000e+00,0.000000e+00,0.000000e+00,0.000000e+00,0.000000e+00,0.000000e+00,0.000000e+00,0.000000e+00,0.000000e+00,0.000000e+00,0.000000e+00,0.000000e+00,0.000000e+00,0.000000e+00,3.000000e-01,0.000000e+00,0.000000e+00,0.000000e+00,0.000000e+00,0.000000e+00,0.000000e+00,0.000000e+00,0.000000e+00
3.600000e+00,19,5.000000e-01,5.000000e-01,5.000000e-01,5.000000e-01,5.000000e-01,5.000000e-01,5.000000e-01,5.000000e-01,5.000000e-01,5.000000e-01,5.000000e-01,5.000000e-01,5.000000e-01,5.000000e-01,5.000000e-01,5.000000e-01,5.000000e-01,5.000000e-01,5.000000e-01,9.143376e-19,5.000000e-01,5.000000e-01,5.000000e-01,5.000000e-01,5.000000e-01,5.000000e-01,5.000000e-01,5.000000e-01,0.000000e+00,0.000000e+00,0.000000e+00,0.000000e+00,0.000000e+00,0.000000e+00,0.000000e+00,0.000000e+00,0.000000e+00,0.000000e+00,0.000000e+00,0.000000e+00,0.000000e+00,0.000000e+00,0.000000e+00,0.000000e+00,0.000000e+00,0.000000e+00,0.000000e+00,3.000000e-01,0.000000e+00,0.000000e+00,0.000000e+00,0.000000e+00,0.000000e+00,0.000000e+00,0.000000e+00,0.000000e+00
3.700000e+00,19,5.000000e-01,5.000000e-01,5.000000e-01,5.000000e-01,5.000000e-01,5.000000e-01,5.000000e-01,5.000000e-01,5.000000e-01,5.000000e-01,5.000000e-01,5.000000e-01,5.000000e-01,5.000000e-01,5.000000e-01,5.000000e-01,5.000000e-01,5.000000e-01,5.000000e-01,8.070696e-37,5.000000e-01,5.000000e-01,5.000000e-01,5.000000e-01,5.000000e-01,5.000000e-01,5.000000e-01,5.000000e-01,0.000000e+00,0.000000e+00,0.000000e+00,0.000000e+00,0.000000e+00,0.000000e+00,0.000000e+00,0.000000e+00,0.000000e+00,0.000000e+00,0.000000e+00,0.000000e+00,0.000000e+00,0.000000e+00,0.000000e+00,0.000000e+00,0.000000e+00,0.000000e+00,0.000000e+00,3.000000e-01,0.000000e+00,0.000000e+00,0.000000e+00,0.000000e+00,0.000000e+00,0.000000e+00,0.000000e+00,0.000000e+00
3.800000e+00,19,5.000000e-01,5.000000e-01,5.000000e-01,5.000000e-01,5.000000e-01,5.000000e-01,5.000000e-01,5.000000e-01,5.000000e-01,5.000000e-01,5.000000e-01,5.000000e-01,5.000000e-01,5.000000e-01,5.000000e-01,5.000000e-01,5.000000e-01,5.000000e-01,5.000000e-01,1.699964e-11,5.000000e-01,5.000000e-01,5.000000e-01,5.000000e-01,5.000000e-01,5.000000e-01,5.000000e-01,5.000000e-01,0.000000e+00,0.000000e+00,0.000000e+00,0.000000e+00,0.000000e+00,0.000000e+00,0.000000e+00,0.000000e+00,0.000000e+00,0.000000e+00,0.000000e+00,0.000000e+00,0.000000e+00,0.000000e+00,0.000000e+00,0.000000e+00,0.000000e+00,0.000000e+00,0.000000e+00,3.000000e-01,0.000000e+00,0.000000e+00,0.000000e+00,0.000000e+00,0.000000e+00,0.000000e+00,0.000000e+00,0.000000e+00
3.900000e+00,18,5.000000e-01,5.000000e-01,5.000000e-01,5.000000e-01,5.000000e-01,5.000000e-01,5.000000e-01,5.000000e-01,5.000000e-01,5.000000e-01,5.000000e-01,5.000000e-01,5.000000e-01,5.000000e-01,5.000000e-01,5.000000e-01,5.000000e-01,5.000000e-01,7.825820e-08,2.537830e-02,5.000000e-01,5.000000e-01,5.000000e-01,5.000000e-01,5.000000e-01,5.000000e-01,5.000000e-01,5.000000e-01,0.000000e+00,0.000000e+00,0.000000e+00,0.000000e+00,0.000000e+00,0.000000e+00,0.000000e+00,0.000000e+00,0.000000e+00,0.000000e+00,0.000000e+00,0.000000e+00,0.000000e+00,0.000000e+00,0.000000e+00,0.000000e+00,0.000000e+00,0.000000e+00,2.999812e-01,3.515474e-10,0.000000e+00,0.000000e+00,0.000000e+00,0.000000e+00,0.000000e+00,0.000000e+00,0.000000e+00,0.000000e+00
4.000000e+00,18,5.000000e-01,5.000000e-01,5.000000e-01,5.000000e-01,5.000000e-01,5.000000e-01,5.000000e-01,5.000000e-01,5.000000e-01,5.000000e-01,5.000000e-01,5.000000e-01,5.000000e-01,5.000000e-01,5.000000e-01,5.000000e-01,5.000000e-01,5.000000e-01,4.514203e-05,5.000000e-01,5.000000e-01,5.000000e-01,5.000000e-01,5.000000e-01,5.000000e-01,5.000000e-01,5.000000e-01,5.000000e-01,0.000000e+00,0.000000e+00,0.000000e+00,0.000000e+00,0.000000e+00,0.000000e+00,0.000000e+00,0.000000e+00,0.000000e+00,0.000000e+00,0.000000e+00,0.000000e+00,0.000000e+00,0.000000e+00,0.000000e+00,0.000000e+00,0.000000e+00,0.000000e+00,2.893590e-01,0.000000e+00,0.000000e+00,0.000000e+00,0.000000e+00,0.000000e+00,0.000000e+00,0.000000e+00,0.000000e+00,0.000000e+00
4.100000e+00,-1,5.000000e-01,5.000000e-01,5.000000e-01,5.000000e-01,5.000000e-01,5.000000e-01,5.000000e-01,5.000000e-01,5.000000e-01,5.000000e-01,5.000000e-01,5.000000e-01,5.000000e-01,5.000000e-01,5.000000e-01,5.000000e-01,5.000000e-01,5.000000e-01,5.000000e-01,5.000000e-01,5.000000e-01,5.000000e-01,5.000000e-01,5.000000e-01,5.000000e-01,5.000000e-01,5.000000e-01,5.000000e-01,0.000000e+00,0.000000e+00,0.000000e+00,0.000000e+00,0.000000e+00,0.000000e+00,0.000000e+00,0.000000e+00,0.000000e+00,0.000000e+00,0.000000e+00,0.000000e+00,0.000000e+00,0.000000e+00,0.000000e+00,0.000000e+00,0.000000e+00,0.000000e+00,0.000000e+00,0.000000e+00,0.000000e+00,0.000000e+00,0.000000e+00,0.000000e+00,0.000000e+00,0.000000e+00,0.000000e+00,0.000000e+00
4.200000e+00,11,5.000000e-01,5.000000e-01,5.000000e-01,5.000000e-01,5.000000e-01,5.000000e-01,5.000000e-01,5.000000e-01,5.000000e-01,5.000000e-01,5.000000e-01,2.915352e-02,5.000000e-01,5.000000e-01,5.000000e-01,5.000000e-01,5.000000e-01,5.000000e-01,5.000000e-01,5.000000e-01,5.000000e-01,5.000000e-01,5.000000e-01,5.000000e-01,5.000000e-01,5.000000e-01,5.000000e-01,5.000000e-01,0.000000e+00,0.000000e+00,0.000000e+00,0.000000e+00,0.000000e+00,0.000000e+00,0.000000e+00,0.000000e+00,0.000000e+00,0.000000e+00,0.000000e+00,1.576053e-11,0.000000e+00,0.000000e+00,0.000000e+00,0.000000e+00,0.000000e+00,0.000000e+00,0.000000e+00,0.000000e+00,0.000000e+00,0.000000e+00,0.000000e+00,0.000000e+00,0.000000e+00,0.000000e+00,0.000000e+00,0.000000e+00
4.300000e+00,18,5.000000e-01,5.000000e-01,5.000000e-01,5.000000e-01,5.000000e-01,5.000000e-01,5.000000e-01,5.000000e-01,5.000000e-01,5.000000e-01,5.000000e-01,1.969124e-02,5.000000e-01,5.000000e-01,5.000000e-01,5.000000e-01,5.000000e-01,5.000000e-01,1.627050e-02,5.000000e-01,5.000000e-01,5.000000e-01,5.000000e-01,5.000000e-01,5.000000e-01,5.000000e-01,5.000000e-01,5.000000e-01,0.000000e+00,0.000000e+00,0.000000e+00,0.000000e+00,0.000000e+00,0.000000e+00,0.000000e+00,0.000000e+00,0.000000e+00,0.000000e+00,0.000000e+00,3.693413e-08,0.000000e+00,0.000000e+00,0.000000e+00,0.000000e+00,0.000000e+00,0.000000e+00,5.993462e-07,0.000000e+00,0.000000e+00,0.000000e+00,0.000000e+00,0.000000e+00,0.000000e+00,0.000000e+00,0.000000e+00,0.000000e+00
4.400000e+00,18,5.000000e-01,5.000000e-01,5.000000e-01,5.000000e-01,5.000000e-01,5.000000e-01,5.000000e-01,5.000000e-01,5.000000e-01,5.000000e-01,5.000000e-01,5.000000e-01,5.000000e-01,5.000000e-01,5.000000e-01,5.000000e-01,5.000000e-01,5.000000e-01,5.095760e-03,5.000000e-01,5.000000e-01,5.000000e-01,5.000000e-01,5.000000e-01,5.000000e-01,5.000000e-01,5.000000e-01,5.000000e-01,0.000000e+00,0.000000e+00,0.000000e+00,0.000000e+00,0.000000e+00,0.000000e+00,0.000000e+00,0.000000e+00,0.000000e+00,0.000000e+00,0.000000e+00,0.000000e+00,0.000000e+00,0.000000e+00,0.000000e+00,0.000000e+00,0.000000e+00,0.000000e+00,5.036705e-03,0.000000e+00,0.000000e+00,0.000000e+00,0.000000e+00,0.000000e+00,0.000000e+00,0.000000e+00,0.000000e+00,0.000000e+00
4.500000e+00,17,5.000000e-01,5.000000e-01,5.000000e-01,5.000000e-01,5.000000e-01,5.000000e-01,5.000000e-01,5.000000e-01,5.000000e-01,5.000000e-01,5.000000e-01,5.000000e-01,5.000000e-01,5.000000e-01,5.000000e-01,5.000000e-01,5.000000e-01,2.970340e-03,5.000000e-01,5.000000e-01,5.000000e-01,5.000000e-01,5.000000e-01,5.000000e-01,5.000000e-01,5.000000e-01,5.000000e-01,5.000000e-01,0.000000e+00,0.000000e+00,0.000000e+00,0.000000e+00,0.000000e+00,0.000000e+00,0.000000e+00,0.000000e+00,0.000000e+00,0.000000e+00,0.000000e+00,0.000000e+00,0.000000e+00,0.000000e+00,0.000000e+00,0.000000e+00,0.000000e+00,2.777050e-02,0.000000e+00,0.000000e+00,0.000000e+00,0.000000e+00,0.000000e+00,0.000000e+00,0.000000e+00,0.000000e+00,0.000000e+00,0.000000e+00
4.600000e+00,-1,5.000000e-01,5.000000e-01,5.000000e-01,5.000000e-01,5.000000e-01,5.000000e-01,5.000000e-01,5.000000e-01,5.000000e-01,5.000000e-01,5.000000e-01,5.000000e-01,5.000000e-01,5.000000e-01,5.000000e-01,5.000000e-01,5.000000e-01,5.000000e-01,5.000000e-01,5.000000e-01,5.000000e-01,5.000000e-01,5.000000e-01,5.000000e-01,5.000000e-01,5.000000e-01,5.000000e-01,5.000000e-01,0.000000e+00,0.000000e+00,0.000000e+00,0.000000e+00,0.000000e+00,0.000000e+00,0.000000e+00,0.000000e+00,0.000000e+00,0.000000e+00,0.000000e+00,0.000000e+00,0.000000e+00,0.000000e+00,0.000000e+00,0.000000e+00,0.000000e+00,0.000000e+00,0.000000e+00,0.000000e+00,0.000000e+00,0.000000e+00,0.000000e+00,0.000000e+00,0.000000e+00,0.000000e+00,0.000000e+00,0.000000e+00
4.700000e+00,10,5.000000e-01,5.000000e-01,5.000000e-01,5.000000e-01,5.000000e-01,5.000000e-01,5.000000e-01,5.000000e-01,5.000000e-01,5.000000e-01,1.587959e-09,5.000000e-01,5.000000e-01,5.000000e-01,5.000000e-01,5.000000e-01,5.000000e-01,5.000000e-01,5.000000e-01,5.000000e-01,5.000000e-01,5.000000e-01,5.000000e-01,5.000000e-01,5.000000e-01,5.000000e-01,5.000000e-01,5.000000e-01,0.000000e+00,0.000000e+00,0.000000e+00,0.000000e+00,0.000000e+00,0.000000e+00,0.000000e+00,0.000000e+00,0.000000e+00,0.000000e+00,2.999996e-01,0.000000e+00,0.000000e+00,0.000000e+00,0.000000e+00,0.000000e+00,0.000000e+00,0.000000e+00,0.000000e+00,0.000000e+00,0.000000e+00,0.000000e+00,0.000000e+00,0.000000e+00,0.000000e+00,0.000000e+00,0.000000e+00,0.000000e+00
4.800000e+00,10,5.000000e-01,5.000000e-01,5.000000e-01,5.000000e-01,5.000000e-01,5.000000e-01,5.000000e-01,5.000000e-01,5.000000e-01,5.000000e-01,5.084920e-22,5.000000e-01,5.000000e-01,5.000000e-01,5.000000e-01,5.000000e-01,5.000000e-01,5.000000e-01,5.000000e-01,5.000000e-01,5.000000e-01,5.000000e-01,5.000000e-01,5.000000e-01,5.000000e-01,5.000000e-01,5.000000e-01,5.000000e-01,0.000000e+00,0.000000e+00,0.000000e+00,0.000000e+00,0.000000e+00,0.000000e+00,0.000000e+00,0.000000e+00,0.000000e+00,0.000000e+00,3.000000e-01,0.000000e+00,0.000000e+00,0.000000e+00,0.000000e+00,0.000000e+00,0.000000e+00,0.000000e+00,0.000000e+00,0.000000e+00,0.000000e+00,0.000000e+00,0.000000e+00,0.000000e+00,0.000000e+00,0.000000e+00,0.000000e+00,0.000000e+00
4.900000e+00,10,5.000000e-01,5.000000e-01,5.000000e-01,5.000000e-01,5.000000e-01,5.000000e-01,5.000000e-01,5.000000e-01,5.000000e-01,5.000000e-01,9.398857e-08,7.407665e-03,5.000000e-01,5.000000e-01,5.000000e-01,5.000000e-01,5.000000e-01,5.000000e-01,5.000000e-01,5.000000e-01,5.000000e-01,5.000000e-01,5.000000e-01,5.000000e-01,5.000000e-01,5.000000e-01,5.000000e-01,5.000000e-01,0.000000e+00,0.000000e+00,0.000000e+00,0.000000e+00,0.000000e+00,0.000000e+00,0.000000e+00,0.000000e+00,0.000000e+00,0.000000e+00,2.999774e-01,7.831678e-04,0.000000e+00,0.000000e+00,0.000000e+00,0.000000e+00,0.000000e+00,0.000000e+00,0.000000e+00,0.000000e+00,0.000000e+00,0.000000e+00,0.000000e+00,0.000000e+00,0.000000e+00,0.000000e+00,0.000000e+00,0.000000e+00
5.000000e+00,11,5.000000e-01,5.000000e-01,5.000000e-01,5.000000e-01,5.000000e-01,5.000000e-01,5.000000e-01,5.000000e-01,5.000000e-01,5.000000e-01,5.000000e-01,6.072648e-19,5.000000e-01,5.000000e-01,5.000000e-01,5.000000e-01,5.000000e-01,5.000000e-01,5.000000e-01,5.000000e-01,5.000000e-01,5.000000e-01,5.000000e-01,5.000000e-01,5.000000e-01,5.000000e-01,5.000000e-01,5.000000e-01,0.000000e+00,0.000000e+00,0.000000e+00,0.000000e+00,0.000000e+00,0.000000e+00,0.000000e+00,0.000000e+00,0.000000e+00,0.000000e+00,0.000000e+00,3.000000e-01,0.000000e+00,0.000000e+00,0.000000e+00,0.000000e+00,0.000000e+00,0.000000e+00,0.000000e+00,0.000000e+00,0.000000e+00,0.000000e+00,0.000000e+00,0.000000e+00,0.000000e+00,0.000000e+00,0.000000e+00,0.000000e+00
5.100000e+00,11,5.000000e-01,5.000000e-01,5.000000e-01,5.000000e-01,5.000000e-01,5.000000e-01,5.000000e-01,5.000000e-01,5.000000e-01,5.000000e-01,5.000000e-01,3.439811e-40,5.000000e-01,5.000000e-01,5.000000e-01,5.000000e-01,5.000000e-01,5.000000e-01,5.000000e-01,5.000000e-01,5.000000e-01,5.000000e-01,5.000000e-01,5.000000e-01,5.000000e-01,5.000000e-01,5.000000e-01,5.000000e-01,0.000000e+00,0.000000e+00,0.000000e+00,0.000000e+00,0.000000e+00,0.000000e+00,0.000000e+00,0.000000e+00,0.000000e+00,0.000000e+00,0.000000e+00,3.000000e-01,0.000000e+00,0.000000e+00,0.000000e+00,0.000000e+00,0.000000e+00,0.000000e+00,0.000000e+00,0.000000e+00,0.000000e+00,0.000000e+00,0.000000e+00,0.000000e+00,0.000000e+00,0.000000e+00,0.000000e+00,0.000000e+00
5.200000e+00,11,5.000000e-01,5.000000e-01,5.000000e-01,5.000000e-01,5.000000e-01,5.000000e-01,5.000000e-01,5.000000e-01,5.000000e-01,5.000000e-01,5.000000e-01,2.563427e-08,5.000000e-01,5.000000e-01,5.000000e-01,5.000000e-01,5.000000e-01,5.000000e-01,5.000000e-01,5.000000e-01,5.000000e-01,5.000000e-01,5.000000e-01,5.000000e-01,5.000000e-01,5.000000e-01,5.000000e-01,5.000000e-01,0.000000e+00,0.000000e+00,0.000000e+00,0.000000e+00,0.000000e+00,0.000000e+00,0.000000e+00,0.000000e+00,0.000000e+00,0.000000e+00,0.000000e+00,2.999938e-01,0.000000e+00,0.000000e+00,0.000000e+00,0.000000e+00,0.000000e+00,0.000000e+00,0.000000e+00,0.000000e+00,0.000000e+00,0.000000e+00,0.000000e+00,0.000000e+00,0.000000e+00,0.000000e+00,0.000000e+00,0.000000e+00
5.300000e+00,11,5.000000e-01,5.000000e-01,5.000000e-01,5.000000e-01,5.000000e-01,5.000000e-01,5.000000e-01,5.000000e-01,5.000000e-01,5.000000e-01,5.000000e-01,1.046357e-07,5.000000e-01,5.000000e-01,5.000000e-01,5.000000e-01,5.000000e-01,5.000000e-01,5.000000e-01,5.000000e-01,5.000000e-01,5.000000e-01,5.000000e-01,5.000000e-01,5.000000e-01,5.000000e-01,5.000000e-01,5.000000e-01,0.000000e+00,0.000000e+00,0.000000e+00,0.000000e+00,0.000000e+00,0.000000e+00,0.000000e+00,0.000000e+00,0.000000e+00,0.000000e+00,0.000000e+00,2.999749e-01,0.000000e+00,0.000000e+00,0.000000e+00,0.000000e+00,0.000000e+00,0.000000e+00,0.000000e+00,0.000000e+00,0.000000e+00,0.000000e+00,0.000000e+00,0.000000e+00,0.000000e+00,0.000000e+00,0.000000e+00,0.000000e+00
5.400000e+00,11,5.000000e-01,5.000000e-01,5.000000e-01,5.000000e-01,5.000000e-01,5.000000e-01,5.000000e-01,5.000000e-01,5.000000e-01,5.000000e-01,5.000000e-01,2.480559e-28,5.000000e-01,5.000000e-01,5.000000e-01,5.000000e-01,5.000000e-01,5.000000e-01,5.000000e-01,5.000000e-01,5.000000e-01,5.000000e-01,5.000000e-01,5.000000e-01,5.000000e-01,5.000000e-01,5.000000e-01,5.000000e-01,0.000000e+00,0.000000e+00,0.000000e+00,0.000000e+00,0.000000e+00,0.000000e+00,0.000000e+00,0.000000e+00,0.000000e+00,0.000000e+00,0.000000e+00,3.000000e-01,0.000000e+00,0.000000e+00,0.000000e+00,0.000000e+00,0.000000e+00,0.000000e+00,0.000000e+00,0.000000e+00,0.000000e+00,0.000000e+00,0.000000e+00,0.000000e+00,0.000000e+00,0.000000e+00,0.000000e+00,0.000000e+00
5.500000e+00,11,5.000000e-01,5.000000e-01,5.000000e-01,5.000000e-01,5.000000e-01,5.000000e-01,5.000000e-01,5.000000e-01,5.000000e-01,5.000000e-01,5.000000e-01,3.454706e-54,5.000000e-01,5.000000e-01,5.000000e-01,5.000000e-01,5.000000e-01,5.000000e-01,5.000000e-01,5.000000e-01,5.000000e-01,5.000000e-01,5.000000e-01,5.000000e-01,5.000000e-01,5.000000e-01,5.000000e-01,5.000000e-01,0.000000e+00,0.000000e+00,0.000000e+00,0.000000e+00,0.000000e+00,0.000000e+00,0.000000e+00,0.000000e+00,0.000000e+00,0.000000e+00,0.000000e+00,3.000000e-01,0.000000e+00,0.000000e+00,0.000000e+00,0.000000e+00,0.000000e+00,0.000000e+00,0.000000e+00,0.000000e+00,0.000000e+00,0.000000e+00,0.000000e+00,0.000000e+00,0.000000e+00,0.000000e+00,0.000000e+00,0.000000e+00
5.600000e+00,11,5.000000e-01,5.000000e-01,5.000000e-01,5.000000e-01,5.000000e-01,5.000000e-01,5.000000e-01,5.000000e-01,5.000000e-01,5.000000e-01,5.000000e-01,8.628702e-23,5.000000e-01,5.000000e-01,5.000000e-01,5.000000e-01,5.000000e-01,5.000000e-01,5.000000e-01,5.000000e-01,5.000000e-01,5.000000e-01,5.000000e-01,5.000000e-01,5.000000e-01,5.000000e-01,5.000000e-01,5.000000e-01,0.000000e+00,0.000000e+00,0.000000e+00,0.000000e+00,0.000000e+00,0.000000e+00,0.000000e+00,0.000000e+00,0.000000e+00,0.000000e+00,0.000000e+00,3.000000e-01,0.000000e+00,0.000000e+00,0.000000e+00,0.000000e+00,0.000000e+00,0.000000e+00,0.000000e+00,0.000000e+00,0.000000e+00,0.000000e+00,0.000000e+00,0.000000e+00,0.000000e+00,0.000000e+00,0.000000e+00,0.000000e+00
5.700000e+00,11,5.000000e-01,5.000000e-01,5.000000e-01,5.000000e-01,5.000000e-01,5.000000e-01,5.000000e-01,5.000000e-01,5.000000e-01,5.000000e-01,5.000000e-01,2.137003e-07,2.681327e-03,5.000000e-01,5.000000e-01,5.000000e-01,5.000000e-01,5.000000e-01,5.000000e-01,5.000000e-01,5.000000e-01,5.000000e-01,5.000000e-01,5.000000e-01,5.000000e-01,5.000000e-01,5.000000e-01,5.000000e-01,0.000000e+00,0.000000e+00,0.000000e+00,0.000000e+00,0.000000e+00,0.000000e+00,0.000000e+00,0.000000e+00,0.000000e+00,0.000000e+00,0.000000e+00,2.999487e-01,3.501721e-02,0.000000e+00,0.000000e+00,0.000000e+00,0.000000e+00,0.000000e+00,0.000000e+00,0.000000e+00,0.000000e+00,0.000000e+00,0.000000e+00,0.000000e+00,0.000000e+00,0.000000e+00,0.000000e+00,0.000000e+00
5.800000e+00,12,5.000000e-01,5.000000e-01,5.000000e-01,5.000000e-01,5.000000e-01,5.000000e-01,5.000000e-01,5.000000e-01,5.000000e-01,5.000000e-01,5.000000e-01,4.257881e-02,6.220089e-09,5.000000e-01,5.000000e-01,5.000000e-01,5.000000e-01,5.000000e-01,5.000000e-01,5.000000e-01,5.000000e-01,5.000000e-01,5.000000e-01,5.000000e-01,5.000000e-01,5.000000e-01,5.000000e-01,5.000000e-01,0.000000e+00,0.000000e+00,0.000000e+00,0.000000e+00,0.000000e+00,0.000000e+00,0.000000e+00,0.000000e+00,0.000000e+00,0.000000e+00,0.000000e+00,2.331468e-16,2.999985e-01,0.000000e+00,0.000000e+00,0.000000e+00,0.000000e+00,0.000000e+00,0.000000e+00,0.000000e+00,0.000000e+00,0.000000e+00,0.000000e+00,0.000000e+00,0.000000e+00,0.000000e+00,0.000000e+00,0.000000e+00
5.900000e+00,12,5.000000e-01,5.000000e-01,5.000000e-01,5.000000e-01,5.000000e-01,5.000000e-01,5.000000e-01,5.000000e-01,5.000000e-01,5.000000e-01,5.000000e-01,5.000000e-01,3.145956e-34,5.000000e-01,5.000000e-01,5.000000e-01,5.000000e-01,5.000000e-01,5.000000e-01,5.000000e-01,5.000000e-01,5.000000e-01,5.000000e-01,5.000000e-01,5.000000e-01,5.000000e-01,5.000000e-01,5.000000e-01,0.000000e+00,0.000000e+00,0.000000e+00,0.000000e+00,0.000000e+00,0.000000e+00,0.000000e+00,0.000000e+00,0.000000e+00,0.000000e+00,0.000000e+00,0.000000e+00,3.000000e-01,0.000000e+00,0.000000e+00,0.000000e+00,0.000000e+00,0.000000e+00,0.000000e+00,0.000000e+00,0.000000e+00,0.000000e+00,0.000000e+00,0.000000e+00,0.000000e+00,0.000000e+00,0.000000e+00,0.000000e+00
6.000000e+00,12,5.000000e-01,5.000000e-01,5.000000e-01,5.000000e-01,5.000000e-01,5.000000e-01,5.000000e-01,5.000000e-01,5.000000e-01,5.000000e-01,5.000000e-01,5.000000e-01,1.552905e-24,5.000000e-01,5.000000e-01,5.000000e-01,5.000000e-01,5.000000e-01,5.000000e-01,5.000000e-01,5.000000e-01,5.000000e-01,5.000000e-01,5.000000e-01,5.000000e-01,5.000000e-01,5.000000e-01,5.000000e-01,0.000000e+00,0.000000e+00,0.000000e+00,0.000000e+00,0.000000e+00,0.000000e+00,0.000000e+00,0.000000e+00,0.000000e+00,0.000000e+00,0.000000e+00,0.000000e+00,3.000000e-01,0.000000e+00,0.000000e+00,0.000000e+00,0.000000e+00,0.000000e+00,0.000000e+00,0.000000e+00,0.000000e+00,0.000000e+00,0.000000e+00,0.000000e+00,0.000000e+00,0.000000e+00,0.000000e+00,0.000000e+00
6.100000e+00,12,5.000000e-01,5.000000e-01,5.000000e-01,5.000000e-01,5.000000e-01,5.000000e-01,5.000000e-01,5.000000e-01,5.000000e-01,5.000000e-01,5.000000e-01,5.000000e-01,7.229076e-10,5.000000e-01,5.000000e-01,5.000000e-01,5.000000e-01,5.000000e-01,5.000000e-01,5.000000e-01,5.000000e-01,5.000000e-01,5.000000e-01,5.000000e-01,5.000000e-01,5.000000e-01,5.000000e-01,5.000000e-01,0.000000e+00,0.000000e+00,0.000000e+00,0.000000e+00,0.000000e+00,0.000000e+00,0.000000e+00,0.000000e+00,0.000000e+00,0.000000e+00,0.000000e+00,0.000000e+00,2.999998e-01,0.000000e+00,0.000000e+00,0.000000e+00,0.000000e+00,0.000000e+00,0.000000e+00,0.000000e+00,0.000000e+00,0.000000e+00,0.000000e+00,0.000000e+00,0.000000e+00,0.000000e+00,0.000000e+00,0.000000e+00
6.200000e+00,13,5.000000e-01,5.000000e-01,5.000000e-01,5.000000e-01,5.000000e-01,5.000000e-01,5.000000e-01,5.000000e-01,5.000000e-01,5.000000e-01,5.000000e-01,5.000000e-01,3.280736e-02,7.396709e-04,5.000000e-01,5.000000e-01,5.000000e-01,5.000000e-01,5.000000e-01,5.000000e-01,5.000000e-01,5.000000e-01,5.000000e-01,5.000000e-01,5.000000e-01,5.000000e-01,5.000000e-01,5.000000e-01,0.000000e+00,0.000000e+00,0.000000e+00,0.000000e+00,0.000000e+00,0.000000e+00,0.000000e+00,0.000000e+00,0.000000e+00,0.000000e+00,0.000000e+00,0.000000e+00,7.718159e-13,1.659733e-01,0.000000e+00,0.000000e+00,0.000000e+00,0.000000e+00,0.000000e+00,0.000000e+00,0.000000e+00,0.000000e+00,0.000000e+00,0.000000e+00,0.000000e+00,0.000000e+00,0.000000e+00,0.000000e+00
6.300000e+00,13,5.000000e-01,5.000000e-01,5.000000e-01,5.000000e-01,5.000000e-01,5.000000e-01,5.000000e-01,5.000000e-01,5.000000e-01,5.000000e-01,5.000000e-01,5.000000e-01,5.000000e-01,6.929633e-10,5.000000e-01,5.000000e-01,5.000000e-01,5.000000e-01,5.000000e-01,5.000000e-01,5.000000e-01,5.000000e-01,5.000000e-01,5.000000e-01,5.000000e-01,5.000000e-01,5.000000e-01,5.000000e-01,0.000000e+00,0.000000e+00,0.000000e+00,0.000000e+00,0.000000e+00,0.000000e+00,0.000000e+00,0.000000e+00,0.000000e+00,0.000000e+00,0.000000e+00,0.000000e+00,0.000000e+00,2.999998e-01,0.000000e+00,0.000000e+00,0.000000e+00,0.000000e+00,0.000000e+00,0.000000e+00,0.000000e+00,0.000000e+00,0.000000e+00,0.000000e+00,0.000000e+00,0.000000e+00,0.000000e+00,0.000000e+00
6.400000e+00,13,5.000000e-01,5.000000e-01,5.000000e-01,5.000000e-01,5.000000e-01,5.000000e-01,5.000000e-01,5.000000e-01,5.000000e-01,5.000000e-01,5.000000e-01,5.000000e-01,5.000000e-01,5.337486e-06,5.000000e-01,5.000000e-01,5.000000e-01,5.000000e-01,5.000000e-01,5.000000e-01,5.000000e-01,5.000000e-01,5.000000e-01,5.000000e-01,5.000000e-01,5.000000e-01,5.000000e-01,5.000000e-01,0.000000e+00,0.000000e+00,0.000000e+00,0.000000e+00,0.000000e+00,0.000000e+00,0.000000e+00,0.000000e+00,0.000000e+00,0.000000e+00,0.000000e+00,0.000000e+00,0.000000e+00,2.987217e-01,0.000000e+00,0.000000e+00,0.000000e+00,0.000000e+00,0.000000e+00,0.000000e+00,0.000000e+00,0.000000e+00,0.000000e+00,0.000000e+00,0.000000e+00,0.000000e+00,0.000000e+00,0.000000e+00
6.500000e+00,20,5.000000e-01,5.000000e-01,5.000000e-01,5.000000e-01,5.000000e-01,5.000000e-01,5.000000e-01,5.000000e-01,5.000000e-01,5.000000e-01,5.000000e-01,5.000000e-01,5.000000e-01,5.000000e-01,5.000000e-01,5.000000e-01,5.000000e-01,5.000000e-01,5.000000e-01,5.000000e-01,2.573201e-03,5.000000e-01,5.000000e-01,5.000000e-01,5.000000e-01,5.000000e-01,5.000000e-01,5.000000e-01,0.000000e+00,0.000000e+00,0.000000e+00,0.000000e+00,0.000000e+00,0.000000e+00,0.000000e+00,0.000000e+00,0.000000e+00,0.000000e+00,0.000000e+00,0.000000e+00,0.000000e+00,0.000000e+00,0.000000e+00,0.000000e+00,0.000000e+00,0.000000e+00,0.000000e+00,0.000000e+00,3.818982e-02,0.000000e+00,0.000000e+00,0.000000e+00,0.000000e+00,0.000000e+00,0.000000e+00,0.000000e+00
6.600000e+00,20,5.000000e-01,5.000000e-01,5.000000e-01,5.000000e-01,5.000000e-01,5.000000e-01,5.000000e-01,5.000000e-01,5.000000e-01,5.000000e-01,5.000000e-01,5.000000e-01,5.000000e-01,5.000000e-01,5.000000e-01,5.000000e-01,5.000000e-01,5.000000e-01,5.000000e-01,5.000000e-01,9.025209e-10,5.000000e-01,5.000000e-01,5.000000e-01,5.000000e-01,5.000000e-01,5.000000e-01,5.000000e-01,0.000000e+00,0.000000e+00,0.000000e+00,0.000000e+00,0.000000e+00,0.000000e+00,0.000000e+00,0.000000e+00,0.000000e+00,0.000000e+00,0.000000e+00,0.000000e+00,0.000000e+00,0.000000e+00,0.000000e+00,0.000000e+00,0.000000e+00,0.000000e+00,0.000000e+00,0.000000e+00,2.999998e-01,0.000000e+00,0.000000e+00,0.000000e+00,0.000000e+00,0.000000e+00,0.000000e+00,0.000000e+00
6.700000e+00,20,5.000000e-01,5.000000e-01,5.000000e-01,5.000000e-01,5.000000e-01,5.000000e-01,5.000000e-01,5.000000e-01,5.000000e-01,5.000000e-01,5.000000e-01,5.000000e-01,5.000000e-01,5.000000e-01,5.000000e-01,5.000000e-01,5.000000e-01,5.000000e-01,5.000000e-01,5.000000e-01,5.902559e-17,5.000000e-01,5.000000e-01,5.000000e-01,5.000000e-01,5.000000e-01,5.000000e-01,5.000000e-01,0.000000e+00,0.000000e+00,0.000000e+00,0.000000e+00,0.000000e+00,0.000000e+00,0.000000e+00,0.000000e+00,0.000000e+00,0.000000e+00,0.000000e+00,0.000000e+00,0.000000e+00,0.000000e+00,0.000000e+00,0.000000e+00,0.000000e+00,0.000000e+00,0.000000e+00,0.000000e+00,3.000000e-01,0.000000e+00,0.000000e+00,0.000000e+00,0.000000e+00,0.000000e+00,0.000000e+00,0.000000e+00
6.800000e+00,20,5.000000e-01,5.000000e-01,5.000000e-01,5.000000e-01,5.000000e-01,5.000000e-01,5.000000e-01,5.000000e-01,5.000000e-01,5.000000e-01,5.000000e-01,5.000000e-01,5.000000e-01,5.000000e-01,5.000000e-01,5.000000e-01,5.000000e-01,5.000000e-01,5.000000e-01,3.977846e-02,2.500271e-04,5.000000e-01,5.000000e-01,5.000000e-01,5.000000e-01,5.000000e-01,5.000000e-01,5.000000e-01,0.000000e+00,0.000000e+00,0.000000e+00,0.000000e+00,0.000000e+00,0.000000e+00,0.000000e+00,0.000000e+00,0.000000e+00,0.000000e+00,0.000000e+00,0.000000e+00,0.000000e+00,0.000000e+00,0.000000e+00,0.000000e+00,0.000000e+00,0.000000e+00,0.000000e+00,2.364775e-15,2.456078e-01,0.000000e+00,0.000000e+00,0.000000e+00,0.000000e+00,0.000000e+00,0.000000e+00,0.000000e+00
6.900000e+00,19,5.000000e-01,5.000000e-01,5.000000e-01,5.000000e-01,5.000000e-01,5.000000e-01,5.000000e-01,5.000000e-01,5.000000e-01,5.000000e-01,5.000000e-01,5.000000e-01,5.000000e-01,5.000000e-01,5.000000e-01,5.000000e-01,5.000000e-01,5.000000e-01,5.000000e-01,2.028452e-03,5.000000e-01,5.000000e-01,5.000000e-01,5.000000e-01,5.000000e-01,5.000000e-01,5.000000e-01,5.000000e-01,0.000000e+00,0.000000e+00,0.000000e+00,0.000000e+00,0.000000e+00,0.000000e+00,0.000000e+00,0.000000e+00,0.000000e+00,0.000000e+00,0.000000e+00,0.000000e+00,0.000000e+00,0.000000e+00,0.000000e+00,0.000000e+00,0.000000e+00,0.000000e+00,0.000000e+00,5.910841e-02,0.000000e+00,0.000000e+00,0.000000e+00,0.000000e+00,0.000000e+00,0.000000e+00,0.000000e+00,0.000000e+00
7.000000e+00,19,5.000000e-01,5.000000e-01,5.000000e-01,5.000000e-01,5.000000e-01,5.000000e-01,5.000000e-01,5.000000e-01,5.000000e-01,5.000000e-01,5.000000e-01,5.000000e-01,5.000000e-01,5.000000e-01,5.000000e-01,5.000000e-01,5.000000e-01,5.000000e-01,5.000000e-01,2.202356e-07,5.000000e-01,5.000000e-01,5.000000e-01,5.000000e-01,5.000000e-01,5.000000e-01,5.000000e-01,5.000000e-01,0.000000e+00,0.000000e+00,0.000000e+00,0.000000e+00,0.000000e+00,0.000000e+00,0.000000e+00,0.000000e+00,0.000000e+00,0.000000e+00,0.000000e+00,0.000000e+00,0.000000e+00,0.000000e+00,0.000000e+00,0.000000e+00,0.000000e+00,0.000000e+00,0.000000e+00,2.999471e-01,0.000000e+00,0.000000e+00,0.000000e+00,0.000000e+00,0.000000e+00,0.000000e+00,0.000000e+00,0.000000e+00
7.100000e+00,19,5.000000e-01,5.000000e-01,5.000000e-01,5.000000e-01,5.000000e-01,5.000000e-01,5.000000e-01,5.000000e-01,5.000000e-01,5.000000e-01,5.000000e-01,5.000000e-01,5.000000e-01,5.000000e-01,5.000000e-01,5.000000e-01,5.000000e-01,5.000000e-01,5.000000e-01,3.899846e-11,1.929495e-02,5.000000e-01,5.000000e-01,5.000000e-01,5.000000e-01,5.000000e-01,5.000000e-01,5.000000e-01,0.000000e+00,0.000000e+00,0.000000e+00,0.000000e+00,0.000000e+00,0.000000e+00,0.000000e+00,0.000000e+00,0.000000e+00,0.000000e+00,0.000000e+00,0.000000e+00,0.000000e+00,0.000000e+00,0.000000e+00,0.000000e+00,0.000000e+00,0.000000e+00,0.000000e+00,3.000000e-01,5.103300e-08,0.000000e+00,0.000000e+00,0.000000e+00,0.000000e+00,0.000000e+00,0.000000e+00,0.000000e+00
7.200000e+00,19,5.000000e-01,5.000000e-01,5.000000e-01,5.000000e-01,5.000000e-01,5.000000e-01,5.000000e-01,5.000000e-01,5.000000e-01,5.000000e-01,5.000000e-01,5.000000e-01,5.000000e-01,5.000000e-01,5.000000e-01,5.000000e-01,5.000000e-01,5.000000e-01,5.000000e-01,4.051623e-04,4.609259e-03,5.000000e-01,5.000000e-01,5.000000e-01,5.000000e-01,5.000000e-01,5.000000e-01,5.000000e-01,0.000000e+00,0.000000e+00,0.000000e+00,0.000000e+00,0.000000e+00,0.000000e+00,0.000000e+00,0.000000e+00,0.000000e+00,0.000000e+00,0.000000e+00,0.000000e+00,0.000000e+00,0.000000e+00,0.000000e+00,0.000000e+00,0.000000e+00,0.000000e+00,0.000000e+00,2.169327e-01,7.447295e-03,0.000000e+00,0.000000e+00,0.000000e+00,0.000000e+00,0.000000e+00,0.000000e+00,0.000000e+00
7.300000e+00,-1,5.000000e-01,5.000000e-01,5.000000e-01,5.000000e-01,5.000000e-01,5.000000e-01,5.000000e-01,5.000000e-01,5.000000e-01,5.000000e-01,5.000000e-01,5.000000e-01,5.000000e-01,5.000000e-01,5.000000e-01,5.000000e-01,5.000000e-01,5.000000e-01,5.000000e-01,5.000000e-01,5.000000e-01,5.000000e-01,5.000000e-01,5.000000e-01,5.000000e-01,5.000000e-01,5.000000e-01,5.000000e-01,0.000000e+00,0.000000e+00,0.000000e+00,0.000000e+00,0.000000e+00,0.000000e+00,0.000000e+00,0.000000e+00,0.000000e+00,0.000000e+00,0.000000e+00,0.000000e+00,0.000000e+00,0.000000e+00,0.000000e+00,0.000000e+00,0.000000e+00,0.000000e+00,0.000000e+00,0.000000e+00,0.000000e+00,0.000000e+00,0.000000e+00,0.000000e+00,0.000000e+00,0.000000e+00,0.000000e+00,0.000000e+00
7.400000e+00,19,5.000000e-01,5.000000e-01,5.000000e-01,5.000000e-01,5.000000e-01,5.000000e-01,5.000000e-01,5.000000e-01,5.000000e-01,5.000000e-01,5.000000e-01,5.000000e-01,5.000000e-01,5.000000e-01,5.000000e-01,5.000000e-01,5.000000e-01,5.000000e-01,5.000000e-01,5.636711e-03,5.786367e-03,5.000000e-01,5.000000e-01,5.000000e-01,5.000000e-01,5.000000e-01,5.000000e-01,5.000000e-01,0.000000e+00,0.000000e+00,0.000000e+00,0.000000e+00,0.000000e+00,0.000000e+00,0.000000e+00,0.000000e+00,0.000000e+00,0.000000e+00,0.000000e+00,0.000000e+00,0.000000e+00,0.000000e+00,0.000000e+00,0.000000e+00,0.000000e+00,0.000000e+00,0.000000e+00,3.259771e-03,2.889965e-03,0.000000e+00,0.000000e+00,0.000000e+00,0.000000e+00,0.000000e+00,0.000000e+00,0.000000e+00
7.500000e+00,19,5.000000e-01,5.000000e-01,5.000000e-01,5.000000e-01,5.000000e-01,5.000000e-01,5.000000e-01,5.000000e-01,5.000000e-01,5.000000e-01,5.000000e-01,5.000000e-01,5.000000e-01,5.000000e-01,5.000000e-01,5.000000e-01,5.000000e-01,5.000000e-01,5.000000e-01,4.688800e-09,7.555138e-03,5.000000e-01,5.000000e-01,5.000000e-01,5.000000e-01,5.000000e-01,5.000000e-01,5.000000e-01,0.000000e+00,0.000000e+00,0.000000e+00,0.000000e+00,0.000000e+00,0.000000e+00,0.000000e+00,0.000000e+00,0.000000e+00,0.000000e+00,0.000000e+00,0.000000e+00,0.000000e+00,0.000000e+00,0.000000e+00,0.000000e+00,0.000000e+00,0.000000e+00,0.000000e+00,2.999989e-01,6.953949e-04,0.000000e+00,0.000000e+00,0.000000e+00,0.000000e+00,0.000000e+00,0.000000e+00,0.000000e+00
7.600000e+00,20,5.000000e-01,5.000000e-01,5.000000e-01,5.000000e-01,5.000000e-01,5.000000e-01,5.000000e-01,5.000000e-01,5.000000e-01,5.000000e-01,5.000000e-01,5.000000e-01,5.000000e-01,5.000000e-01,5.000000e-01,5.000000e-01,5.000000e-01,5.000000e-01,5.000000e-01,5.000000e-01,3.060968e-18,5.000000e-01,5.000000e-01,5.000000e-01,5.000000e-01,5.000000e-01,5.000000e-01,5.000000e-01,0.000000e+00,0.000000e+00,0.000000e+00,0.000000e+00,0.000000e+00,0.000000e+00,0.000000e+00,0.000000e+00,0.000000e+00,0.000000e+00,0.000000e+00,0.000000e+00,0.000000e+00,0.000000e+00,0.000000e+00,0.000000e+00,0.000000e+00,0.000000e+00,0.000000e+00,0.000000e+00,3.000000e-01,0.000000e+00,0.000000e+00,0.000000e+00,0.000000e+00,0.000000e+00,0.000000e+00,0.000000e+00
7.700000e+00,20,5.000000e-01,5.000000e-01,5.000000e-01,5.000000e-01,5.000000e-01,5.000000e-01,5.000000e-01,5.000000e-01,5.000000e-01,5.000000e-01,5.000000e-01,5.000000e-01,5.000000e-01,5.000000e-01,5.000000e-01,5.000000e-01,5.000000e-01,5.000000e-01,5.000000e-01,5.000000e-01,7.143929e-49,5.000000e-01,5.000000e-01,5.000000e-01,5.000000e-01,5.000000e-01,5.000000e-01,5.000000e-01,0.000000e+00,0.000000e+00,0.000000e+00,0.000000e+00,0.000000e+00,0.000000e+00,0.000000e+00,0.000000e+00,0.000000e+00,0.000000e+00,0.000000e+00,0.000000e+00,0.000000e+00,0.000000e+00,0.000000e+00,0.000000e+00,0.000000e+00,0.000000e+00,0.000000e+00,0.000000e+00,3.000000e-01,0.000000e+00,0.000000e+00,0.000000e+00,0.000000e+00,0.000000e+00,0.000000e+00,0.000000e+00
7.800000e+00,20,5.000000e-01,5.000000e-01,5.000000e-01,5.000000e-01,5.000000e-01,5.000000e-01,5.000000e-01,5.000000e-01,5.000000e-01,5.000000e-01,5.000000e-01,5.000000e-01,5.000000e-01,5.000000e-01,5.000000e-01,5.000000e-01,5.000000e-01,5.000000e-01,5.000000e-01,5.000000e-01,7.102791e-16,5.000000e-01,5.000000e-01,5.000000e-01,5.000000e-01,5.000000e-01,5.000000e-01,5.000000e-01,0.000000e+00,0.000000e+00,0.000000e+00,0.000000e+00,0.000000e+00,0.000000e+00,0.000000e+00,0.000000e+00,0.000000e+00,0.000000e+00,0.000000e+00,0.000000e+00,0.000000e+00,0.000000e+00,0.000000e+00,0.000000e+00,0.000000e+00,0.000000e+00,0.000000e+00,0.000000e+00,3.000000e-01,0.000000e+00,0.000000e+00,0.000000e+00,0.000000e+00,0.000000e+00,0.000000e+00,0.000000e+00
7.900000e+00,19,5.000000e-01,5.000000e-01,5.000000e-01,5.000000e-01,5.000000e-01,5.000000e-01,5.000000e-01,5.000000e-01,5.000000e-01,5.000000e-01,5.000000e-01,5.000000e-01,5.000000e-01,5.000000e-01,5.000000e-01,5.000000e-01,5.000000e-01,5.000000e-01,5.000000e-01,1.777387e-03,1.330324e-02,5.000000e-01,5.000000e-01,5.000000e-01,5.000000e-01,5.000000e-01,5.000000e-01,5.000000e-01,0.000000e+00,0.000000e+00,0.000000e+00,0.000000e+00,0.000000e+00,0.000000e+00,0.000000e+00,0.000000e+00,0.000000e+00,0.000000e+00,0.000000e+00,0.000000e+00,0.000000e+00,0.000000e+00,0.000000e+00,0.000000e+00,0.000000e+00,0.000000e+00,0.000000e+00,7.228434e-02,6.669319e-06,0.000000e+00,0.000000e+00,0.000000e+00,0.000000e+00,0.000000e+00,0.000000e+00,0.000000e+00
8.000000e+00,19,5.000000e-01,5.000000e-01,5.000000e-01,5.000000e-01,5.000000e-01,5.000000e-01,5.000000e-01,5.000000e-01,5.000000e-01,5.000000e-01,5.000000e-01,5.000000e-01,5.000000e-01,5.000000e-01,5.000000e-01,5.000000e-01,5.000000e-01,5.000000e-01,5.000000e-01,3.691041e-09,5.000000e-01,5.000000e-01,5.000000e-01,5.000000e-01,5.000000e-01,5.000000e-01,5.000000e-01,5.000000e-01,0.000000e+00,0.000000e+00,0.000000e+00,0.000000e+00,0.000000e+00,0.000000e+00,0.000000e+00,0.000000e+00,0.000000e+00,0.000000e+00,0.000000e+00,0.000000e+00,0.000000e+00,0.000000e+00,0.000000e+00,0.000000e+00,0.000000e+00,0.000000e+00,0.000000e+00,2.999991e-01,0.000000e+00,0.000000e+00,0.000000e+00,0.000000e+00,0.000000e+00,0.000000e+00,0.000000e+00,0.000000e+00
8.100000e+00,19,5.000000e-01,5.000000e-01,5.000000e-01,5.000000e-01,5.000000e-01,5.000000e-01,5.000000e-01,5.000000e-01,5.000000e-01,5.000000e-01,5.000000e-01,5.000000e-01,5.000000e-01,5.000000e-01,5.000000e-01,5.000000e-01,5.000000e-01,5.000000e-01,5.000000e-01,6.923300e-18,5.000000e-01,5.000000e-01,5.000000e-01,5.000000e-01,5.000000e-01,5.000000e-01,5.000000e-01,5.000000e-01,0.000000e+00,0.000000e+00,0.000000e+00,0.000000e+00,0.000000e+00,0.000000e+00,0.000000e+00,0.000000e+00,0.000000e+00,0.000000e+00,0.000000e+00,0.000000e+00,0.000000e+00,0.000000e+00,0.000000e+00,0.000000e+00,0.000000e+00,0.000000e+00,0.000000e+00,3.000000e-01,0.000000e+00,0.000000e+00,0.000000e+00,0.000000e+00,0.000000e+00,0.000000e+00,0.000000e+00,0.000000e+00
8.200000e+00,19,5.000000e-01,5.000000e-01,5.000000e-01,5.000000e-01,5.000000e-01,5.000000e-01,5.000000e-01,5.000000e-01,5.000000e-01,5.000000e-01,5.000000e-01,5.000000e-01,5.000000e-01,5.000000e-01,5.000000e-01,5.000000e-01,5.000000e-01,5.000000e-01,5.000000e-01,1.384477e-37,5.000000e-01,5.000000e-01,5.000000e-01,5.000000e-01,5.000000e-01,5.000000e-01,5.000000e-01,5.000000e-01,0.000000e+00,0.000000e+00,0.000000e+00,0.000000e+00,0.000000e+00,0.000000e+00,0.000000e+00,0.000000e+00,0.000000e+00,0.000000e+00,0.000000e+00,0.000000e+00,0.000000e+00,0.000000e+00,0.000000e+00,0.000000e+00,0.000000e+00,0.000000e+00,0.000000e+00,3.000000e-01,0.000000e+00,0.000000e+00,0.000000e+00,0.000000e+00,0.000000e+00,0.000000e+00,0.000000e+00,0.000000e+00
8.300000e+00,19,5.000000e-01,5.000000e-01,5.000000e-01,5.000000e-01,5.000000e-01,5.000000e-01,5.000000e-01,5.000000e-01,5.000000e-01,5.000000e-01,5.000000e-01,5.000000e-01,5.000000e-01,5.000000e-01,5.000000e-01,5.000000e-01,5.000000e-01,5.000000e-01,5.000000e-01,2.762810e-29,5.000000e-01,5.000000e-01,5.000000e-01,5.000000e-01,5.000000e-01,5.000000e-01,5.000000e-01,5.000000e-01,0.000000e+00,0.000000e+00,0.000000e+00,0.000000e+00,0.000000e+00,0.000000e+00,0.000000e+00,0.000000e+00,0.000000e+00,0.000000e+00,0.000000e+00,0.000000e+00,0.000000e+00,0.000000e+00,0.000000e+00,0.000000e+00,0.000000e+00,0.000000e+00,0.000000e+00,3.000000e-01,0.000000e+00,0.000000e+00,0.000000e+00,0.000000e+00,0.000000e+00,0.000000e+00,0.000000e+00,0.000000e+00
8.400000e+00,19,5.000000e-01,5.000000e-01,5.000000e-01,5.000000e-01,5.000000e-01,5.000000e-01,5.000000e-01,5.000000e-01,5.000000e-01,5.000000e-01,5.000000e-01,5.000000e-01,5.000000e-01,5.000000e-01,5.000000e-01,5.000000e-01,5.000000e-01,5.000000e-01,5.000000e-01,6.285051e-10,5.000000e-01,5.000000e-01,5.000000e-01,5.000000e-01,5.000000e-01,5.000000e-01,5.000000e-01,5.000000e-01,0.000000e+00,0.000000e+00,0.000000e+00,0.000000e+00,0.000000e+00,0.000000e+00,0.000000e+00,0.000000e+00,0.000000e+00,0.000000e+00,0.000000e+00,0.000000e+00,0.000000e+00,0.000000e+00,0.000000e+00,0.000000e+00,0.000000e+00,0.000000e+00,0.000000e+00,2.999998e-01,0.000000e+00,0.000000e+00,0.000000e+00,0.000000e+00,0.000000e+00,0.000000e+00,0.000000e+00,0.000000e+00
8.500000e+00,19,5.000000e-01,5.000000e-01,5.000000e-01,5.000000e-01,5.000000e-01,5.000000e-01,5.000000e-01,5.000000e-01,5.000000e-01,5.000000e-01,5.000000e-01,5.000000e-01,5.000000e-01,5.000000e-01,5.000000e-01,5.000000e-01,5.000000e-01,5.000000e-01,5.000000e-01,5.581097e-10,5.000000e-01,5.000000e-01,5.000000e-01,5.000000e-01,5.000000e-01,5.000000e-01,5.000000e-01,5.000000e-01,0.000000e+00,0.000000e+00,0.000000e+00,0.000000e+00,0.000000e+00,0.000000e+00,0.000000e+00,0.000000e+00,0.000000e+00,0.000000e+00,0.000000e+00,0.000000e+00,0.000000e+00,0.000000e+00,0.000000e+00,0.000000e+00,0.000000e+00,0.000000e+00,0.000000e+00,2.999999e-01,0.000000e+00,0.000000e+00,0.000000e+00,0.000000e+00,0.000000e+00,0.000000e+00,0.000000e+00,0.000000e+00
8.600000e+00,19,5.000000e-01,5.000000e-01,5.000000e-01,5.000000e-01,5.000000e-01,5.000000e-01,5.000000e-01,5.000000e-01,5.000000e-01,5.000000e-01,5.000000e-01,5.000000e-01,5.000000e-01,5.000000e-01,5.000000e-01,5.000000e-01,5.000000e-01,5.000000e-01,5.000000e-01,2.726286e-09,8.590292e-03,5.000000e-01,5.000000e-01,5.000000e-01,5.000000e-01,5.000000e-01,5.000000e-01,5.000000e-01,0.000000e+00,0.000000e+00,0.000000e+00,0.000000e+00,0.000000e+00,0.000000e+00,0.000000e+00,0.000000e+00,0.000000e+00,0.000000e+00,0.000000e+00,0.000000e+00,0.000000e+00,0.000000e+00,0.000000e+00,0.000000e+00,0.000000e+00,0.000000e+00,0.000000e+00,2.999993e-01,3.017553e-04,0.000000e+00,0.000000e+00,0.000000e+00,0.000000e+00,0.000000e+00,0.000000e+00,0.000000e+00
8.700000e+00,19,5.000000e-01,5.000000e-01,5.000000e-01,5.000000e-01,5.000000e-01,5.000000e-01,5.000000e-01,5.000000e-01,5.000000e-01,5.000000e-01,5.000000e-01,5.000000e-01,5.000000e-01,5.000000e-01,5.000000e-01,5.000000e-01,5.000000e-01,5.000000e-01,5.000000e-01,3.412990e-29,5.000000e-01,5.000000e-01,5.000000e-01,5.000000e-01,5.000000e-01,5.000000e-01,5.000000e-01,5.000000e-01,0.000000e+00,0.000000e+00,0.000000e+00,0.000000e+00,0.000000e+00,0.000000e+00,0.000000e+00,0.000000e+00,0.000000e+00,0.000000e+00,0.000000e+00,0.000000e+00,0.000000e+00,0.000000e+00,0.000000e+00,0.000000e+00,0.000000e+00,0.000000e+00,0.000000e+00,3.000000e-01,0.000000e+00,0.000000e+00,0.000000e+00,0.000000e+00,0.000000e+00,0.000000e+00,0.000000e+00,0.000000e+00
8.800000e+00,19,5.000000e-01,5.000000e-01,5.000000e-01,5.000000e-01,5.000000e-01,5.000000e-01,5.000000e-01,5.000000e-01,5.000000e-01,5.000000e-01,5.000000e-01,5.000000e-01,5.000000e-01,5.000000e-01,5.000000e-01,5.000000e-01,5.000000e-01,5.000000e-01,5.000000e-01,1.232804e-43,5.000000e-01,5.000000e-01,5.000000e-01,5.000000e-01,5.000000e-01,5.000000e-01,5.000000e-01,5.000000e-01,0.000000e+00,0.000000e+00,0.000000e+00,0.000000e+00,0.000000e+00,0.000000e+00,0.000000e+00,0.000000e+00,0.000000e+00,0.000000e+00,0.000000e+00,0.000000e+00,0.000000e+00,0.000000e+00,0.000000e+00,0.000000e+00,0.000000e+00,0.000000e+00,0.000000e+00,3.000000e-01,0.000000e+00,0.000000e+00,0.000000e+00,0.000000e+00,0.000000e+00,0.000000e+00,0.000000e+00,0.000000e+00
8.900000e+00,19,5.000000e-01,5.000000e-01,5.000000e-01,5.000000e-01,5.000000e-01,5.000000e-01,5.000000e-01,5.000000e-01,5.000000e-01,5.000000e-01,5.000000e-01,5.000000e-01,5.000000e-01,5.000000e-01,5.000000e-01,5.000000e-01,5.000000e-01,5.000000e-01,5.000000e-01,4.267272e-20,5.000000e-01,5.000000e-01,5.000000e-01,5.000000e-01,5.000000e-01,5.000000e-01,5.000000e-01,5.000000e-01,0.000000e+00,0.000000e+00,0.000000e+00,0.000000e+00,0.000000e+00,0.000000e+00,0.000000e+00,0.000000e+00,0.000000e+00,0.000000e+00,0.000000e+00,0.000000e+00,0.000000e+00,0.000000e+00,0.000000e+00,0.000000e+00,0.000000e+00,0.000000e+00,0.000000e+00,3.000000e-01,0.000000e+00,0.000000e+00,0.000000e+00,0.000000e+00,0.000000e+00,0.000000e+00,0.000000e+00,0.000000e+00
9.000000e+00,19,5.000000e-01,5.000000e-01,5.000000e-01,5.000000e-01,5.000000e-01,5.000000e-01,5.000000e-01,5.000000e-01,5.000000e-01,5.000000e-01,5.000000e-01,5.000000e-01,5.000000e-01,5.000000e-01,5.000000e-01,5.000000e-01,5.000000e-01,5.000000e-01,5.000000e-01,2.246742e-03,5.000000e-01,5.000000e-01,5.000000e-01,5.000000e-01,5.000000e-01,5.000000e-01,5.000000e-01,5.000000e-01,0.000000e+00,0.000000e+00,0.000000e+00,0.000000e+00,0.000000e+00,0.000000e+00,0.000000e+00,0.000000e+00,0.000000e+00,0.000000e+00,0.000000e+00,0.000000e+00,0.000000e+00,0.000000e+00,0.000000e+00,0.000000e+00,0.000000e+00,0.000000e+00,0.000000e+00,4.961866e-02,0.000000e+00,0.000000e+00,0.000000e+00,0.000000e+00,0.000000e+00,0.000000e+00,0.000000e+00,0.000000e+00
9.100000e+00,20,5.000000e-01,5.000000e-01,5.000000e-01,5.000000e-01,5.000000e-01,5.000000e-01,5.000000e-01,5.000000e-01,5.000000e-01,5.000000e-01,5.000000e-01,5.000000e-01,5.000000e-01,5.000000e-01,5.000000e-01,5.000000e-01,5.000000e-01,5.000000e-01,5.000000e-01,3.138200e-02,8.325647e-04,5.000000e-01,5.000000e-01,5.000000e-01,5.000000e-01,5.000000e-01,5.000000e-01,5.000000e-01,0.000000e+00,0.000000e+00,0.000000e+00,0.000000e+00,0.000000e+00,0.000000e+00,0.000000e+00,0.000000e+00,0.000000e+00,0.000000e+00,0.000000e+00,0.000000e+00,0.000000e+00,0.000000e+00,0.000000e+00,0.000000e+00,0.000000e+00,0.000000e+00,0.000000e+00,2.506961e-12,1.540771e-01,0.000000e+00,0.000000e+00,0.000000e+00,0.000000e+00,0.000000e+00,0.000000e+00,0.000000e+00
9.200000e+00,20,5.000000e-01,5.000000e-01,5.000000e-01,5.000000e-01,5.000000e-01,5.000000e-01,5.000000e-01,5.000000e-01,5.000000e-01,5.000000e-01,5.000000e-01,5.000000e-01,5.000000e-01,5.000000e-01,5.000000e-01,5.000000e-01,5.000000e-01,5.000000e-01,5.000000e-01,5.000000e-01,1.760420e-16,5.000000e-01,5.000000e-01,5.000000e-01,5.000000e-01,5.000000e-01,5.000000e-01,5.000000e-01,0.000000e+00,0.000000e+00,0.000000e+00,0.000000e+00,0.000000e+00,0.000000e+00,0.000000e+00,0.000000e+00,0.000000e+00,0.000000e+00,0.000000e+00,0.000000e+00,0.000000e+00,0.000000e+00,0.000000e+00,0.000000e+00,0.000000e+00,0.000000e+00,0.000000e+00,0.000000e+00,3.000000e-01,0.000000e+00,0.000000e+00,0.000000e+00,0.000000e+00,0.000000e+00,0.000000e+00,0.000000e+00
9.300000e+00,20,5.000000e-01,5.000000e-01,5.000000e-01,5.000000e-01,5.000000e-01,5.000000e-01,5.000000e-01,5.000000e-01,5.000000e-01,5.000000e-01,5.000000e-01,5.000000e-01,5.000000e-01,5.000000e-01,5.000000e-01,5.000000e-01,5.000000e-01,5.000000e-01,5.000000e-01,5.000000e-01,1.441433e-02,5.000000e-01,5.000000e-01,5.000000e-01,5.000000e-01,5.000000e-01,5.000000e-01,5.000000e-01,0.000000e+00,0.000000e+00,0.000000e+00,0.000000e+00,0.000000e+00,0.000000e+00,0.000000e+00,0.000000e+00,0.000000e+00,0.000000e+00,0.000000e+00,0.000000e+00,0.000000e+00,0.000000e+00,0.000000e+00,0.000000e+00,0.000000e+00,0.000000e+00,0.000000e+00,0.000000e+00,2.707858e-06,0.000000e+00,0.000000e+00,0.000000e+00,0.000000e+00,0.000000e+00,0.000000e+00,0.000000e+00
9.400000e+00,-1,5.000000e-01,5.000000e-01,5.000000e-01,5.000000e-01,5.000000e-01,5.000000e-01,5.000000e-01,5.000000e-01,5.000000e-01,5.000000e-01,5.000000e-01,5.000000e-01,5.000000e-01,5.000000e-01,5.000000e-01,5.000000e-01,5.000000e-01,5.000000e-01,5.000000e-01,5.000000e-01,5.000000e-01,5.000000e-01,5.000000e-01,5.000000e-01,5.000000e-01,5.000000e-01,5.000000e-01,5.000000e-01,0.000000e+00,0.000000e+00,0.000000e+00,0.000000e+00,0.000000e+00,0.000000e+00,0.000000e+00,0.000000e+00,0.000000e+00,0.000000e+00,0.000000e+00,0.000000e+00,0.000000e+00,0.000000e+00,0.000000e+00,0.000000e+00,0.000000e+00,0.000000e+00,0.000000e+00,0.000000e+00,0.000000e+00,0.000000e+00,0.000000e+00,0.000000e+00,0.000000e+00,0.000000e+00,0.000000e+00,0.000000e+00
9.500000e+00,12,5.000000e-01,5.000000e-01,5.000000e-01,5.000000e-01,5.000000e-01,5.000000e-01,5.000000e-01,5.000000e-01,5.000000e-01,5.000000e-01,5.000000e-01,5.000000e-01,3.001981e-10,5.000000e-01,5.000000e-01,5.000000e-01,5.000000e-01,5.000000e-01,5.000000e-01,5.000000e-01,5.000000e-01,5.000000e-01,5.000000e-01,5.000000e-01,5.000000e-01,5.000000e-01,5.000000e-01,5.000000e-01,0.000000e+00,0.000000e+00,0.000000e+00,0.000000e+00,0.000000e+00,0.000000e+00,0.000000e+00,0.000000e+00,0.000000e+00,0.000000e+00,0.000000e+00,0.000000e+00,2.999999e-01,0.000000e+00,0.000000e+00,0.000000e+00,0.000000e+00,0.000000e+00,0.000000e+00,0.000000e+00,0.000000e+00,0.000000e+00,0.000000e+00,0.000000e+00,0.000000e+00,0.000000e+00,0.000000e+00,0.000000e+00
9.600000e+00,12,5.000000e-01,5.000000e-01,5.000000e-01,5.000000e-01,5.000000e-01,5.000000e-01,5.000000e-01,5.000000e-01,5.000000e-01,5.000000e-01,5.000000e-01,5.000000e-01,8.260194e-18,5.000000e-01,5.000000e-01,5.000000e-01,5.000000e-01,5.000000e-01,5.000000e-01,5.000000e-01,5.000000e-01,5.000000e-01,5.000000e-01,5.000000e-01,5.000000e-01,5.000000e-01,5.000000e-01,5.000000e-01,0.000000e+00,0.000000e+00,0.000000e+00,0.000000e+00,0.000000e+00,0.000000e+00,0.000000e+00,0.000000e+00,0.000000e+00,0.000000e+00,0.000000e+00,0.000000e+00,3.000000e-01,0.000000e+00,0.000000e+00,0.000000e+00,0.000000e+00,0.000000e+00,0.000000e+00,0.000000e+00,0.000000e+00,0.000000e+00,0.000000e+00,0.000000e+00,0.000000e+00,0.000000e+00,0.000000e+00,0.000000e+00
9.700000e+00,12,5.000000e-01,5.000000e-01,5.000000e-01,5.000000e-01,5.000000e-01,5.000000e-01,5.000000e-01,5.000000e-01,5.000000e-01,5.000000e-01,5.000000e-01,5.000000e-01,8.515718e-03,5.000000e-01,5.000000e-01,5.000000e-01,5.000000e-01,5.000000e-01,5.000000e-01,3.877839e-02,5.000000e-01,5.000000e-01,5.000000e-01,5.000000e-01,5.000000e-01,5.000000e-01,5.000000e-01,5.000000e-01,0.000000e+00,0.000000e+00,0.000000e+00,0.000000e+00,0.000000e+00,0.000000e+00,0.000000e+00,0.000000e+00,0.000000e+00,0.000000e+00,0.000000e+00,0.000000e+00,3.204707e-04,0.000000e+00,0.000000e+00,0.000000e+00,0.000000e+00,0.000000e+00,0.000000e+00,5.428991e-15,0.000000e+00,0.000000e+00,0.000000e+00,0.000000e+00,0.000000e+00,0.000000e+00,0.000000e+00,0.000000e+00
9.800000e+00,19,5.000000e-01,5.000000e-01,5.000000e-01,5.000000e-01,5.000000e-01,5.000000e-01,5.000000e-01,5.000000e-01,5.000000e-01,5.000000e-01,5.000000e-01,5.000000e-01,5.000000e-01,5.000000e-01,5.000000e-01,5.000000e-01,5.000000e-01,5.000000e-01,5.000000e-01,1.523330e-04,5.000000e-01,5.000000e-01,5.000000e-01,5.000000e-01,5.000000e-01,5.000000e-01,5.000000e-01,5.000000e-01,0.000000e+00,0.000000e+00,0.000000e+00,0.000000e+00,0.000000e+00,0.000000e+00,0.000000e+00,0.000000e+00,0.000000e+00,0.000000e+00,0.000000e+00,0.000000e+00,0.000000e+00,0.000000e+00,0.000000e+00,0.000000e+00,0.000000e+00,0.000000e+00,0.000000e+00,2.655775e-01,0.000000e+00,0.000000e+00,0.000000e+00,0.000000e+00,0.000000e+00,0.000000e+00,0.000000e+00,0.000000e+00
9.900000e+00,20,5.000000e-01,5.000000e-01,5.000000e-01,5.000000e-01,5.000000e-01,5.000000e-01,5.000000e-01,5.000000e-01,5.000000e-01,5.000000e-01,5.000000e-01,5.000000e-01,5.000000e-01,5.000000e-01,5.000000e-01,5.000000e-01,5.000000e-01,5.000000e-01,5.000000e-01,1.792301e-02,1.482324e-02,5.000000e-01,5.000000e-01,5.000000e-01,5.000000e-01,5.000000e-01,5.000000e-01,5.000000e-01,0.000000e+00,0.000000e+00,0.000000e+00,0.000000e+00,0.000000e+00,0.000000e+00,0.000000e+00,0.000000e+00,0.000000e+00,0.000000e+00,0.000000e+00,0.000000e+00,0.000000e+00,0.000000e+00,0.000000e+00,0.000000e+00,0.000000e+00,0.000000e+00,0.000000e+00,1.561527e-07,1.942894e-06,0.000000e+00,0.000000e+00,0.000000e+00,0.000000e+00,0.000000e+00,0.000000e+00,0.000000e+00
1.000000e+01,-1,5.000000e-01,5.000000e-01,5.000000e-01,5.000000e-01,5.000000e-01,5.000000e-01,5.000000e-01,5.000000e-01,5.000000e-01,5.000000e-01,5.000000e-01,5.000000e-01,5.000000e-01,5.000000e-01,5.000000e-01,5.000000e-01,5.000000e-01,5.000000e-01,5.000000e-01,5.000000e-01,5.000000e-01,5.000000e-01,5.000000e-01,5.000000e-01,5.000000e-01,5.000000e-01,5.000000e-01,5.000000e-01,0.000000e+00,0.000000e+00,0.000000e+00,0.000000e+00,0.000000e+00,0.000000e+00,0.000000e+00,0.000000e+00,0.000000e+00,0.000000e+00,0.000000e+00,0.000000e+00,0.000000e+00,0.000000e+00,0.000000e+00,0.000000e+00,0.000000e+00,0.000000e+00,0.000000e+00,0.000000e+00,0.000000e+00,0.000000e+00,0.000000e+00,0.000000e+00,0.000000e+00,0.000000e+00,0.000000e+00,0.000000e+00
1.010000e+01,12,5.000000e-01,5.000000e-01,5.000000e-01,5.000000e-01,5.000000e-01,5.000000e-01,5.000000e-01,5.000000e-01,5.000000e-01,5.000000e-01,5.000000e-01,5.000000e-01,1.344613e-02,5.000000e-01,5.000000e-01,5.000000e-01,5.000000e-01,5.000000e-01,5.000000e-01,5.000000e-01,5.000000e-01,5.000000e-01,5.000000e-01,5.000000e-01,5.000000e-01,5.000000e-01,5.000000e-01,5.000000e-01,0.000000e+00,0.000000e+00,0.000000e+00,0.000000e+00,0.000000e+00,0.000000e+00,0.000000e+00,0.000000e+00,0.000000e+00,0.000000e+00,0.000000e+00,0.000000e+00,5.939712e-06,0.000000e+00,0.000000e+00,0.000000e+00,0.000000e+00,0.000000e+00,0.000000e+00,0.000000e+00,0.000000e+00,0.000000e+00,0.000000e+00,0.000000e+00,0.000000e+00,0.000000e+00,0.000000e+00,0.000000e+00
1.020000e+01,12,5.000000e-01,5.000000e-01,5.000000e-01,5.000000e-01,5.000000e-01,5.000000e-01,5.000000e-01,5.000000e-01,5.000000e-01,5.000000e-01,5.000000e-01,5.000000e-01,7.527758e-13,5.000000e-01,5.000000e-01,5.000000e-01,5.000000e-01,5.000000e-01,5.000000e-01,5.000000e-01,5.000000e-01,5.000000e-01,5.000000e-01,5.000000e-01,5.000000e-01,5.000000e-01,5.000000e-01,5.000000e-01,0.000000e+00,0.000000e+00,0.000000e+00,0.000000e+00,0.000000e+00,0.000000e+00,0.000000e+00,0.000000e+00,0.000000e+00,0.000000e+00,0.000000e+00,0.000000e+00,3.000000e-01,0.000000e+00,0.000000e+00,0.000000e+00,0.000000e+00,0.000000e+00,0.000000e+00,0.000000e+00,0.000000e+00,0.000000e+00,0.000000e+00,0.000000e+00,0.000000e+00,0.000000e+00,0.000000e+00,0.000000e+00
1.030000e+01,12,5.000000e-01,5.000000e-01,5.000000e-01,5.000000e-01,5.000000e-01,5.000000e-01,5.000000e-01,5.000000e-01,5.000000e-01,5.000000e-01,5.000000e-01,5.000000e-01,6.758770e-25,5.000000e-01,5.000000e-01,5.000000e-01,5.000000e-01,5.000000e-01,5.000000e-01,5.000000e-01,5.000000e-01,5.000000e-01,5.000000e-01,5.000000e-01,5.000000e-01,5.000000e-01,5.000000e-01,5.000000e-01,0.000000e+00,0.000000e+00,0.000000e+00,0.000000e+00,0.000000e+00,0.000000e+00,0.000000e+00,0.000000e+00,0.000000e+00,0.000000e+00,0.000000e+00,0.000000e+00,3.000000e-01,0.000000e+00,0.000000e+00,0.000000e+00,0.000000e+00,0.000000e+00,0.000000e+00,0.000000e+00,0.000000e+00,0.000000e+00,0.000000e+00,0.000000e+00,0.000000e+00,0.000000e+00,0.000000e+00,0.000000e+00
1.040000e+01,12,5.000000e-01,5.000000e-01,5.000000e-01,5.000000e-01,5.000000e-01,5.000000e-01,5.000000e-01,5.000000e-01,5.000000e-01,5.000000e-01,5.000000e-01,5.000000e-01,2.584767e-40,5.000000e-01,5.000000e-01,5.000000e-01,5.000000e-01,5.000000e-01,5.000000e-01,5.000000e-01,5.000000e-01,5.000000e-01,5.000000e-01,5.000000e-01,5.000000e-01,5.000000e-01,5.000000e-01,5.000000e-01,0.000000e+00,0.000000e+00,0.000000e+00,0.000000e+00,0.000000e+00,0.000000e+00,0.000000e+00,0.000000e+00,0.000000e+00,0.000000e+00,0.000000e+00,0.000000e+00,3.000000e-01,0.000000e+00,0.000000e+00,0.000000e+00,0.000000e+00,0.000000e+00,0.000000e+00,0.000000e+00,0.000000e+00,0.000000e+00,0.000000e+00,0.000000e+00,0.000000e+00,0.000000e+00,0.000000e+00,0.000000e+00
1.050000e+01,12,5.000000e-01,5.000000e-01,5.000000e-01,5.000000e-01,5.000000e-01,5.000000e-01,5.000000e-01,5.000000e-01,5.000000e-01,5.000000e-01,5.000000e-01,5.000000e-01,4.123714e-11,5.000000e-01,5.000000e-01,5.000000e-01,5.000000e-01,5.000000e-01,5.000000e-01,5.000000e-01,5.000000e-01,5.000000e-01,5.000000e-01,5.000000e-01,5.000000e-01,5.000000e-01,5.000000e-01,5.000000e-01,0.000000e+00,0.000000e+00,0.000000e+00,0.000000e+00,0.000000e+00,0.000000e+00,0.000000e+00,0.000000e+00,0.000000e+00,0.000000e+00,0.000000e+00,0.000000e+00,3.000000e-01,0.000000e+00,0.000000e+00,0.000000e+00,0.000000e+00,0.000000e+00,0.000000e+00,0.000000e+00,0.000000e+00,0.000000e+00,0.000000e+00,0.000000e+00,0.000000e+00,0.000000e+00,0.000000e+00,0.000000e+00
1.060000e+01,12,5.000000e-01,5.000000e-01,5.000000e-01,5.000000e-01,5.000000e-01,5.000000e-01,5.000000e-01,5.000000e-01,5.000000e-01,5.000000e-01,5.000000e-01,5.000000e-01,4.315513e-02,5.000000e-01,5.000000e-01,5.000000e-01,5.000000e-01,5.000000e-01,5.000000e-01,5.000000e-01,5.000000e-01,5.000000e-01,5.000000e-01,5.000000e-01,5.000000e-01,5.000000e-01,5.000000e-01,5.000000e-01,0.000000e+00,0.000000e+00,0.000000e+00,0.000000e+00,0.000000e+00,0.000000e+00,0.000000e+00,0.000000e+00,0.000000e+00,0.000000e+00,0.000000e+00,0.000000e+00,1.332268e-16,0.000000e+00,0.000000e+00,0.000000e+00,0.000000e+00,0.000000e+00,0.000000e+00,0.000000e+00,0.000000e+00,0.000000e+00,0.000000e+00,0.000000e+00,0.000000e+00,0.000000e+00,0.000000e+00,0.000000e+00
1.070000e+01,5,5.000000e-01,5.000000e-01,5.000000e-01,5.000000e-01,5.000000e-01,1.309449e-03,5.000000e-01,5.000000e-01,5.000000e-01,5.000000e-01,5.000000e-01,5.000000e-01,5.000000e-01,5.000000e-01,5.000000e-01,5.000000e-01,5.000000e-01,5.000000e-01,5.000000e-01,5.000000e-01,5.000000e-01,5.000000e-01,5.000000e-01,5.000000e-01,5.000000e-01,5.000000e-01,5.000000e-01,5.000000e-01,0.000000e+00,0.000000e+00,0.000000e+00,0.000000e+00,0.000000e+00,1.051657e-01,0.000000e+00,0.000000e+00,0.000000e+00,0.000000e+00,0.000000e+00,0.000000e+00,0.000000e+00,0.000000e+00,0.000000e+00,0.000000e+00,0.000000e+00,0.000000e+00,0.000000e+00,0.000000e+00,0.000000e+00,0.000000e+00,0.000000e+00,0.000000e+00,0.000000e+00,0.000000e+00,0.000000e+00,0.000000e+00
1.080000e+01,5,5.000000e-01,5.000000e-01,5.000000e-01,5.000000e-01,5.000000e-01,2.551411e-03,5.000000e-01,5.000000e-01,5.000000e-01,5.000000e-01,5.000000e-01,5.000000e-01,5.000000e-01,5.000000e-01,5.000000e-01,5.000000e-01,5.000000e-01,5.000000e-01,5.000000e-01,5.000000e-01,5.000000e-01,5.000000e-01,5.000000e-01,5.000000e-01,5.000000e-01,5.000000e-01,5.000000e-01,5.000000e-01,0.000000e+00,0.000000e+00,0.000000e+00,0.000000e+00,0.000000e+00,3.886309e-02,0.000000e+00,0.000000e+00,0.000000e+00,0.000000e+00,0.000000e+00,0.000000e+00,0.000000e+00,0.000000e+00,0.000000e+00,0.000000e+00,0.000000e+00,0.000000e+00,0.000000e+00,0.000000e+00,0.000000e+00,0.000000e+00,0.000000e+00,0.000000e+00,0.000000e+00,0.000000e+00,0.000000e+00,0.000000e+00
1.090000e+01,12,5.000000e-01,5.000000e-01,5.000000e-01,5.000000e-01,5.000000e-01,5.000000e-01,5.000000e-01,5.000000e-01,5.000000e-01,5.000000e-01,5.000000e-01,5.000000e-01,1.460016e-03,5.000000e-01,5.000000e-01,5.000000e-01,5.000000e-01,5.000000e-01,5.000000e-01,5.000000e-01,5.000000e-01,5.000000e-01,5.000000e-01,5.000000e-01,5.000000e-01,5.000000e-01,5.000000e-01,5.000000e-01,0.000000e+00,0.000000e+00,0.000000e+00,0.000000e+00,0.000000e+00,0.000000e+00,0.000000e+00,0.000000e+00,0.000000e+00,0.000000e+00,0.000000e+00,0.000000e+00,9.321567e-02,0.000000e+00,0.000000e+00,0.000000e+00,0.000000e+00,0.000000e+00,0.000000e+00,0.000000e+00,0.000000e+00,0.000000e+00,0.000000e+00,0.000000e+00,0.000000e+00,0.000000e+00,0.000000e+00,0.000000e+00
1.100000e+01,12,5.000000e-01,5.000000e-01,5.000000e-01,5.000000e-01,5.000000e-01,5.000000e-01,5.000000e-01,5.000000e-01,5.000000e-01,5.000000e-01,5.000000e-01,5.000000e-01,2.001434e-07,5.000000e-01,5.000000e-01,5.000000e-01,5.000000e-01,5.000000e-01,5.000000e-01,5.000000e-01,5.000000e-01,5.000000e-01,5.000000e-01,5.000000e-01,5.000000e-01,5.000000e-01,5.000000e-01,5.000000e-01,0.000000e+00,0.000000e+00,0.000000e+00,0.000000e+00,0.000000e+00,0.000000e+00,0.000000e+00,0.000000e+00,0.000000e+00,0.000000e+00,0.000000e+00,0.000000e+00,2.999520e-01,0.000000e+00,0.000000e+00,0.000000e+00,0.000000e+00,0.000000e+00,0.000000e+00,0.000000e+00,0.000000e+00,0.000000e+00,0.000000e+00,0.000000e+00,0.000000e+00,0.000000e+00,0.000000e+00,0.000000e+00
1.110000e+01,12,5.000000e-01,5.000000e-01,5.000000e-01,5.000000e-01,5.000000e-01,5.000000e-01,5.000000e-01,5.000000e-01,5.000000e-01,5.000000e-01,5.000000e-01,1.522418e-02,1.147279e-06,5.000000e-01,5.000000e-01,5.000000e-01,5.000000e-01,5.000000e-01,5.000000e-01,5.000000e-01,5.000000e-01,5.000000e-01,5.000000e-01,5.000000e-01,5.000000e-01,5.000000e-01,5.000000e-01,5.000000e-01,0.000000e+00,0.000000e+00,0.000000e+00,0.000000e+00,0.000000e+00,0.000000e+00,0.000000e+00,0.000000e+00,0.000000e+00,0.000000e+00,0.000000e+00,1.402890e-06,2.997248e-01,0.000000e+00,0.000000e+00,0.000000e+00,0.000000e+00,0.000000e+00,0.000000e+00,0.000000e+00,0.000000e+00,0.000000e+00,0.000000e+00,0.000000e+00,0.000000e+00,0.000000e+00,0.000000e+00,0.000000e+00
1.120000e+01,11,5.000000e-01,5.000000e-01,5.000000e-01,5.000000e-01,5.000000e-01,5.000000e-01,5.000000e-01,5.000000e-01,5.000000e-01,5.000000e-01,5.000000e-01,1.220144e-06,2.059119e-03,5.000000e-01,5.000000e-01,5.000000e-01,5.000000e-01,5.000000e-01,5.000000e-01,5.000000e-01,5.000000e-01,5.000000e-01,5.000000e-01,5.000000e-01,5.000000e-01,5.000000e-01,5.000000e-01,5.000000e-01,0.000000e+00,0.000000e+00,0.000000e+00,0.000000e+00,0.000000e+00,0.000000e+00,0.000000e+00,0.000000e+00,0.000000e+00,0.000000e+00,0.000000e+00,2.997073e-01,5.767298e-02,0.000000e+00,0.000000e+00,0.000000e+00,0.000000e+00,0.000000e+00,0.000000e+00,0.000000e+00,0.000000e+00,0.000000e+00,0.000000e+00,0.000000e+00,0.000000e+00,0.000000e+00,0.000000e+00,0.000000e+00
1.130000e+01,12,5.000000e-01,5.000000e-01,5.000000e-01,5.000000e-01,5.000000e-01,5.000000e-01,5.000000e-01,5.000000e-01,5.000000e-01,5.000000e-01,5.000000e-01,4.009761e-03,2.753235e-03,5.000000e-01,5.000000e-01,5.000000e-01,5.000000e-01,5.000000e-01,5.000000e-01,5.000000e-01,5.000000e-01,5.000000e-01,5.000000e-01,5.000000e-01,5.000000e-01,5.000000e-01,5.000000e-01,5.000000e-01,0.000000e+00,0.000000e+00,0.000000e+00,0.000000e+00,0.000000e+00,0.000000e+00,0.000000e+00,0.000000e+00,0.000000e+00,0.000000e+00,0.000000e+00,1.205555e-02,3.305448e-02,0.000000e+00,0.000000e+00,0.000000e+00,0.000000e+00,0.000000e+00,0.000000e+00,0.000000e+00,0.000000e+00,0.000000e+00,0.000000e+00,0.000000e+00,0.000000e+00,0.000000e+00,0.000000e+00,0.000000e+00
1.140000e+01,12,5.000000e-01,5.000000e-01,5.000000e-01,5.000000e-01,5.000000e-01,5.000000e-01,5.000000e-01,5.000000e-01,5.000000e-01,5.000000e-01,5.000000e-01,5.000000e-01,1.242889e-05,5.000000e-01,5.000000e-01,5.000000e-01,5.000000e-01,5.000000e-01,5.000000e-01,5.000000e-01,5.000000e-01,5.000000e-01,5.000000e-01,5.000000e-01,5.000000e-01,5.000000e-01,5.000000e-01,5.000000e-01,0.000000e+00,0.000000e+00,0.000000e+00,0.000000e+00,0.000000e+00,0.000000e+00,0.000000e+00,0.000000e+00,0.000000e+00,0.000000e+00,0.000000e+00,0.000000e+00,2.970318e-01,0.000000e+00,0.000000e+00,0.000000e+00,0.000000e+00,0.000000e+00,0.000000e+00,0.000000e+00,0.000000e+00,0.000000e+00,0.000000e+00,0.000000e+00,0.000000e+00,0.000000e+00,0.000000e+00,0.000000e+00
1.150000e+01,12,5.000000e-01,5.000000e-01,5.000000e-01,5.000000e-01,5.000000e-01,5.000000e-01,5.000000e-01,5.000000e-01,5.000000e-01,5.000000e-01,5.000000e-01,5.000000e-01,5.084213e-18,5.000000e-01,5.000000e-01,5.000000e-01,5.000000e-01,5.000000e-01,5.000000e-01,5.000000e-01,5.000000e-01,5.000000e-01,5.000000e-01,5.000000e-01,5.000000e-01,5.000000e-01,5.000000e-01,5.000000e-01,0.000000e+00,0.000000e+00,0.000000e+00,0.000000e+00,0.000000e+00,0.000000e+00,0.000000e+00,0.000000e+00,0.000000e+00,0.000000e+00,0.000000e+00,0.000000e+00,3.000000e-01,0.000000e+00,0.000000e+00,0.000000e+00,0.000000e+00,0.000000e+00,0.000000e+00,0.000000e+00,0.000000e+00,0.000000e+00,0.000000e+00,0.000000e+00,0.000000e+00,0.000000e+00,0.000000e+00,0.000000e+00
1.160000e+01,12,5.000000e-01,5.000000e-01,5.000000e-01,5.000000e-01,5.000000e-01,5.000000e-01,5.000000e-01,5.000000e-01,5.000000e-01,5.000000e-01,5.000000e-01,5.000000e-01,7.855368e-51,5.000000e-01,5.000000e-01,5.000000e-01,5.000000e-01,5.000000e-01,5.000000e-01,5.000000e-01,5.000000e-01,5.000000e-01,5.000000e-01,5.000000e-01,5.000000e-01,5.000000e-01,5.000000e-01,5.000000e-01,0.000000e+00,0.000000e+00,0.000000e+00,0.000000e+00,0.000000e+00,0.000000e+00,0.000000e+00,0.000000e+00,0.000000e+00,0.000000e+00,0.000000e+00,0.000000e+00,3.000000e-01,0.000000e+00,0.000000e+00,0.000000e+00,0.000000e+00,0.000000e+00,0.000000e+00,0.000000e+00,0.000000e+00,0.000000e+00,0.000000e+00,0.000000e+00,0.000000e+00,0.000000e+00,0.000000e+00,0.000000e+00
1.170000e+01,12,5.000000e-01,5.000000e-01,5.000000e-01,5.000000e-01,5.000000e-01,5.000000e-01,5.000000e-01,5.000000e-01,5.000000e-01,5.000000e-01,5.000000e-01,5.000000e-01,1.689331e-39,5.000000e-01,5.000000e-01,5.000000e-01,5.000000e-01,5.000000e-01,5.000000e-01,5.000000e-01,5.000000e-01,5.000000e-01,5.000000e-01,5.000000e-01,5.000000e-01,5.000000e-01,5.000000e-01,5.000000e-01,0.000000e+00,0.000000e+00,0.000000e+00,0.000000e+00,0.000000e+00,0.000000e+00,0.000000e+00,0.000000e+00,0.000000e+00,0.000000e+00,0.000000e+00,0.000000e+00,3.000000e-01,0.000000e+00,0.000000e+00,0.000000e+00,0.000000e+00,0.000000e+00,0.000000e+00,0.000000e+00,0.000000e+00,0.000000e+00,0.000000e+00,0.000000e+00,0.000000e+00,0.000000e+00,0.000000e+00,0.000000e+00
1.180000e+01,12,5.000000e-01,5.000000e-01,5.000000e-01,5.000000e-01,5.000000e-01,5.000000e-01,5.000000e-01,5.000000e-01,5.000000e-01,5.000000e-01,5.000000e-01,5.000000e-01,7.605673e-07,1.535117e-03,5.000000e-01,5.000000e-01,5.000000e-01,5.000000e-01,5.000000e-01,5.000000e-01,5.000000e-01,5.000000e-01,5.000000e-01,5.000000e-01,5.000000e-01,5.000000e-01,5.000000e-01,5.000000e-01,0.000000e+00,0.000000e+00,0.000000e+00,0.000000e+00,0.000000e+00,0.000000e+00,0.000000e+00,0.000000e+00,0.000000e+00,0.000000e+00,0.000000e+00,0.000000e+00,2.998175e-01,8.777224e-02,0.000000e+00,0.000000e+00,0.000000e+00,0.000000e+00,0.000000e+00,0.000000e+00,0.000000e+00,0.000000e+00,0.000000e+00,0.000000e+00,0.000000e+00,0.000000e+00,0.000000e+00,0.000000e+00
1.190000e+01,13,5.000000e-01,5.000000e-01,5.000000e-01,5.000000e-01,5.000000e-01,5.000000e-01,5.000000e-01,5.000000e-01,5.000000e-01,5.000000e-01,5.000000e-01,5.000000e-01,3.481211e-02,3.932747e-06,5.000000e-01,5.000000e-01,5.000000e-01,5.000000e-01,5.000000e-01,5.000000e-01,5.000000e-01,5.000000e-01,5.000000e-01,5.000000e-01,5.000000e-01,5.000000e-01,5.000000e-01,5.000000e-01,0.000000e+00,0.000000e+00,0.000000e+00,0.000000e+00,0.000000e+00,0.000000e+00,0.000000e+00,0.000000e+00,0.000000e+00,0.000000e+00,0.000000e+00,0.000000e+00,1.467493e-13,2.990576e-01,0.000000e+00,0.000000e+00,0.000000e+00,0.000000e+00,0.000000e+00,0.000000e+00,0.000000e+00,0.000000e+00,0.000000e+00,0.000000e+00,0.000000e+00,0.000000e+00,0.000000e+00,0.000000e+00
1.200000e+01,13,5.000000e-01,5.000000e-01,5.000000e-01,5.000000e-01,5.000000e-01,5.000000e-01,5.000000e-01,5.000000e-01,5.000000e-01,5.000000e-01,5.000000e-01,5.000000e-01,5.000000e-01,3.101742e-03,5.000000e-01,5.000000e-01,5.000000e-01,5.000000e-01,5.000000e-01,5.000000e-01,5.000000e-01,5.000000e-01,5.000000e-01,5.000000e-01,5.000000e-01,5.000000e-01,5.000000e-01,5.000000e-01,0.000000e+00,0.000000e+00,0.000000e+00,0.000000e+00,0.000000e+00,0.000000e+00,0.000000e+00,0.000000e+00,0.000000e+00,0.000000e+00,0.000000e+00,0.000000e+00,0.000000e+00,2.499143e-02,0.000000e+00,0.000000e+00,0.000000e+00,0.000000e+00,0.000000e+00,0.000000e+00,0.000000e+00,0.000000e+00,0.000000e+00,0.000000e+00,0.000000e+00,0.000000e+00,0.000000e+00,0.000000e+00
1.210000e+01,13,5.000000e-01,5.000000e-01,5.000000e-01,5.000000e-01,5.000000e-01,5.000000e-01,5.000000e-01,5.000000e-01,5.000000e-01,5.000000e-01,5.000000e-01,5.000000e-01,1.095439e-02,1.017221e-02,5.000000e-01,5.000000e-01,5.000000e-01,5.000000e-01,5.000000e-01,5.000000e-01,5.000000e-01,5.000000e-01,5.000000e-01,5.000000e-01,5.000000e-01,5.000000e-01,5.000000e-01,5.000000e-01,0.000000e+00,0.000000e+00,0.000000e+00,0.000000e+00,0.000000e+00,0.000000e+00,0.000000e+00,0.000000e+00,0.000000e+00,0.000000e+00,0.000000e+00,0.000000e+00,4.468664e-05,8.410778e-05,0.000000e+00,0.000000e+00,0.000000e+00,0.000000e+00,0.000000e+00,0.000000e+00,0.000000e+00,0.000000e+00,0.000000e+00,0.000000e+00,0.000000e+00,0.000000e+00,0.000000e+00,0.000000e+00
1.220000e+01,12,5.000000e-01,5.000000e-01,5.000000e-01,5.000000e-01,5.000000e-01,5.000000e-01,5.000000e-01,5.000000e-01,5.000000e-01,5.000000e-01,5.000000e-01,5.000000e-01,9.706063e-13,5.000000e-01,5.000000e-01,5.000000e-01,5.000000e-01,5.000000e-01,5.000000e-01,5.000000e-01,5.000000e-01,5.000000e-01,5.000000e-01,5.000000e-01,5.000000e-01,5.000000e-01,5.000000e-01,5.000000e-01,0.000000e+00,0.000000e+00,0.000000e+00,0.000000e+00,0.000000e+00,0.000000e+00,0.000000e+00,0.000000e+00,0.000000e+00,0.000000e+00,0.000000e+00,0.000000e+00,3.000000e-01,0.000000e+00,0.000000e+00,0.000000e+00,0.000000e+00,0.000000e+00,0.000000e+00,0.000000e+00,0.000000e+00,0.000000e+00,0.000000e+00,0.000000e+00,0.000000e+00,0.000000e+00,0.000000e+00,0.000000e+00
1.230000e+01,13,5.000000e-01,5.000000e-01,5.000000e-01,5.000000e-01,5.000000e-01,5.000000e-01,5.000000e-01,5.000000e-01,5.000000e-01,5.000000e-01,5.000000e-01,5.000000e-01,9.881757e-04,2.187834e-06,5.000000e-01,5.000000e-01,5.000000e-01,5.000000e-01,5.000000e-01,5.000000e-01,5.000000e-01,5.000000e-01,5.000000e-01,5.000000e-01,5.000000e-01,5.000000e-01,5.000000e-01,5.000000e-01,0.000000e+00,0.000000e+00,0.000000e+00,0.000000e+00,0.000000e+00,0.000000e+00,0.000000e+00,0.000000e+00,0.000000e+00,0.000000e+00,0.000000e+00,0.000000e+00,1.360267e-01,2.994754e-01,0.000000e+00,0.000000e+00,0.000000e+00,0.000000e+00,0.000000e+00,0.000000e+00,0.000000e+00,0.000000e+00,0.000000e+00,0.000000e+00,0.000000e+00,0.000000e+00,0.000000e+00,0.000000e+00
1.240000e+01,13,5.000000e-01,5.000000e-01,5.000000e-01,5.000000e-01,5.000000e-01,5.000000e-01,5.000000e-01,5.000000e-01,5.000000e-01,5.000000e-01,5.000000e-01,5.000000e-01,5.000000e-01,9.076553e-22,5.000000e-01,5.000000e-01,5.000000e-01,5.000000e-01,5.000000e-01,5.000000e-01,5.000000e-01,5.000000e-01,5.000000e-01,5.000000e-01,5.000000e-01,5.000000e-01,5.000000e-01,5.000000e-01,0.000000e+00,0.000000e+00,0.000000e+00,0.000000e+00,0.000000e+00,0.000000e+00,0.000000e+00,0.000000e+00,0.000000e+00,0.000000e+00,0.000000e+00,0.000000e+00,0.000000e+00,3.000000e-01,0.000000e+00,0.000000e+00,0.000000e+00,0.000000e+00,0.000000e+00,0.000000e+00,0.000000e+00,0.000000e+00,0.000000e+00,0.000000e+00,0.000000e+00,0.000000e+00,0.000000e+00,0.000000e+00
1.250000e+01,13,5.000000e-01,5.000000e-01,5.000000e-01,5.000000e-01,5.000000e-01,5.000000e-01,5.000000e-01,5.000000e-01,5.000000e-01,5.000000e-01,5.000000e-01,5.000000e-01,5.000000e-01,9.710874e-29,5.000000e-01,5.000000e-01,5.000000e-01,5.000000e-01,5.000000e-01,5.000000e-01,5.000000e-01,5.000000e-01,5.000000e-01,5.000000e-01,5.000000e-01,5.000000e-01,5.000000e-01,5.000000e-01,0.000000e+00,0.000000e+00,0.000000e+00,0.000000e+00,0.000000e+00,0.000000e+00,0.000000e+00,0.000000e+00,0.000000e+00,0.000000e+00,0.000000e+00,0.000000e+00,0.000000e+00,3.000000e-01,0.000000e+00,0.000000e+00,0.000000e+00,0.000000e+00,0.000000e+00,0.000000e+00,0.000000e+00,0.000000e+00,0.000000e+00,0.000000e+00,0.000000e+00,0.000000e+00,0.000000e+00,0.000000e+00
1.260000e+01,13,5.000000e-01,5.000000e-01,5.000000e-01,5.000000e-01,5.000000e-01,5.000000e-01,5.000000e-01,5.000000e-01,5.000000e-01,5.000000e-01,5.000000e-01,5.000000e-01,5.000000e-01,1.714314e-17,5.000000e-01,5.000000e-01,5.000000e-01,5.000000e-01,5.000000e-01,5.000000e-01,5.000000e-01,5.000000e-01,5.000000e-01,5.000000e-01,5.000000e-01,5.000000e-01,5.000000e-01,5.000000e-01,0.000000e+00,0.000000e+00,0.000000e+00,0.000000e+00,0.000000e+00,0.000000e+00,0.000000e+00,0.000000e+00,0.000000e+00,0.000000e+00,0.000000e+00,0.000000e+00,0.000000e+00,3.000000e-01,0.000000e+00,0.000000e+00,0.000000e+00,0.000000e+00,0.000000e+00,0.000000e+00,0.000000e+00,0.000000e+00,0.000000e+00,0.000000e+00,0.000000e+00,0.000000e+00,0.000000e+00,0.000000e+00
1.270000e+01,13,5.000000e-01,5.000000e-01,5.000000e-01,5.000000e-01,5.000000e-01,5.000000e-01,5.000000e-01,5.000000e-01,5.000000e-01,5.000000e-01,5.000000e-01,5.000000e-01,5.000000e-01,6.102767e-12,5.000000e-01,5.000000e-01,5.000000e-01,5.000000e-01,5.000000e-01,5.000000e-01,5.000000e-01,5.000000e-01,5.000000e-01,5.000000e-01,5.000000e-01,5.000000e-01,5.000000e-01,5.000000e-01,0.000000e+00,0.000000e+00,0.000000e+00,0.000000e+00,0.000000e+00,0.000000e+00,0.000000e+00,0.000000e+00,0.000000e+00,0.000000e+00,0.000000e+00,0.000000e+00,0.000000e+00,3.000000e-01,0.000000e+00,0.000000e+00,0.000000e+00,0.000000e+00,0.000000e+00,0.000000e+00,0.000000e+00,0.000000e+00,0.000000e+00,0.000000e+00,0.000000e+00,0.000000e+00,0.000000e+00,0.000000e+00
1.280000e+01,13,5.000000e-01,5.000000e-01,5.000000e-01,5.000000e-01,5.000000e-01,5.000000e-01,5.000000e-01,5.000000e-01,5.000000e-01,5.000000e-01,5.000000e-01,5.000000e-01,3.290327e-02,1.775522e-13,5.000000e-01,5.000000e-01,5.000000e-01,5.000000e-01,5.000000e-01,5.000000e-01,5.000000e-01,5.000000e-01,5.000000e-01,5.000000e-01,5.000000e-01,5.000000e-01,5.000000e-01,5.000000e-01,0.000000e+00,0.000000e+00,0.000000e+00,0.000000e+00,0.000000e+00,0.000000e+00,0.000000e+00,0.000000e+00,0.000000e+00,0.000000e+00,0.000000e+00,0.000000e+00,7.129297e-13,3.000000e-01,0.000000e+00,0.000000e+00,0.000000e+00,0.000000e+00,0.000000e+00,0.000000e+00,0.000000e+00,0.000000e+00,0.000000e+00,0.000000e+00,0.000000e+00,0.000000e+00,0.000000e+00,0.000000e+00
1.290000e+01,13,5.000000e-01,5.000000e-01,5.000000e-01,5.000000e-01,5.000000e-01,5.000000e-01,5.000000e-01,5.000000e-01,5.000000e-01,5.000000e-01,5.000000e-01,5.000000e-01,5.000000e-01,1.131098e-26,5.000000e-01,5.000000e-01,5.000000e-01,5.000000e-01,5.000000e-01,5.000000e-01,5.000000e-01,5.000000e-01,5.000000e-01,5.000000e-01,5.000000e-01,5.000000e-01,5.000000e-01,5.000000e-01,0.000000e+00,0.000000e+00,0.000000e+00,0.000000e+00,0.000000e+00,0.000000e+00,0.000000e+00,0.000000e+00,0.000000e+00,0.000000e+00,0.000000e+00,0.000000e+00,0.000000e+00,3.000000e-01,0.000000e+00,0.000000e+00,0.000000e+00,0.000000e+00,0.000000e+00,0.000000e+00,0.000000e+00,0.000000e+00,0.000000e+00,0.000000e+00,0.000000e+00,0.000000e+00,0.000000e+00,0.000000e+00
1.300000e+01,13,5.000000e-01,5.000000e-01,5.000000e-01,5.000000e-01,5.000000e-01,5.000000e-01,5.000000e-01,5.000000e-01,5.000000e-01,5.000000e-01,5.000000e-01,5.000000e-01,5.000000e-01,2.823473e-34,5.000000e-01,5.000000e-01,5.000000e-01,5.000000e-01,5.000000e-01,5.000000e-01,5.000000e-01,5.000000e-01,5.000000e-01,5.000000e-01,5.000000e-01,5.000000e-01,5.000000e-01,5.000000e-01,0.000000e+00,0.000000e+00,0.000000e+00,0.000000e+00,0.000000e+00,0.000000e+00,0.000000e+00,0.000000e+00,0.000000e+00,0.000000e+00,0.000000e+00,0.000000e+00,0.000000e+00,3.000000e-01,0.000000e+00,0.000000e+00,0.000000e+00,0.000000e+00,0.000000e+00,0.000000e+00,0.000000e+00,0.000000e+00,0.000000e+00,0.000000e+00,0.000000e+00,0.000000e+00,0.000000e+00,0.000000e+00
1.310000e+01,13,5.000000e-01,5.000000e-01,5.000000e-01,5.000000e-01,5.000000e-01,5.000000e-01,5.000000e-01,5.000000e-01,5.000000e-01,5.000000e-01,5.000000e-01,5.000000e-01,3.971622e-02,1.553905e-14,5.000000e-01,5.000000e-01,5.000000e-01,5.000000e-01,5.000000e-01,5.000000e-01,5.000000e-01,5.000000e-01,5.000000e-01,5.000000e-01,5.000000e-01,5.000000e-01,5.000000e-01,5.000000e-01,0.000000e+00,0.000000e+00,0.000000e+00,0.000000e+00,0.000000e+00,0.000000e+00,0.000000e+00,0.000000e+00,0.000000e+00,0.000000e+00,0.000000e+00,0.000000e+00,2.498002e-15,3.000000e-01,0.000000e+00,0.000000e+00,0.000000e+00,0.000000e+00,0.000000e+00,0.000000e+00,0.000000e+00,0.000000e+00,0.000000e+00,0.000000e+00,0.000000e+00,0.000000e+00,0.000000e+00,0.000000e+00
1.320000e+01,13,5.000000e-01,5.000000e-01,5.000000e-01,5.000000e-01,5.000000e-01,5.000000e-01,5.000000e-01,5.000000e-01,5.000000e-01,5.000000e-01,5.000000e-01,5.000000e-01,4.698313e-03,1.579993e-05,5.000000e-01,5.000000e-01,5.000000e-01,5.000000e-01,5.000000e-01,5.000000e-01,5.000000e-01,5.000000e-01,5.000000e-01,5.000000e-01,5.000000e-01,5.000000e-01,5.000000e-01,5.000000e-01,0.000000e+00,0.000000e+00,0.000000e+00,0.000000e+00,0.000000e+00,0.000000e+00,0.000000e+00,0.000000e+00,0.000000e+00,0.000000e+00,0.000000e+00,0.000000e+00,6.932877e-03,2.962319e-01,0.000000e+00,0.000000e+00,0.000000e+00,0.000000e+00,0.000000e+00,0.000000e+00,0.000000e+00,0.000000e+00,0.000000e+00,0.000000e+00,0.000000e+00,0.000000e+00,0.000000e+00,0.000000e+00
1.330000e+01,-1,5.000000e-01,5.000000e-01,5.000000e-01,5.000000e-01,5.000000e-01,5.000000e-01,5.000000e-01,5.000000e-01,5.000000e-01,5.000000e-01,5.000000e-01,5.000000e-01,5.000000e-01,5.000000e-01,5.000000e-01,5.000000e-01,5.000000e-01,5.000000e-01,5.000000e-01,5.000000e-01,5.000000e-01,5.000000e-01,5.000000e-01,5.000000e-01,5.000000e-01,5.000000e-01,5.000000e-01,5.000000e-01,0.000000e+00,0.000000e+00,0.000000e+00,0.000000e+00,0.000000e+00,0.000000e+00,0.000000e+00,0.000000e+00,0.000000e+00,0.000000e+00,0.000000e+00,0.000000e+00,0.000000e+00,0.000000e+00,0.000000e+00,0.000000e+00,0.000000e+00,0.000000e+00,0.000000e+00,0.000000e+00,0.000000e+00,0.000000e+00,0.000000e+00,0.000000e+00,0.000000e+00,0.000000e+00,0.000000e+00,0.000000e+00
1.340000e+01,6,5.000000e-01,5.000000e-01,5.000000e-01,5.000000e-01,5.000000e-01,5.000000e-01,3.238303e-02,5.000000e-01,5.000000e-01,5.000000e-01,5.000000e-01,5.000000e-01,5.000000e-01,5.000000e-01,5.000000e-01,5.000000e-01,5.000000e-01,5.000000e-01,5.000000e-01,5.000000e-01,5.000000e-01,5.000000e-01,5.000000e-01,5.000000e-01,5.000000e-01,5.000000e-01,5.000000e-01,5.000000e-01,0.000000e+00,0.000000e+00,0.000000e+00,0.000000e+00,0.000000e+00,0.000000e+00,1.096223e-12,0.000000e+00,0.000000e+00,0.000000e+00,0.000000e+00,0.000000e+00,0.000000e+00,0.000000e+00,0.000000e+00,0.000000e+00,0.000000e+00,0.000000e+00,0.000000e+00,0.000000e+00,0.000000e+00,0.000000e+00,0.000000e+00,0.000000e+00,0.000000e+00,0.000000e+00,0.000000e+00,0.000000e+00
1.350000e+01,6,5.000000e-01,5.000000e-01,5.000000e-01,5.000000e-01,5.000000e-01,5.000000e-01,2.513453e-11,5.000000e-01,5.000000e-01,5.000000e-01,5.000000e-01,5.000000e-01,5.000000e-01,5.000000e-01,5.000000e-01,5.000000e-01,5.000000e-01,5.000000e-01,5.000000e-01,5.000000e-01,5.000000e-01,5.000000e-01,5.000000e-01,5.000000e-01,5.000000e-01,5.000000e-01,5.000000e-01,5.000000e-01,0.000000e+00,0.000000e+00,0.000000e+00,0.000000e+00,0.000000e+00,0.000000e+00,3.000000e-01,0.000000e+00,0.000000e+00,0.000000e+00,0.000000e+00,0.000000e+00,0.000000e+00,0.000000e+00,0.000000e+00,0.000000e+00,0.000000e+00,0.000000e+00,0.000000e+00,0.000000e+00,0.000000e+00,0.000000e+00,0.000000e+00,0.000000e+00,0.000000e+00,0.000000e+00,0.000000e+00,0.000000e+00
1.360000e+01,6,5.000000e-01,5.000000e-01,5.000000e-01,5.000000e-01,5.000000e-01,5.000000e-01,2.984352e-33,5.000000e-01,5.000000e-01,5.000000e-01,5.000000e-01,5.000000e-01,5.000000e-01,5.000000e-01,5.000000e-01,5.000000e-01,5.000000e-01,5.000000e-01,5.000000e-01,5.000000e-01,5.000000e-01,5.000000e-01,5.000000e-01,5.000000e-01,5.000000e-01,5.000000e-01,5.000000e-01,5.000000e-01,0.000000e+00,0.000000e+00,0.000000e+00,0.000000e+00,0.000000e+00,0.000000e+00,3.000000e-01,0.000000e+00,0.000000e+00,0.000000e+00,0.000000e+00,0.000000e+00,0.000000e+00,0.000000e+00,0.000000e+00,0.000000e+00,0.000000e+00,0.000000e+00,0.000000e+00,0.000000e+00,0.000000e+00,0.000000e+00,0.000000e+00,0.000000e+00,0.000000e+00,0.000000e+00,0.000000e+00,0.000000e+00
1.370000e+01,6,5.000000e-01,5.000000e-01,5.000000e-01,5.000000e-01,5.000000e-01,5.000000e-01,2.740895e-21,5.000000e-01,5.000000e-01,5.000000e-01,5.000000e-01,5.000000e-01,5.000000e-01,5.000000e-01,5.000000e-01,5.000000e-01,5.000000e-01,5.000000e-01,5.000000e-01,5.000000e-01,5.000000e-01,5.000000e-01,5.000000e-01,5.000000e-01,5.000000e-01,5.000000e-01,5.000000e-01,5.000000e-01,0.000000e+00,0.000000e+00,0.000000e+00,0.000000e+00,0.000000e+00,0.000000e+00,3.000000e-01,0.000000e+00,0.000000e+00,0.000000e+00,0.000000e+00,0.000000e+00,0.000000e+00,0.000000e+00,0.000000e+00,0.000000e+00,0.000000e+00,0.000000e+00,0.000000e+00,0.000000e+00,0.000000e+00,0.000000e+00,0.000000e+00,0.000000e+00,0.000000e+00,0.000000e+00,0.000000e+00,0.000000e+00
1.380000e+01,6,5.000000e-01,5.000000e-01,5.000000e-01,5.000000e-01,5.000000e-01,5.000000e-01,1.223297e-50,5.000000e-01,5.000000e-01,5.000000e-01,5.000000e-01,5.000000e-01,5.000000e-01,5.000000e-01,5.000000e-01,5.000000e-01,5.000000e-01,5.000000e-01,5.000000e-01,5.000000e-01,5.000000e-01,5.000000e-01,5.000000e-01,5.000000e-01,5.000000e-01,5.000000e-01,5.000000e-01,5.000000e-01,0.000000e+00,0.000000e+00,0.000000e+00,0.000000e+00,0.000000e+00,0.000000e+00,3.000000e-01,0.000000e+00,0.000000e+00,0.000000e+00,0.000000e+00,0.000000e+00,0.000000e+00,0.000000e+00,0.000000e+00,0.000000e+00,0.000000e+00,0.000000e+00,0.000000e+00,0.000000e+00,0.000000e+00,0.000000e+00,0.000000e+00,0.000000e+00,0.000000e+00,0.000000e+00,0.000000e+00,0.000000e+00
1.390000e+01,6,5.000000e-01,5.000000e-01,5.000000e-01,5.000000e-01,5.000000e-01,5.000000e-01,1.203976e-31,5.000000e-01,5.000000e-01,5.000000e-01,5.000000e-01,5.000000e-01,5.000000e-01,5.000000e-01,5.000000e-01,5.000000e-01,5.000000e-01,5.000000e-01,5.000000e-01,5.000000e-01,5.000000e-01,5.000000e-01,5.000000e-01,5.000000e-01,5.000000e-01,5.000000e-01,5.000000e-01,5.000000e-01,0.000000e+00,0.000000e+00,0.000000e+00,0.000000e+00,0.000000e+00,0.000000e+00,3.000000e-01,0.000000e+00,0.000000e+00,0.000000e+00,0.000000e+00,0.000000e+00,0.000000e+00,0.000000e+00,0.000000e+00,0.000000e+00,0.000000e+00,0.000000e+00,0.000000e+00,0.000000e+00,0.000000e+00,0.000000e+00,0.000000e+00,0.000000e+00,0.000000e+00,0.000000e+00,0.000000e+00,0.000000e+00
1.400000e+01,6,5.000000e-01,5.000000e-01,5.000000e-01,5.000000e-01,5.000000e-01,5.000000e-01,8.827102e-32,5.000000e-01,5.000000e-01,5.000000e-01,5.000000e-01,5.000000e-01,5.000000e-01,5.000000e-01,5.000000e-01,5.000000e-01,5.000000e-01,5.000000e-01,5.000000e-01,5.000000e-01,5.000000e-01,5.000000e-01,5.000000e-01,5.000000e-01,5.000000e-01,5.000000e-01,5.000000e-01,5.000000e-01,0.000000e+00,0.000000e+00,0.000000e+00,0.000000e+00,0.000000e+00,0.000000e+00,3.000000e-01,0.000000e+00,0.000000e+00,0.000000e+00,0.000000e+00,0.000000e+00,0.000000e+00,0.000000e+00,0.000000e+00,0.000000e+00,0.000000e+00,0.000000e+00,0.000000e+00,0.000000e+00,0.000000e+00,0.000000e+00,0.000000e+00,0.000000e+00,0.000000e+00,0.000000e+00,0.000000e+00,0.000000e+00
1.410000e+01,6,5.000000e-01,5.000000e-01,5.000000e-01,5.000000e-01,5.000000e-01,5.000000e-01,8.160782e-14,5.000000e-01,5.000000e-01,5.000000e-01,5.000000e-01,5.000000e-01,5.000000e-01,5.000000e-01,5.000000e-01,5.000000e-01,5.000000e-01,5.000000e-01,5.000000e-01,5.000000e-01,5.000000e-01,5.000000e-01,5.000000e-01,5.000000e-01,5.000000e-01,5.000000e-01,5.000000e-01,5.000000e-01,0.000000e+00,0.000000e+00,0.000000e+00,0.000000e+00,0.000000e+00,0.000000e+00,3.000000e-01,0.000000e+00,0.000000e+00,0.000000e+00,0.000000e+00,0.000000e+00,0.000000e+00,0.000000e+00,0.000000e+00,0.000000e+00,0.000000e+00,0.000000e+00,0.000000e+00,0.000000e+00,0.000000e+00,0.000000e+00,0.000000e+00,0.000000e+00,0.000000e+00,0.000000e+00,0.000000e+00,0.000000e+00
1.420000e+01,6,5.000000e-01,5.000000e-01,5.000000e-01,5.000000e-01,5.000000e-01,1.389208e-03,9.513218e-07,5.000000e-01,5.000000e-01,5.000000e-01,5.000000e-01,5.000000e-01,5.000000e-01,5.000000e-01,5.000000e-01,5.000000e-01,5.000000e-01,5.000000e-01,5.000000e-01,5.000000e-01,5.000000e-01,5.000000e-01,5.000000e-01,5.000000e-01,5.000000e-01,5.000000e-01,5.000000e-01,5.000000e-01,0.000000e+00,0.000000e+00,0.000000e+00,0.000000e+00,0.000000e+00,9.865644e-02,2.997718e-01,0.000000e+00,0.000000e+00,0.000000e+00,0.000000e+00,0.000000e+00,0.000000e+00,0.000000e+00,0.000000e+00,0.000000e+00,0.000000e+00,0.000000e+00,0.000000e+00,0.000000e+00,0.000000e+00,0.000000e+00,0.000000e+00,0.000000e+00,0.000000e+00,0.000000e+00,0.000000e+00,0.000000e+00
1.430000e+01,6,5.000000e-01,5.000000e-01,5.000000e-01,5.000000e-01,5.000000e-01,7.662710e-03,2.648042e-04,5.000000e-01,5.000000e-01,5.000000e-01,5.000000e-01,5.000000e-01,5.000000e-01,5.000000e-01,5.000000e-01,5.000000e-01,5.000000e-01,5.000000e-01,5.000000e-01,5.000000e-01,5.000000e-01,5.000000e-01,5.000000e-01,5.000000e-01,5.000000e-01,5.000000e-01,5.000000e-01,5.000000e-01,0.000000e+00,0.000000e+00,0.000000e+00,0.000000e+00,0.000000e+00,6.376326e-04,2.427206e-01,0.000000e+00,0.000000e+00,0.000000e+00,0.000000e+00,0.000000e+00,0.000000e+00,0.000000e+00,0.000000e+00,0.000000e+00,0.000000e+00,0.000000e+00,0.000000e+00,0.000000e+00,0.000000e+00,0.000000e+00,0.000000e+00,0.000000e+00,0.000000e+00,0.000000e+00,0.000000e+00,0.000000e+00
1.440000e+01,6,5.000000e-01,5.000000e-01,5.000000e-01,5.000000e-01,5.000000e-01,5.000000e-01,2.881207e-03,5.000000e-01,5.000000e-01,5.000000e-01,5.000000e-01,5.000000e-01,5.000000e-01,5.000000e-01,5.000000e-01,5.000000e-01,5.000000e-01,5.000000e-01,5.000000e-01,5.000000e-01,5.000000e-01,5.000000e-01,5.000000e-01,5.000000e-01,5.000000e-01,5.000000e-01,5.000000e-01,5.000000e-01,0.000000e+00,0.000000e+00,0.000000e+00,0.000000e+00,0.000000e+00,0.000000e+00,2.982927e-02,0.000000e+00,0.000000e+00,0.000000e+00,0.000000e+00,0.000000e+00,0.000000e+00,0.000000e+00,0.000000e+00,0.000000e+00,0.000000e+00,0.000000e+00,0.000000e+00,0.000000e+00,0.000000e+00,0.000000e+00,0.000000e+00,0.000000e+00,0.000000e+00,0.000000e+00,0.000000e+00,0.000000e+00
1.450000e+01,13,5.000000e-01,5.000000e-01,5.000000e-01,5.000000e-01,5.000000e-01,5.000000e-01,5.000000e-01,5.000000e-01,5.000000e-01,5.000000e-01,5.000000e-01,5.000000e-01,5.000000e-01,1.506830e-03,5.000000e-01,5.000000e-01,5.000000e-01,5.000000e-01,5.000000e-01,5.000000e-01,5.000000e-01,5.000000e-01,5.000000e-01,5.000000e-01,5.000000e-01,5.000000e-01,5.000000e-01,5.000000e-01,0.000000e+00,0.000000e+00,0.000000e+00,0.000000e+00,0.000000e+00,0.000000e+00,0.000000e+00,0.000000e+00,0.000000e+00,0.000000e+00,0.000000e+00,0.000000e+00,0.000000e+00,8.978426e-02,0.000000e+00,0.000000e+00,0.000000e+00,0.000000e+00,0.000000e+00,0.000000e+00,0.000000e+00,0.000000e+00,0.000000e+00,0.000000e+00,0.000000e+00,0.000000e+00,0.000000e+00,0.000000e+00
1.460000e+01,13,5.000000e-01,5.000000e-01,5.000000e-01,5.000000e-01,5.000000e-01,5.000000e-01,5.000000e-01,5.000000e-01,5.000000e-01,5.000000e-01,5.000000e-01,5.000000e-01,5.000000e-01,2.918144e-10,5.000000e-01,5.000000e-01,5.000000e-01,5.000000e-01,5.000000e-01,5.000000e-01,5.000000e-01,5.000000e-01,5.000000e-01,5.000000e-01,5.000000e-01,5.000000e-01,5.000000e-01,5.000000e-01,0.000000e+00,0.000000e+00,0.000000e+00,0.000000e+00,0.000000e+00,0.000000e+00,0.000000e+00,0.000000e+00,0.000000e+00,0.000000e+00,0.000000e+00,0.000000e+00,0.000000e+00,2.999999e-01,0.000000e+00,0.000000e+00,0.000000e+00,0.000000e+00,0.000000e+00,0.000000e+00,0.000000e+00,0.000000e+00,0.000000e+00,0.000000e+00,0.000000e+00,0.000000e+00,0.000000e+00,0.000000e+00
1.470000e+01,13,5.000000e-01,5.000000e-01,5.000000e-01,5.000000e-01,5.000000e-01,5.000000e-01,5.000000e-01,5.000000e-01,5.000000e-01,5.000000e-01,5.000000e-01,5.000000e-01,5.000000e-01,6.115077e-10,5.000000e-01,5.000000e-01,5.000000e-01,5.000000e-01,5.000000e-01,5.000000e-01,5.000000e-01,5.000000e-01,5.000000e-01,5.000000e-01,5.000000e-01,5.000000e-01,5.000000e-01,5.000000e-01,0.000000e+00,0.000000e+00,0.000000e+00,0.000000e+00,0.000000e+00,0.000000e+00,0.000000e+00,0.000000e+00,0.000000e+00,0.000000e+00,0.000000e+00,0.000000e+00,0.000000e+00,2.999999e-01,0.000000e+00,0.000000e+00,0.000000e+00,0.000000e+00,0.000000e+00,0.000000e+00,0.000000e+00,0.000000e+00,0.000000e+00,0.000000e+00,0.000000e+00,0.000000e+00,0.000000e+00,0.000000e+00
1.480000e+01,13,5.000000e-01,5.000000e-01,5.000000e-01,5.000000e-01,5.000000e-01,5.000000e-01,5.000000e-01,5.000000e-01,5.000000e-01,5.000000e-01,5.000000e-01,5.000000e-01,5.000000e-01,3.796166e-03,5.000000e-01,5.000000e-01,5.000000e-01,5.000000e-01,5.000000e-01,5.000000e-01,5.000000e-01,5.000000e-01,5.000000e-01,5.000000e-01,5.000000e-01,5.000000e-01,5.000000e-01,5.000000e-01,0.000000e+00,0.000000e+00,0.000000e+00,0.000000e+00,0.000000e+00,0.000000e+00,0.000000e+00,0.000000e+00,0.000000e+00,0.000000e+00,0.000000e+00,0.000000e+00,0.000000e+00,1.431161e-02,0.000000e+00,0.000000e+00,0.000000e+00,0.000000e+00,0.000000e+00,0.000000e+00,0.000000e+00,0.000000e+00,0.000000e+00,0.000000e+00,0.000000e+00,0.000000e+00,0.000000e+00,0.000000e+00
1.490000e+01,6,5.000000e-01,5.000000e-01,5.000000e-01,5.000000e-01,5.000000e-01,5.000000e-01,3.368098e-03,5.000000e-01,5.000000e-01,5.000000e-01,5.000000e-01,5.000000e-01,5.000000e-01,5.000000e-01,5.000000e-01,5.000000e-01,5.000000e-01,5.000000e-01,5.000000e-01,5.000000e-01,5.000000e-01,5.000000e-01,5.000000e-01,5.000000e-01,5.000000e-01,5.000000e-01,5.000000e-01,5.000000e-01,0.000000e+00,0.000000e+00,0.000000e+00,0.000000e+00,0.000000e+00,0.000000e+00,2.018129e-02,0.000000e+00,0.000000e+00,0.000000e+00,0.000000e+00,0.000000e+00,0.000000e+00,0.000000e+00,0.000000e+00,0.000000e+00,0.000000e+00,0.000000e+00,0.000000e+00,0.000000e+00,0.000000e+00,0.000000e+00,0.000000e+00,0.000000e+00,0.000000e+00,0.000000e+00,0.000000e+00,0.000000e+00
1.500000e+01,6,5.000000e-01,5.000000e-01,5.000000e-01,5.000000e-01,5.000000e-01,4.703922e-02,2.900996e-10,5.000000e-01,5.000000e-01,5.000000e-01,5.000000e-01,5.000000e-01,5.000000e-01,5.000000e-01,5.000000e-01,5.000000e-01,5.000000e-01,5.000000e-01,5.000000e-01,5.000000e-01,5.000000e-01,5.000000e-01,5.000000e-01,5.000000e-01,5.000000e-01,5.000000e-01,5.000000e-01,5.000000e-01,0.000000e+00,0.000000e+00,0.000000e+00,0.000000e+00,0.000000e+00,0.000000e+00,2.999999e-01,0.000000e+00,0.000000e+00,0.000000e+00,0.000000e+00,0.000000e+00,0.000000e+00,0.000000e+00,0.000000e+00,0.000000e+00,0.000000e+00,0.000000e+00,0.000000e+00,0.000000e+00,0.000000e+00,0.000000e+00,0.000000e+00,0.000000e+00,0.000000e+00,0.000000e+00,0.000000e+00,0.000000e+00
1.510000e+01,6,5.000000e-01,5.000000e-01,5.000000e-01,5.000000e-01,5.000000e-01,5.000000e-01,8.358368e-11,5.000000e-01,5.000000e-01,5.000000e-01,5.000000e-01,5.000000e-01,5.000000e-01,5.000000e-01,5.000000e-01,5.000000e-01,5.000000e-01,5.000000e-01,5.000000e-01,5.000000e-01,5.000000e-01,5.000000e-01,5.000000e-01,5.000000e-01,5.000000e-01,5.000000e-01,5.000000e-01,5.000000e-01,0.000000e+00,0.000000e+00,0.000000e+00,0.000000e+00,0.000000e+00,0.000000e+00,3.000000e-01,0.000000e+00,0.000000e+00,0.000000e+00,0.000000e+00,0.000000e+00,0.000000e+00,0.000000e+00,0.000000e+00,0.000000e+00,0.000000e+00,0.000000e+00,0.000000e+00,0.000000e+00,0.000000e+00,0.000000e+00,0.000000e+00,0.000000e+00,0.000000e+00,0.000000e+00,0.000000e+00,0.000000e+00
1.520000e+01,6,5.000000e-01,5.000000e-01,5.000000e-01,5.000000e-01,5.000000e-01,5.000000e-01,4.531706e-04,5.000000e-01,5.000000e-01,5.000000e-01,5.000000e-01,5.000000e-01,5.000000e-01,5.000000e-01,5.000000e-01,5.000000e-01,5.000000e-01,5.000000e-01,5.000000e-01,5.000000e-01,5.000000e-01,5.000000e-01,5.000000e-01,5.000000e-01,5.000000e-01,5.000000e-01,5.000000e-01,5.000000e-01,0.000000e+00,0.000000e+00,0.000000e+00,0.000000e+00,0.000000e+00,0.000000e+00,2.087555e-01,0.000000e+00,0.000000e+00,0.000000e+00,0.000000e+00,0.000000e+00,0.000000e+00,0.000000e+00,0.000000e+00,0.000000e+00,0.000000e+00,0.000000e+00,0.000000e+00,0.000000e+00,0.000000e+00,0.000000e+00,0.000000e+00,0.000000e+00,0.000000e+00,0.000000e+00,0.000000e+00,0.000000e+00
1.530000e+01,6,5.000000e-01,5.000000e-01,5.000000e-01,5.000000e-01,5.000000e-01,5.000000e-01,2.370409e-03,5.000000e-01,5.000000e-01,5.000000e-01,5.000000e-01,5.000000e-01,5.000000e-01,5.000000e-01,5.000000e-01,5.000000e-01,5.000000e-01,5.000000e-01,5.000000e-01,5.000000e-01,5.000000e-01,5.000000e-01,5.000000e-01,5.000000e-01,5.000000e-01,5.000000e-01,5.000000e-01,5.000000e-01,0.000000e+00,0.000000e+00,0.000000e+00,0.000000e+00,0.000000e+00,0.000000e+00,4.493441e-02,0.000000e+00,0.000000e+00,0.000000e+00,0.000000e+00,0.000000e+00,0.000000e+00,0.000000e+00,0.000000e+00,0.000000e+00,0.000000e+00,0.000000e+00,0.000000e+00,0.000000e+00,0.000000e+00,0.000000e+00,0.000000e+00,0.000000e+00,0.000000e+00,0.000000e+00,0.000000e+00,0.000000e+00
1.540000e+01,5,5.000000e-01,5.000000e-01,5.000000e-01,5.000000e-01,5.000000e-01,2.743070e-02,5.000000e-01,5.000000e-01,5.000000e-01,5.000000e-01,5.000000e-01,5.000000e-01,5.000000e-01,5.000000e-01,5.000000e-01,5.000000e-01,5.000000e-01,5.000000e-01,5.000000e-01,5.000000e-01,5.000000e-01,5.000000e-01,5.000000e-01,5.000000e-01,5.000000e-01,5.000000e-01,5.000000e-01,5.000000e-01,0.000000e+00,0.000000e+00,0.000000e+00,0.000000e+00,0.000000e+00,6.509783e-11,0.000000e+00,0.000000e+00,0.000000e+00,0.000000e+00,0.000000e+00,0.000000e+00,0.000000e+00,0.000000e+00,0.000000e+00,0.000000e+00,0.000000e+00,0.000000e+00,0.000000e+00,0.000000e+00,0.000000e+00,0.000000e+00,0.000000e+00,0.000000e+00,0.000000e+00,0.000000e+00,0.000000e+00,0.000000e+00
1.550000e+01,5,5.000000e-01,5.000000e-01,5.000000e-01,5.000000e-01,5.000000e-01,8.178320e-10,5.000000e-01,5.000000e-01,5.000000e-01,5.000000e-01,5.000000e-01,5.000000e-01,5.000000e-01,5.000000e-01,5.000000e-01,5.000000e-01,5.000000e-01,5.000000e-01,5.000000e-01,5.000000e-01,5.000000e-01,5.000000e-01,5.000000e-01,5.000000e-01,5.000000e-01,5.000000e-01,5.000000e-01,5.000000e-01,0.000000e+00,0.000000e+00,0.000000e+00,0.000000e+00,0.000000e+00,2.999998e-01,0.000000e+00,0.000000e+00,0.000000e+00,0.000000e+00,0.000000e+00,0.000000e+00,0.000000e+00,0.000000e+00,0.000000e+00,0.000000e+00,0.000000e+00,0.000000e+00,0.000000e+00,0.000000e+00,0.000000e+00,0.000000e+00,0.000000e+00,0.000000e+00,0.000000e+00,0.000000e+00,0.000000e+00,0.000000e+00
1.560000e+01,5,5.000000e-01,5.000000e-01,5.000000e-01,5.000000e-01,5.000000e-01,3.159208e-26,5.000000e-01,5.000000e-01,5.000000e-01,5.000000e-01,5.000000e-01,5.000000e-01,5.000000e-01,5.000000e-01,5.000000e-01,5.000000e-01,5.000000e-01,5.000000e-01,5.000000e-01,5.000000e-01,5.000000e-01,5.000000e-01,5.000000e-01,5.000000e-01,5.000000e-01,5.000000e-01,5.000000e-01,5.000000e-01,0.000000e+00,0.000000e+00,0.000000e+00,0.000000e+00,0.000000e+00,3.000000e-01,0.000000e+00,0.000000e+00,0.000000e+00,0.000000e+00,0.000000e+00,0.000000e+00,0.000000e+00,0.000000e+00,0.000000e+00,0.000000e+00,0.000000e+00,0.000000e+00,0.000000e+00,0.000000e+00,0.000000e+00,0.000000e+00,0.000000e+00,0.000000e+00,0.000000e+00,0.000000e+00,0.000000e+00,0.000000e+00
1.570000e+01,5,5.000000e-01,5.000000e-01,5.000000e-01,5.000000e-01,5.000000e-01,1.343705e-14,4.524350e-02,5.000000e-01,5.000000e-01,5.000000e-01,5.000000e-01,5.000000e-01,5.000000e-01,5.000000e-01,5.000000e-01,5.000000e-01,5.000000e-01,5.000000e-01,5.000000e-01,5.000000e-01,5.000000e-01,5.000000e-01,5.000000e-01,5.000000e-01,5.000000e-01,5.000000e-01,5.000000e-01,5.000000e-01,0.000000e+00,0.000000e+00,0.000000e+00,0.000000e+00,0.000000e+00,3.000000e-01,3.330669e-17,0.000000e+00,0.000000e+00,0.000000e+00,0.000000e+00,0.000000e+00,0.000000e+00,0.000000e+00,0.000000e+00,0.000000e+00,0.000000e+00,0.000000e+00,0.000000e+00,0.000000e+00,0.000000e+00,0.000000e+00,0.000000e+00,0.000000e+00,0.000000e+00,0.000000e+00,0.000000e+00,0.000000e+00
1.580000e+01,5,5.000000e-01,5.000000e-01,5.000000e-01,5.000000e-01,5.000000e-01,7.169505e-05,4.177445e-04,5.000000e-01,5.000000e-01,5.000000e-01,5.000000e-01,5.000000e-01,5.000000e-01,5.000000e-01,5.000000e-01,5.000000e-01,5.000000e-01,5.000000e-01,5.000000e-01,5.000000e-01,5.000000e-01,5.000000e-01,5.000000e-01,5.000000e-01,5.000000e-01,5.000000e-01,5.000000e-01,5.000000e-01,0.000000e+00,0.000000e+00,0.000000e+00,0.000000e+00,0.000000e+00,2.832768e-01,2.147591e-01,0.000000e+00,0.000000e+00,0.000000e+00,0.000000e+00,0.000000e+00,0.000000e+00,0.000000e+00,0.000000e+00,0.000000e+00,0.000000e+00,0.000000e+00,0.000000e+00,0.000000e+00,0.000000e+00,0.000000e+00,0.000000e+00,0.000000e+00,0.000000e+00,0.000000e+00,0.000000e+00,0.000000e+00
1.590000e+01,6,5.000000e-01,5.000000e-01,5.000000e-01,5.000000e-01,5.000000e-01,5.000000e-01,1.199627e-02,5.000000e-01,5.000000e-01,5.000000e-01,5.000000e-01,5.000000e-01,5.000000e-01,5.000000e-01,5.000000e-01,5.000000e-01,5.000000e-01,5.000000e-01,5.000000e-01,5.000000e-01,5.000000e-01,5.000000e-01,5.000000e-01,5.000000e-01,5.000000e-01,5.000000e-01,5.000000e-01,5.000000e-01,0.000000e+00,0.000000e+00,0.000000e+00,0.000000e+00,0.000000e+00,0.000000e+00,1.923038e-05,0.000000e+00,0.000000e+00,0.000000e+00,0.000000e+00,0.000000e+00,0.000000e+00,0.000000e+00,0.000000e+00,0.000000e+00,0.000000e+00,0.000000e+00,0.000000e+00,0.000000e+00,0.000000e+00,0.000000e+00,0.000000e+00,0.000000e+00,0.000000e+00,0.000000e+00,0.000000e+00,0.000000e+00
1.600000e+01,6,5.000000e-01,5.000000e-01,5.000000e-01,5.000000e-01,5.000000e-01,5.000000e-01,2.024183e-04,5.000000e-01,5.000000e-01,5.000000e-01,5.000000e-01,5.000000e-01,5.000000e-01,5.000000e-01,5.000000e-01,5.000000e-01,5.000000e-01,5.000000e-01,5.000000e-01,5.000000e-01,5.000000e-01,5.000000e-01,5.000000e-01,5.000000e-01,5.000000e-01,5.000000e-01,5.000000e-01,5.000000e-01,0.000000e+00,0.000000e+00,0.000000e+00,0.000000e+00,0.000000e+00,0.000000e+00,2.551449e-01,0.000000e+00,0.000000e+00,0.000000e+00,0.000000e+00,0.000000e+00,0.000000e+00,0.000000e+00,0.000000e+00,0.000000e+00,0.000000e+00,0.000000e+00,0.000000e+00,0.000000e+00,0.000000e+00,0.000000e+00,0.000000e+00,0.000000e+00,0.000000e+00,0.000000e+00,0.000000e+00,0.000000e+00
1.610000e+01,6,5.000000e-01,5.000000e-01,5.000000e-01,5.000000e-01,5.000000e-01,5.000000e-01,3.034949e-15,5.000000e-01,5.000000e-01,5.000000e-01,5.000000e-01,5.000000e-01,5.000000e-01,5.000000e-01,5.000000e-01,5.000000e-01,5.000000e-01,5.000000e-01,5.000000e-01,5.000000e-01,5.000000e-01,5.000000e-01,5.000000e-01,5.000000e-01,5.000000e-01,5.000000e-01,5.000000e-01,5.000000e-01,0.000000e+00,0.000000e+00,0.000000e+00,0.000000e+00,0.000000e+00,0.000000e+00,3.000000e-01,0.000000e+00,0.000000e+00,0.000000e+00,0.000000e+00,0.000000e+00,0.000000e+00,0.000000e+00,0.000000e+00,0.000000e+00,0.000000e+00,0.000000e+00,0.000000e+00,0.000000e+00,0.000000e+00,0.000000e+00,0.000000e+00,0.000000e+00,0.000000e+00,0.000000e+00,0.000000e+00,0.000000e+00
1.620000e+01,6,5.000000e-01,5.000000e-01,5.000000e-01,5.000000e-01,5.000000e-01,5.000000e-01,1.448945e-14,5.000000e-01,5.000000e-01,5.000000e-01,5.000000e-01,5.000000e-01,5.000000e-01,5.000000e-01,5.000000e-01,5.000000e-01,5.000000e-01,5.000000e-01,5.000000e-01,5.000000e-01,5.000000e-01,5.000000e-01,5.000000e-01,5.000000e-01,5.000000e-01,5.000000e-01,5.000000e-01,5.000000e-01,0.000000e+00,0.000000e+00,0.000000e+00,0.000000e+00,0.000000e+00,0.000000e+00,3.000000e-01,0.000000e+00,0.000000e+00,0.000000e+00,0.000000e+00,0.000000e+00,0.000000e+00,0.000000e+00,0.000000e+00,0.000000e+00,0.000000e+00,0.000000e+00,0.000000e+00,0.000000e+00,0.000000e+00,0.000000e+00,0.000000e+00,0.000000e+00,0.000000e+00,0.000000e+00,0.000000e+00,0.000000e+00
1.630000e+01,5,5.000000e-01,5.000000e-01,5.000000e-01,5.000000e-01,5.000000e-01,3.370927e-06,8.218172e-04,5.000000e-01,5.000000e-01,5.000000e-01,5.000000e-01,5.000000e-01,5.000000e-01,5.000000e-01,5.000000e-01,5.000000e-01,5.000000e-01,5.000000e-01,5.000000e-01,5.000000e-01,5.000000e-01,5.000000e-01,5.000000e-01,5.000000e-01,5.000000e-01,5.000000e-01,5.000000e-01,5.000000e-01,0.000000e+00,0.000000e+00,0.000000e+00,0.000000e+00,0.000000e+00,2.991921e-01,1.554087e-01,0.000000e+00,0.000000e+00,0.000000e+00,0.000000e+00,0.000000e+00,0.000000e+00,0.000000e+00,0.000000e+00,0.000000e+00,0.000000e+00,0.000000e+00,0.000000e+00,0.000000e+00,0.000000e+00,0.000000e+00,0.000000e+00,0.000000e+00,0.000000e+00,0.000000e+00,0.000000e+00,0.000000e+00
1.640000e+01,6,5.000000e-01,5.000000e-01,5.000000e-01,5.000000e-01,5.000000e-01,2.226448e-02,1.183150e-07,5.000000e-01,5.000000e-01,5.000000e-01,5.000000e-01,5.000000e-01,5.000000e-01,5.000000e-01,5.000000e-01,5.000000e-01,5.000000e-01,5.000000e-01,5.000000e-01,5.000000e-01,5.000000e-01,5.000000e-01,5.000000e-01,5.000000e-01,5.000000e-01,5.000000e-01,5.000000e-01,5.000000e-01,0.000000e+00,0.000000e+00,0.000000e+00,0.000000e+00,0.000000e+00,4.510601e-09,2.999716e-01,0.000000e+00,0.000000e+00,0.000000e+00,0.000000e+00,0.000000e+00,0.000000e+00,0.000000e+00,0.000000e+00,0.000000e+00,0.000000e+00,0.000000e+00,0.000000e+00,0.000000e+00,0.000000e+00,0.000000e+00,0.000000e+00,0.000000e+00,0.000000e+00,0.000000e+00,0.000000e+00,0.000000e+00
1.650000e+01,6,5.000000e-01,5.000000e-01,5.000000e-01,5.000000e-01,5.000000e-01,5.000000e-01,3.271390e-07,5.000000e-01,5.000000e-01,5.000000e-01,5.000000e-01,5.000000e-01,5.000000e-01,5.000000e-01,5.000000e-01,5.000000e-01,5.000000e-01,5.000000e-01,5.000000e-01,5.000000e-01,5.000000e-01,5.000000e-01,5.000000e-01,5.000000e-01,5.000000e-01,5.000000e-01,5.000000e-01,5.000000e-01,0.000000e+00,0.000000e+00,0.000000e+00,0.000000e+00,0.000000e+00,0.000000e+00,2.999215e-01,0.000000e+00,0.000000e+00,0.000000e+00,0.000000e+00,0.000000e+00,0.000000e+00,0.000000e+00,0.000000e+00,0.000000e+00,0.000000e+00,0.000000e+00,0.000000e+00,0.000000e+00,0.000000e+00,0.000000e+00,0.000000e+00,0.000000e+00,0.000000e+00,0.000000e+00,0.000000e+00,0.000000e+00
1.660000e+01,6,5.000000e-01,5.000000e-01,5.000000e-01,5.000000e-01,5.000000e-01,5.000000e-01,6.682268e-03,5.000000e-01,5.000000e-01,5.000000e-01,5.000000e-01,5.000000e-01,5.000000e-01,3.926158e-02,5.000000e-01,5.000000e-01,5.000000e-01,5.000000e-01,5.000000e-01,5.000000e-01,5.000000e-01,5.000000e-01,5.000000e-01,5.000000e-01,5.000000e-01,5.000000e-01,5.000000e-01,5.000000e-01,0.000000e+00,0.000000e+00,0.000000e+00,0.000000e+00,0.000000e+00,0.000000e+00,1.404985e-03,0.000000e+00,0.000000e+00,0.000000e+00,0.000000e+00,0.000000e+00,0.000000e+00,3.630429e-15,0.000000e+00,0.000000e+00,0.000000e+00,0.000000e+00,0.000000e+00,0.000000e+00,0.000000e+00,0.000000e+00,0.000000e+00,0.000000e+00,0.000000e+00,0.000000e+00,0.000000e+00,0.000000e+00
1.670000e+01,13,5.000000e-01,5.000000e-01,5.000000e-01,5.000000e-01,5.000000e-01,5.000000e-01,5.000000e-01,5.000000e-01,5.000000e-01,5.000000e-01,5.000000e-01,5.000000e-01,5.000000e-01,2.016493e-03,5.000000e-01,5.000000e-01,5.000000e-01,5.000000e-01,5.000000e-01,5.000000e-01,5.000000e-01,5.000000e-01,5.000000e-01,5.000000e-01,5.000000e-01,5.000000e-01,5.000000e-01,5.000000e-01,0.000000e+00,0.000000e+00,0.000000e+00,0.000000e+00,0.000000e+00,0.000000e+00,0.000000e+00,0.000000e+00,0.000000e+00,0.000000e+00,0.000000e+00,0.000000e+00,0.000000e+00,5.967774e-02,0.000000e+00,0.000000e+00,0.000000e+00,0.000000e+00,0.000000e+00,0.000000e+00,0.000000e+00,0.000000e+00,0.000000e+00,0.000000e+00,0.000000e+00,0.000000e+00,0.000000e+00,0.000000e+00
1.680000e+01,6,5.000000e-01,5.000000e-01,5.000000e-01,5.000000e-01,5.000000e-01,5.000000e-01,2.249856e-03,5.000000e-01,5.000000e-01,5.000000e-01,5.000000e-01,5.000000e-01,5.000000e-01,5.000000e-01,5.000000e-01,5.000000e-01,5.000000e-01,5.000000e-01,5.000000e-01,5.000000e-01,5.000000e-01,5.000000e-01,5.000000e-01,5.000000e-01,5.000000e-01,5.000000e-01,5.000000e-01,5.000000e-01,0.000000e+00,0.000000e+00,0.000000e+00,0.000000e+00,0.000000e+00,0.000000e+00,4.949493e-02,0.000000e+00,0.000000e+00,0.000000e+00,0.000000e+00,0.000000e+00,0.000000e+00,0.000000e+00,0.000000e+00,0.000000e+00,0.000000e+00,0.000000e+00,0.000000e+00,0.000000e+00,0.000000e+00,0.000000e+00,0.000000e+00,0.000000e+00,0.000000e+00,0.000000e+00,0.000000e+00,0.000000e+00
1.690000e+01,6,5.000000e-01,5.000000e-01,5.000000e-01,5.000000e-01,5.000000e-01,5.000000e-01,4.325119e-04,5.000000e-01,5.000000e-01,5.000000e-01,5.000000e-01,5.000000e-01,5.000000e-01,5.000000e-01,5.000000e-01,5.000000e-01,5.000000e-01,5.000000e-01,5.000000e-01,5.000000e-01,5.000000e-01,5.000000e-01,5.000000e-01,5.000000e-01,5.000000e-01,5.000000e-01,5.000000e-01,5.000000e-01,0.000000e+00,0.000000e+00,0.000000e+00,0.000000e+00,0.000000e+00,0.000000e+00,2.122358e-01,0.000000e+00,0.000000e+00,0.000000e+00,0.000000e+00,0.000000e+00,0.000000e+00,0.000000e+00,0.000000e+00,0.000000e+00,0.000000e+00,0.000000e+00,0.000000e+00,0.000000e+00,0.000000e+00,0.000000e+00,0.000000e+00,0.000000e+00,0.000000e+00,0.000000e+00,0.000000e+00,0.000000e+00
1.700000e+01,5,5.000000e-01,5.000000e-01,5.000000e-01,5.000000e-01,5.000000e-01,3.245255e-02,5.000000e-01,5.000000e-01,5.000000e-01,5.000000e-01,5.000000e-01,5.000000e-01,5.000000e-01,5.000000e-01,5.000000e-01,5.000000e-01,5.000000e-01,5.000000e-01,5.000000e-01,5.000000e-01,5.000000e-01,5.000000e-01,5.000000e-01,5.000000e-01,5.000000e-01,5.000000e-01,5.000000e-01,5.000000e-01,0.000000e+00,0.000000e+00,0.000000e+00,0.000000e+00,0.000000e+00,1.035005e-12,0.000000e+00,0.000000e+00,0.000000e+00,0.000000e+00,0.000000e+00,0.000000e+00,0.000000e+00,0.000000e+00,0.000000e+00,0.000000e+00,0.000000e+00,0.000000e+00,0.000000e+00,0.000000e+00,0.000000e+00,0.000000e+00,0.000000e+00,0.000000e+00,0.000000e+00,0.000000e+00,0.000000e+00,0.000000e+00
1.710000e+01,5,5.000000e-01,5.000000e-01,5.000000e-01,5.000000e-01,5.000000e-01,8.876274e-06,5.000000e-01,5.000000e-01,5.000000e-01,5.000000e-01,5.000000e-01,5.000000e-01,5.000000e-01,5.000000e-01,5.000000e-01,5.000000e-01,5.000000e-01,5.000000e-01,5.000000e-01,5.000000e-01,5.000000e-01,5.000000e-01,5.000000e-01,5.000000e-01,5.000000e-01,5.000000e-01,5.000000e-01,5.000000e-01,0.000000e+00,0.000000e+00,0.000000e+00,0.000000e+00,0.000000e+00,2.978772e-01,0.000000e+00,0.000000e+00,0.000000e+00,0.000000e+00,0.000000e+00,0.000000e+00,0.000000e+00,0.000000e+00,0.000000e+00,0.000000e+00,0.000000e+00,0.000000e+00,0.000000e+00,0.000000e+00,0.000000e+00,0.000000e+00,0.000000e+00,0.000000e+00,0.000000e+00,0.000000e+00,0.000000e+00,0.000000e+00
1.720000e+01,5,5.000000e-01,5.000000e-01,5.000000e-01,5.000000e-01,5.000000e-01,5.911965e-34,5.000000e-01,5.000000e-01,5.000000e-01,5.000000e-01,5.000000e-01,5.000000e-01,5.000000e-01,5.000000e-01,5.000000e-01,5.000000e-01,5.000000e-01,5.000000e-01,5.000000e-01,5.000000e-01,5.000000e-01,5.000000e-01,5.000000e-01,5.000000e-01,5.000000e-01,5.000000e-01,5.000000e-01,5.000000e-01,0.000000e+00,0.000000e+00,0.000000e+00,0.000000e+00,0.000000e+00,3.000000e-01,0.000000e+00,0.000000e+00,0.000000e+00,0.000000e+00,0.000000e+00,0.000000e+00,0.000000e+00,0.000000e+00,0.000000e+00,0.000000e+00,0.000000e+00,0.000000e+00,0.000000e+00,0.000000e+00,0.000000e+00,0.000000e+00,0.000000e+00,0.000000e+00,0.000000e+00,0.000000e+00,0.000000e+00,0.000000e+00
1.730000e+01,5,5.000000e-01,5.000000e-01,5.000000e-01,5.000000e-01,5.000000e-01,2.073035e-27,5.000000e-01,5.000000e-01,5.000000e-01,5.000000e-01,5.000000e-01,5.000000e-01,5.000000e-01,5.000000e-01,5.000000e-01,5.000000e-01,5.000000e-01,5.000000e-01,5.000000e-01,5.000000e-01,5.000000e-01,5.000000e-01,5.000000e-01,5.000000e-01,5.000000e-01,5.000000e-01,5.000000e-01,5.000000e-01,0.000000e+00,0.000000e+00,0.000000e+00,0.000000e+00,0.000000e+00,3.000000e-01,0.000000e+00,0.000000e+00,0.000000e+00,0.000000e+00,0.000000e+00,0.000000e+00,0.000000e+00,0.000000e+00,0.000000e+00,0.000000e+00,0.000000e+00,0.000000e+00,0.000000e+00,0.000000e+00,0.000000e+00,0.000000e+00,0.000000e+00,0.000000e+00,0.000000e+00,0.000000e+00,0.000000e+00,0.000000e+00
1.740000e+01,5,5.000000e-01,5.000000e-01,5.000000e-01,5.000000e-01,5.000000e-01,3.883776e-04,5.000000e-01,5.000000e-01,5.000000e-01,5.000000e-01,5.000000e-01,5.000000e-01,5.000000e-01,5.000000e-01,5.000000e-01,5.000000e-01,5.000000e-01,5.000000e-01,5.000000e-01,5.000000e-01,5.000000e-01,5.000000e-01,5.000000e-01,5.000000e-01,5.000000e-01,5.000000e-01,5.000000e-01,5.000000e-01,0.000000e+00,0.000000e+00,0.000000e+00,0.000000e+00,0.000000e+00,2.198664e-01,0.000000e+00,0.000000e+00,0.000000e+00,0.000000e+00,0.000000e+00,0.000000e+00,0.000000e+00,0.000000e+00,0.000000e+00,0.000000e+00,0.000000e+00,0.000000e+00,0.000000e+00,0.000000e+00,0.000000e+00,0.000000e+00,0.000000e+00,0.000000e+00,0.000000e+00,0.000000e+00,0.000000e+00,0.000000e+00
1.750000e+01,12,5.000000e-01,5.000000e-01,5.000000e-01,5.000000e-01,5.000000e-01,5.000000e-01,5.000000e-01,5.000000e-01,5.000000e-01,5.000000e-01,5.000000e-01,5.000000e-01,2.217365e-03,5.000000e-01,5.000000e-01,5.000000e-01,5.000000e-01,5.000000e-01,5.000000e-01,5.000000e-01,5.000000e-01,5.000000e-01,5.000000e-01,5.000000e-01,5.000000e-01,5.000000e-01,5.000000e-01,5.000000e-01,0.000000e+00,0.000000e+00,0.000000e+00,0.000000e+00,0.000000e+00,0.000000e+00,0.000000e+00,0.000000e+00,0.000000e+00,0.000000e+00,0.000000e+00,0.000000e+00,5.080124e-02,0.000000e+00,0.000000e+00,0.000000e+00,0.000000e+00,0.000000e+00,0.000000e+00,0.000000e+00,0.000000e+00,0.000000e+00,0.000000e+00,0.000000e+00,0.000000e+00,0.000000e+00,0.000000e+00,0.000000e+00
1.760000e+01,12,5.000000e-01,5.000000e-01,5.000000e-01,5.000000e-01,5.000000e-01,5.000000e-01,5.000000e-01,5.000000e-01,5.000000e-01,5.000000e-01,5.000000e-01,5.000000e-01,6.153646e-03,5.000000e-01,5.000000e-01,5.000000e-01,5.000000e-01,5.000000e-01,5.000000e-01,5.000000e-01,5.000000e-01,5.000000e-01,5.000000e-01,5.000000e-01,5.000000e-01,5.000000e-01,5.000000e-01,5.000000e-01,0.000000e+00,0.000000e+00,0.000000e+00,0.000000e+00,0.000000e+00,0.000000e+00,0.000000e+00,0.000000e+00,0.000000e+00,0.000000e+00,0.000000e+00,0.000000e+00,2.150405e-03,0.000000e+00,0.000000e+00,0.000000e+00,0.000000e+00,0.000000e+00,0.000000e+00,0.000000e+00,0.000000e+00,0.000000e+00,0.000000e+00,0.000000e+00,0.000000e+00,0.000000e+00,0.000000e+00,0.000000e+00
1.770000e+01,13,5.000000e-01,5.000000e-01,5.000000e-01,5.000000e-01,5.000000e-01,5.000000e-01,5.000000e-01,5.000000e-01,5.000000e-01,5.000000e-01,5.000000e-01,5.000000e-01,5.000000e-01,1.289572e-02,5.000000e-01,5.000000e-01,5.000000e-01,5.000000e-01,5.000000e-01,5.000000e-01,5.000000e-01,5.000000e-01,5.000000e-01,5.000000e-01,5.000000e-01,5.000000e-01,5.000000e-01,5.000000e-01,0.000000e+00,0.000000e+00,0.000000e+00,0.000000e+00,0.000000e+00,0.000000e+00,0.000000e+00,0.000000e+00,0.000000e+00,0.000000e+00,0.000000e+00,0.000000e+00,0.000000e+00,9.280060e-06,0.000000e+00,0.000000e+00,0.000000e+00,0.000000e+00,0.000000e+00,0.000000e+00,0.000000e+00,0.000000e+00,0.000000e+00,0.000000e+00,0.000000e+00,0.000000e+00,0.000000e+00,0.000000e+00
1.780000e+01,13,5.000000e-01,5.000000e-01,5.000000e-01,5.000000e-01,5.000000e-01,5.000000e-01,1.977647e-02,5.000000e-01,5.000000e-01,5.000000e-01,5.000000e-01,5.000000e-01,5.000000e-01,1.859249e-02,5.000000e-01,5.000000e-01,5.000000e-01,5.000000e-01,5.000000e-01,5.000000e-01,5.000000e-01,5.000000e-01,5.000000e-01,5.000000e-01,5.000000e-01,5.000000e-01,5.000000e-01,5.000000e-01,0.000000e+00,0.000000e+00,0.000000e+00,0.000000e+00,0.000000e+00,0.000000e+00,3.445242e-08,0.000000e+00,0.000000e+00,0.000000e+00,0.000000e+00,0.000000e+00,0.000000e+00,9.049489e-08,0.000000e+00,0.000000e+00,0.000000e+00,0.000000e+00,0.000000e+00,0.000000e+00,0.000000e+00,0.000000e+00,0.000000e+00,0.000000e+00,0.000000e+00,0.000000e+00,0.000000e+00,0.000000e+00
1.790000e+01,13,5.000000e-01,5.000000e-01,5.000000e-01,5.000000e-01,5.000000e-01,5.000000e-01,5.000000e-01,5.000000e-01,5.000000e-01,5.000000e-01,5.000000e-01,5.000000e-01,5.000000e-01,1.302495e-02,5.000000e-01,5.000000e-01,5.000000e-01,5.000000e-01,5.000000e-01,5.000000e-01,5.000000e-01,5.000000e-01,5.000000e-01,5.000000e-01,5.000000e-01,5.000000e-01,5.000000e-01,5.000000e-01,0.000000e+00,0.000000e+00,0.000000e+00,0.000000e+00,0.000000e+00,0.000000e+00,0.000000e+00,0.000000e+00,0.000000e+00,0.000000e+00,0.000000e+00,0.000000e+00,0.000000e+00,8.357174e-06,0.000000e+00,0.000000e+00,0.000000e+00,0.000000e+00,0.000000e+00,0.000000e+00,0.000000e+00,0.000000e+00,0.000000e+00,0.000000e+00,0.000000e+00,0.000000e+00,0.000000e+00,0.000000e+00
1.800000e+01,-1,5.000000e-01,5.000000e-01,5.000000e-01,5.000000e-01,5.000000e-01,5.000000e-01,5.000000e-01,5.000000e-01,5.000000e-01,5.000000e-01,5.000000e-01,5.000000e-01,5.000000e-01,5.000000e-01,5.000000e-01,5.000000e-01,5.000000e-01,5.000000e-01,5.000000e-01,5.000000e-01,5.000000e-01,5.000000e-01,5.000000e-01,5.000000e-01,5.000000e-01,5.000000e-01,5.000000e-01,5.000000e-01,0.000000e+00,0.000000e+00,0.000000e+00,0.000000e+00,0.000000e+00,0.000000e+00,0.000000e+00,0.000000e+00,0.000000e+00,0.000000e+00,0.000000e+00,0.000000e+00,0.000000e+00,0.000000e+00,0.000000e+00,0.000000e+00,0.000000e+00,0.000000e+00,0.000000e+00,0.000000e+00,0.000000e+00,0.000000e+00,0.000000e+00,0.000000e+00,0.000000e+00,0.000000e+00,0.000000e+00,0.000000e+00
1.810000e+01,12,5.000000e-01,5.000000e-01,5.000000e-01,5.000000e-01,5.000000e-01,3.890041e-02,5.000000e-01,5.000000e-01,5.000000e-01,5.000000e-01,5.000000e-01,5.000000e-01,3.793916e-02,5.000000e-01,5.000000e-01,5.000000e-01,5.000000e-01,5.000000e-01,5.000000e-01,5.000000e-01,5.000000e-01,5.000000e-01,5.000000e-01,5.000000e-01,5.000000e-01,5.000000e-01,5.000000e-01,5.000000e-01,0.000000e+00,0.000000e+00,0.000000e+00,0.000000e+00,0.000000e+00,4.929390e-15,0.000000e+00,0.000000e+00,0.000000e+00,0.000000e+00,0.000000e+00,0.000000e+00,1.095790e-14,0.000000e+00,0.000000e+00,0.000000e+00,0.000000e+00,0.000000e+00,0.000000e+00,0.000000e+00,0.000000e+00,0.000000e+00,0.000000e+00,0.000000e+00,0.000000e+00,0.000000e+00,0.000000e+00,0.000000e+00
1.820000e+01,5,5.000000e-01,5.000000e-01,5.000000e-01,5.000000e-01,5.000000e-01,4.151279e-04,5.000000e-01,5.000000e-01,5.000000e-01,5.000000e-01,5.000000e-01,5.000000e-01,5.000000e-01,5.000000e-01,5.000000e-01,5.000000e-01,5.000000e-01,5.000000e-01,5.000000e-01,5.000000e-01,5.000000e-01,5.000000e-01,5.000000e-01,5.000000e-01,5.000000e-01,5.000000e-01,5.000000e-01,5.000000e-01,0.000000e+00,0.000000e+00,0.000000e+00,0.000000e+00,0.000000e+00,2.152093e-01,0.000000e+00,0.000000e+00,0.000000e+00,0.000000e+00,0.000000e+00,0.000000e+00,0.000000e+00,0.000000e+00,0.000000e+00,0.000000e+00,0.000000e+00,0.000000e+00,0.000000e+00,0.000000e+00,0.000000e+00,0.000000e+00,0.000000e+00,0.000000e+00,0.000000e+00,0.000000e+00,0.000000e+00,0.000000e+00
1.830000e+01,-1,5.000000e-01,5.000000e-01,5.000000e-01,5.000000e-01,5.000000e-01,5.000000e-01,5.000000e-01,5.000000e-01,5.000000e-01,5.000000e-01,5.000000e-01,5.000000e-01,5.000000e-01,5.000000e-01,5.000000e-01,5.000000e-01,5.000000e-01,5.000000e-01,5.000000e-01,5.000000e-01,5.000000e-01,5.000000e-01,5.000000e-01,5.000000e-01,5.000000e-01,5.000000e-01,5.000000e-01,5.000000e-01,0.000000e+00,0.000000e+00,0.000000e+00,0.000000e+00,0.000000e+00,0.000000e+00,0.000000e+00,0.000000e+00,0.000000e+00,0.000000e+00,0.000000e+00,0.000000e+00,0.000000e+00,0.000000e+00,0.000000e+00,0.000000e+00,0.000000e+00,0.000000e+00,0.000000e+00,0.000000e+00,0.000000e+00,0.000000e+00,0.000000e+00,0.000000e+00,0.000000e+00,0.000000e+00,0.000000e+00,0.000000e+00
1.840000e+01,-1,5.000000e-01,5.000000e-01,5.000000e-01,5.000000e-01,5.000000e-01,5.000000e-01,5.000000e-01,5.000000e-01,5.000000e-01,5.000000e-01,5.000000e-01,5.000000e-01,5.000000e-01,5.000000e-01,5.000000e-01,5.000000e-01,5.000000e-01,5.000000e-01,5.000000e-01,5.000000e-01,5.000000e-01,5.000000e-01,5.000000e-01,5.000000e-01,5.000000e-01,5.000000e-01,5.000000e-01,5.000000e-01,0.000000e+00,0.000000e+00,0.000000e+00,0.000000e+00,0.000000e+00,0.000000e+00,0.000000e+00,0.000000e+00,0.000000e+00,0.000000e+00,0.000000e+00,0.000000e+00,0.000000e+00,0.000000e+00,0.000000e+00,0.000000e+00,0.000000e+00,0.000000e+00,0.000000e+00,0.000000e+00,0.000000e+00,0.000000e+00,0.000000e+00,0.000000e+00,0.000000e+00,0.000000e+00,0.000000e+00,0.000000e+00
1.850000e+01,12,5.000000e-01,5.000000e-01,5.000000e-01,5.000000e-01,5.000000e-01,5.000000e-01,5.000000e-01,5.000000e-01,5.000000e-01,5.000000e-01,5.000000e-01,5.000000e-01,1.609066e-04,5.000000e-01,5.000000e-01,5.000000e-01,5.000000e-01,5.000000e-01,5.000000e-01,5.000000e-01,5.000000e-01,5.000000e-01,5.000000e-01,5.000000e-01,5.000000e-01,5.000000e-01,5.000000e-01,5.000000e-01,0.000000e+00,0.000000e+00,0.000000e+00,0.000000e+00,0.000000e+00,0.000000e+00,0.000000e+00,0.000000e+00,0.000000e+00,0.000000e+00,0.000000e+00,0.000000e+00,2.637619e-01,0.000000e+00,0.000000e+00,0.000000e+00,0.000000e+00,0.000000e+00,0.000000e+00,0.000000e+00,0.000000e+00,0.000000e+00,0.000000e+00,0.000000e+00,0.000000e+00,0.000000e+00,0.000000e+00,0.000000e+00
1.860000e+01,12,5.000000e-01,5.000000e-01,5.000000e-01,5.000000e-01,5.000000e-01,5.000000e-01,5.000000e-01,5.000000e-01,5.000000e-01,5.000000e-01,5.000000e-01,5.000000e-01,3.228550e-15,5.000000e-01,5.000000e-01,5.000000e-01,5.000000e-01,5.000000e-01,5.000000e-01,5.000000e-01,5.000000e-01,5.000000e-01,5.000000e-01,5.000000e-01,5.000000e-01,5.000000e-01,5.000000e-01,5.000000e-01,0.000000e+00,0.000000e+00,0.000000e+00,0.000000e+00,0.000000e+00,0.000000e+00,0.000000e+00,0.000000e+00,0.000000e+00,0.000000e+00,0.000000e+00,0.000000e+00,3.000000e-01,0.000000e+00,0.000000e+00,0.000000e+00,0.000000e+00,0.000000e+00,0.000000e+00,0.000000e+00,0.000000e+00,0.000000e+00,0.000000e+00,0.000000e+00,0.000000e+00,0.000000e+00,0.000000e+00,0.000000e+00
1.870000e+01,12,5.000000e-01,5.000000e-01,5.000000e-01,5.000000e-01,5.000000e-01,5.000000e-01,5.000000e-01,5.000000e-01,5.000000e-01,5.000000e-01,5.000000e-01,5.000000e-01,2.372051e-53,5.000000e-01,5.000000e-01,5.000000e-01,5.000000e-01,5.000000e-01,5.000000e-01,5.000000e-01,5.000000e-01,5.000000e-01,5.000000e-01,5.000000e-01,5.000000e-01,5.000000e-01,5.000000e-01,5.000000e-01,0.000000e+00,0.000000e+00,0.000000e+00,0.000000e+00,0.000000e+00,0.000000e+00,0.000000e+00,0.000000e+00,0.000000e+00,0.000000e+00,0.000000e+00,0.000000e+00,3.000000e-01,0.000000e+00,0.000000e+00,0.000000e+00,0.000000e+00,0.000000e+00,0.000000e+00,0.000000e+00,0.000000e+00,0.000000e+00,0.000000e+00,0.000000e+00,0.000000e+00,0.000000e+00,0.000000e+00,0.000000e+00
1.880000e+01,12,5.000000e-01,5.000000e-01,5.000000e-01,5.000000e-01,5.000000e-01,5.000000e-01,5.000000e-01,5.000000e-01,5.000000e-01,5.000000e-01,5.000000e-01,5.000000e-01,1.993368e-47,5.000000e-01,5.000000e-01,5.000000e-01,5.000000e-01,5.000000e-01,5.000000e-01,5.000000e-01,5.000000e-01,5.000000e-01,5.000000e-01,5.000000e-01,5.000000e-01,5.000000e-01,5.000000e-01,5.000000e-01,0.000000e+00,0.000000e+00,0.000000e+00,0.000000e+00,0.000000e+00,0.000000e+00,0.000000e+00,0.000000e+00,0.000000e+00,0.000000e+00,0.000000e+00,0.000000e+00,3.000000e-01,0.000000e+00,0.000000e+00,0.000000e+00,0.000000e+00,0.000000e+00,0.000000e+00,0.000000e+00,0.000000e+00,0.000000e+00,0.000000e+00,0.000000e+00,0.000000e+00,0.000000e+00,0.000000e+00,0.000000e+00
1.890000e+01,12,5.000000e-01,5.000000e-01,5.000000e-01,5.000000e-01,5.000000e-01,5.000000e-01,5.000000e-01,5.000000e-01,5.000000e-01,5.000000e-01,5.000000e-01,5.000000e-01,8.729800e-12,5.000000e-01,5.000000e-01,5.000000e-01,5.000000e-01,5.000000e-01,5.000000e-01,5.000000e-01,5.000000e-01,5.000000e-01,5.000000e-01,5.000000e-01,5.000000e-01,5.000000e-01,5.000000e-01,5.000000e-01,0.000000e+00,0.000000e+00,0.000000e+00,0.000000e+00,0.000000e+00,0.000000e+00,0.000000e+00,0.000000e+00,0.000000e+00,0.000000e+00,0.000000e+00,0.000000e+00,3.000000e-01,0.000000e+00,0.000000e+00,0.000000e+00,0.000000e+00,0.000000e+00,0.000000e+00,0.000000e+00,0.000000e+00,0.000000e+00,0.000000e+00,0.000000e+00,0.000000e+00,0.000000e+00,0.000000e+00,0.000000e+00
1.900000e+01,12,5.000000e-01,5.000000e-01,5.000000e-01,5.000000e-01,5.000000e-01,5.000000e-01,5.000000e-01,5.000000e-01,5.000000e-01,5.000000e-01,5.000000e-01,5.000000e-01,6.160085e-19,5.000000e-01,5.000000e-01,5.000000e-01,5.000000e-01,5.000000e-01,5.000000e-01,5.000000e-01,5.000000e-01,5.000000e-01,5.000000e-01,5.000000e-01,5.000000e-01,5.000000e-01,5.000000e-01,5.000000e-01,0.000000e+00,0.000000e+00,0.000000e+00,0.000000e+00,0.000000e+00,0.000000e+00,0.000000e+00,0.000000e+00,0.000000e+00,0.000000e+00,0.000000e+00,0.000000e+00,3.000000e-01,0.000000e+00,0.000000e+00,0.000000e+00,0.000000e+00,0.000000e+00,0.000000e+00,0.000000e+00,0.000000e+00,0.000000e+00,0.000000e+00,0.000000e+00,0.000000e+00,0.000000e+00,0.000000e+00,0.000000e+00
1.910000e+01,12,5.000000e-01,5.000000e-01,5.000000e-01,5.000000e-01,5.000000e-01,5.000000e-01,5.000000e-01,5.000000e-01,5.000000e-01,5.000000e-01,5.000000e-01,5.000000e-01,2.552981e-48,5.000000e-01,5.000000e-01,5.000000e-01,5.000000e-01,5.000000e-01,5.000000e-01,5.000000e-01,5.000000e-01,5.000000e-01,5.000000e-01,5.000000e-01,5.000000e-01,5.000000e-01,5.000000e-01,5.000000e-01,0.000000e+00,0.000000e+00,0.000000e+00,0.000000e+00,0.000000e+00,0.000000e+00,0.000000e+00,0.000000e+00,0.000000e+00,0.000000e+00,0.000000e+00,0.000000e+00,3.000000e-01,0.000000e+00,0.000000e+00,0.000000e+00,0.000000e+00,0.000000e+00,0.000000e+00,0.000000e+00,0.000000e+00,0.000000e+00,0.000000e+00,0.000000e+00,0.000000e+00,0.000000e+00,0.000000e+00,0.000000e+00
1.920000e+01,12,5.000000e-01,5.000000e-01,5.000000e-01,5.000000e-01,5.000000e-01,5.000000e-01,5.000000e-01,5.000000e-01,5.000000e-01,5.000000e-01,5.000000e-01,5.000000e-01,8.078126e-39,5.000000e-01,5.000000e-01,5.000000e-01,5.000000e-01,5.000000e-01,5.000000e-01,5.000000e-01,5.000000e-01,5.000000e-01,5.000000e-01,5.000000e-01,5.000000e-01,5.000000e-01,5.000000e-01,5.000000e-01,0.000000e+00,0.000000e+00,0.000000e+00,0.000000e+00,0.000000e+00,0.000000e+00,0.000000e+00,0.000000e+00,0.000000e+00,0.000000e+00,0.000000e+00,0.000000e+00,3.000000e-01,0.000000e+00,0.000000e+00,0.000000e+00,0.000000e+00,0.000000e+00,0.000000e+00,0.000000e+00,0.000000e+00,0.000000e+00,0.000000e+00,0.000000e+00,0.000000e+00,0.000000e+00,0.000000e+00,0.000000e+00
1.930000e+01,12,5.000000e-01,5.000000e-01,5.000000e-01,5.000000e-01,5.000000e-01,5.000000e-01,5.000000e-01,5.000000e-01,5.000000e-01,5.000000e-01,5.000000e-01,5.000000e-01,4.295246e-07,5.000000e-01,5.000000e-01,5.000000e-01,5.000000e-01,5.000000e-01,5.000000e-01,5.000000e-01,5.000000e-01,5.000000e-01,5.000000e-01,5.000000e-01,5.000000e-01,5.000000e-01,5.000000e-01,5.000000e-01,0.000000e+00,0.000000e+00,0.000000e+00,0.000000e+00,0.000000e+00,0.000000e+00,0.000000e+00,0.000000e+00,0.000000e+00,0.000000e+00,0.000000e+00,0.000000e+00,2.998969e-01,0.000000e+00,0.000000e+00,0.000000e+00,0.000000e+00,0.000000e+00,0.000000e+00,0.000000e+00,0.000000e+00,0.000000e+00,0.000000e+00,0.000000e+00,0.000000e+00,0.000000e+00,0.000000e+00,0.000000e+00
1.940000e+01,5,5.000000e-01,5.000000e-01,5.000000e-01,5.000000e-01,5.000000e-01,1.748895e-02,5.000000e-01,5.000000e-01,5.000000e-01,5.000000e-01,5.000000e-01,5.000000e-01,5.000000e-01,5.000000e-01,5.000000e-01,5.000000e-01,5.000000e-01,5.000000e-01,5.000000e-01,5.000000e-01,5.000000e-01,5.000000e-01,5.000000e-01,5.000000e-01,5.000000e-01,5.000000e-01,5.000000e-01,5.000000e-01,0.000000e+00,0.000000e+00,0.000000e+00,0.000000e+00,0.000000e+00,2.223696e-07,0.000000e+00,0.000000e+00,0.000000e+00,0.000000e+00,0.000000e+00,0.000000e+00,0.000000e+00,0.000000e+00,0.000000e+00,0.000000e+00,0.000000e+00,0.000000e+00,0.000000e+00,0.000000e+00,0.000000e+00,0.000000e+00,0.000000e+00,0.000000e+00,0.000000e+00,0.000000e+00,0.000000e+00,0.000000e+00
1.950000e+01,5,5.000000e-01,5.000000e-01,5.000000e-01,5.000000e-01,5.000000e-01,1.095463e-11,5.000000e-01,5.000000e-01,5.000000e-01,5.000000e-01,5.000000e-01,5.000000e-01,5.000000e-01,5.000000e-01,5.000000e-01,5.000000e-01,5.000000e-01,5.000000e-01,5.000000e-01,5.000000e-01,5.000000e-01,5.000000e-01,5.000000e-01,5.000000e-01,5.000000e-01,5.000000e-01,5.000000e-01,5.000000e-01,0.000000e+00,0.000000e+00,0.000000e+00,0.000000e+00,0.000000e+00,3.000000e-01,0.000000e+00,0.000000e+00,0.000000e+00,0.000000e+00,0.000000e+00,0.000000e+00,0.000000e+00,0.000000e+00,0.000000e+00,0.000000e+00,0.000000e+00,0.000000e+00,0.000000e+00,0.000000e+00,0.000000e+00,0.000000e+00,0.000000e+00,0.000000e+00,0.000000e+00,0.000000e+00,0.000000e+00,0.000000e+00
1.960000e+01,5,5.000000e-01,5.000000e-01,5.000000e-01,5.000000e-01,5.000000e-01,1.228770e-36,5.000000e-01,5.000000e-01,5.000000e-01,5.000000e-01,5.000000e-01,5.000000e-01,5.000000e-01,5.000000e-01,5.000000e-01,5.000000e-01,5.000000e-01,5.000000e-01,5.000000e-01,5.000000e-01,5.000000e-01,5.000000e-01,5.000000e-01,5.000000e-01,5.000000e-01,5.000000e-01,5.000000e-01,5.000000e-01,0.000000e+00,0.000000e+00,0.000000e+00,0.000000e+00,0.000000e+00,3.000000e-01,0.000000e+00,0.000000e+00,0.000000e+00,0.000000e+00,0.000000e+00,0.000000e+00,0.000000e+00,0.000000e+00,0.000000e+00,0.000000e+00,0.000000e+00,0.000000e+00,0.000000e+00,0.000000e+00,0.000000e+00,0.000000e+00,0.000000e+00,0.000000e+00,0.000000e+00,0.000000e+00,0.000000e+00,0.000000e+00
1.970000e+01,5,5.000000e-01,5.000000e-01,5.000000e-01,5.000000e-01,5.000000e-01,1.144912e-21,5.000000e-01,5.000000e-01,5.000000e-01,5.000000e-01,5.000000e-01,5.000000e-01,5.000000e-01,5.000000e-01,5.000000e-01,5.000000e-01,5.000000e-01,5.000000e-01,5.000000e-01,5.000000e-01,5.000000e-01,5.000000e-01,5.000000e-01,5.000000e-01,5.000000e-01,5.000000e-01,5.000000e-01,5.000000e-01,0.000000e+00,0.000000e+00,0.000000e+00,0.000000e+00,0.000000e+00,3.000000e-01,0.000000e+00,0.000000e+00,0.000000e+00,0.000000e+00,0.000000e+00,0.000000e+00,0.000000e+00,0.000000e+00,0.000000e+00,0.000000e+00,0.000000e+00,0.000000e+00,0.000000e+00,0.000000e+00,0.000000e+00,0.000000e+00,0.000000e+00,0.000000e+00,0.000000e+00,0.000000e+00,0.000000e+00,0.000000e+00
1.980000e+01,5,5.000000e-01,5.000000e-01,5.000000e-01,5.000000e-01,5.000000e-01,1.705689e-19,5.000000e-01,5.000000e-01,5.000000e-01,5.000000e-01,5.000000e-01,5.000000e-01,5.000000e-01,5.000000e-01,5.000000e-01,5.000000e-01,5.000000e-01,5.000000e-01,5.000000e-01,5.000000e-01,5.000000e-01,5.000000e-01,5.000000e-01,5.000000e-01,5.000000e-01,5.000000e-01,5.000000e-01,5.000000e-01,0.000000e+00,0.000000e+00,0.000000e+00,0.000000e+00,0.000000e+00,3.000000e-01,0.000000e+00,0.000000e+00,0.000000e+00,0.000000e+00,0.000000e+00,0.000000e+00,0.000000e+00,0.000000e+00,0.000000e+00,0.000000e+00,0.000000e+00,0.000000e+00,0.000000e+00,0.000000e+00,0.000000e+00,0.000000e+00,0.000000e+00,0.000000e+00,0.000000e+00,0.000000e+00,0.000000e+00,0.000000e+00
1.990000e+01,5,5.000000e-01,5.000000e-01,5.000000e-01,5.000000e-01,5.000000e-01,1.189456e-08,5.000000e-01,5.000000e-01,5.000000e-01,5.000000e-01,5.000000e-01,5.000000e-01,5.000000e-01,5.000000e-01,5.000000e-01,5.000000e-01,5.000000e-01,5.000000e-01,5.000000e-01,5.000000e-01,5.000000e-01,5.000000e-01,5.000000e-01,5.000000e-01,5.000000e-01,5.000000e-01,5.000000e-01,5.000000e-01,0.000000e+00,0.000000e+00,0.000000e+00,0.000000e+00,0.000000e+00,2.999971e-01,0.000000e+00,0.000000e+00,0.000000e+00,0.000000e+00,0.000000e+00,0.000000e+00,0.000000e+00,0.000000e+00,0.000000e+00,0.000000e+00,0.000000e+00,0.000000e+00,0.000000e+00,0.000000e+00,0.000000e+00,0.000000e+00,0.000000e+00,0.000000e+00,0.000000e+00,0.000000e+00,0.000000e+00,0.000000e+00
2.000000e+01,5,5.000000e-01,5.000000e-01,5.000000e-01,5.000000e-01,5.000000e-01,1.974290e-13,5.000000e-01,5.000000e-01,5.000000e-01,5.000000e-01,5.000000e-01,5.000000e-01,5.000000e-01,5.000000e-01,5.000000e-01,5.000000e-01,5.000000e-01,5.000000e-01,5.000000e-01,5.000000e-01,5.000000e-01,5.000000e-01,5.000000e-01,5.000000e-01,5.000000e-01,5.000000e-01,5.000000e-01,5.000000e-01,0.000000e+00,0.000000e+00,0.000000e+00,0.000000e+00,0.000000e+00,3.000000e-01,0.000000e+00,0.000000e+00,0.000000e+00,0.000000e+00,0.000000e+00,0.000000e+00,0.000000e+00,0.000000e+00,0.000000e+00,0.000000e+00,0.000000e+00,0.000000e+00,0.000000e+00,0.000000e+00,0.000000e+00,0.000000e+00,0.000000e+00,0.000000e+00,0.000000e+00,0.000000e+00,0.000000e+00,0.000000e+00
2.010000e+01,5,5.000000e-01,5.000000e-01,5.000000e-01,5.000000e-01,5.000000e-01,2.708987e-15,5.000000e-01,5.000000e-01,5.000000e-01,5.000000e-01,5.000000e-01,5.000000e-01,5.000000e-01,5.000000e-01,5.000000e-01,5.000000e-01,5.000000e-01,5.000000e-01,5.000000e-01,5.000000e-01,5.000000e-01,5.000000e-01,5.000000e-01,5.000000e-01,5.000000e-01,5.000000e-01,5.000000e-01,5.000000e-01,0.000000e+00,0.000000e+00,0.000000e+00,0.000000e+00,0.000000e+00,3.000000e-01,0.000000e+00,0.000000e+00,0.000000e+00,0.000000e+00,0.000000e+00,0.000000e+00,0.000000e+00,0.000000e+00,0.000000e+00,0.000000e+00,0.000000e+00,0.000000e+00,0.000000e+00,0.000000e+00,0.000000e+00,0.000000e+00,0.000000e+00,0.000000e+00,0.000000e+00,0.000000e+00,0.000000e+00,0.000000e+00
2.020000e+01,5,5.000000e-01,5.000000e-01,5.000000e-01,5.000000e-01,5.000000e-01,4.833391e-35,5.000000e-01,5.000000e-01,5.000000e-01,5.000000e-01,5.000000e-01,5.000000e-01,5.000000e-01,5.000000e-01,5.000000e-01,5.000000e-01,5.000000e-01,5.000000e-01,5.000000e-01,5.000000e-01,5.000000e-01,5.000000e-01,5.000000e-01,5.000000e-01,5.000000e-01,5.000000e-01,5.000000e-01,5.000000e-01,0.000000e+00,0.000000e+00,0.000000e+00,0.000000e+00,0.000000e+00,3.000000e-01,0.000000e+00,0.000000e+00,0.000000e+00,0.000000e+00,0.000000e+00,0.000000e+00,0.000000e+00,0.000000e+00,0.000000e+00,0.000000e+00,0.000000e+00,0.000000e+00,0.000000e+00,0.000000e+00,0.000000e+00,0.000000e+00,0.000000e+00,0.000000e+00,0.000000e+00,0.000000e+00,0.000000e+00,0.000000e+00
2.030000e+01,5,5.000000e-01,5.000000e-01,5.000000e-01,5.000000e-01,5.000000e-01,1.870344e-13,5.000000e-01,5.000000e-01,5.000000e-01,5.000000e-01,5.000000e-01,5.000000e-01,5.000000e-01,5.000000e-01,5.000000e-01,5.000000e-01,5.000000e-01,5.000000e-01,5.000000e-01,5.000000e-01,5.000000e-01,5.000000e-01,5.000000e-01,5.000000e-01,5.000000e-01,5.000000e-01,5.000000e-01,5.000000e-01,0.000000e+00,0.000000e+00,0.000000e+00,0.000000e+00,0.000000e+00,3.000000e-01,0.000000e+00,0.000000e+00,0.000000e+00,0.000000e+00,0.000000e+00,0.000000e+00,0.000000e+00,0.000000e+00,0.000000e+00,0.000000e+00,0.000000e+00,0.000000e+00,0.000000e+00,0.000000e+00,0.000000e+00,0.000000e+00,0.000000e+00,0.000000e+00,0.000000e+00,0.000000e+00,0.000000e+00,0.000000e+00
2.040000e+01,5,5.000000e-01,5.000000e-01,5.000000e-01,5.000000e-01,5.000000e-01,1.088671e-02,5.000000e-01,5.000000e-01,5.000000e-01,5.000000e-01,5.000000e-01,5.000000e-01,5.000000e-01,5.000000e-01,5.000000e-01,5.000000e-01,5.000000e-01,5.000000e-01,5.000000e-01,5.000000e-01,5.000000e-01,5.000000e-01,5.000000e-01,5.000000e-01,5.000000e-01,5.000000e-01,5.000000e-01,5.000000e-01,0.000000e+00,0.000000e+00,0.000000e+00,0.000000e+00,0.000000e+00,4.720107e-05,0.000000e+00,0.000000e+00,0.000000e+00,0.000000e+00,0.000000e+00,0.000000e+00,0.000000e+00,0.000000e+00,0.000000e+00,0.000000e+00,0.000000e+00,0.000000e+00,0.000000e+00,0.000000e+00,0.000000e+00,0.000000e+00,0.000000e+00,0.000000e+00,0.000000e+00,0.000000e+00,0.000000e+00,0.000000e+00
2.050000e+01,12,5.000000e-01,5.000000e-01,5.000000e-01,5.000000e-01,5.000000e-01,5.000000e-01,5.000000e-01,5.000000e-01,5.000000e-01,5.000000e-01,5.000000e-01,5.000000e-01,2.329375e-03,5.000000e-01,5.000000e-01,5.000000e-01,5.000000e-01,5.000000e-01,5.000000e-01,5.000000e-01,5.000000e-01,5.000000e-01,5.000000e-01,5.000000e-01,5.000000e-01,5.000000e-01,5.000000e-01,5.000000e-01,0.000000e+00,0.000000e+00,0.000000e+00,0.000000e+00,0.000000e+00,0.000000e+00,0.000000e+00,0.000000e+00,0.000000e+00,0.000000e+00,0.000000e+00,0.000000e+00,4.643758e-02,0.000000e+00,0.000000e+00,0.000000e+00,0.000000e+00,0.000000e+00,0.000000e+00,0.000000e+00,0.000000e+00,0.000000e+00,0.000000e+00,0.000000e+00,0.000000e+00,0.000000e+00,0.000000e+00,0.000000e+00
2.060000e+01,12,5.000000e-01,5.000000e-01,5.000000e-01,5.000000e-01,5.000000e-01,5.000000e-01,5.000000e-01,5.000000e-01,5.000000e-01,5.000000e-01,5.000000e-01,5.000000e-01,3.882066e-20,5.000000e-01,5.000000e-01,5.000000e-01,5.000000e-01,5.000000e-01,5.000000e-01,5.000000e-01,5.000000e-01,5.000000e-01,5.000000e-01,5.000000e-01,5.000000e-01,5.000000e-01,5.000000e-01,5.000000e-01,0.000000e+00,0.000000e+00,0.000000e+00,0.000000e+00,0.000000e+00,0.000000e+00,0.000000e+00,0.000000e+00,0.000000e+00,0.000000e+00,0.000000e+00,0.000000e+00,3.000000e-01,0.000000e+00,0.000000e+00,0.000000e+00,0.000000e+00,0.000000e+00,0.000000e+00,0.000000e+00,0.000000e+00,0.000000e+00,0.000000e+00,0.000000e+00,0.000000e+00,0.000000e+00,0.000000e+00,0.000000e+00
2.070000e+01,12,5.000000e-01,5.000000e-01,5.000000e-01,5.000000e-01,5.000000e-01,5.000000e-01,5.000000e-01,5.000000e-01,5.000000e-01,5.000000e-01,5.000000e-01,5.000000e-01,3.865046e-40,5.000000e-01,5.000000e-01,5.000000e-01,5.000000e-01,5.000000e-01,5.000000e-01,5.000000e-01,5.000000e-01,5.000000e-01,5.000000e-01,5.000000e-01,5.000000e-01,5.000000e-01,5.000000e-01,5.000000e-01,0.000000e+00,0.000000e+00,0.000000e+00,0.000000e+00,0.000000e+00,0.000000e+00,0.000000e+00,0.000000e+00,0.000000e+00,0.000000e+00,0.000000e+00,0.000000e+00,3.000000e-01,0.000000e+00,0.000000e+00,0.000000e+00,0.000000e+00,0.000000e+00,0.000000e+00,0.000000e+00,0.000000e+00,0.000000e+00,0.000000e+00,0.000000e+00,0.000000e+00,0.000000e+00,0.000000e+00,0.000000e+00
2.080000e+01,12,5.000000e-01,5.000000e-01,5.000000e-01,5.000000e-01,5.000000e-01,5.000000e-01,5.000000e-01,5.000000e-01,5.000000e-01,5.000000e-01,5.000000e-01,5.000000e-01,7.873491e-11,5.000000e-01,5.000000e-01,5.000000e-01,5.000000e-01,5.000000e-01,5.000000e-01,5.000000e-01,5.000000e-01,5.000000e-01,5.000000e-01,5.000000e-01,5.000000e-01,5.000000e-01,5.000000e-01,5.000000e-01,0.000000e+00,0.000000e+00,0.000000e+00,0.000000e+00,0.000000e+00,0.000000e+00,0.000000e+00,0.000000e+00,0.000000e+00,0.000000e+00,0.000000e+00,0.000000e+00,3.000000e-01,0.000000e+00,0.000000e+00,0.000000e+00,0.000000e+00,0.000000e+00,0.000000e+00,0.000000e+00,0.000000e+00,0.000000e+00,0.000000e+00,0.000000e+00,0.000000e+00,0.000000e+00,0.000000e+00,0.000000e+00
2.090000e+01,19,5.000000e-01,5.000000e-01,5.000000e-01,5.000000e-01,5.000000e-01,5.000000e-01,5.000000e-01,5.000000e-01,5.000000e-01,5.000000e-01,5.000000e-01,5.000000e-01,5.000000e-01,5.000000e-01,5.000000e-01,5.000000e-01,5.000000e-01,5.000000e-01,5.000000e-01,3.777850e-03,5.000000e-01,5.000000e-01,5.000000e-01,5.000000e-01,5.000000e-01,5.000000e-01,5.000000e-01,5.000000e-01,0.000000e+00,0.000000e+00,0.000000e+00,0.000000e+00,0.000000e+00,0.000000e+00,0.000000e+00,0.000000e+00,0.000000e+00,0.000000e+00,0.000000e+00,0.000000e+00,0.000000e+00,0.000000e+00,0.000000e+00,0.000000e+00,0.000000e+00,0.000000e+00,0.000000e+00,1.452366e-02,0.000000e+00,0.000000e+00,0.000000e+00,0.000000e+00,0.000000e+00,0.000000e+00,0.000000e+00,0.000000e+00
2.100000e+01,19,5.000000e-01,5.000000e-01,5.000000e-01,5.000000e-01,5.000000e-01,5.000000e-01,5.000000e-01,5.000000e-01,5.000000e-01,5.000000e-01,5.000000e-01,5.000000e-01,5.000000e-01,5.000000e-01,5.000000e-01,5.000000e-01,5.000000e-01,5.000000e-01,5.000000e-01,1.136976e-20,5.000000e-01,5.000000e-01,5.000000e-01,5.000000e-01,5.000000e-01,5.000000e-01,5.000000e-01,5.000000e-01,0.000000e+00,0.000000e+00,0.000000e+00,0.000000e+00,0.000000e+00,0.000000e+00,0.000000e+00,0.000000e+00,0.000000e+00,0.000000e+00,0.000000e+00,0.000000e+00,0.000000e+00,0.000000e+00,0.000000e+00,0.000000e+00,0.000000e+00,0.000000e+00,0.000000e+00,3.000000e-01,0.000000e+00,0.000000e+00,0.000000e+00,0.000000e+00,0.000000e+00,0.000000e+00,0.000000e+00,0.000000e+00
2.110000e+01,19,5.000000e-01,5.000000e-01,5.000000e-01,5.000000e-01,5.000000e-01,5.000000e-01,5.000000e-01,5.000000e-01,5.000000e-01,5.000000e-01,5.000000e-01,5.000000e-01,5.000000e-01,5.000000e-01,5.000000e-01,5.000000e-01,5.000000e-01,5.000000e-01,5.000000e-01,3.997354e-24,5.000000e-01,5.000000e-01,5.000000e-01,5.000000e-01,5.000000e-01,5.000000e-01,5.000000e-01,5.000000e-01,0.000000e+00,0.000000e+00,0.000000e+00,0.000000e+00,0.000000e+00,0.000000e+00,0.000000e+00,0.000000e+00,0.000000e+00,0.000000e+00,0.000000e+00,0.000000e+00,0.000000e+00,0.000000e+00,0.000000e+00,0.000000e+00,0.000000e+00,0.000000e+00,0.000000e+00,3.000000e-01,0.000000e+00,0.000000e+00,0.000000e+00,0.000000e+00,0.000000e+00,0.000000e+00,0.000000e+00,0.000000e+00
2.120000e+01,19,5.000000e-01,5.000000e-01,5.000000e-01,5.000000e-01,5.000000e-01,5.000000e-01,5.000000e-01,5.000000e-01,5.000000e-01,5.000000e-01,5.000000e-01,5.000000e-01,5.000000e-01,5.000000e-01,5.000000e-01,5.000000e-01,5.000000e-01,5.000000e-01,2.572485e-03,2.718331e-05,5.000000e-01,5.000000e-01,5.000000e-01,5.000000e-01,5.000000e-01,5.000000e-01,5.000000e-01,5.000000e-01,0.000000e+00,0.000000e+00,0.000000e+00,0.000000e+00,0.000000e+00,0.000000e+00,0.000000e+00,0.000000e+00,0.000000e+00,0.000000e+00,0.000000e+00,0.000000e+00,0.000000e+00,0.000000e+00,0.000000e+00,0.000000e+00,0.000000e+00,0.000000e+00,3.821174e-02,2.935463e-01,0.000000e+00,0.000000e+00,0.000000e+00,0.000000e+00,0.000000e+00,0.000000e+00,0.000000e+00,0.000000e+00
2.130000e+01,18,5.000000e-01,5.000000e-01,5.000000e-01,5.000000e-01,5.000000e-01,5.000000e-01,5.000000e-01,5.000000e-01,5.000000e-01,5.000000e-01,5.000000e-01,5.000000e-01,5.000000e-01,5.000000e-01,5.000000e-01,5.000000e-01,5.000000e-01,5.000000e-01,1.211555e-15,5.000000e-01,5.000000e-01,5.000000e-01,5.000000e-01,5.000000e-01,5.000000e-01,5.000000e-01,5.000000e-01,5.000000e-01,0.000000e+00,0.000000e+00,0.000000e+00,0.000000e+00,0.000000e+00,0.000000e+00,0.000000e+00,0.000000e+00,0.000000e+00,0.000000e+00,0.000000e+00,0.000000e+00,0.000000e+00,0.000000e+00,0.000000e+00,0.000000e+00,0.000000e+00,0.000000e+00,3.000000e-01,0.000000e+00,0.000000e+00,0.000000e+00,0.000000e+00,0.000000e+00,0.000000e+00,0.000000e+00,0.000000e+00,0.000000e+00
2.140000e+01,18,5.000000e-01,5.000000e-01,5.000000e-01,5.000000e-01,5.000000e-01,5.000000e-01,5.000000e-01,5.000000e-01,5.000000e-01,5.000000e-01,5.000000e-01,5.000000e-01,5.000000e-01,5.000000e-01,5.000000e-01,5.000000e-01,5.000000e-01,5.000000e-01,1.151027e-32,5.000000e-01,5.000000e-01,5.000000e-01,5.000000e-01,5.000000e-01,5.000000e-01,5.000000e-01,5.000000e-01,5.000000e-01,0.000000e+00,0.000000e+00,0.000000e+00,0.000000e+00,0.000000e+00,0.000000e+00,0.000000e+00,0.000000e+00,0.000000e+00,0.000000e+00,0.000000e+00,0.000000e+00,0.000000e+00,0.000000e+00,0.000000e+00,0.000000e+00,0.000000e+00,0.000000e+00,3.000000e-01,0.000000e+00,0.000000e+00,0.000000e+00,0.000000e+00,0.000000e+00,0.000000e+00,0.000000e+00,0.000000e+00,0.000000e+00
2.150000e+01,18,5.000000e-01,5.000000e-01,5.000000e-01,5.000000e-01,5.000000e-01,5.000000e-01,5.000000e-01,5.000000e-01,5.000000e-01,5.000000e-01,5.000000e-01,5.000000e-01,5.000000e-01,5.000000e-01,5.000000e-01,5.000000e-01,5.000000e-01,5.000000e-01,5.370367e-27,5.000000e-01,5.000000e-01,5.000000e-01,5.000000e-01,5.000000e-01,5.000000e-01,5.000000e-01,5.000000e-01,5.000000e-01,0.000000e+00,0.000000e+00,0.000000e+00,0.000000e+00,0.000000e+00,0.000000e+00,0.000000e+00,0.000000e+00,0.000000e+00,0.000000e+00,0.000000e+00,0.000000e+00,0.000000e+00,0.000000e+00,0.000000e+00,0.000000e+00,0.000000e+00,0.000000e+00,3.000000e-01,0.000000e+00,0.000000e+00,0.000000e+00,0.000000e+00,0.000000e+00,0.000000e+00,0.000000e+00,0.000000e+00,0.000000e+00
2.160000e+01,18,5.000000e-01,5.000000e-01,5.000000e-01,5.000000e-01,5.000000e-01,5.000000e-01,5.000000e-01,5.000000e-01,5.000000e-01,5.000000e-01,5.000000e-01,5.000000e-01,5.000000e-01,5.000000e-01,5.000000e-01,5.000000e-01,5.000000e-01,5.000000e-01,2.897793e-20,5.000000e-01,5.000000e-01,5.000000e-01,5.000000e-01,5.000000e-01,5.000000e-01,5.000000e-01,5.000000e-01,5.000000e-01,0.000000e+00,0.000000e+00,0.000000e+00,0.000000e+00,0.000000e+00,0.000000e+00,0.000000e+00,0.000000e+00,0.000000e+00,0.000000e+00,0.000000e+00,0.000000e+00,0.000000e+00,0.000000e+00,0.000000e+00,0.000000e+00,0.000000e+00,0.000000e+00,3.000000e-01,0.000000e+00,0.000000e+00,0.000000e+00,0.000000e+00,0.000000e+00,0.000000e+00,0.000000e+00,0.000000e+00,0.000000e+00
2.170000e+01,18,5.000000e-01,5.000000e-01,5.000000e-01,5.000000e-01,5.000000e-01,5.000000e-01,5.000000e-01,5.000000e-01,5.000000e-01,5.000000e-01,5.000000e-01,5.000000e-01,5.000000e-01,5.000000e-01,5.000000e-01,5.000000e-01,5.000000e-01,5.000000e-01,3.662525e-53,5.000000e-01,5.000000e-01,5.000000e-01,5.000000e-01,5.000000e-01,5.000000e-01,5.000000e-01,5.000000e-01,5.000000e-01,0.000000e+00,0.000000e+00,0.000000e+00,0.000000e+00,0.000000e+00,0.000000e+00,0.000000e+00,0.000000e+00,0.000000e+00,0.000000e+00,0.000000e+00,0.000000e+00,0.000000e+00,0.000000e+00,0.000000e+00,0.000000e+00,0.000000e+00,0.000000e+00,3.000000e-01,0.000000e+00,0.000000e+00,0.000000e+00,0.000000e+00,0.000000e+00,0.000000e+00,0.000000e+00,0.000000e+00,0.000000e+00
2.180000e+01,18,5.000000e-01,5.000000e-01,5.000000e-01,5.000000e-01,5.000000e-01,5.000000e-01,5.000000e-01,5.000000e-01,5.000000e-01,5.000000e-01,5.000000e-01,5.000000e-01,5.000000e-01,5.000000e-01,5.000000e-01,5.000000e-01,5.000000e-01,5.000000e-01,7.994989e-16,5.000000e-01,5.000000e-01,5.000000e-01,5.000000e-01,5.000000e-01,5.000000e-01,5.000000e-01,5.000000e-01,5.000000e-01,0.000000e+00,0.000000e+00,0.000000e+00,0.000000e+00,0.000000e+00,0.000000e+00,0.000000e+00,0.000000e+00,0.000000e+00,0.000000e+00,0.000000e+00,0.000000e+00,0.000000e+00,0.000000e+00,0.000000e+00,0.000000e+00,0.000000e+00,0.000000e+00,3.000000e-01,0.000000e+00,0.000000e+00,0.000000e+00,0.000000e+00,0.000000e+00,0.000000e+00,0.000000e+00,0.000000e+00,0.000000e+00
2.190000e+01,19,5.000000e-01,5.000000e-01,5.000000e-01,5.000000e-01,5.000000e-01,5.000000e-01,5.000000e-01,5.000000e-01,5.000000e-01,5.000000e-01,5.000000e-01,5.000000e-01,5.000000e-01,5.000000e-01,5.000000e-01,5.000000e-01,5.000000e-01,5.000000e-01,1.710617e-02,9.672478e-10,5.000000e-01,5.000000e-01,5.000000e-01,5.000000e-01,5.000000e-01,5.000000e-01,5.000000e-01,5.000000e-01,0.000000e+00,0.000000e+00,0.000000e+00,0.000000e+00,0.000000e+00,0.000000e+00,0.000000e+00,0.000000e+00,0.000000e+00,0.000000e+00,0.000000e+00,0.000000e+00,0.000000e+00,0.000000e+00,0.000000e+00,0.000000e+00,0.000000e+00,0.000000e+00,3.036743e-07,2.999998e-01,0.000000e+00,0.000000e+00,0.000000e+00,0.000000e+00,0.000000e+00,0.000000e+00,0.000000e+00,0.000000e+00
2.200000e+01,19,5.000000e-01,5.000000e-01,5.000000e-01,5.000000e-01,5.000000e-01,5.000000e-01,5.000000e-01,5.000000e-01,5.000000e-01,5.000000e-01,5.000000e-01,5.000000e-01,5.000000e-01,5.000000e-01,5.000000e-01,5.000000e-01,5.000000e-01,5.000000e-01,5.000000e-01,3.589844e-08,5.000000e-01,5.000000e-01,5.000000e-01,5.000000e-01,5.000000e-01,5.000000e-01,5.000000e-01,5.000000e-01,0.000000e+00,0.000000e+00,0.000000e+00,0.000000e+00,0.000000e+00,0.000000e+00,0.000000e+00,0.000000e+00,0.000000e+00,0.000000e+00,0.000000e+00,0.000000e+00,0.000000e+00,0.000000e+00,0.000000e+00,0.000000e+00,0.000000e+00,0.000000e+00,0.000000e+00,2.999914e-01,0.000000e+00,0.000000e+00,0.000000e+00,0.000000e+00,0.000000e+00,0.000000e+00,0.000000e+00,0.000000e+00
2.210000e+01,-1,5.000000e-01,5.000000e-01,5.000000e-01,5.000000e-01,5.000000e-01,5.000000e-01,5.000000e-01,5.000000e-01,5.000000e-01,5.000000e-01,5.000000e-01,5.000000e-01,5.000000e-01,5.000000e-01,5.000000e-01,5.000000e-01,5.000000e-01,5.000000e-01,5.000000e-01,5.000000e-01,5.000000e-01,5.000000e-01,5.000000e-01,5.000000e-01,5.000000e-01,5.000000e-01,5.000000e-01,5.000000e-01,0.000000e+00,0.000000e+00,0.000000e+00,0.000000e+00,0.000000e+00,0.000000e+00,0.000000e+00,0.000000e+00,0.000000e+00,0.000000e+00,0.000000e+00,0.000000e+00,0.000000e+00,0.000000e+00,0.000000e+00,0.000000e+00,0.000000e+00,0.000000e+00,0.000000e+00,0.000000e+00,0.000000e+00,0.000000e+00,0.000000e+00,0.000000e+00,0.000000e+00,0.000000e+00,0.000000e+00,0.000000e+00
2.220000e+01,-1,5.000000e-01,5.000000e-01,5.000000e-01,5.000000e-01,5.000000e-01,5.000000e-01,5.000000e-01,5.000000e-01,5.000000e-01,5.000000e-01,5.000000e-01,5.000000e-01,5.000000e-01,5.000000e-01,5.000000e-01,5.000000e-01,5.000000e-01,5.000000e-01,5.000000e-01,5.000000e-01,5.000000e-01,5.000000e-01,5.000000e-01,5.000000e-01,5.000000e-01,5.000000e-01,5.000000e-01,5.000000e-01,0.000000e+00,0.000000e+00,0.000000e+00,0.000000e+00,0.000000e+00,0.000000e+00,0.000000e+00,0.000000e+00,0.000000e+00,0.000000e+00,0.000000e+00,0.000000e+00,0.000000e+00,0.000000e+00,0.000000e+00,0.000000e+00,0.000000e+00,0.000000e+00,0.000000e+00,0.000000e+00,0.000000e+00,0.000000e+00,0.000000e+00,0.000000e+00,0.000000e+00,0.000000e+00,0.000000e+00,0.000000e+00
2.230000e+01,18,5.000000e-01,5.000000e-01,5.000000e-01,5.000000e-01,5.000000e-01,5.000000e-01,5.000000e-01,5.000000e-01,5.000000e-01,5.000000e-01,5.000000e-01,4.272197e-02,5.000000e-01,5.000000e-01,5.000000e-01,5.000000e-01,5.000000e-01,5.000000e-01,1.659566e-02,5.000000e-01,5.000000e-01,5.000000e-01,5.000000e-01,5.000000e-01,5.000000e-01,5.000000e-01,5.000000e-01,5.000000e-01,0.000000e+00,0.000000e+00,0.000000e+00,0.000000e+00,0.000000e+00,0.000000e+00,0.000000e+00,0.000000e+00,0.000000e+00,0.000000e+00,0.000000e+00,1.998401e-16,0.000000e+00,0.000000e+00,0.000000e+00,0.000000e+00,0.000000e+00,0.000000e+00,4.600640e-07,0.000000e+00,0.000000e+00,0.000000e+00,0.000000e+00,0.000000e+00,0.000000e+00,0.000000e+00,0.000000e+00,0.000000e+00
2.240000e+01,18,5.000000e-01,5.000000e-01,5.000000e-01,5.000000e-01,5.000000e-01,5.000000e-01,5.000000e-01,5.000000e-01,5.000000e-01,5.000000e-01,5.000000e-01,3.006588e-02,5.000000e-01,5.000000e-01,5.000000e-01,5.000000e-01,5.000000e-01,5.000000e-01,2.133213e-02,5.000000e-01,5.000000e-01,5.000000e-01,5.000000e-01,5.000000e-01,5.000000e-01,5.000000e-01,5.000000e-01,5.000000e-01,0.000000e+00,0.000000e+00,0.000000e+00,0.000000e+00,0.000000e+00,0.000000e+00,0.000000e+00,0.000000e+00,0.000000e+00,0.000000e+00,0.000000e+00,7.428624e-12,0.000000e+00,0.000000e+00,0.000000e+00,0.000000e+00,0.000000e+00,0.000000e+00,9.669090e-09,0.000000e+00,0.000000e+00,0.000000e+00,0.000000e+00,0.000000e+00,0.000000e+00,0.000000e+00,0.000000e+00,0.000000e+00
2.250000e+01,-1,5.000000e-01,5.000000e-01,5.000000e-01,5.000000e-01,5.000000e-01,5.000000e-01,5.000000e-01,5.000000e-01,5.000000e-01,5.000000e-01,5.000000e-01,5.000000e-01,5.000000e-01,5.000000e-01,5.000000e-01,5.000000e-01,5.000000e-01,5.000000e-01,5.000000e-01,5.000000e-01,5.000000e-01,5.000000e-01,5.000000e-01,5.000000e-01,5.000000e-01,5.000000e-01,5.000000e-01,5.000000e-01,0.000000e+00,0.000000e+00,0.000000e+00,0.000000e+00,0.000000e+00,0.000000e+00,0.000000e+00,0.000000e+00,0.000000e+00,0.000000e+00,0.000000e+00,0.000000e+00,0.000000e+00,0.000000e+00,0.000000e+00,0.000000e+00,0.000000e+00,0.000000e+00,0.000000e+00,0.000000e+00,0.000000e+00,0.000000e+00,0.000000e+00,0.000000e+00,0.000000e+00,0.000000e+00,0.000000e+00,0.000000e+00
2.260000e+01,11,5.000000e-01,5.000000e-01,5.000000e-01,5.000000e-01,5.000000e-01,5.000000e-01,5.000000e-01,5.000000e-01,5.000000e-01,5.000000e-01,5.000000e-01,7.931337e-05,5.000000e-01,5.000000e-01,5.000000e-01,5.000000e-01,5.000000e-01,5.000000e-01,5.000000e-01,5.000000e-01,5.000000e-01,5.000000e-01,5.000000e-01,5.000000e-01,5.000000e-01,5.000000e-01,5.000000e-01,5.000000e-01,0.000000e+00,0.000000e+00,0.000000e+00,0.000000e+00,0.000000e+00,0.000000e+00,0.000000e+00,0.000000e+00,0.000000e+00,0.000000e+00,0.000000e+00,2.815554e-01,0.000000e+00,0.000000e+00,0.000000e+00,0.000000e+00,0.000000e+00,0.000000e+00,0.000000e+00,0.000000e+00,0.000000e+00,0.000000e+00,0.000000e+00,0.000000e+00,0.000000e+00,0.000000e+00,0.000000e+00,0.000000e+00
2.270000e+01,11,5.000000e-01,5.000000e-01,5.000000e-01,5.000000e-01,5.000000e-01,5.000000e-01,5.000000e-01,5.000000e-01,5.000000e-01,5.000000e-01,4.458424e-02,4.361381e-15,5.000000e-01,5.000000e-01,5.000000e-01,5.000000e-01,5.000000e-01,5.000000e-01,5.000000e-01,5.000000e-01,5.000000e-01,5.000000e-01,5.000000e-01,5.000000e-01,5.000000e-01,5.000000e-01,5.000000e-01,5.000000e-01,0.000000e+00,0.000000e+00,0.000000e+00,0.000000e+00,0.000000e+00,0.000000e+00,0.000000e+00,0.000000e+00,0.000000e+00,0.000000e+00,3.330669e-17,3.000000e-01,0.000000e+00,0.000000e+00,0.000000e+00,0.000000e+00,0.000000e+00,0.000000e+00,0.000000e+00,0.000000e+00,0.000000e+00,0.000000e+00,0.000000e+00,0.000000e+00,0.000000e+00,0.000000e+00,0.000000e+00,0.000000e+00
2.280000e+01,11,5.000000e-01,5.000000e-01,5.000000e-01,5.000000e-01,5.000000e-01,5.000000e-01,5.000000e-01,5.000000e-01,5.000000e-01,5.000000e-01,5.000000e-01,6.684027e-16,5.000000e-01,5.000000e-01,5.000000e-01,5.000000e-01,5.000000e-01,5.000000e-01,5.000000e-01,5.000000e-01,5.000000e-01,5.000000e-01,5.000000e-01,5.000000e-01,5.000000e-01,5.000000e-01,5.000000e-01,5.000000e-01,0.000000e+00,0.000000e+00,0.000000e+00,0.000000e+00,0.000000e+00,0.000000e+00,0.000000e+00,0.000000e+00,0.000000e+00,0.000000e+00,0.000000e+00,3.000000e-01,0.000000e+00,0.000000e+00,0.000000e+00,0.000000e+00,0.000000e+00,0.000000e+00,0.000000e+00,0.000000e+00,0.000000e+00,0.000000e+00,0.000000e+00,0.000000e+00,0.000000e+00,0.000000e+00,0.000000e+00,0.000000e+00
2.290000e+01,11,5.000000e-01,5.000000e-01,5.000000e-01,5.000000e-01,5.000000e-01,5.000000e-01,5.000000e-01,5.000000e-01,5.000000e-01,5.000000e-01,5.000000e-01,2.237139e-05,5.000000e-01,5.000000e-01,5.000000e-01,5.000000e-01,5.000000e-01,5.000000e-01,5.000000e-01,5.000000e-01,5.000000e-01,5.000000e-01,5.000000e-01,5.000000e-01,5.000000e-01,5.000000e-01,5.000000e-01,5.000000e-01,0.000000e+00,0.000000e+00,0.000000e+00,0.000000e+00,0.000000e+00,0.000000e+00,0.000000e+00,0.000000e+00,0.000000e+00,0.000000e+00,0.000000e+00,2.946786e-01,0.000000e+00,0.000000e+00,0.000000e+00,0.000000e+00,0.000000e+00,0.000000e+00,0.000000e+00,0.000000e+00,0.000000e+00,0.000000e+00,0.000000e+00,0.000000e+00,0.000000e+00,0.000000e+00,0.000000e+00,0.000000e+00
2.300000e+01,11,5.000000e-01,5.000000e-01,5.000000e-01,5.000000e-01,5.000000e-01,5.000000e-01,5.000000e-01,5.000000e-01,5.000000e-01,5.000000e-01,5.000000e-01,2.378705e-02,5.000000e-01,5.000000e-01,5.000000e-01,5.000000e-01,5.000000e-01,5.000000e-01,5.000000e-01,5.000000e-01,5.000000e-01,5.000000e-01,5.000000e-01,5.000000e-01,5.000000e-01,5.000000e-01,5.000000e-01,5.000000e-01,0.000000e+00,0.000000e+00,0.000000e+00,0.000000e+00,0.000000e+00,0.000000e+00,0.000000e+00,0.000000e+00,0.000000e+00,0.000000e+00,0.000000e+00,1.296500e-09,0.000000e+00,0.000000e+00,0.000000e+00,0.000000e+00,0.000000e+00,0.000000e+00,0.000000e+00,0.000000e+00,0.000000e+00,0.000000e+00,0.000000e+00,0.000000e+00,0.000000e+00,0.000000e+00,0.000000e+00,0.000000e+00
2.310000e+01,-1,5.000000e-01,5.000000e-01,5.000000e-01,5.000000e-01,5.000000e-01,5.000000e-01,5.000000e-01,5.000000e-01,5.000000e-01,5.000000e-01,5.000000e-01,5.000000e-01,5.000000e-01,5.000000e-01,5.000000e-01,5.000000e-01,5.000000e-01,5.000000e-01,5.000000e-01,5.000000e-01,5.000000e-01,5.000000e-01,5.000000e-01,5.000000e-01,5.000000e-01,5.000000e-01,5.000000e-01,5.000000e-01,0.000000e+00,0.000000e+00,0.000000e+00,0.000000e+00,0.000000e+00,0.000000e+00,0.000000e+00,0.000000e+00,0.000000e+00,0.000000e+00,0.000000e+00,0.000000e+00,0.000000e+00,0.000000e+00,0.000000e+00,0.000000e+00,0.000000e+00,0.000000e+00,0.000000e+00,0.000000e+00,0.000000e+00,0.000000e+00,0.000000e+00,0.000000e+00,0.000000e+00,0.000000e+00,0.000000e+00,0.000000e+00
2.320000e+01,12,5.000000e-01,5.000000e-01,5.000000e-01,5.000000e-01,5.000000e-01,5.000000e-01,5.000000e-01,5.000000e-01,5.000000e-01,5.000000e-01,5.000000e-01,5.000000e-01,6.582598e-06,5.000000e-01,5.000000e-01,5.000000e-01,5.000000e-01,5.000000e-01,5.000000e-01,5.000000e-01,5.000000e-01,5.000000e-01,5.000000e-01,5.000000e-01,5.000000e-01,5.000000e-01,5.000000e-01,5.000000e-01,0.000000e+00,0.000000e+00,0.000000e+00,0.000000e+00,0.000000e+00,0.000000e+00,0.000000e+00,0.000000e+00,0.000000e+00,0.000000e+00,0.000000e+00,0.000000e+00,2.984243e-01,0.000000e+00,0.000000e+00,0.000000e+00,0.000000e+00,0.000000e+00,0.000000e+00,0.000000e+00,0.000000e+00,0.000000e+00,0.000000e+00,0.000000e+00,0.000000e+00,0.000000e+00,0.000000e+00,0.000000e+00
2.330000e+01,12,5.000000e-01,5.000000e-01,5.000000e-01,5.000000e-01,5.000000e-01,5.000000e-01,5.000000e-01,5.000000e-01,5.000000e-01,5.000000e-01,5.000000e-01,5.000000e-01,4.068611e-07,5.000000e-01,5.000000e-01,5.000000e-01,5.000000e-01,5.000000e-01,5.000000e-01,5.000000e-01,5.000000e-01,5.000000e-01,5.000000e-01,5.000000e-01,5.000000e-01,5.000000e-01,5.000000e-01,5.000000e-01,0.000000e+00,0.000000e+00,0.000000e+00,0.000000e+00,0.000000e+00,0.000000e+00,0.000000e+00,0.000000e+00,0.000000e+00,0.000000e+00,0.000000e+00,0.000000e+00,2.999024e-01,0.000000e+00,0.000000e+00,0.000000e+00,0.000000e+00,0.000000e+00,0.000000e+00,0.000000e+00,0.000000e+00,0.000000e+00,0.000000e+00,0.000000e+00,0.000000e+00,0.000000e+00,0.000000e+00,0.000000e+00
2.340000e+01,11,5.000000e-01,5.000000e-01,5.000000e-01,5.000000e-01,5.000000e-01,5.000000e-01,5.000000e-01,5.000000e-01,5.000000e-01,5.000000e-01,5.000000e-01,1.015436e-04,5.000000e-01,5.000000e-01,5.000000e-01,5.000000e-01,5.000000e-01,5.000000e-01,5.000000e-01,5.000000e-01,5.000000e-01,5.000000e-01,5.000000e-01,5.000000e-01,5.000000e-01,5.000000e-01,5.000000e-01,5.000000e-01,0.000000e+00,0.000000e+00,0.000000e+00,0.000000e+00,0.000000e+00,0.000000e+00,0.000000e+00,0.000000e+00,0.000000e+00,0.000000e+00,0.000000e+00,2.765920e-01,0.000000e+00,0.000000e+00,0.000000e+00,0.000000e+00,0.000000e+00,0.000000e+00,0.000000e+00,0.000000e+00,0.000000e+00,0.000000e+00,0.000000e+00,0.000000e+00,0.000000e+00,0.000000e+00,0.000000e+00,0.000000e+00
2.350000e+01,11,5.000000e-01,5.000000e-01,5.000000e-01,5.000000e-01,5.000000e-01,5.000000e-01,5.000000e-01,5.000000e-01,5.000000e-01,5.000000e-01,5.000000e-01,7.678438e-24,5.000000e-01,5.000000e-01,5.000000e-01,5.000000e-01,5.000000e-01,5.000000e-01,5.000000e-01,5.000000e-01,5.000000e-01,5.000000e-01,5.000000e-01,5.000000e-01,5.000000e-01,5.000000e-01,5.000000e-01,5.000000e-01,0.000000e+00,0.000000e+00,0.000000e+00,0.000000e+00,0.000000e+00,0.000000e+00,0.000000e+00,0.000000e+00,0.000000e+00,0.000000e+00,0.000000e+00,3.000000e-01,0.000000e+00,0.000000e+00,0.000000e+00,0.000000e+00,0.000000e+00,0.000000e+00,0.000000e+00,0.000000e+00,0.000000e+00,0.000000e+00,0.000000e+00,0.000000e+00,0.000000e+00,0.000000e+00,0.000000e+00,0.000000e+00
2.360000e+01,11,5.000000e-01,5.000000e-01,5.000000e-01,5.000000e-01,5.000000e-01,5.000000e-01,5.000000e-01,5.000000e-01,5.000000e-01,5.000000e-01,5.000000e-01,1.748664e-53,5.000000e-01,5.000000e-01,5.000000e-01,5.000000e-01,5.000000e-01,5.000000e-01,5.000000e-01,5.000000e-01,5.000000e-01,5.000000e-01,5.000000e-01,5.000000e-01,5.000000e-01,5.000000e-01,5.000000e-01,5.000000e-01,0.000000e+00,0.000000e+00,0.000000e+00,0.000000e+00,0.000000e+00,0.000000e+00,0.000000e+00,0.000000e+00,0.000000e+00,0.000000e+00,0.000000e+00,3.000000e-01,0.000000e+00,0.000000e+00,0.000000e+00,0.000000e+00,0.000000e+00,0.000000e+00,0.000000e+00,0.000000e+00,0.000000e+00,0.000000e+00,0.000000e+00,0.000000e+00,0.000000e+00,0.000000e+00,0.000000e+00,0.000000e+00
2.370000e+01,11,5.000000e-01,5.000000e-01,5.000000e-01,5.000000e-01,5.000000e-01,5.000000e-01,5.000000e-01,5.000000e-01,5.000000e-01,5.000000e-01,5.000000e-01,6.037691e-22,5.000000e-01,5.000000e-01,5.000000e-01,5.000000e-01,5.000000e-01,5.000000e-01,5.000000e-01,5.000000e-01,5.000000e-01,5.000000e-01,5.000000e-01,5.000000e-01,5.000000e-01,5.000000e-01,5.000000e-01,5.000000e-01,0.000000e+00,0.000000e+00,0.000000e+00,0.000000e+00,0.000000e+00,0.000000e+00,0.000000e+00,0.000000e+00,0.000000e+00,0.000000e+00,0.000000e+00,3.000000e-01,0.000000e+00,0.000000e+00,0.000000e+00,0.000000e+00,0.000000e+00,0.000000e+00,0.000000e+00,0.000000e+00,0.000000e+00,0.000000e+00,0.000000e+00,0.000000e+00,0.000000e+00,0.000000e+00,0.000000e+00,0.000000e+00
2.380000e+01,11,5.000000e-01,5.000000e-01,5.000000e-01,5.000000e-01,5.000000e-01,5.000000e-01,5.000000e-01,5.000000e-01,5.000000e-01,5.000000e-01,5.000000e-01,1.994360e-03,5.000000e-01,5.000000e-01,5.000000e-01,5.000000e-01,5.000000e-01,5.000000e-01,5.000000e-01,5.000000e-01,5.000000e-01,5.000000e-01,5.000000e-01,5.000000e-01,5.000000e-01,5.000000e-01,5.000000e-01,5.000000e-01,0.000000e+00,0.000000e+00,0.000000e+00,0.000000e+00,0.000000e+00,0.000000e+00,0.000000e+00,0.000000e+00,0.000000e+00,0.000000e+00,0.000000e+00,6.074599e-02,0.000000e+00,0.000000e+00,0.000000e+00,0.000000e+00,0.000000e+00,0.000000e+00,0.000000e+00,0.000000e+00,0.000000e+00,0.000000e+00,0.000000e+00,0.000000e+00,0.000000e+00,0.000000e+00,0.000000e+00,0.000000e+00
2.390000e+01,11,5.000000e-01,5.000000e-01,5.000000e-01,5.000000e-01,5.000000e-01,5.000000e-01,5.000000e-01,5.000000e-01,5.000000e-01,5.000000e-01,5.000000e-01,3.531359e-03,5.000000e-01,5.000000e-01,5.000000e-01,5.000000e-01,5.000000e-01,5.000000e-01,5.000000e-01,5.000000e-01,5.000000e-01,5.000000e-01,5.000000e-01,5.000000e-01,5.000000e-01,5.000000e-01,5.000000e-01,5.000000e-01,0.000000e+00,0.000000e+00,0.000000e+00,0.000000e+00,0.000000e+00,0.000000e+00,0.000000e+00,0.000000e+00,0.000000e+00,0.000000e+00,0.000000e+00,1.770232e-02,0.000000e+00,0.000000e+00,0.000000e+00,0.000000e+00,0.000000e+00,0.000000e+00,0.000000e+00,0.000000e+00,0.000000e+00,0.000000e+00,0.000000e+00,0.000000e+00,0.000000e+00,0.000000e+00,0.000000e+00,0.000000e+00
2.400000e+01,-1,5.000000e-01,5.000000e-01,5.000000e-01,5.000000e-01,5.000000e-01,5.000000e-01,5.000000e-01,5.000000e-01,5.000000e-01,5.000000e-01,5.000000e-01,5.000000e-01,5.000000e-01,5.000000e-01,5.000000e-01,5.000000e-01,5.000000e-01,5.000000e-01,5.000000e-01,5.000000e-01,5.000000e-01,5.000000e-01,5.000000e-01,5.000000e-01,5.000000e-01,5.000000e-01,5.000000e-01,5.000000e-01,0.000000e+00,0.000000e+00,0.000000e+00,0.000000e+00,0.000000e+00,0.000000e+00,0.000000e+00,0.000000e+00,0.000000e+00,0.000000e+00,0.000000e+00,0.000000e+00,0.000000e+00,0.000000e+00,0.000000e+00,0.000000e+00,0.000000e+00,0.000000e+00,0.000000e+00,0.000000e+00,0.000000e+00,0.000000e+00,0.000000e+00,0.000000e+00,0.000000e+00,0.000000e+00,0.000000e+00,0.000000e+00
2.410000e+01,18,5.000000e-01,5.000000e-01,5.000000e-01,5.000000e-01,5.000000e-01,5.000000e-01,5.000000e-01,5.000000e-01,5.000000e-01,5.000000e-01,5.000000e-01,2.192625e-02,5.000000e-01,5.000000e-01,5.000000e-01,5.000000e-01,5.000000e-01,5.000000e-01,1.945773e-02,5.000000e-01,5.000000e-01,5.000000e-01,5.000000e-01,5.000000e-01,5.000000e-01,5.000000e-01,5.000000e-01,5.000000e-01,0.000000e+00,0.000000e+00,0.000000e+00,0.000000e+00,0.000000e+00,0.000000e+00,0.000000e+00,0.000000e+00,0.000000e+00,0.000000e+00,0.000000e+00,5.948467e-09,0.000000e+00,0.000000e+00,0.000000e+00,0.000000e+00,0.000000e+00,0.000000e+00,4.468671e-08,0.000000e+00,0.000000e+00,0.000000e+00,0.000000e+00,0.000000e+00,0.000000e+00,0.000000e+00,0.000000e+00,0.000000e+00
2.420000e+01,18,5.000000e-01,5.000000e-01,5.000000e-01,5.000000e-01,5.000000e-01,5.000000e-01,5.000000e-01,5.000000e-01,5.000000e-01,5.000000e-01,5.000000e-01,4.175764e-02,5.000000e-01,5.000000e-01,5.000000e-01,5.000000e-01,5.000000e-01,5.000000e-01,1.534877e-02,5.000000e-01,5.000000e-01,5.000000e-01,5.000000e-01,5.000000e-01,5.000000e-01,5.000000e-01,5.000000e-01,5.000000e-01,0.000000e+00,0.000000e+00,0.000000e+00,0.000000e+00,0.000000e+00,0.000000e+00,0.000000e+00,0.000000e+00,0.000000e+00,0.000000e+00,0.000000e+00,4.662937e-16,0.000000e+00,0.000000e+00,0.000000e+00,0.000000e+00,0.000000e+00,0.000000e+00,1.267833e-06,0.000000e+00,0.000000e+00,0.000000e+00,0.000000e+00,0.000000e+00,0.000000e+00,0.000000e+00,0.000000e+00,0.000000e+00
2.430000e+01,11,5.000000e-01,5.000000e-01,5.000000e-01,5.000000e-01,5.000000e-01,5.000000e-01,5.000000e-01,5.000000e-01,5.000000e-01,5.000000e-01,5.000000e-01,2.054485e-10,5.000000e-01,5.000000e-01,5.000000e-01,5.000000e-01,5.000000e-01,5.000000e-01,5.000000e-01,5.000000e-01,5.000000e-01,5.000000e-01,5.000000e-01,5.000000e-01,5.000000e-01,5.000000e-01,5.000000e-01,5.000000e-01,0.000000e+00,0.000000e+00,0.000000e+00,0.000000e+00,0.000000e+00,0.000000e+00,0.000000e+00,0.000000e+00,0.000000e+00,0.000000e+00,0.000000e+00,3.000000e-01,0.000000e+00,0.000000e+00,0.000000e+00,0.000000e+00,0.000000e+00,0.000000e+00,0.000000e+00,0.000000e+00,0.000000e+00,0.000000e+00,0.000000e+00,0.000000e+00,0.000000e+00,0.000000e+00,0.000000e+00,0.000000e+00
2.440000e+01,11,5.000000e-01,5.000000e-01,5.000000e-01,5.000000e-01,5.000000e-01,5.000000e-01,5.000000e-01,5.000000e-01,5.000000e-01,5.000000e-01,5.000000e-01,1.189918e-25,5.000000e-01,5.000000e-01,5.000000e-01,5.000000e-01,5.000000e-01,5.000000e-01,5.000000e-01,5.000000e-01,5.000000e-01,5.000000e-01,5.000000e-01,5.000000e-01,5.000000e-01,5.000000e-01,5.000000e-01,5.000000e-01,0.000000e+00,0.000000e+00,0.000000e+00,0.000000e+00,0.000000e+00,0.000000e+00,0.000000e+00,0.000000e+00,0.000000e+00,0.000000e+00,0.000000e+00,3.000000e-01,0.000000e+00,0.000000e+00,0.000000e+00,0.000000e+00,0.000000e+00,0.000000e+00,0.000000e+00,0.000000e+00,0.000000e+00,0.000000e+00,0.000000e+00,0.000000e+00,0.000000e+00,0.000000e+00,0.000000e+00,0.000000e+00
2.450000e+01,11,5.000000e-01,5.000000e-01,5.000000e-01,5.000000e-01,5.000000e-01,5.000000e-01,5.000000e-01,5.000000e-01,5.000000e-01,5.000000e-01,5.000000e-01,1.829558e-05,5.000000e-01,5.000000e-01,5.000000e-01,5.000000e-01,5.000000e-01,5.000000e-01,5.000000e-01,5.000000e-01,5.000000e-01,5.000000e-01,5.000000e-01,5.000000e-01,5.000000e-01,5.000000e-01,5.000000e-01,5.000000e-01,0.000000e+00,0.000000e+00,0.000000e+00,0.000000e+00,0.000000e+00,0.000000e+00,0.000000e+00,0.000000e+00,0.000000e+00,0.000000e+00,0.000000e+00,2.956410e-01,0.000000e+00,0.000000e+00,0.000000e+00,0.000000e+00,0.000000e+00,0.000000e+00,0.000000e+00,0.000000e+00,0.000000e+00,0.000000e+00,0.000000e+00,0.000000e+00,0.000000e+00,0.000000e+00,0.000000e+00,0.000000e+00
2.460000e+01,11,5.000000e-01,5.000000e-01,5.000000e-01,5.000000e-01,5.000000e-01,5.000000e-01,5.000000e-01,5.000000e-01,5.000000e-01,5.000000e-01,5.000000e-01,9.591003e-04,5.000000e-01,5.000000e-01,5.000000e-01,5.000000e-01,5.000000e-01,5.000000e-01,5.000000e-01,5.000000e-01,5.000000e-01,5.000000e-01,5.000000e-01,5.000000e-01,5.000000e-01,5.000000e-01,5.000000e-01,5.000000e-01,0.000000e+00,0.000000e+00,0.000000e+00,0.000000e+00,0.000000e+00,0.000000e+00,0.000000e+00,0.000000e+00,0.000000e+00,0.000000e+00,0.000000e+00,1.392309e-01,0.000000e+00,0.000000e+00,0.000000e+00,0.000000e+00,0.000000e+00,0.000000e+00,0.000000e+00,0.000000e+00,0.000000e+00,0.000000e+00,0.000000e+00,0.000000e+00,0.000000e+00,0.000000e+00,0.000000e+00,0.000000e+00
2.470000e+01,11,5.000000e-01,5.000000e-01,5.000000e-01,5.000000e-01,5.000000e-01,5.000000e-01,5.000000e-01,5.000000e-01,5.000000e-01,5.000000e-01,5.000000e-01,4.365426e-26,5.000000e-01,5.000000e-01,5.000000e-01,5.000000e-01,5.000000e-01,5.000000e-01,5.000000e-01,5.000000e-01,5.000000e-01,5.000000e-01,5.000000e-01,5.000000e-01,5.000000e-01,5.000000e-01,5.000000e-01,5.000000e-01,0.000000e+00,0.000000e+00,0.000000e+00,0.000000e+00,0.000000e+00,0.000000e+00,0.000000e+00,0.000000e+00,0.000000e+00,0.000000e+00,0.000000e+00,3.000000e-01,0.000000e+00,0.000000e+00,0.000000e+00,0.000000e+00,0.000000e+00,0.000000e+00,0.000000e+00,0.000000e+00,0.000000e+00,0.000000e+00,0.000000e+00,0.000000e+00,0.000000e+00,0.000000e+00,0.000000e+00,0.000000e+00
2.480000e+01,11,5.000000e-01,5.000000e-01,5.000000e-01,5.000000e-01,5.000000e-01,5.000000e-01,5.000000e-01,5.000000e-01,5.000000e-01,5.000000e-01,5.000000e-01,3.618335e-41,5.000000e-01,5.000000e-01,5.000000e-01,5.000000e-01,5.000000e-01,5.000000e-01,5.000000e-01,5.000000e-01,5.000000e-01,5.000000e-01,5.000000e-01,5.000000e-01,5.000000e-01,5.000000e-01,5.000000e-01,5.000000e-01,0.000000e+00,0.000000e+00,0.000000e+00,0.000000e+00,0.000000e+00,0.000000e+00,0.000000e+00,0.000000e+00,0.000000e+00,0.000000e+00,0.000000e+00,3.000000e-01,0.000000e+00,0.000000e+00,0.000000e+00,0.000000e+00,0.000000e+00,0.000000e+00,0.000000e+00,0.000000e+00,0.000000e+00,0.000000e+00,0.000000e+00,0.000000e+00,0.000000e+00,0.000000e+00,0.000000e+00,0.000000e+00
2.490000e+01,11,5.000000e-01,5.000000e-01,5.000000e-01,5.000000e-01,5.000000e-01,5.000000e-01,5.000000e-01,5.000000e-01,5.000000e-01,5.000000e-01,4.193429e-03,8.565938e-08,5.000000e-01,5.000000e-01,5.000000e-01,5.000000e-01,5.000000e-01,5.000000e-01,5.000000e-01,5.000000e-01,5.000000e-01,5.000000e-01,5.000000e-01,5.000000e-01,5.000000e-01,5.000000e-01,5.000000e-01,5.000000e-01,0.000000e+00,0.000000e+00,0.000000e+00,0.000000e+00,0.000000e+00,0.000000e+00,0.000000e+00,0.000000e+00,0.000000e+00,0.000000e+00,1.040187e-02,2.999794e-01,0.000000e+00,0.000000e+00,0.000000e+00,0.000000e+00,0.000000e+00,0.000000e+00,0.000000e+00,0.000000e+00,0.000000e+00,0.000000e+00,0.000000e+00,0.000000e+00,0.000000e+00,0.000000e+00,0.000000e+00,0.000000e+00
2.500000e+01,10,5.000000e-01,5.000000e-01,5.000000e-01,5.000000e-01,5.000000e-01,5.000000e-01,5.000000e-01,5.000000e-01,5.000000e-01,5.000000e-01,2.425188e-21,5.000000e-01,5.000000e-01,5.000000e-01,5.000000e-01,5.000000e-01,5.000000e-01,5.000000e-01,5.000000e-01,5.000000e-01,5.000000e-01,5.000000e-01,5.000000e-01,5.000000e-01,5.000000e-01,5.000000e-01,5.000000e-01,5.000000e-01,0.000000e+00,0.000000e+00,0.000000e+00,0.000000e+00,0.000000e+00,0.000000e+00,0.000000e+00,0.000000e+00,0.000000e+00,0.000000e+00,3.000000e-01,0.000000e+00,0.000000e+00,0.000000e+00,0.000000e+00,0.000000e+00,0.000000e+00,0.000000e+00,0.000000e+00,0.000000e+00,0.000000e+00,0.000000e+00,0.000000e+00,0.000000e+00,0.000000e+00,0.000000e+00,0.000000e+00,0.000000e+00
2.510000e+01,10,5.000000e-01,5.000000e-01,5.000000e-01,5.000000e-01,5.000000e-01,5.000000e-01,5.000000e-01,5.000000e-01,5.000000e-01,5.000000e-01,7.385361e-55,5.000000e-01,5.000000e-01,5.000000e-01,5.000000e-01,5.000000e-01,5.000000e-01,5.000000e-01,5.000000e-01,5.000000e-01,5.000000e-01,5.000000e-01,5.000000e-01,5.000000e-01,5.000000e-01,5.000000e-01,5.000000e-01,5.000000e-01,0.000000e+00,0.000000e+00,0.000000e+00,0.000000e+00,0.000000e+00,0.000000e+00,0.000000e+00,0.000000e+00,0.000000e+00,0.000000e+00,3.000000e-01,0.000000e+00,0.000000e+00,0.000000e+00,0.000000e+00,0.000000e+00,0.000000e+00,0.000000e+00,0.000000e+00,0.000000e+00,0.000000e+00,0.000000e+00,0.000000e+00,0.000000e+00,0.000000e+00,0.000000e+00,0.000000e+00,0.000000e+00
2.520000e+01,10,5.000000e-01,5.000000e-01,5.000000e-01,5.000000e-01,5.000000e-01,5.000000e-01,5.000000e-01,5.000000e-01,5.000000e-01,5.000000e-01,5.047197e-16,5.000000e-01,5.000000e-01,5.000000e-01,5.000000e-01,5.000000e-01,5.000000e-01,5.000000e-01,5.000000e-01,5.000000e-01,5.000000e-01,5.000000e-01,5.000000e-01,5.000000e-01,5.000000e-01,5.000000e-01,5.000000e-01,5.000000e-01,0.000000e+00,0.000000e+00,0.000000e+00,0.000000e+00,0.000000e+00,0.000000e+00,0.000000e+00,0.000000e+00,0.000000e+00,0.000000e+00,3.000000e-01,0.000000e+00,0.000000e+00,0.000000e+00,0.000000e+00,0.000000e+00,0.000000e+00,0.000000e+00,0.000000e+00,0.000000e+00,0.000000e+00,0.000000e+00,0.000000e+00,0.000000e+00,0.000000e+00,0.000000e+00,0.000000e+00,0.000000e+00
2.530000e+01,9,5.000000e-01,5.000000e-01,5.000000e-01,5.000000e-01,5.000000e-01,5.000000e-01,5.000000e-01,5.000000e-01,5.000000e-01,6.366136e-11,1.660191e-02,5.000000e-01,5.000000e-01,5.000000e-01,5.000000e-01,5.000000e-01,5.000000e-01,5.000000e-01,5.000000e-01,5.000000e-01,5.000000e-01,5.000000e-01,5.000000e-01,5.000000e-01,5.000000e-01,5.000000e-01,5.000000e-01,5.000000e-01,0.000000e+00,0.000000e+00,0.000000e+00,0.000000e+00,0.000000e+00,0.000000e+00,0.000000e+00,0.000000e+00,0.000000e+00,3.000000e-01,4.577291e-07,0.000000e+00,0.000000e+00,0.000000e+00,0.000000e+00,0.000000e+00,0.000000e+00,0.000000e+00,0.000000e+00,0.000000e+00,0.000000e+00,0.000000e+00,0.000000e+00,0.000000e+00,0.000000e+00,0.000000e+00,0.000000e+00,0.000000e+00
2.540000e+01,9,5.000000e-01,5.000000e-01,5.000000e-01,5.000000e-01,5.000000e-01,5.000000e-01,5.000000e-01,5.000000e-01,5.000000e-01,3.402408e-18,5.000000e-01,5.000000e-01,5.000000e-01,5.000000e-01,5.000000e-01,5.000000e-01,5.000000e-01,5.000000e-01,5.000000e-01,5.000000e-01,5.000000e-01,5.000000e-01,5.000000e-01,5.000000e-01,5.000000e-01,5.000000e-01,5.000000e-01,5.000000e-01,0.000000e+00,0.000000e+00,0.000000e+00,0.000000e+00,0.000000e+00,0.000000e+00,0.000000e+00,0.000000e+00,0.000000e+00,3.000000e-01,0.000000e+00,0.000000e+00,0.000000e+00,0.000000e+00,0.000000e+00,0.000000e+00,0.000000e+00,0.000000e+00,0.000000e+00,0.000000e+00,0.000000e+00,0.000000e+00,0.000000e+00,0.000000e+00,0.000000e+00,0.000000e+00,0.000000e+00,0.000000e+00
2.550000e+01,9,5.000000e-01,5.000000e-01,5.000000e-01,5.000000e-01,5.000000e-01,5.000000e-01,5.000000e-01,5.000000e-01,5.000000e-01,1.900669e-05,5.000000e-01,5.000000e-01,5.000000e-01,5.000000e-01,5.000000e-01,5.000000e-01,5.000000e-01,5.000000e-01,5.000000e-01,5.000000e-01,5.000000e-01,5.000000e-01,5.000000e-01,5.000000e-01,5.000000e-01,5.000000e-01,5.000000e-01,5.000000e-01,0.000000e+00,0.000000e+00,0.000000e+00,0.000000e+00,0.000000e+00,0.000000e+00,0.000000e+00,0.000000e+00,0.000000e+00,2.954729e-01,0.000000e+00,0.000000e+00,0.000000e+00,0.000000e+00,0.000000e+00,0.000000e+00,0.000000e+00,0.000000e+00,0.000000e+00,0.000000e+00,0.000000e+00,0.000000e+00,0.000000e+00,0.000000e+00,0.000000e+00,0.000000e+00,0.000000e+00,0.000000e+00
2.560000e+01,9,5.000000e-01,5.000000e-01,5.000000e-01,5.000000e-01,5.000000e-01,5.000000e-01,5.000000e-01,5.000000e-01,5.000000e-01,2.168002e-08,5.000000e-01,5.000000e-01,5.000000e-01,5.000000e-01,5.000000e-01,5.000000e-01,5.000000e-01,5.000000e-01,5.000000e-01,5.000000e-01,5.000000e-01,5.000000e-01,5.000000e-01,5.000000e-01,5.000000e-01,5.000000e-01,5.000000e-01,5.000000e-01,0.000000e+00,0.000000e+00,0.000000e+00,0.000000e+00,0.000000e+00,0.000000e+00,0.000000e+00,0.000000e+00,0.000000e+00,2.999948e-01,0.000000e+00,0.000000e+00,0.000000e+00,0.000000e+00,0.000000e+00,0.000000e+00,0.000000e+00,0.000000e+00,0.000000e+00,0.000000e+00,0.000000e+00,0.000000e+00,0.000000e+00,0.000000e+00,0.000000e+00,0.000000e+00,0.000000e+00,0.000000e+00
2.570000e+01,9,5.000000e-01,5.000000e-01,5.000000e-01,5.000000e-01,5.000000e-01,5.000000e-01,5.000000e-01,5.000000e-01,7.683052e-03,8.103591e-05,5.000000e-01,5.000000e-01,5.000000e-01,5.000000e-01,5.000000e-01,5.000000e-01,5.000000e-01,5.000000e-01,5.000000e-01,5.000000e-01,5.000000e-01,5.000000e-01,5.000000e-01,5.000000e-01,5.000000e-01,5.000000e-01,5.000000e-01,5.000000e-01,0.000000e+00,0.000000e+00,0.000000e+00,0.000000e+00,0.000000e+00,0.000000e+00,0.000000e+00,0.000000e+00,6.272610e-04,2.811677e-01,0.000000e+00,0.000000e+00,0.000000e+00,0.000000e+00,0.000000e+00,0.000000e+00,0.000000e+00,0.000000e+00,0.000000e+00,0.000000e+00,0.000000e+00,0.000000e+00,0.000000e+00,0.000000e+00,0.000000e+00,0.000000e+00,0.000000e+00,0.000000e+00
2.580000e+01,9,5.000000e-01,5.000000e-01,5.000000e-01,5.000000e-01,5.000000e-01,5.000000e-01,5.000000e-01,5.000000e-01,5.000000e-01,2.645519e-07,5.000000e-01,5.000000e-01,5.000000e-01,5.000000e-01,5.000000e-01,5.000000e-01,5.000000e-01,5.000000e-01,5.000000e-01,5.000000e-01,5.000000e-01,5.000000e-01,5.000000e-01,5.000000e-01,5.000000e-01,5.000000e-01,5.000000e-01,5.000000e-01,0.000000e+00,0.000000e+00,0.000000e+00,0.000000e+00,0.000000e+00,0.000000e+00,0.000000e+00,0.000000e+00,0.000000e+00,2.999365e-01,0.000000e+00,0.000000e+00,0.000000e+00,0.000000e+00,0.000000e+00,0.000000e+00,0.000000e+00,0.000000e+00,0.000000e+00,0.000000e+00,0.000000e+00,0.000000e+00,0.000000e+00,0.000000e+00,0.000000e+00,0.000000e+00,0.000000e+00,0.000000e+00
2.590000e+01,9,5.000000e-01,5.000000e-01,5.000000e-01,5.000000e-01,5.000000e-01,5.000000e-01,5.000000e-01,5.000000e-01,5.000000e-01,2.993762e-03,5.000000e-01,5.000000e-01,5.000000e-01,5.000000e-01,5.000000e-01,5.000000e-01,5.000000e-01,5.000000e-01,5.000000e-01,5.000000e-01,5.000000e-01,5.000000e-01,5.000000e-01,5.000000e-01,5.000000e-01,5.000000e-01,5.000000e-01,5.000000e-01,0.000000e+00,0.000000e+00,0.000000e+00,0.000000e+00,0.000000e+00,0.000000e+00,0.000000e+00,0.000000e+00,0.000000e+00,2.725346e-02,0.000000e+00,0.000000e+00,0.000000e+00,0.000000e+00,0.000000e+00,0.000000e+00,0.000000e+00,0.000000e+00,0.000000e+00,0.000000e+00,0.000000e+00,0.000000e+00,0.000000e+00,0.000000e+00,0.000000e+00,0.000000e+00,0.000000e+00,0.000000e+00
2.600000e+01,2,5.000000e-01,5.000000e-01,2.451467e-03,5.000000e-01,5.000000e-01,5.000000e-01,5.000000e-01,5.000000e-01,5.000000e-01,5.000000e-01,5.000000e-01,5.000000e-01,5.000000e-01,5.000000e-01,5.000000e-01,5.000000e-01,5.000000e-01,5.000000e-01,5.000000e-01,5.000000e-01,5.000000e-01,5.000000e-01,5.000000e-01,5.000000e-01,5.000000e-01,5.000000e-01,5.000000e-01,5.000000e-01,0.000000e+00,0.000000e+00,4.210645e-02,0.000000e+00,0.000000e+00,0.000000e+00,0.000000e+00,0.000000e+00,0.000000e+00,0.000000e+00,0.000000e+00,0.000000e+00,0.000000e+00,0.000000e+00,0.000000e+00,0.000000e+00,0.000000e+00,0.000000e+00,0.000000e+00,0.000000e+00,0.000000e+00,0.000000e+00,0.000000e+00,0.000000e+00,0.000000e+00,0.000000e+00,0.000000e+00,0.000000e+00
2.610000e+01,2,5.000000e-01,5.000000e-01,6.801387e-07,5.000000e-01,5.000000e-01,5.000000e-01,5.000000e-01,5.000000e-01,5.000000e-01,5.000000e-01,5.000000e-01,5.000000e-01,5.000000e-01,5.000000e-01,5.000000e-01,5.000000e-01,5.000000e-01,5.000000e-01,5.000000e-01,5.000000e-01,5.000000e-01,5.000000e-01,5.000000e-01,5.000000e-01,5.000000e-01,5.000000e-01,5.000000e-01,5.000000e-01,0.000000e+00,0.000000e+00,2.998368e-01,0.000000e+00,0.000000e+00,0.000000e+00,0.000000e+00,0.000000e+00,0.000000e+00,0.000000e+00,0.000000e+00,0.000000e+00,0.000000e+00,0.000000e+00,0.000000e+00,0.000000e+00,0.000000e+00,0.000000e+00,0.000000e+00,0.000000e+00,0.000000e+00,0.000000e+00,0.000000e+00,0.000000e+00,0.000000e+00,0.000000e+00,0.000000e+00,0.000000e+00
2.620000e+01,2,5.000000e-01,5.000000e-01,1.845030e-41,5.000000e-01,5.000000e-01,5.000000e-01,5.000000e-01,5.000000e-01,5.000000e-01,5.000000e-01,5.000000e-01,5.000000e-01,5.000000e-01,5.000000e-01,5.000000e-01,5.000000e-01,5.000000e-01,5.000000e-01,5.000000e-01,5.000000e-01,5.000000e-01,5.000000e-01,5.000000e-01,5.000000e-01,5.000000e-01,5.000000e-01,5.000000e-01,5.000000e-01,0.000000e+00,0.000000e+00,3.000000e-01,0.000000e+00,0.000000e+00,0.000000e+00,0.000000e+00,0.000000e+00,0.000000e+00,0.000000e+00,0.000000e+00,0.000000e+00,0.000000e+00,0.000000e+00,0.000000e+00,0.000000e+00,0.000000e+00,0.000000e+00,0.000000e+00,0.000000e+00,0.000000e+00,0.000000e+00,0.000000e+00,0.000000e+00,0.000000e+00,0.000000e+00,0.000000e+00,0.000000e+00
2.630000e+01,2,5.000000e-01,5.000000e-01,7.482252e-44,5.000000e-01,5.000000e-01,5.000000e-01,5.000000e-01,5.000000e-01,5.000000e-01,5.000000e-01,5.000000e-01,5.000000e-01,5.000000e-01,5.000000e-01,5.000000e-01,5.000000e-01,5.000000e-01,5.000000e-01,5.000000e-01,5.000000e-01,5.000000e-01,5.000000e-01,5.000000e-01,5.000000e-01,5.000000e-01,5.000000e-01,5.000000e-01,5.000000e-01,0.000000e+00,0.000000e+00,3.000000e-01,0.000000e+00,0.000000e+00,0.000000e+00,0.000000e+00,0.000000e+00,0.000000e+00,0.000000e+00,0.000000e+00,0.000000e+00,0.000000e+00,0.000000e+00,0.000000e+00,0.000000e+00,0.000000e+00,0.000000e+00,0.000000e+00,0.000000e+00,0.000000e+00,0.000000e+00,0.000000e+00,0.000000e+00,0.000000e+00,0.000000e+00,0.000000e+00,0.000000e+00
2.640000e+01,2,5.000000e-01,5.000000e-01,1.274463e-07,5.000000e-01,5.000000e-01,5.000000e-01,5.000000e-01,5.000000e-01,5.000000e-01,5.000000e-01,5.000000e-01,5.000000e-01,5.000000e-01,5.000000e-01,5.000000e-01,5.000000e-01,5.000000e-01,5.000000e-01,5.000000e-01,5.000000e-01,5.000000e-01,5.000000e-01,5.000000e-01,5.000000e-01,5.000000e-01,5.000000e-01,5.000000e-01,5.000000e-01,0.000000e+00,0.000000e+00,2.999694e-01,0.000000e+00,0.000000e+00,0.000000e+00,0.000000e+00,0.000000e+00,0.000000e+00,0.000000e+00,0.000000e+00,0.000000e+00,0.000000e+00,0.000000e+00,0.000000e+00,0.000000e+00,0.000000e+00,0.000000e+00,0.000000e+00,0.000000e+00,0.000000e+00,0.000000e+00,0.000000e+00,0.000000e+00,0.000000e+00,0.000000e+00,0.000000e+00,0.000000e+00
2.650000e+01,2,5.000000e-01,5.000000e-01,1.734023e-08,1.430012e-02,5.000000e-01,5.000000e-01,5.000000e-01,5.000000e-01,5.000000e-01,5.000000e-01,5.000000e-01,5.000000e-01,5.000000e-01,5.000000e-01,5.000000e-01,5.000000e-01,5.000000e-01,5.000000e-01,5.000000e-01,5.000000e-01,5.000000e-01,5.000000e-01,5.000000e-01,5.000000e-01,5.000000e-01,5.000000e-01,5.000000e-01,5.000000e-01,0.000000e+00,0.000000e+00,2.999958e-01,2.970864e-06,0.000000e+00,0.000000e+00,0.000000e+00,0.000000e+00,0.000000e+00,0.000000e+00,0.000000e+00,0.000000e+00,0.000000e+00,0.000000e+00,0.000000e+00,0.000000e+00,0.000000e+00,0.000000e+00,0.000000e+00,0.000000e+00,0.000000e+00,0.000000e+00,0.000000e+00,0.000000e+00,0.000000e+00,0.000000e+00,0.000000e+00,0.000000e+00
2.660000e+01,2,5.000000e-01,5.000000e-01,2.314660e-13,5.000000e-01,5.000000e-01,5.000000e-01,5.000000e-01,5.000000e-01,5.000000e-01,5.000000e-01,5.000000e-01,5.000000e-01,5.000000e-01,5.000000e-01,5.000000e-01,5.000000e-01,5.000000e-01,5.000000e-01,5.000000e-01,5.000000e-01,5.000000e-01,5.000000e-01,5.000000e-01,5.000000e-01,5.000000e-01,5.000000e-01,5.000000e-01,5.000000e-01,0.000000e+00,0.000000e+00,3.000000e-01,0.000000e+00,0.000000e+00,0.000000e+00,0.000000e+00,0.000000e+00,0.000000e+00,0.000000e+00,0.000000e+00,0.000000e+00,0.000000e+00,0.000000e+00,0.000000e+00,0.000000e+00,0.000000e+00,0.000000e+00,0.000000e+00,0.000000e+00,0.000000e+00,0.000000e+00,0.000000e+00,0.000000e+00,0.000000e+00,0.000000e+00,0.000000e+00,0.000000e+00
2.670000e+01,2,5.000000e-01,5.000000e-01,1.462939e-41,5.000000e-01,5.000000e-01,5.000000e-01,5.000000e-01,5.000000e-01,5.000000e-01,5.000000e-01,5.000000e-01,5.000000e-01,5.000000e-01,5.000000e-01,5.000000e-01,5.000000e-01,5.000000e-01,5.000000e-01,5.000000e-01,5.000000e-01,5.000000e-01,5.000000e-01,5.000000e-01,5.000000e-01,5.000000e-01,5.000000e-01,5.000000e-01,5.000000e-01,0.000000e+00,0.000000e+00,3.000000e-01,0.000000e+00,0.000000e+00,0.000000e+00,0.000000e+00,0.000000e+00,0.000000e+00,0.000000e+00,0.000000e+00,0.000000e+00,0.000000e+00,0.000000e+00,0.000000e+00,0.000000e+00,0.000000e+00,0.000000e+00,0.000000e+00,0.000000e+00,0.000000e+00,0.000000e+00,0.000000e+00,0.000000e+00,0.000000e+00,0.000000e+00,0.000000e+00,0.000000e+00
2.680000e+01,2,5.000000e-01,5.000000e-01,3.095668e-40,5.000000e-01,5.000000e-01,5.000000e-01,5.000000e-01,5.000000e-01,5.000000e-01,5.000000e-01,5.000000e-01,5.000000e-01,5.000000e-01,5.000000e-01,5.000000e-01,5.000000e-01,5.000000e-01,5.000000e-01,5.000000e-01,5.000000e-01,5.000000e-01,5.000000e-01,5.000000e-01,5.000000e-01,5.000000e-01,5.000000e-01,5.000000e-01,5.000000e-01,0.000000e+00,0.000000e+00,3.000000e-01,0.000000e+00,0.000000e+00,0.000000e+00,0.000000e+00,0.000000e+00,0.000000e+00,0.000000e+00,0.000000e+00,0.000000e+00,0.000000e+00,0.000000e+00,0.000000e+00,0.000000e+00,0.000000e+00,0.000000e+00,0.000000e+00,0.000000e+00,0.000000e+00,0.000000e+00,0.000000e+00,0.000000e+00,0.000000e+00,0.000000e+00,0.000000e+00,0.000000e+00
2.690000e+01,2,5.000000e-01,2.048841e-02,3.004165e-11,5.000000e-01,5.000000e-01,5.000000e-01,5.000000e-01,5.000000e-01,5.000000e-01,5.000000e-01,5.000000e-01,5.000000e-01,5.000000e-01,5.000000e-01,5.000000e-01,5.000000e-01,5.000000e-01,5.000000e-01,5.000000e-01,5.000000e-01,5.000000e-01,5.000000e-01,5.000000e-01,5.000000e-01,5.000000e-01,5.000000e-01,5.000000e-01,5.000000e-01,0.000000e+00,1.926567e-08,3.000000e-01,0.000000e+00,0.000000e+00,0.000000e+00,0.000000e+00,0.000000e+00,0.000000e+00,0.000000e+00,0.000000e+00,0.000000e+00,0.000000e+00,0.000000e+00,0.000000e+00,0.000000e+00,0.000000e+00,0.000000e+00,0.000000e+00,0.000000e+00,0.000000e+00,0.000000e+00,0.000000e+00,0.000000e+00,0.000000e+00,0.000000e+00,0.000000e+00,0.000000e+00
2.700000e+01,1,5.000000e-01,1.284941e-06,3.340353e-02,5.000000e-01,5.000000e-01,5.000000e-01,5.000000e-01,5.000000e-01,5.000000e-01,5.000000e-01,5.000000e-01,5.000000e-01,5.000000e-01,5.000000e-01,5.000000e-01,5.000000e-01,5.000000e-01,5.000000e-01,5.000000e-01,5.000000e-01,5.000000e-01,5.000000e-01,5.000000e-01,5.000000e-01,5.000000e-01,5.000000e-01,5.000000e-01,5.000000e-01,0.000000e+00,2.996918e-01,4.712897e-13,0.000000e+00,0.000000e+00,0.000000e+00,0.000000e+00,0.000000e+00,0.000000e+00,0.000000e+00,0.000000e+00,0.000000e+00,0.000000e+00,0.000000e+00,0.000000e+00,0.000000e+00,0.000000e+00,0.000000e+00,0.000000e+00,0.000000e+00,0.000000e+00,0.000000e+00,0.000000e+00,0.000000e+00,0.000000e+00,0.000000e+00,0.000000e+00,0.000000e+00
2.710000e+01,2,5.000000e-01,5.000000e-01,6.216373e-07,5.000000e-01,5.000000e-01,5.000000e-01,5.000000e-01,5.000000e-01,5.000000e-01,5.000000e-01,5.000000e-01,5.000000e-01,5.000000e-01,5.000000e-01,5.000000e-01,5.000000e-01,5.000000e-01,5.000000e-01,5.000000e-01,5.000000e-01,5.000000e-01,5.000000e-01,5.000000e-01,5.000000e-01,5.000000e-01,5.000000e-01,5.000000e-01,5.000000e-01,0.000000e+00,0.000000e+00,2.998508e-01,0.000000e+00,0.000000e+00,0.000000e+00,0.000000e+00,0.000000e+00,0.000000e+00,0.000000e+00,0.000000e+00,0.000000e+00,0.000000e+00,0.000000e+00,0.000000e+00,0.000000e+00,0.000000e+00,0.000000e+00,0.000000e+00,0.000000e+00,0.000000e+00,0.000000e+00,0.000000e+00,0.000000e+00,0.000000e+00,0.000000e+00,0.000000e+00,0.000000e+00
2.720000e+01,2,5.000000e-01,5.000000e-01,3.947974e-12,5.000000e-01,5.000000e-01,5.000000e-01,5.000000e-01,5.000000e-01,5.000000e-01,5.000000e-01,5.000000e-01,5.000000e-01,5.000000e-01,5.000000e-01,5.000000e-01,5.000000e-01,5.000000e-01,5.000000e-01,5.000000e-01,5.000000e-01,5.000000e-01,5.000000e-01,5.000000e-01,5.000000e-01,5.000000e-01,5.000000e-01,5.000000e-01,5.000000e-01,0.000000e+00,0.000000e+00,3.000000e-01,0.000000e+00,0.000000e+00,0.000000e+00,0.000000e+00,0.000000e+00,0.000000e+00,0.000000e+00,0.000000e+00,0.000000e+00,0.000000e+00,0.000000e+00,0.000000e+00,0.000000e+00,0.000000e+00,0.000000e+00,0.000000e+00,0.000000e+00,0.000000e+00,0.000000e+00,0.000000e+00,0.000000e+00,0.000000e+00,0.000000e+00,0.000000e+00,0.000000e+00
2.730000e+01,2,5.000000e-01,5.000000e-01,1.637161e-12,5.000000e-01,5.000000e-01,5.000000e-01,5.000000e-01,5.000000e-01,5.000000e-01,5.000000e-01,5.000000e-01,5.000000e-01,5.000000e-01,5.000000e-01,5.000000e-01,5.000000e-01,5.000000e-01,5.000000e-01,5.000000e-01,5.000000e-01,5.000000e-01,5.000000e-01,5.000000e-01,5.000000e-01,5.000000e-01,5.000000e-01,5.000000e-01,5.000000e-01,0.000000e+00,0.000000e+00,3.000000e-01,0.000000e+00,0.000000e+00,0.000000e+00,0.000000e+00,0.000000e+00,0.000000e+00,0.000000e+00,0.000000e+00,0.000000e+00,0.000000e+00,0.000000e+00,0.000000e+00,0.000000e+00,0.000000e+00,0.000000e+00,0.000000e+00,0.000000e+00,0.000000e+00,0.000000e+00,0.000000e+00,0.000000e+00,0.000000e+00,0.000000e+00,0.000000e+00,0.000000e+00
2.740000e+01,2,5.000000e-01,2.414406e-04,3.885540e-05,5.000000e-01,5.000000e-01,5.000000e-01,5.000000e-01,5.000000e-01,5.000000e-01,5.000000e-01,5.000000e-01,5.000000e-01,5.000000e-01,5.000000e-01,5.000000e-01,5.000000e-01,5.000000e-01,5.000000e-01,5.000000e-01,5.000000e-01,5.000000e-01,5.000000e-01,5.000000e-01,5.000000e-01,5.000000e-01,5.000000e-01,5.000000e-01,5.000000e-01,0.000000e+00,2.473011e-01,2.908180e-01,0.000000e+00,0.000000e+00,0.000000e+00,0.000000e+00,0.000000e+00,0.000000e+00,0.000000e+00,0.000000e+00,0.000000e+00,0.000000e+00,0.000000e+00,0.000000e+00,0.000000e+00,0.000000e+00,0.000000e+00,0.000000e+00,0.000000e+00,0.000000e+00,0.000000e+00,0.000000e+00,0.000000e+00,0.000000e+00,0.000000e+00,0.000000e+00,0.000000e+00
2.750000e+01,2,5.000000e-01,3.516330e-02,4.845479e-03,5.000000e-01,5.000000e-01,5.000000e-01,5.000000e-01,5.000000e-01,5.000000e-01,5.000000e-01,5.000000e-01,5.000000e-01,5.000000e-01,5.000000e-01,5.000000e-01,5.000000e-01,5.000000e-01,5.000000e-01,5.000000e-01,5.000000e-01,5.000000e-01,5.000000e-01,5.000000e-01,5.000000e-01,5.000000e-01,5.000000e-01,5.000000e-01,5.000000e-01,0.000000e+00,1.096789e-13,6.159388e-03,0.000000e+00,0.000000e+00,0.000000e+00,0.000000e+00,0.000000e+00,0.000000e+00,0.000000e+00,0.000000e+00,0.000000e+00,0.000000e+00,0.000000e+00,0.000000e+00,0.000000e+00,0.000000e+00,0.000000e+00,0.000000e+00,0.000000e+00,0.000000e+00,0.000000e+00,0.000000e+00,0.000000e+00,0.000000e+00,0.000000e+00,0.000000e+00,0.000000e+00
2.760000e+01,-1,5.000000e-01,5.000000e-01,5.000000e-01,5.000000e-01,5.000000e-01,5.000000e-01,5.000000e-01,5.000000e-01,5.000000e-01,5.000000e-01,5.000000e-01,5.000000e-01,5.000000e-01,5.000000e-01,5.000000e-01,5.000000e-01,5.000000e-01,5.000000e-01,5.000000e-01,5.000000e-01,5.000000e-01,5.000000e-01,5.000000e-01,5.000000e-01,5.000000e-01,5.000000e-01,5.000000e-01,5.000000e-01,0.000000e+00,0.000000e+00,0.000000e+00,0.000000e+00,0.000000e+00,0.000000e+00,0.000000e+00,0.000000e+00,0.000000e+00,0.000000e+00,0.000000e+00,0.000000e+00,0.000000e+00,0.000000e+00,0.000000e+00,0.000000e+00,0.000000e+00,0.000000e+00,0.000000e+00,0.000000e+00,0.000000e+00,0.000000e+00,0.000000e+00,0.000000e+00,0.000000e+00,0.000000e+00,0.000000e+00,0.000000e+00
2.770000e+01,9,5.000000e-01,5.000000e-01,5.000000e-01,5.000000e-01,5.000000e-01,5.000000e-01,5.000000e-01,5.000000e-01,1.819452e-02,4.517661e-04,5.000000e-01,5.000000e-01,5.000000e-01,5.000000e-01,5.000000e-01,5.000000e-01,5.000000e-01,5.000000e-01,5.000000e-01,5.000000e-01,5.000000e-01,5.000000e-01,5.000000e-01,5.000000e-01,5.000000e-01,5.000000e-01,5.000000e-01,5.000000e-01,0.000000e+00,0.000000e+00,0.000000e+00,0.000000e+00,0.000000e+00,0.000000e+00,0.000000e+00,0.000000e+00,1.251644e-07,2.089903e-01,0.000000e+00,0.000000e+00,0.000000e+00,0.000000e+00,0.000000e+00,0.000000e+00,0.000000e+00,0.000000e+00,0.000000e+00,0.000000e+00,0.000000e+00,0.000000e+00,0.000000e+00,0.000000e+00,0.000000e+00,0.000000e+00,0.000000e+00,0.000000e+00
2.780000e+01,9,5.000000e-01,5.000000e-01,5.000000e-01,5.000000e-01,5.000000e-01,5.000000e-01,5.000000e-01,5.000000e-01,5.000000e-01,2.073460e-15,5.000000e-01,5.000000e-01,5.000000e-01,5.000000e-01,5.000000e-01,5.000000e-01,5.000000e-01,5.000000e-01,5.000000e-01,5.000000e-01,5.000000e-01,5.000000e-01,5.000000e-01,5.000000e-01,5.000000e-01,5.000000e-01,5.000000e-01,5.000000e-01,0.000000e+00,0.000000e+00,0.000000e+00,0.000000e+00,0.000000e+00,0.000000e+00,0.000000e+00,0.000000e+00,0.000000e+00,3.000000e-01,0.000000e+00,0.000000e+00,0.000000e+00,0.000000e+00,0.000000e+00,0.000000e+00,0.000000e+00,0.000000e+00,0.000000e+00,0.000000e+00,0.000000e+00,0.000000e+00,0.000000e+00,0.000000e+00,0.000000e+00,0.000000e+00,0.000000e+00,0.000000e+00
2.790000e+01,9,5.000000e-01,5.000000e-01,5.000000e-01,5.000000e-01,5.000000e-01,5.000000e-01,5.000000e-01,5.000000e-01,5.000000e-01,2.795996e-42,5.000000e-01,5.000000e-01,5.000000e-01,5.000000e-01,5.000000e-01,5.000000e-01,5.000000e-01,5.000000e-01,5.000000e-01,5.000000e-01,5.000000e-01,5.000000e-01,5.000000e-01,5.000000e-01,5.000000e-01,5.000000e-01,5.000000e-01,5.000000e-01,0.000000e+00,0.000000e+00,0.000000e+00,0.000000e+00,0.000000e+00,0.000000e+00,0.000000e+00,0.000000e+00,0.000000e+00,3.000000e-01,0.000000e+00,0.000000e+00,0.000000e+00,0.000000e+00,0.000000e+00,0.000000e+00,0.000000e+00,0.000000e+00,0.000000e+00,0.000000e+00,0.000000e+00,0.000000e+00,0.000000e+00,0.000000e+00,0.000000e+00,0.000000e+00,0.000000e+00,0.000000e+00
2.800000e+01,9,5.000000e-01,5.000000e-01,5.000000e-01,5.000000e-01,5.000000e-01,5.000000e-01,5.000000e-01,5.000000e-01,5.000000e-01,3.314857e-13,5.000000e-01,5.000000e-01,5.000000e-01,5.000000e-01,5.000000e-01,5.000000e-01,5.000000e-01,5.000000e-01,5.000000e-01,5.000000e-01,5.000000e-01,5.000000e-01,5.000000e-01,5.000000e-01,5.000000e-01,5.000000e-01,5.000000e-01,5.000000e-01,0.000000e+00,0.000000e+00,0.000000e+00,0.000000e+00,0.000000e+00,0.000000e+00,0.000000e+00,0.000000e+00,0.000000e+00,3.000000e-01,0.000000e+00,0.000000e+00,0.000000e+00,0.000000e+00,0.000000e+00,0.000000e+00,0.000000e+00,0.000000e+00,0.000000e+00,0.000000e+00,0.000000e+00,0.000000e+00,0.000000e+00,0.000000e+00,0.000000e+00,0.000000e+00,0.000000e+00,0.000000e+00
2.810000e+01,10,5.000000e-01,5.000000e-01,5.000000e-01,5.000000e-01,5.000000e-01,5.000000e-01,5.000000e-01,5.000000e-01,5.000000e-01,2.671131e-02,2.699527e-05,5.000000e-01,5.000000e-01,5.000000e-01,5.000000e-01,5.000000e-01,5.000000e-01,5.000000e-01,5.000000e-01,5.000000e-01,5.000000e-01,5.000000e-01,5.000000e-01,5.000000e-01,5.000000e-01,5.000000e-01,5.000000e-01,5.000000e-01,0.000000e+00,0.000000e+00,0.000000e+00,0.000000e+00,0.000000e+00,0.000000e+00,0.000000e+00,0.000000e+00,0.000000e+00,1.176150e-10,2.935905e-01,0.000000e+00,0.000000e+00,0.000000e+00,0.000000e+00,0.000000e+00,0.000000e+00,0.000000e+00,0.000000e+00,0.000000e+00,0.000000e+00,0.000000e+00,0.000000e+00,0.000000e+00,0.000000e+00,0.000000e+00,0.000000e+00,0.000000e+00
2.820000e+01,9,5.000000e-01,5.000000e-01,5.000000e-01,5.000000e-01,5.000000e-01,5.000000e-01,5.000000e-01,5.000000e-01,5.000000e-01,2.382419e-03,3.183078e-02,5.000000e-01,5.000000e-01,5.000000e-01,5.000000e-01,5.000000e-01,5.000000e-01,5.000000e-01,5.000000e-01,5.000000e-01,5.000000e-01,5.000000e-01,5.000000e-01,5.000000e-01,5.000000e-01,5.000000e-01,5.000000e-01,5.000000e-01,0.000000e+00,0.000000e+00,0.000000e+00,0.000000e+00,0.000000e+00,0.000000e+00,0.000000e+00,0.000000e+00,0.000000e+00,4.450374e-02,1.730383e-12,0.000000e+00,0.000000e+00,0.000000e+00,0.000000e+00,0.000000e+00,0.000000e+00,0.000000e+00,0.000000e+00,0.000000e+00,0.000000e+00,0.000000e+00,0.000000e+00,0.000000e+00,0.000000e+00,0.000000e+00,0.000000e+00,0.000000e+00
2.830000e+01,9,5.000000e-01,5.000000e-01,5.000000e-01,5.000000e-01,5.000000e-01,5.000000e-01,5.000000e-01,5.000000e-01,5.000000e-01,3.059084e-06,5.000000e-01,5.000000e-01,5.000000e-01,5.000000e-01,5.000000e-01,5.000000e-01,5.000000e-01,5.000000e-01,5.000000e-01,5.000000e-01,5.000000e-01,5.000000e-01,5.000000e-01,5.000000e-01,5.000000e-01,5.000000e-01,5.000000e-01,5.000000e-01,0.000000e+00,0.000000e+00,0.000000e+00,0.000000e+00,0.000000e+00,0.000000e+00,0.000000e+00,0.000000e+00,0.000000e+00,2.992667e-01,0.000000e+00,0.000000e+00,0.000000e+00,0.000000e+00,0.000000e+00,0.000000e+00,0.000000e+00,0.000000e+00,0.000000e+00,0.000000e+00,0.000000e+00,0.000000e+00,0.000000e+00,0.000000e+00,0.000000e+00,0.000000e+00,0.000000e+00,0.000000e+00
2.840000e+01,9,5.000000e-01,5.000000e-01,5.000000e-01,5.000000e-01,5.000000e-01,5.000000e-01,5.000000e-01,5.000000e-01,5.000000e-01,9.223002e-04,5.000000e-01,5.000000e-01,5.000000e-01,5.000000e-01,5.000000e-01,5.000000e-01,5.000000e-01,5.000000e-01,5.000000e-01,5.000000e-01,5.000000e-01,5.000000e-01,5.000000e-01,5.000000e-01,5.000000e-01,5.000000e-01,5.000000e-01,5.000000e-01,0.000000e+00,0.000000e+00,0.000000e+00,0.000000e+00,0.000000e+00,0.000000e+00,0.000000e+00,0.000000e+00,0.000000e+00,1.433948e-01,0.000000e+00,0.000000e+00,0.000000e+00,0.000000e+00,0.000000e+00,0.000000e+00,0.000000e+00,0.000000e+00,0.000000e+00,0.000000e+00,0.000000e+00,0.000000e+00,0.000000e+00,0.000000e+00,0.000000e+00,0.000000e+00,0.000000e+00,0.000000e+00
2.850000e+01,10,5.000000e-01,5.000000e-01,5.000000e-01,5.000000e-01,5.000000e-01,5.000000e-01,5.000000e-01,5.000000e-01,5.000000e-01,5.000000e-01,2.368157e-06,5.000000e-01,5.000000e-01,5.000000e-01,5.000000e-01,5.000000e-01,5.000000e-01,5.000000e-01,5.000000e-01,5.000000e-01,5.000000e-01,5.000000e-01,5.000000e-01,5.000000e-01,5.000000e-01,5.000000e-01,5.000000e-01,5.000000e-01,0.000000e+00,0.000000e+00,0.000000e+00,0.000000e+00,0.000000e+00,0.000000e+00,0.000000e+00,0.000000e+00,0.000000e+00,0.000000e+00,2.994322e-01,0.000000e+00,0.000000e+00,0.000000e+00,0.000000e+00,0.000000e+00,0.000000e+00,0.000000e+00,0.000000e+00,0.000000e+00,0.000000e+00,0.000000e+00,0.000000e+00,0.000000e+00,0.000000e+00,0.000000e+00,0.000000e+00,0.000000e+00
2.860000e+01,9,5.000000e-01,5.000000e-01,5.000000e-01,5.000000e-01,5.000000e-01,5.000000e-01,5.000000e-01,5.000000e-01,5.000000e-01,3.437856e-06,3.174215e-03,5.000000e-01,5.000000e-01,5.000000e-01,5.000000e-01,5.000000e-01,5.000000e-01,5.000000e-01,5.000000e-01,5.000000e-01,5.000000e-01,5.000000e-01,5.000000e-01,5.000000e-01,5.000000e-01,5.000000e-01,5.000000e-01,5.000000e-01,0.000000e+00,0.000000e+00,0.000000e+00,0.000000e+00,0.000000e+00,0.000000e+00,0.000000e+00,0.000000e+00,0.000000e+00,2.991760e-01,2.357937e-02,0.000000e+00,0.000000e+00,0.000000e+00,0.000000e+00,0.000000e+00,0.000000e+00,0.000000e+00,0.000000e+00,0.000000e+00,0.000000e+00,0.000000e+00,0.000000e+00,0.000000e+00,0.000000e+00,0.000000e+00,0.000000e+00,0.000000e+00
2.870000e+01,9,5.000000e-01,5.000000e-01,5.000000e-01,5.000000e-01,5.000000e-01,5.000000e-01,5.000000e-01,5.000000e-01,5.000000e-01,1.605324e-20,5.000000e-01,5.000000e-01,5.000000e-01,5.000000e-01,5.000000e-01,5.000000e-01,5.000000e-01,5.000000e-01,5.000000e-01,5.000000e-01,5.000000e-01,5.000000e-01,5.000000e-01,5.000000e-01,5.000000e-01,5.000000e-01,5.000000e-01,5.000000e-01,0.000000e+00,0.000000e+00,0.000000e+00,0.000000e+00,0.000000e+00,0.000000e+00,0.000000e+00,0.000000e+00,0.000000e+00,3.000000e-01,0.000000e+00,0.000000e+00,0.000000e+00,0.000000e+00,0.000000e+00,0.000000e+00,0.000000e+00,0.000000e+00,0.000000e+00,0.000000e+00,0.000000e+00,0.000000e+00,0.000000e+00,0.000000e+00,0.000000e+00,0.000000e+00,0.000000e+00,0.000000e+00
2.880000e+01,10,5.000000e-01,5.000000e-01,5.000000e-01,5.000000e-01,5.000000e-01,5.000000e-01,5.000000e-01,5.000000e-01,5.000000e-01,4.776441e-03,3.093559e-08,5.000000e-01,5.000000e-01,5.000000e-01,5.000000e-01,5.000000e-01,5.000000e-01,5.000000e-01,5.000000e-01,5.000000e-01,5.000000e-01,5.000000e-01,5.000000e-01,5.000000e-01,5.000000e-01,5.000000e-01,5.000000e-01,5.000000e-01,0.000000e+00,0.000000e+00,0.000000e+00,0.000000e+00,0.000000e+00,0.000000e+00,0.000000e+00,0.000000e+00,0.000000e+00,6.510882e-03,2.999926e-01,0.000000e+00,0.000000e+00,0.000000e+00,0.000000e+00,0.000000e+00,0.000000e+00,0.000000e+00,0.000000e+00,0.000000e+00,0.000000e+00,0.000000e+00,0.000000e+00,0.000000e+00,0.000000e+00,0.000000e+00,0.000000e+00,0.000000e+00
2.890000e+01,10,5.000000e-01,5.000000e-01,5.000000e-01,5.000000e-01,5.000000e-01,5.000000e-01,5.000000e-01,5.000000e-01,5.000000e-01,5.000000e-01,7.376966e-37,5.000000e-01,5.000000e-01,5.000000e-01,5.000000e-01,5.000000e-01,5.000000e-01,5.000000e-01,5.000000e-01,5.000000e-01,5.000000e-01,5.000000e-01,5.000000e-01,5.000000e-01,5.000000e-01,5.000000e-01,5.000000e-01,5.000000e-01,0.000000e+00,0.000000e+00,0.000000e+00,0.000000e+00,0.000000e+00,0.000000e+00,0.000000e+00,0.000000e+00,0.000000e+00,0.000000e+00,3.000000e-01,0.000000e+00,0.000000e+00,0.000000e+00,0.000000e+00,0.000000e+00,0.000000e+00,0.000000e+00,0.000000e+00,0.000000e+00,0.000000e+00,0.000000e+00,0.000000e+00,0.000000e+00,0.000000e+00,0.000000e+00,0.000000e+00,0.000000e+00
2.900000e+01,10,5.000000e-01,5.000000e-01,5.000000e-01,5.000000e-01,5.000000e-01,5.000000e-01,5.000000e-01,5.000000e-01,5.000000e-01,5.000000e-01,2.251721e-14,5.000000e-01,5.000000e-01,5.000000e-01,5.000000e-01,5.000000e-01,5.000000e-01,5.000000e-01,5.000000e-01,5.000000e-01,5.000000e-01,5.000000e-01,5.000000e-01,5.000000e-01,5.000000e-01,5.000000e-01,5.000000e-01,5.000000e-01,0.000000e+00,0.000000e+00,0.000000e+00,0.000000e+00,0.000000e+00,0.000000e+00,0.000000e+00,0.000000e+00,0.000000e+00,0.000000e+00,3.000000e-01,0.000000e+00,0.000000e+00,0.000000e+00,0.000000e+00,0.000000e+00,0.000000e+00,0.000000e+00,0.000000e+00,0.000000e+00,0.000000e+00,0.000000e+00,0.000000e+00,0.000000e+00,0.000000e+00,0.000000e+00,0.000000e+00,0.000000e+00
2.910000e+01,10,5.000000e-01,5.000000e-01,5.000000e-01,2.674484e-02,5.000000e-01,5.000000e-01,5.000000e-01,5.000000e-01,5.000000e-01,5.000000e-01,1.339645e-02,5.000000e-01,5.000000e-01,5.000000e-01,5.000000e-01,5.000000e-01,5.000000e-01,5.000000e-01,5.000000e-01,5.000000e-01,5.000000e-01,5.000000e-01,5.000000e-01,5.000000e-01,5.000000e-01,5.000000e-01,5.000000e-01,5.000000e-01,0.000000e+00,0.000000e+00,0.000000e+00,1.144179e-10,0.000000e+00,0.000000e+00,0.000000e+00,0.000000e+00,0.000000e+00,0.000000e+00,6.183856e-06,0.000000e+00,0.000000e+00,0.000000e+00,0.000000e+00,0.000000e+00,0.000000e+00,0.000000e+00,0.000000e+00,0.000000e+00,0.000000e+00,0.000000e+00,0.000000e+00,0.000000e+00,0.000000e+00,0.000000e+00,0.000000e+00,0.000000e+00
2.920000e+01,3,5.000000e-01,5.000000e-01,5.000000e-01,1.159284e-08,5.000000e-01,5.000000e-01,5.000000e-01,5.000000e-01,5.000000e-01,5.000000e-01,5.000000e-01,5.000000e-01,5.000000e-01,5.000000e-01,5.000000e-01,5.000000e-01,5.000000e-01,5.000000e-01,5.000000e-01,5.000000e-01,5.000000e-01,5.000000e-01,5.000000e-01,5.000000e-01,5.000000e-01,5.000000e-01,5.000000e-01,5.000000e-01,0.000000e+00,0.000000e+00,0.000000e+00,2.999972e-01,0.000000e+00,0.000000e+00,0.000000e+00,0.000000e+00,0.000000e+00,0.000000e+00,0.000000e+00,0.000000e+00,0.000000e+00,0.000000e+00,0.000000e+00,0.000000e+00,0.000000e+00,0.000000e+00,0.000000e+00,0.000000e+00,0.000000e+00,0.000000e+00,0.000000e+00,0.000000e+00,0.000000e+00,0.000000e+00,0.000000e+00,0.000000e+00
2.930000e+01,3,5.000000e-01,5.000000e-01,5.000000e-01,8.038334e-08,2.141387e-02,5.000000e-01,5.000000e-01,5.000000e-01,5.000000e-01,5.000000e-01,5.000000e-01,5.000000e-01,5.000000e-01,5.000000e-01,5.000000e-01,5.000000e-01,5.000000e-01,5.000000e-01,5.000000e-01,5.000000e-01,5.000000e-01,5.000000e-01,5.000000e-01,5.000000e-01,5.000000e-01,5.000000e-01,5.000000e-01,5.000000e-01,0.000000e+00,0.000000e+00,0.000000e+00,2.999807e-01,9.044082e-09,0.000000e+00,0.000000e+00,0.000000e+00,0.000000e+00,0.000000e+00,0.000000e+00,0.000000e+00,0.000000e+00,0.000000e+00,0.000000e+00,0.000000e+00,0.000000e+00,0.000000e+00,0.000000e+00,0.000000e+00,0.000000e+00,0.000000e+00,0.000000e+00,0.000000e+00,0.000000e+00,0.000000e+00,0.000000e+00,0.000000e+00
2.940000e+01,4,5.000000e-01,5.000000e-01,5.000000e-01,4.609200e-02,1.349965e-14,5.000000e-01,5.000000e-01,5.000000e-01,5.000000e-01,5.000000e-01,5.000000e-01,5.000000e-01,5.000000e-01,5.000000e-01,5.000000e-01,5.000000e-01,5.000000e-01,5.000000e-01,5.000000e-01,5.000000e-01,5.000000e-01,5.000000e-01,5.000000e-01,5.000000e-01,5.000000e-01,5.000000e-01,5.000000e-01,5.000000e-01,0.000000e+00,0.000000e+00,0.000000e+00,0.000000e+00,3.000000e-01,0.000000e+00,0.000000e+00,0.000000e+00,0.000000e+00,0.000000e+00,0.000000e+00,0.000000e+00,0.000000e+00,0.000000e+00,0.000000e+00,0.000000e+00,0.000000e+00,0.000000e+00,0.000000e+00,0.000000e+00,0.000000e+00,0.000000e+00,0.000000e+00,0.000000e+00,0.000000e+00,0.000000e+00,0.000000e+00,0.000000e+00
2.950000e+01,4,5.000000e-01,5.000000e-01,5.000000e-01,6.799291e-03,1.473303e-08,5.000000e-01,5.000000e-01,5.000000e-01,5.000000e-01,5.000000e-01,5.000000e-01,5.000000e-01,5.000000e-01,5.000000e-01,5.000000e-01,5.000000e-01,5.000000e-01,5.000000e-01,5.000000e-01,5.000000e-01,5.000000e-01,5.000000e-01,5.000000e-01,5.000000e-01,5.000000e-01,5.000000e-01,5.000000e-01,5.000000e-01,0.000000e+00,0.000000e+00,0.000000e+00,1.278610e-03,2.999965e-01,0.000000e+00,0.000000e+00,0.000000e+00,0.000000e+00,0.000000e+00,0.000000e+00,0.000000e+00,0.000000e+00,0.000000e+00,0.000000e+00,0.000000e+00,0.000000e+00,0.000000e+00,0.000000e+00,0.000000e+00,0.000000e+00,0.000000e+00,0.000000e+00,0.000000e+00,0.000000e+00,0.000000e+00,0.000000e+00,0.000000e+00
2.960000e+01,3,5.000000e-01,5.000000e-01,5.000000e-01,9.157904e-17,5.000000e-01,5.000000e-01,5.000000e-01,5.000000e-01,5.000000e-01,5.000000e-01,5.000000e-01,5.000000e-01,5.000000e-01,5.000000e-01,5.000000e-01,5.000000e-01,5.000000e-01,5.000000e-01,5.000000e-01,5.000000e-01,5.000000e-01,5.000000e-01,5.000000e-01,5.000000e-01,5.000000e-01,5.000000e-01,5.000000e-01,5.000000e-01,0.000000e+00,0.000000e+00,0.000000e+00,3.000000e-01,0.000000e+00,0.000000e+00,0.000000e+00,0.000000e+00,0.000000e+00,0.000000e+00,0.000000e+00,0.000000e+00,0.000000e+00,0.000000e+00,0.000000e+00,0.000000e+00,0.000000e+00,0.000000e+00,0.000000e+00,0.000000e+00,0.000000e+00,0.000000e+00,0.000000e+00,0.000000e+00,0.000000e+00,0.000000e+00,0.000000e+00,0.000000e+00
2.970000e+01,3,5.000000e-01,5.000000e-01,5.000000e-01,1.524764e-05,3.583861e-02,5.000000e-01,5.000000e-01,5.000000e-01,5.000000e-01,5.000000e-01,5.000000e-01,5.000000e-01,5.000000e-01,5.000000e-01,5.000000e-01,5.000000e-01,5.000000e-01,5.000000e-01,5.000000e-01,5.000000e-01,5.000000e-01,5.000000e-01,5.000000e-01,5.000000e-01,5.000000e-01,5.000000e-01,5.000000e-01,5.000000e-01,0.000000e+00,0.000000e+00,0.000000e+00,2.963628e-01,6.264989e-14,0.000000e+00,0.000000e+00,0.000000e+00,0.000000e+00,0.000000e+00,0.000000e+00,0.000000e+00,0.000000e+00,0.000000e+00,0.000000e+00,0.000000e+00,0.000000e+00,0.000000e+00,0.000000e+00,0.000000e+00,0.000000e+00,0.000000e+00,0.000000e+00,0.000000e+00,0.000000e+00,0.000000e+00,0.000000e+00,0.000000e+00
2.980000e+01,4,5.000000e-01,5.000000e-01,5.000000e-01,5.000000e-01,4.534727e-03,5.000000e-01,5.000000e-01,5.000000e-01,5.000000e-01,5.000000e-01,5.000000e-01,5.000000e-01,5.000000e-01,5.000000e-01,5.000000e-01,5.000000e-01,5.000000e-01,5.000000e-01,5.000000e-01,5.000000e-01,5.000000e-01,5.000000e-01,5.000000e-01,5.000000e-01,5.000000e-01,5.000000e-01,5.000000e-01,5.000000e-01,0.000000e+00,0.000000e+00,0.000000e+00,0.000000e+00,7.907016e-03,0.000000e+00,0.000000e+00,0.000000e+00,0.000000e+00,0.000000e+00,0.000000e+00,0.000000e+00,0.000000e+00,0.000000e+00,0.000000e+00,0.000000e+00,0.000000e+00,0.000000e+00,0.000000e+00,0.000000e+00,0.000000e+00,0.000000e+00,0.000000e+00,0.000000e+00,0.000000e+00,0.000000e+00,0.000000e+00,0.000000e+00
2.990000e+01,11,5.000000e-01,5.000000e-01,5.000000e-01,5.000000e-01,5.000000e-01,5.000000e-01,5.000000e-01,5.000000e-01,5.000000e-01,5.000000e-01,5.000000e-01,6.570555e-03,5.000000e-01,5.000000e-01,5.000000e-01,5.000000e-01,5.000000e-01,5.000000e-01,5.000000e-01,5.000000e-01,5.000000e-01,5.000000e-01,5.000000e-01,5.000000e-01,5.000000e-01,5.000000e-01,5.000000e-01,5.000000e-01,0.000000e+00,0.000000e+00,0.000000e+00,0.000000e+00,0.000000e+00,0.000000e+00,0.000000e+00,0.000000e+00,0.000000e+00,0.000000e+00,0.000000e+00,1.537248e-03,0.000000e+00,0.000000e+00,0.000000e+00,0.000000e+00,0.000000e+00,0.000000e+00,0.000000e+00,0.000000e+00,0.000000e+00,0.000000e+00,0.000000e+00,0.000000e+00,0.000000e+00,0.000000e+00,0.000000e+00,0.000000e+00
3.000000e+01,11,5.000000e-01,5.000000e-01,5.000000e-01,5.000000e-01,5.000000e-01,5.000000e-01,5.000000e-01,5.000000e-01,5.000000e-01,5.000000e-01,5.000000e-01,5.116878e-17,5.000000e-01,5.000000e-01,5.000000e-01,5.000000e-01,5.000000e-01,5.000000e-01,5.000000e-01,5.000000e-01,5.000000e-01,5.000000e-01,5.000000e-01,5.000000e-01,5.000000e-01,5.000000e-01,5.000000e-01,5.000000e-01,0.000000e+00,0.000000e+00,0.000000e+00,0.000000e+00,0.000000e+00,0.000000e+00,0.000000e+00,0.000000e+00,0.000000e+00,0.000000e+00,0.000000e+00,3.000000e-01,0.000000e+00,0.000000e+00,0.000000e+00,0.000000e+00,0.000000e+00,0.000000e+00,0.000000e+00,0.000000e+00,0.000000e+00,0.000000e+00,0.000000e+00,0.000000e+00,0.000000e+00,0.000000e+00,0.000000e+00,0.000000e+00
3.010000e+01,11,5.000000e-01,5.000000e-01,5.000000e-01,5.000000e-01,5.000000e-01,5.000000e-01,5.000000e-01,5.000000e-01,5.000000e-01,5.000000e-01,5.000000e-01,3.620761e-54,5.000000e-01,5.000000e-01,5.000000e-01,5.000000e-01,5.000000e-01,5.000000e-01,5.000000e-01,5.000000e-01,5.000000e-01,5.000000e-01,5.000000e-01,5.000000e-01,5.000000e-01,5.000000e-01,5.000000e-01,5.000000e-01,0.000000e+00,0.000000e+00,0.000000e+00,0.000000e+00,0.000000e+00,0.000000e+00,0.000000e+00,0.000000e+00,0.000000e+00,0.000000e+00,0.000000e+00,3.000000e-01,0.000000e+00,0.000000e+00,0.000000e+00,0.000000e+00,0.000000e+00,0.000000e+00,0.000000e+00,0.000000e+00,0.000000e+00,0.000000e+00,0.000000e+00,0.000000e+00,0.000000e+00,0.000000e+00,0.000000e+00,0.000000e+00
3.020000e+01,11,5.000000e-01,5.000000e-01,5.000000e-01,5.000000e-01,5.000000e-01,5.000000e-01,5.000000e-01,5.000000e-01,5.000000e-01,5.000000e-01,5.000000e-01,2.306808e-29,5.000000e-01,5.000000e-01,5.000000e-01,5.000000e-01,5.000000e-01,5.000000e-01,5.000000e-01,5.000000e-01,5.000000e-01,5.000000e-01,5.000000e-01,5.000000e-01,5.000000e-01,5.000000e-01,5.000000e-01,5.000000e-01,0.000000e+00,0.000000e+00,0.000000e+00,0.000000e+00,0.000000e+00,0.000000e+00,0.000000e+00,0.000000e+00,0.000000e+00,0.000000e+00,0.000000e+00,3.000000e-01,0.000000e+00,0.000000e+00,0.000000e+00,0.000000e+00,0.000000e+00,0.000000e+00,0.000000e+00,0.000000e+00,0.000000e+00,0.000000e+00,0.000000e+00,0.000000e+00,0.000000e+00,0.000000e+00,0.000000e+00,0.000000e+00
3.030000e+01,11,5.000000e-01,5.000000e-01,5.000000e-01,5.000000e-01,5.000000e-01,5.000000e-01,5.000000e-01,5.000000e-01,5.000000e-01,5.000000e-01,5.000000e-01,2.287057e-37,5.000000e-01,5.000000e-01,5.000000e-01,5.000000e-01,5.000000e-01,5.000000e-01,5.000000e-01,5.000000e-01,5.000000e-01,5.000000e-01,5.000000e-01,5.000000e-01,5.000000e-01,5.000000e-01,5.000000e-01,5.000000e-01,0.000000e+00,0.000000e+00,0.000000e+00,0.000000e+00,0.000000e+00,0.000000e+00,0.000000e+00,0.000000e+00,0.000000e+00,0.000000e+00,0.000000e+00,3.000000e-01,0.000000e+00,0.000000e+00,0.000000e+00,0.000000e+00,0.000000e+00,0.000000e+00,0.000000e+00,0.000000e+00,0.000000e+00,0.000000e+00,0.000000e+00,0.000000e+00,0.000000e+00,0.000000e+00,0.000000e+00,0.000000e+00
3.040000e+01,11,5.000000e-01,5.000000e-01,5.000000e-01,5.000000e-01,5.000000e-01,5.000000e-01,5.000000e-01,5.000000e-01,5.000000e-01,5.000000e-01,5.000000e-01,1.050058e-17,5.000000e-01,5.000000e-01,5.000000e-01,5.000000e-01,5.000000e-01,5.000000e-01,5.000000e-01,5.000000e-01,5.000000e-01,5.000000e-01,5.000000e-01,5.000000e-01,5.000000e-01,5.000000e-01,5.000000e-01,5.000000e-01,0.000000e+00,0.000000e+00,0.000000e+00,0.000000e+00,0.000000e+00,0.000000e+00,0.000000e+00,0.000000e+00,0.000000e+00,0.000000e+00,0.000000e+00,3.000000e-01,0.000000e+00,0.000000e+00,0.000000e+00,0.000000e+00,0.000000e+00,0.000000e+00,0.000000e+00,0.000000e+00,0.000000e+00,0.000000e+00,0.000000e+00,0.000000e+00,0.000000e+00,0.000000e+00,0.000000e+00,0.000000e+00
3.050000e+01,11,5.000000e-01,5.000000e-01,5.000000e-01,5.000000e-01,5.000000e-01,5.000000e-01,5.000000e-01,5.000000e-01,5.000000e-01,5.000000e-01,5.000000e-01,1.386831e-28,5.000000e-01,5.000000e-01,5.000000e-01,5.000000e-01,5.000000e-01,5.000000e-01,5.000000e-01,5.000000e-01,5.000000e-01,5.000000e-01,5.000000e-01,5.000000e-01,5.000000e-01,5.000000e-01,5.000000e-01,5.000000e-01,0.000000e+00,0.000000e+00,0.000000e+00,0.000000e+00,0.000000e+00,0.000000e+00,0.000000e+00,0.000000e+00,0.000000e+00,0.000000e+00,0.000000e+00,3.000000e-01,0.000000e+00,0.000000e+00,0.000000e+00,0.000000e+00,0.000000e+00,0.000000e+00,0.000000e+00,0.000000e+00,0.000000e+00,0.000000e+00,0.000000e+00,0.000000e+00,0.000000e+00,0.000000e+00,0.000000e+00,0.000000e+00
3.060000e+01,11,5.000000e-01,5.000000e-01,5.000000e-01,5.000000e-01,5.000000e-01,5.000000e-01,5.000000e-01,5.000000e-01,5.000000e-01,5.000000e-01,5.000000e-01,5.236124e-08,5.000000e-01,5.000000e-01,5.000000e-01,5.000000e-01,5.000000e-01,5.000000e-01,5.000000e-01,5.000000e-01,5.000000e-01,5.000000e-01,5.000000e-01,5.000000e-01,5.000000e-01,5.000000e-01,5.000000e-01,5.000000e-01,0.000000e+00,0.000000e+00,0.000000e+00,0.000000e+00,0.000000e+00,0.000000e+00,0.000000e+00,0.000000e+00,0.000000e+00,0.000000e+00,0.000000e+00,2.999874e-01,0.000000e+00,0.000000e+00,0.000000e+00,0.000000e+00,0.000000e+00,0.000000e+00,0.000000e+00,0.000000e+00,0.000000e+00,0.000000e+00,0.000000e+00,0.000000e+00,0.000000e+00,0.000000e+00,0.000000e+00,0.000000e+00
3.070000e+01,18,5.000000e-01,5.000000e-01,5.000000e-01,5.000000e-01,5.000000e-01,5.000000e-01,5.000000e-01,5.000000e-01,5.000000e-01,5.000000e-01,5.000000e-01,5.000000e-01,5.000000e-01,5.000000e-01,5.000000e-01,5.000000e-01,5.000000e-01,5.000000e-01,4.213633e-02,5.000000e-01,5.000000e-01,5.000000e-01,5.000000e-01,5.000000e-01,5.000000e-01,5.000000e-01,5.000000e-01,5.000000e-01,0.000000e+00,0.000000e+00,0.000000e+00,0.000000e+00,0.000000e+00,0.000000e+00,0.000000e+00,0.000000e+00,0.000000e+00,0.000000e+00,0.000000e+00,0.000000e+00,0.000000e+00,0.000000e+00,0.000000e+00,0.000000e+00,0.000000e+00,0.000000e+00,3.330669e-16,0.000000e+00,0.000000e+00,0.000000e+00,0.000000e+00,0.000000e+00,0.000000e+00,0.000000e+00,0.000000e+00,0.000000e+00
3.080000e+01,-1,5.000000e-01,5.000000e-01,5.000000e-01,5.000000e-01,5.000000e-01,5.000000e-01,5.000000e-01,5.000000e-01,5.000000e-01,5.000000e-01,5.000000e-01,5.000000e-01,5.000000e-01,5.000000e-01,5.000000e-01,5.000000e-01,5.000000e-01,5.000000e-01,5.000000e-01,5.000000e-01,5.000000e-01,5.000000e-01,5.000000e-01,5.000000e-01,5.000000e-01,5.000000e-01,5.000000e-01,5.000000e-01,0.000000e+00,0.000000e+00,0.000000e+00,0.000000e+00,0.000000e+00,0.000000e+00,0.000000e+00,0.000000e+00,0.000000e+00,0.000000e+00,0.000000e+00,0.000000e+00,0.000000e+00,0.000000e+00,0.000000e+00,0.000000e+00,0.000000e+00,0.000000e+00,0.000000e+00,0.000000e+00,0.000000e+00,0.000000e+00,0.000000e+00,0.000000e+00,0.000000e+00,0.000000e+00,0.000000e+00,0.000000e+00
3.090000e+01,11,5.000000e-01,5.000000e-01,5.000000e-01,5.000000e-01,5.000000e-01,5.000000e-01,5.000000e-01,5.000000e-01,5.000000e-01,5.000000e-01,5.000000e-01,6.682117e-11,5.000000e-01,5.000000e-01,5.000000e-01,5.000000e-01,5.000000e-01,5.000000e-01,5.000000e-01,5.000000e-01,5.000000e-01,5.000000e-01,5.000000e-01,5.000000e-01,5.000000e-01,5.000000e-01,5.000000e-01,5.000000e-01,0.000000e+00,0.000000e+00,0.000000e+00,0.000000e+00,0.000000e+00,0.000000e+00,0.000000e+00,0.000000e+00,0.000000e+00,0.000000e+00,0.000000e+00,3.000000e-01,0.000000e+00,0.000000e+00,0.000000e+00,0.000000e+00,0.000000e+00,0.000000e+00,0.000000e+00,0.000000e+00,0.000000e+00,0.000000e+00,0.000000e+00,0.000000e+00,0.000000e+00,0.000000e+00,0.000000e+00,0.000000e+00
3.100000e+01,11,5.000000e-01,5.000000e-01,5.000000e-01,5.000000e-01,5.000000e-01,5.000000e-01,5.000000e-01,5.000000e-01,5.000000e-01,5.000000e-01,5.000000e-01,1.033128e-06,5.000000e-01,5.000000e-01,5.000000e-01,5.000000e-01,5.000000e-01,5.000000e-01,5.000000e-01,5.000000e-01,5.000000e-01,5.000000e-01,5.000000e-01,5.000000e-01,5.000000e-01,5.000000e-01,5.000000e-01,5.000000e-01,0.000000e+00,0.000000e+00,0.000000e+00,0.000000e+00,0.000000e+00,0.000000e+00,0.000000e+00,0.000000e+00,0.000000e+00,0.000000e+00,0.000000e+00,2.997522e-01,0.000000e+00,0.000000e+00,0.000000e+00,0.000000e+00,0.000000e+00,0.000000e+00,0.000000e+00,0.000000e+00,0.000000e+00,0.000000e+00,0.000000e+00,0.000000e+00,0.000000e+00,0.000000e+00,0.000000e+00,0.000000e+00
3.110000e+01,18,5.000000e-01,5.000000e-01,5.000000e-01,5.000000e-01,5.000000e-01,5.000000e-01,5.000000e-01,5.000000e-01,5.000000e-01,5.000000e-01,5.000000e-01,5.000000e-01,5.000000e-01,5.000000e-01,5.000000e-01,5.000000e-01,5.000000e-01,5.000000e-01,7.847536e-03,5.000000e-01,5.000000e-01,5.000000e-01,5.000000e-01,5.000000e-01,5.000000e-01,5.000000e-01,5.000000e-01,5.000000e-01,0.000000e+00,0.000000e+00,0.000000e+00,0.000000e+00,0.000000e+00,0.000000e+00,0.000000e+00,0.000000e+00,0.000000e+00,0.000000e+00,0.000000e+00,0.000000e+00,0.000000e+00,0.000000e+00,0.000000e+00,0.000000e+00,0.000000e+00,0.000000e+00,5.493556e-04,0.000000e+00,0.000000e+00,0.000000e+00,0.000000e+00,0.000000e+00,0.000000e+00,0.000000e+00,0.000000e+00,0.000000e+00
3.120000e+01,18,5.000000e-01,5.000000e-01,5.000000e-01,5.000000e-01,5.000000e-01,5.000000e-01,5.000000e-01,5.000000e-01,5.000000e-01,5.000000e-01,5.000000e-01,5.000000e-01,5.000000e-01,5.000000e-01,5.000000e-01,5.000000e-01,5.000000e-01,5.000000e-01,6.123729e-17,5.000000e-01,5.000000e-01,5.000000e-01,5.000000e-01,5.000000e-01,5.000000e-01,5.000000e-01,5.000000e-01,5.000000e-01,0.000000e+00,0.000000e+00,0.000000e+00,0.000000e+00,0.000000e+00,0.000000e+00,0.000000e+00,0.000000e+00,0.000000e+00,0.000000e+00,0.000000e+00,0.000000e+00,0.000000e+00,0.000000e+00,0.000000e+00,0.000000e+00,0.000000e+00,0.000000e+00,3.000000e-01,0.000000e+00,0.000000e+00,0.000000e+00,0.000000e+00,0.000000e+00,0.000000e+00,0.000000e+00,0.000000e+00,0.000000e+00
3.130000e+01,18,5.000000e-01,5.000000e-01,5.000000e-01,5.000000e-01,5.000000e-01,5.000000e-01,5.000000e-01,5.000000e-01,5.000000e-01,5.000000e-01,5.000000e-01,5.000000e-01,5.000000e-01,5.000000e-01,5.000000e-01,5.000000e-01,5.000000e-01,5.000000e-01,1.909859e-54,5.000000e-01,5.000000e-01,5.000000e-01,5.000000e-01,5.000000e-01,5.000000e-01,5.000000e-01,5.000000e-01,5.000000e-01,0.000000e+00,0.000000e+00,0.000000e+00,0.000000e+00,0.000000e+00,0.000000e+00,0.000000e+00,0.000000e+00,0.000000e+00,0.000000e+00,0.000000e+00,0.000000e+00,0.000000e+00,0.000000e+00,0.000000e+00,0.000000e+00,0.000000e+00,0.000000e+00,3.000000e-01,0.000000e+00,0.000000e+00,0.000000e+00,0.000000e+00,0.000000e+00,0.000000e+00,0.000000e+00,0.000000e+00,0.000000e+00
3.140000e+01,18,5.000000e-01,5.000000e-01,5.000000e-01,5.000000e-01,5.000000e-01,5.000000e-01,5.000000e-01,5.000000e-01,5.000000e-01,5.000000e-01,5.000000e-01,5.000000e-01,5.000000e-01,5.000000e-01,5.000000e-01,5.000000e-01,5.000000e-01,5.000000e-01,2.694754e-28,5.000000e-01,5.000000e-01,5.000000e-01,5.000000e-01,5.000000e-01,5.000000e-01,5.000000e-01,5.000000e-01,5.000000e-01,0.000000e+00,0.000000e+00,0.000000e+00,0.000000e+00,0.000000e+00,0.000000e+00,0.000000e+00,0.000000e+00,0.000000e+00,0.000000e+00,0.000000e+00,0.000000e+00,0.000000e+00,0.000000e+00,0.000000e+00,0.000000e+00,0.000000e+00,0.000000e+00,3.000000e-01,0.000000e+00,0.000000e+00,0.000000e+00,0.000000e+00,0.000000e+00,0.000000e+00,0.000000e+00,0.000000e+00,0.000000e+00
3.150000e+01,18,5.000000e-01,5.000000e-01,5.000000e-01,5.000000e-01,5.000000e-01,5.000000e-01,5.000000e-01,5.000000e-01,5.000000e-01,5.000000e-01,5.000000e-01,5.000000e-01,5.000000e-01,5.000000e-01,5.000000e-01,5.000000e-01,5.000000e-01,5.000000e-01,4.522625e-04,5.000000e-01,5.000000e-01,5.000000e-01,5.000000e-01,5.000000e-01,5.000000e-01,5.000000e-01,5.000000e-01,5.000000e-01,0.000000e+00,0.000000e+00,0.000000e+00,0.000000e+00,0.000000e+00,0.000000e+00,0.000000e+00,0.000000e+00,0.000000e+00,0.000000e+00,0.000000e+00,0.000000e+00,0.000000e+00,0.000000e+00,0.000000e+00,0.000000e+00,0.000000e+00,0.000000e+00,2.089073e-01,0.000000e+00,0.000000e+00,0.000000e+00,0.000000e+00,0.000000e+00,0.000000e+00,0.000000e+00,0.000000e+00,0.000000e+00
3.160000e+01,18,5.000000e-01,5.000000e-01,5.000000e-01,5.000000e-01,5.000000e-01,5.000000e-01,5.000000e-01,5.000000e-01,5.000000e-01,5.000000e-01,5.000000e-01,5.000000e-01,5.000000e-01,5.000000e-01,5.000000e-01,5.000000e-01,5.000000e-01,5.000000e-01,1.562130e-27,5.000000e-01,5.000000e-01,5.000000e-01,5.000000e-01,5.000000e-01,5.000000e-01,5.000000e-01,5.000000e-01,5.000000e-01,0.000000e+00,0.000000e+00,0.000000e+00,0.000000e+00,0.000000e+00,0.000000e+00,0.000000e+00,0.000000e+00,0.000000e+00,0.000000e+00,0.000000e+00,0.000000e+00,0.000000e+00,0.000000e+00,0.000000e+00,0.000000e+00,0.000000e+00,0.000000e+00,3.000000e-01,0.000000e+00,0.000000e+00,0.000000e+00,0.000000e+00,0.000000e+00,0.000000e+00,0.000000e+00,0.000000e+00,0.000000e+00
3.170000e+01,18,5.000000e-01,5.000000e-01,5.000000e-01,5.000000e-01,5.000000e-01,5.000000e-01,5.000000e-01,5.000000e-01,5.000000e-01,5.000000e-01,5.000000e-01,5.000000e-01,5.000000e-01,5.000000e-01,5.000000e-01,5.000000e-01,5.000000e-01,5.000000e-01,2.702781e-50,5.000000e-01,5.000000e-01,5.000000e-01,5.000000e-01,5.000000e-01,5.000000e-01,5.000000e-01,5.000000e-01,5.000000e-01,0.000000e+00,0.000000e+00,0.000000e+00,0.000000e+00,0.000000e+00,0.000000e+00,0.000000e+00,0.000000e+00,0.000000e+00,0.000000e+00,0.000000e+00,0.000000e+00,0.000000e+00,0.000000e+00,0.000000e+00,0.000000e+00,0.000000e+00,0.000000e+00,3.000000e-01,0.000000e+00,0.000000e+00,0.000000e+00,0.000000e+00,0.000000e+00,0.000000e+00,0.000000e+00,0.000000e+00,0.000000e+00
3.180000e+01,18,5.000000e-01,5.000000e-01,5.000000e-01,5.000000e-01,5.000000e-01,5.000000e-01,5.000000e-01,5.000000e-01,5.000000e-01,5.000000e-01,5.000000e-01,5.000000e-01,5.000000e-01,5.000000e-01,5.000000e-01,5.000000e-01,5.000000e-01,5.000000e-01,4.233405e-14,5.000000e-01,5.000000e-01,5.000000e-01,5.000000e-01,5.000000e-01,5.000000e-01,5.000000e-01,5.000000e-01,5.000000e-01,0.000000e+00,0.000000e+00,0.000000e+00,0.000000e+00,0.000000e+00,0.000000e+00,0.000000e+00,0.000000e+00,0.000000e+00,0.000000e+00,0.000000e+00,0.000000e+00,0.000000e+00,0.000000e+00,0.000000e+00,0.000000e+00,0.000000e+00,0.000000e+00,3.000000e-01,0.000000e+00,0.000000e+00,0.000000e+00,0.000000e+00,0.000000e+00,0.000000e+00,0.000000e+00,0.000000e+00,0.000000e+00
3.190000e+01,18,5.000000e-01,5.000000e-01,5.000000e-01,5.000000e-01,5.000000e-01,5.000000e-01,5.000000e-01,5.000000e-01,5.000000e-01,5.000000e-01,5.000000e-01,5.000000e-01,5.000000e-01,5.000000e-01,5.000000e-01,5.000000e-01,5.000000e-01,5.000000e-01,9.783737e-04,5.000000e-01,5.000000e-01,5.000000e-01,5.000000e-01,5.000000e-01,5.000000e-01,5.000000e-01,5.000000e-01,5.000000e-01,0.000000e+00,0.000000e+00,0.000000e+00,0.000000e+00,0.000000e+00,0.000000e+00,0.000000e+00,0.000000e+00,0.000000e+00,0.000000e+00,0.000000e+00,0.000000e+00,0.000000e+00,0.000000e+00,0.000000e+00,0.000000e+00,0.000000e+00,0.000000e+00,1.370986e-01,0.000000e+00,0.000000e+00,0.000000e+00,0.000000e+00,0.000000e+00,0.000000e+00,0.000000e+00,0.000000e+00,0.000000e+00
3.200000e+01,18,5.000000e-01,5.000000e-01,5.000000e-01,5.000000e-01,5.000000e-01,5.000000e-01,5.000000e-01,5.000000e-01,5.000000e-01,5.000000e-01,5.000000e-01,5.000000e-01,5.000000e-01,5.000000e-01,5.000000e-01,5.000000e-01,5.000000e-01,5.000000e-01,2.718925e-03,5.000000e-01,5.000000e-01,5.000000e-01,5.000000e-01,5.000000e-01,5.000000e-01,5.000000e-01,5.000000e-01,5.000000e-01,0.000000e+00,0.000000e+00,0.000000e+00,0.000000e+00,0.000000e+00,0.000000e+00,0.000000e+00,0.000000e+00,0.000000e+00,0.000000e+00,0.000000e+00,0.000000e+00,0.000000e+00,0.000000e+00,0.000000e+00,0.000000e+00,0.000000e+00,0.000000e+00,3.397688e-02,0.000000e+00,0.000000e+00,0.000000e+00,0.000000e+00,0.000000e+00,0.000000e+00,0.000000e+00,0.000000e+00,0.000000e+00
3.210000e+01,19,5.000000e-01,5.000000e-01,5.000000e-01,5.000000e-01,5.000000e-01,5.000000e-01,5.000000e-01,5.000000e-01,5.000000e-01,5.000000e-01,5.000000e-01,5.000000e-01,5.000000e-01,5.000000e-01,5.000000e-01,5.000000e-01,5.000000e-01,5.000000e-01,5.000000e-01,1.715536e-02,5.000000e-01,5.000000e-01,5.000000e-01,5.000000e-01,5.000000e-01,5.000000e-01,5.000000e-01,5.000000e-01,0.000000e+00,0.000000e+00,0.000000e+00,0.000000e+00,0.000000e+00,0.000000e+00,0.000000e+00,0.000000e+00,0.000000e+00,0.000000e+00,0.000000e+00,0.000000e+00,0.000000e+00,0.000000e+00,0.000000e+00,0.000000e+00,0.000000e+00,0.000000e+00,0.000000e+00,2.917567e-07,0.000000e+00,0.000000e+00,0.000000e+00,0.000000e+00,0.000000e+00,0.000000e+00,0.000000e+00,0.000000e+00
3.220000e+01,19,5.000000e-01,5.000000e-01,5.000000e-01,5.000000e-01,5.000000e-01,5.000000e-01,5.000000e-01,5.000000e-01,5.000000e-01,5.000000e-01,5.000000e-01,5.000000e-01,5.000000e-01,5.000000e-01,5.000000e-01,5.000000e-01,5.000000e-01,5.000000e-01,5.000000e-01,3.311279e-14,5.000000e-01,5.000000e-01,5.000000e-01,5.000000e-01,5.000000e-01,5.000000e-01,5.000000e-01,5.000000e-01,0.000000e+00,0.000000e+00,0.000000e+00,0.000000e+00,0.000000e+00,0.000000e+00,0.000000e+00,0.000000e+00,0.000000e+00,0.000000e+00,0.000000e+00,0.000000e+00,0.000000e+00,0.000000e+00,0.000000e+00,0.000000e+00,0.000000e+00,0.000000e+00,0.000000e+00,3.000000e-01,0.000000e+00,0.000000e+00,0.000000e+00,0.000000e+00,0.000000e+00,0.000000e+00,0.000000e+00,0.000000e+00
3.230000e+01,19,5.000000e-01,5.000000e-01,5.000000e-01,5.000000e-01,5.000000e-01,5.000000e-01,5.000000e-01,5.000000e-01,5.000000e-01,5.000000e-01,5.000000e-01,5.000000e-01,5.000000e-01,5.000000e-01,5.000000e-01,5.000000e-01,5.000000e-01,5.000000e-01,5.000000e-01,4.431961e-28,5.000000e-01,5.000000e-01,5.000000e-01,5.000000e-01,5.000000e-01,5.000000e-01,5.000000e-01,5.000000e-01,0.000000e+00,0.000000e+00,0.000000e+00,0.000000e+00,0.000000e+00,0.000000e+00,0.000000e+00,0.000000e+00,0.000000e+00,0.000000e+00,0.000000e+00,0.000000e+00,0.000000e+00,0.000000e+00,0.000000e+00,0.000000e+00,0.000000e+00,0.000000e+00,0.000000e+00,3.000000e-01,0.000000e+00,0.000000e+00,0.000000e+00,0.000000e+00,0.000000e+00,0.000000e+00,0.000000e+00,0.000000e+00
3.240000e+01,19,5.000000e-01,5.000000e-01,5.000000e-01,5.000000e-01,5.000000e-01,5.000000e-01,5.000000e-01,5.000000e-01,5.000000e-01,5.000000e-01,5.000000e-01,5.000000e-01,5.000000e-01,5.000000e-01,5.000000e-01,5.000000e-01,5.000000e-01,5.000000e-01,1.564132e-03,8.352197e-07,5.000000e-01,5.000000e-01,5.000000e-01,5.000000e-01,5.000000e-01,5.000000e-01,5.000000e-01,5.000000e-01,0.000000e+00,0.000000e+00,0.000000e+00,0.000000e+00,0.000000e+00,0.000000e+00,0.000000e+00,0.000000e+00,0.000000e+00,0.000000e+00,0.000000e+00,0.000000e+00,0.000000e+00,0.000000e+00,0.000000e+00,0.000000e+00,0.000000e+00,0.000000e+00,8.575524e-02,2.997996e-01,0.000000e+00,0.000000e+00,0.000000e+00,0.000000e+00,0.000000e+00,0.000000e+00,0.000000e+00,0.000000e+00
3.250000e+01,18,5.000000e-01,5.000000e-01,5.000000e-01,5.000000e-01,5.000000e-01,5.000000e-01,5.000000e-01,5.000000e-01,5.000000e-01,5.000000e-01,5.000000e-01,5.000000e-01,5.000000e-01,5.000000e-01,5.000000e-01,5.000000e-01,5.000000e-01,5.000000e-01,6.141215e-08,5.000000e-01,5.000000e-01,5.000000e-01,5.000000e-01,5.000000e-01,5.000000e-01,5.000000e-01,5.000000e-01,5.000000e-01,0.000000e+00,0.000000e+00,0.000000e+00,0.000000e+00,0.000000e+00,0.000000e+00,0.000000e+00,0.000000e+00,0.000000e+00,0.000000e+00,0.000000e+00,0.000000e+00,0.000000e+00,0.000000e+00,0.000000e+00,0.000000e+00,0.000000e+00,0.000000e+00,2.999853e-01,0.000000e+00,0.000000e+00,0.000000e+00,0.000000e+00,0.000000e+00,0.000000e+00,0.000000e+00,0.000000e+00,0.000000e+00
3.260000e+01,18,5.000000e-01,5.000000e-01,5.000000e-01,5.000000e-01,5.000000e-01,5.000000e-01,5.000000e-01,5.000000e-01,5.000000e-01,5.000000e-01,5.000000e-01,5.000000e-01,5.000000e-01,5.000000e-01,5.000000e-01,5.000000e-01,5.000000e-01,5.000000e-01,2.889440e-04,5.000000e-01,5.000000e-01,5.000000e-01,5.000000e-01,5.000000e-01,5.000000e-01,5.000000e-01,5.000000e-01,5.000000e-01,0.000000e+00,0.000000e+00,0.000000e+00,0.000000e+00,0.000000e+00,0.000000e+00,0.000000e+00,0.000000e+00,0.000000e+00,0.000000e+00,0.000000e+00,0.000000e+00,0.000000e+00,0.000000e+00,0.000000e+00,0.000000e+00,0.000000e+00,0.000000e+00,2.380769e-01,0.000000e+00,0.000000e+00,0.000000e+00,0.000000e+00,0.000000e+00,0.000000e+00,0.000000e+00,0.000000e+00,0.000000e+00
3.270000e+01,18,5.000000e-01,5.000000e-01,5.000000e-01,5.000000e-01,5.000000e-01,5.000000e-01,5.000000e-01,5.000000e-01,5.000000e-01,5.000000e-01,5.000000e-01,5.000000e-01,5.000000e-01,5.000000e-01,5.000000e-01,5.000000e-01,5.000000e-01,5.000000e-01,1.146636e-04,5.000000e-01,5.000000e-01,5.000000e-01,5.000000e-01,5.000000e-01,5.000000e-01,5.000000e-01,5.000000e-01,5.000000e-01,0.000000e+00,0.000000e+00,0.000000e+00,0.000000e+00,0.000000e+00,0.000000e+00,0.000000e+00,0.000000e+00,0.000000e+00,0.000000e+00,0.000000e+00,0.000000e+00,0.000000e+00,0.000000e+00,0.000000e+00,0.000000e+00,0.000000e+00,0.000000e+00,2.737038e-01,0.000000e+00,0.000000e+00,0.000000e+00,0.000000e+00,0.000000e+00,0.000000e+00,0.000000e+00,0.000000e+00,0.000000e+00
3.280000e+01,19,5.000000e-01,5.000000e-01,5.000000e-01,5.000000e-01,5.000000e-01,5.000000e-01,5.000000e-01,5.000000e-01,5.000000e-01,5.000000e-01,5.000000e-01,5.000000e-01,5.000000e-01,5.000000e-01,5.000000e-01,5.000000e-01,5.000000e-01,5.000000e-01,3.238677e-03,1.352519e-04,5.000000e-01,5.000000e-01,5.000000e-01,5.000000e-01,5.000000e-01,5.000000e-01,5.000000e-01,5.000000e-01,0.000000e+00,0.000000e+00,0.000000e+00,0.000000e+00,0.000000e+00,0.000000e+00,0.000000e+00,0.000000e+00,0.000000e+00,0.000000e+00,0.000000e+00,0.000000e+00,0.000000e+00,0.000000e+00,0.000000e+00,0.000000e+00,0.000000e+00,0.000000e+00,2.239048e-02,2.692320e-01,0.000000e+00,0.000000e+00,0.000000e+00,0.000000e+00,0.000000e+00,0.000000e+00,0.000000e+00,0.000000e+00
3.290000e+01,19,5.000000e-01,5.000000e-01,5.000000e-01,5.000000e-01,5.000000e-01,5.000000e-01,5.000000e-01,5.000000e-01,5.000000e-01,5.000000e-01,5.000000e-01,5.000000e-01,5.000000e-01,5.000000e-01,5.000000e-01,5.000000e-01,5.000000e-01,5.000000e-01,5.000000e-01,4.142524e-12,5.000000e-01,5.000000e-01,5.000000e-01,5.000000e-01,5.000000e-01,5.000000e-01,5.000000e-01,5.000000e-01,0.000000e+00,0.000000e+00,0.000000e+00,0.000000e+00,0.000000e+00,0.000000e+00,0.000000e+00,0.000000e+00,0.000000e+00,0.000000e+00,0.000000e+00,0.000000e+00,0.000000e+00,0.000000e+00,0.000000e+00,0.000000e+00,0.000000e+00,0.000000e+00,0.000000e+00,3.000000e-01,0.000000e+00,0.000000e+00,0.000000e+00,0.000000e+00,0.000000e+00,0.000000e+00,0.000000e+00,0.000000e+00
3.300000e+01,19,5.000000e-01,5.000000e-01,5.000000e-01,5.000000e-01,5.000000e-01,5.000000e-01,5.000000e-01,5.000000e-01,5.000000e-01,5.000000e-01,5.000000e-01,5.000000e-01,5.000000e-01,5.000000e-01,5.000000e-01,5.000000e-01,5.000000e-01,5.000000e-01,5.000000e-01,5.272508e-07,5.000000e-01,5.000000e-01,5.000000e-01,5.000000e-01,5.000000e-01,5.000000e-01,5.000000e-01,5.000000e-01,0.000000e+00,0.000000e+00,0.000000e+00,0.000000e+00,0.000000e+00,0.000000e+00,0.000000e+00,0.000000e+00,0.000000e+00,0.000000e+00,0.000000e+00,0.000000e+00,0.000000e+00,0.000000e+00,0.000000e+00,0.000000e+00,0.000000e+00,0.000000e+00,0.000000e+00,2.998735e-01,0.000000e+00,0.000000e+00,0.000000e+00,0.000000e+00,0.000000e+00,0.000000e+00,0.000000e+00,0.000000e+00
3.310000e+01,19,5.000000e-01,5.000000e-01,5.000000e-01,5.000000e-01,5.000000e-01,5.000000e-01,5.000000e-01,5.000000e-01,5.000000e-01,5.000000e-01,5.000000e-01,5.000000e-01,5.000000e-01,5.000000e-01,5.000000e-01,5.000000e-01,5.000000e-01,5.000000e-01,5.000000e-01,8.564831e-03,5.000000e-01,5.000000e-01,5.000000e-01,5.000000e-01,5.000000e-01,5.000000e-01,5.000000e-01,5.000000e-01,0.000000e+00,0.000000e+00,0.000000e+00,0.000000e+00,0.000000e+00,0.000000e+00,0.000000e+00,0.000000e+00,0.000000e+00,0.000000e+00,0.000000e+00,0.000000e+00,0.000000e+00,0.000000e+00,0.000000e+00,0.000000e+00,0.000000e+00,0.000000e+00,0.000000e+00,3.080191e-04,0.000000e+00,0.000000e+00,0.000000e+00,0.000000e+00,0.000000e+00,0.000000e+00,0.000000e+00,0.000000e+00
3.320000e+01,-1,5.000000e-01,5.000000e-01,5.000000e-01,5.000000e-01,5.000000e-01,5.000000e-01,5.000000e-01,5.000000e-01,5.000000e-01,5.000000e-01,5.000000e-01,5.000000e-01,5.000000e-01,5.000000e-01,5.000000e-01,5.000000e-01,5.000000e-01,5.000000e-01,5.000000e-01,5.000000e-01,5.000000e-01,5.000000e-01,5.000000e-01,5.000000e-01,5.000000e-01,5.000000e-01,5.000000e-01,5.000000e-01,0.000000e+00,0.000000e+00,0.000000e+00,0.000000e+00,0.000000e+00,0.000000e+00,0.000000e+00,0.000000e+00,0.000000e+00,0.000000e+00,0.000000e+00,0.000000e+00,0.000000e+00,0.000000e+00,0.000000e+00,0.000000e+00,0.000000e+00,0.000000e+00,0.000000e+00,0.000000e+00,0.000000e+00,0.000000e+00,0.000000e+00,0.000000e+00,0.000000e+00,0.000000e+00,0.000000e+00,0.000000e+00
3.330000e+01,11,5.000000e-01,5.000000e-01,5.000000e-01,5.000000e-01,5.000000e-01,5.000000e-01,5.000000e-01,5.000000e-01,5.000000e-01,5.000000e-01,5.000000e-01,4.154738e-06,5.000000e-01,5.000000e-01,5.000000e-01,5.000000e-01,5.000000e-01,5.000000e-01,5.000000e-01,5.000000e-01,5.000000e-01,5.000000e-01,5.000000e-01,5.000000e-01,5.000000e-01,5.000000e-01,5.000000e-01,5.000000e-01,0.000000e+00,0.000000e+00,0.000000e+00,0.000000e+00,0.000000e+00,0.000000e+00,0.000000e+00,0.000000e+00,0.000000e+00,0.000000e+00,0.000000e+00,2.990045e-01,0.000000e+00,0.000000e+00,0.000000e+00,0.000000e+00,0.000000e+00,0.000000e+00,0.000000e+00,0.000000e+00,0.000000e+00,0.000000e+00,0.000000e+00,0.000000e+00,0.000000e+00,0.000000e+00,0.000000e+00,0.000000e+00
3.340000e+01,11,5.000000e-01,5.000000e-01,5.000000e-01,5.000000e-01,5.000000e-01,5.000000e-01,5.000000e-01,5.000000e-01,5.000000e-01,5.000000e-01,5.000000e-01,7.227442e-35,5.000000e-01,5.000000e-01,5.000000e-01,5.000000e-01,5.000000e-01,5.000000e-01,5.000000e-01,5.000000e-01,5.000000e-01,5.000000e-01,5.000000e-01,5.000000e-01,5.000000e-01,5.000000e-01,5.000000e-01,5.000000e-01,0.000000e+00,0.000000e+00,0.000000e+00,0.000000e+00,0.000000e+00,0.000000e+00,0.000000e+00,0.000000e+00,0.000000e+00,0.000000e+00,0.000000e+00,3.000000e-01,0.000000e+00,0.000000e+00,0.000000e+00,0.000000e+00,0.000000e+00,0.000000e+00,0.000000e+00,0.000000e+00,0.000000e+00,0.000000e+00,0.000000e+00,0.000000e+00,0.000000e+00,0.000000e+00,0.000000e+00,0.000000e+00
3.350000e+01,11,5.000000e-01,5.000000e-01,5.000000e-01,5.000000e-01,5.000000e-01,5.000000e-01,5.000000e-01,5.000000e-01,5.000000e-01,5.000000e-01,5.000000e-01,5.018194e-28,5.000000e-01,5.000000e-01,5.000000e-01,5.000000e-01,5.000000e-01,5.000000e-01,5.000000e-01,5.000000e-01,5.000000e-01,5.000000e-01,5.000000e-01,5.000000e-01,5.000000e-01,5.000000e-01,5.000000e-01,5.000000e-01,0.000000e+00,0.000000e+00,0.000000e+00,0.000000e+00,0.000000e+00,0.000000e+00,0.000000e+00,0.000000e+00,0.000000e+00,0.000000e+00,0.000000e+00,3.000000e-01,0.000000e+00,0.000000e+00,0.000000e+00,0.000000e+00,0.000000e+00,0.000000e+00,0.000000e+00,0.000000e+00,0.000000e+00,0.000000e+00,0.000000e+00,0.000000e+00,0.000000e+00,0.000000e+00,0.000000e+00,0.000000e+00
3.360000e+01,11,5.000000e-01,5.000000e-01,5.000000e-01,5.000000e-01,5.000000e-01,5.000000e-01,5.000000e-01,5.000000e-01,5.000000e-01,5.000000e-01,5.000000e-01,3.208959e-12,5.000000e-01,5.000000e-01,5.000000e-01,5.000000e-01,5.000000e-01,5.000000e-01,5.000000e-01,5.000000e-01,5.000000e-01,5.000000e-01,5.000000e-01,5.000000e-01,5.000000e-01,5.000000e-01,5.000000e-01,5.000000e-01,0.000000e+00,0.000000e+00,0.000000e+00,0.000000e+00,0.000000e+00,0.000000e+00,0.000000e+00,0.000000e+00,0.000000e+00,0.000000e+00,0.000000e+00,3.000000e-01,0.000000e+00,0.000000e+00,0.000000e+00,0.000000e+00,0.000000e+00,0.000000e+00,0.000000e+00,0.000000e+00,0.000000e+00,0.000000e+00,0.000000e+00,0.000000e+00,0.000000e+00,0.000000e+00,0.000000e+00,0.000000e+00
3.370000e+01,11,5.000000e-01,5.000000e-01,5.000000e-01,5.000000e-01,5.000000e-01,5.000000e-01,5.000000e-01,5.000000e-01,5.000000e-01,5.000000e-01,5.000000e-01,2.201317e-07,5.000000e-01,5.000000e-01,5.000000e-01,5.000000e-01,5.000000e-01,5.000000e-01,5.000000e-01,5.000000e-01,5.000000e-01,5.000000e-01,5.000000e-01,5.000000e-01,5.000000e-01,5.000000e-01,5.000000e-01,5.000000e-01,0.000000e+00,0.000000e+00,0.000000e+00,0.000000e+00,0.000000e+00,0.000000e+00,0.000000e+00,0.000000e+00,0.000000e+00,0.000000e+00,0.000000e+00,2.999472e-01,0.000000e+00,0.000000e+00,0.000000e+00,0.000000e+00,0.000000e+00,0.000000e+00,0.000000e+00,0.000000e+00,0.000000e+00,0.000000e+00,0.000000e+00,0.000000e+00,0.000000e+00,0.000000e+00,0.000000e+00,0.000000e+00
3.380000e+01,11,5.000000e-01,5.000000e-01,5.000000e-01,5.000000e-01,5.000000e-01,5.000000e-01,5.000000e-01,5.000000e-01,5.000000e-01,5.000000e-01,4.759732e-02,2.811409e-10,5.000000e-01,5.000000e-01,5.000000e-01,5.000000e-01,5.000000e-01,5.000000e-01,5.000000e-01,5.000000e-01,5.000000e-01,5.000000e-01,5.000000e-01,5.000000e-01,5.000000e-01,5.000000e-01,5.000000e-01,5.000000e-01,0.000000e+00,0.000000e+00,0.000000e+00,0.000000e+00,0.000000e+00,0.000000e+00,0.000000e+00,0.000000e+00,0.000000e+00,0.000000e+00,0.000000e+00,2.999999e-01,0.000000e+00,0.000000e+00,0.000000e+00,0.000000e+00,0.000000e+00,0.000000e+00,0.000000e+00,0.000000e+00,0.000000e+00,0.000000e+00,0.000000e+00,0.000000e+00,0.000000e+00,0.000000e+00,0.000000e+00,0.000000e+00
3.390000e+01,11,5.000000e-01,5.000000e-01,5.000000e-01,5.000000e-01,5.000000e-01,5.000000e-01,5.000000e-01,5.000000e-01,5.000000e-01,5.000000e-01,5.000000e-01,1.169532e-46,5.000000e-01,5.000000e-01,5.000000e-01,5.000000e-01,5.000000e-01,5.000000e-01,5.000000e-01,5.000000e-01,5.000000e-01,5.000000e-01,5.000000e-01,5.000000e-01,5.000000e-01,5.000000e-01,5.000000e-01,5.000000e-01,0.000000e+00,0.000000e+00,0.000000e+00,0.000000e+00,0.000000e+00,0.000000e+00,0.000000e+00,0.000000e+00,0.000000e+00,0.000000e+00,0.000000e+00,3.000000e-01,0.000000e+00,0.000000e+00,0.000000e+00,0.000000e+00,0.000000e+00,0.000000e+00,0.000000e+00,0.000000e+00,0.000000e+00,0.000000e+00,0.000000e+00,0.000000e+00,0.000000e+00,0.000000e+00,0.000000e+00,0.000000e+00
3.400000e+01,11,5.000000e-01,5.000000e-01,5.000000e-01,5.000000e-01,5.000000e-01,5.000000e-01,5.000000e-01,5.000000e-01,5.000000e-01,5.000000e-01,5.000000e-01,1.208087e-23,5.000000e-01,5.000000e-01,5.000000e-01,5.000000e-01,5.000000e-01,5.000000e-01,5.000000e-01,5.000000e-01,5.000000e-01,5.000000e-01,5.000000e-01,5.000000e-01,5.000000e-01,5.000000e-01,5.000000e-01,5.000000e-01,0.000000e+00,0.000000e+00,0.000000e+00,0.000000e+00,0.000000e+00,0.000000e+00,0.000000e+00,0.000000e+00,0.000000e+00,0.000000e+00,0.000000e+00,3.000000e-01,0.000000e+00,0.000000e+00,0.000000e+00,0.000000e+00,0.000000e+00,0.000000e+00,0.000000e+00,0.000000e+00,0.000000e+00,0.000000e+00,0.000000e+00,0.000000e+00,0.000000e+00,0.000000e+00,0.000000e+00,0.000000e+00
3.410000e+01,12,5.000000e-01,5.000000e-01,5.000000e-01,5.000000e-01,5.000000e-01,5.000000e-01,5.000000e-01,5.000000e-01,5.000000e-01,5.000000e-01,5.000000e-01,1.904552e-03,2.882126e-04,5.000000e-01,5.000000e-01,5.000000e-01,5.000000e-01,5.000000e-01,5.000000e-01,5.000000e-01,5.000000e-01,5.000000e-01,5.000000e-01,5.000000e-01,5.000000e-01,5.000000e-01,5.000000e-01,5.000000e-01,0.000000e+00,0.000000e+00,0.000000e+00,0.000000e+00,0.000000e+00,0.000000e+00,0.000000e+00,0.000000e+00,0.000000e+00,0.000000e+00,0.000000e+00,6.528018e-02,2.382163e-01,0.000000e+00,0.000000e+00,0.000000e+00,0.000000e+00,0.000000e+00,0.000000e+00,0.000000e+00,0.000000e+00,0.000000e+00,0.000000e+00,0.000000e+00,0.000000e+00,0.000000e+00,0.000000e+00,0.000000e+00
3.420000e+01,12,5.000000e-01,5.000000e-01,5.000000e-01,5.000000e-01,5.000000e-01,5.000000e-01,5.000000e-01,5.000000e-01,5.000000e-01,5.000000e-01,5.000000e-01,5.000000e-01,3.131003e-03,5.000000e-01,5.000000e-01,5.000000e-01,5.000000e-01,5.000000e-01,5.000000e-01,5.000000e-01,5.000000e-01,5.000000e-01,5.000000e-01,5.000000e-01,5.000000e-01,5.000000e-01,5.000000e-01,5.000000e-01,0.000000e+00,0.000000e+00,0.000000e+00,0.000000e+00,0.000000e+00,0.000000e+00,0.000000e+00,0.000000e+00,0.000000e+00,0.000000e+00,0.000000e+00,0.000000e+00,2.441141e-02,0.000000e+00,0.000000e+00,0.000000e+00,0.000000e+00,0.000000e+00,0.000000e+00,0.000000e+00,0.000000e+00,0.000000e+00,0.000000e+00,0.000000e+00,0.000000e+00,0.000000e+00,0.000000e+00,0.000000e+00
3.430000e+01,5,5.000000e-01,5.000000e-01,5.000000e-01,5.000000e-01,5.000000e-01,7.162279e-03,5.000000e-01,5.000000e-01,5.000000e-01,5.000000e-01,5.000000e-01,5.000000e-01,5.000000e-01,5.000000e-01,5.000000e-01,5.000000e-01,5.000000e-01,5.000000e-01,5.000000e-01,5.000000e-01,5.000000e-01,5.000000e-01,5.000000e-01,5.000000e-01,5.000000e-01,5.000000e-01,5.000000e-01,5.000000e-01,0.000000e+00,0.000000e+00,0.000000e+00,0.000000e+00,0.000000e+00,9.544134e-04,0.000000e+00,0.000000e+00,0.000000e+00,0.000000e+00,0.000000e+00,0.000000e+00,0.000000e+00,0.000000e+00,0.000000e+00,0.000000e+00,0.000000e+00,0.000000e+00,0.000000e+00,0.000000e+00,0.000000e+00,0.000000e+00,0.000000e+00,0.000000e+00,0.000000e+00,0.000000e+00,0.000000e+00,0.000000e+00
3.440000e+01,12,5.000000e-01,5.000000e-01,5.000000e-01,5.000000e-01,5.000000e-01,5.000000e-01,5.000000e-01,5.000000e-01,5.000000e-01,5.000000e-01,5.000000e-01,5.000000e-01,2.333246e-03,5.000000e-01,5.000000e-01,5.000000e-01,5.000000e-01,5.000000e-01,5.000000e-01,5.000000e-01,5.000000e-01,5.000000e-01,5.000000e-01,5.000000e-01,5.000000e-01,5.000000e-01,5.000000e-01,5.000000e-01,0.000000e+00,0.000000e+00,0.000000e+00,0.000000e+00,0.000000e+00,0.000000e+00,0.000000e+00,0.000000e+00,0.000000e+00,0.000000e+00,0.000000e+00,0.000000e+00,4.629365e-02,0.000000e+00,0.000000e+00,0.000000e+00,0.000000e+00,0.000000e+00,0.000000e+00,0.000000e+00,0.000000e+00,0.000000e+00,0.000000e+00,0.000000e+00,0.000000e+00,0.000000e+00,0.000000e+00,0.000000e+00
3.450000e+01,12,5.000000e-01,5.000000e-01,5.000000e-01,5.000000e-01,5.000000e-01,5.000000e-01,5.000000e-01,5.000000e-01,5.000000e-01,5.000000e-01,5.000000e-01,5.000000e-01,1.587531e-22,5.000000e-01,5.000000e-01,5.000000e-01,5.000000e-01,5.000000e-01,5.000000e-01,5.000000e-01,5.000000e-01,5.000000e-01,5.000000e-01,5.000000e-01,5.000000e-01,5.000000e-01,5.000000e-01,5.000000e-01,0.000000e+00,0.000000e+00,0.000000e+00,0.000000e+00,0.000000e+00,0.000000e+00,0.000000e+00,0.000000e+00,0.000000e+00,0.000000e+00,0.000000e+00,0.000000e+00,3.000000e-01,0.000000e+00,0.000000e+00,0.000000e+00,0.000000e+00,0.000000e+00,0.000000e+00,0.000000e+00,0.000000e+00,0.000000e+00,0.000000e+00,0.000000e+00,0.000000e+00,0.000000e+00,0.000000e+00,0.000000e+00
3.460000e+01,12,5.000000e-01,5.000000e-01,5.000000e-01,5.000000e-01,5.000000e-01,5.000000e-01,5.000000e-01,5.000000e-01,5.000000e-01,5.000000e-01,5.000000e-01,5.000000e-01,6.516868e-08,5.000000e-01,5.000000e-01,5.000000e-01,5.000000e-01,5.000000e-01,5.000000e-01,5.000000e-01,5.000000e-01,5.000000e-01,5.000000e-01,5.000000e-01,5.000000e-01,5.000000e-01,5.000000e-01,5.000000e-01,0.000000e+00,0.000000e+00,0.000000e+00,0.000000e+00,0.000000e+00,0.000000e+00,0.000000e+00,0.000000e+00,0.000000e+00,0.000000e+00,0.000000e+00,0.000000e+00,2.999844e-01,0.000000e+00,0.000000e+00,0.000000e+00,0.000000e+00,0.000000e+00,0.000000e+00,0.000000e+00,0.000000e+00,0.000000e+00,0.000000e+00,0.000000e+00,0.000000e+00,0.000000e+00,0.000000e+00,0.000000e+00
3.470000e+01,11,5.000000e-01,5.000000e-01,5.000000e-01,5.000000e-01,5.000000e-01,5.000000e-01,5.000000e-01,5.000000e-01,5.000000e-01,5.000000e-01,5.000000e-01,3.224142e-07,2.919431e-02,5.000000e-01,5.000000e-01,5.000000e-01,5.000000e-01,5.000000e-01,5.000000e-01,5.000000e-01,5.000000e-01,5.000000e-01,5.000000e-01,5.000000e-01,5.000000e-01,5.000000e-01,5.000000e-01,5.000000e-01,0.000000e+00,0.000000e+00,0.000000e+00,0.000000e+00,0.000000e+00,0.000000e+00,0.000000e+00,0.000000e+00,0.000000e+00,0.000000e+00,0.000000e+00,2.999226e-01,1.523958e-11,0.000000e+00,0.000000e+00,0.000000e+00,0.000000e+00,0.000000e+00,0.000000e+00,0.000000e+00,0.000000e+00,0.000000e+00,0.000000e+00,0.000000e+00,0.000000e+00,0.000000e+00,0.000000e+00,0.000000e+00
3.480000e+01,11,5.000000e-01,5.000000e-01,5.000000e-01,5.000000e-01,5.000000e-01,5.000000e-01,5.000000e-01,5.000000e-01,5.000000e-01,5.000000e-01,5.000000e-01,1.608704e-15,5.000000e-01,5.000000e-01,5.000000e-01,5.000000e-01,5.000000e-01,5.000000e-01,5.000000e-01,5.000000e-01,5.000000e-01,5.000000e-01,5.000000e-01,5.000000e-01,5.000000e-01,5.000000e-01,5.000000e-01,5.000000e-01,0.000000e+00,0.000000e+00,0.000000e+00,0.000000e+00,0.000000e+00,0.000000e+00,0.000000e+00,0.000000e+00,0.000000e+00,0.000000e+00,0.000000e+00,3.000000e-01,0.000000e+00,0.000000e+00,0.000000e+00,0.000000e+00,0.000000e+00,0.000000e+00,0.000000e+00,0.000000e+00,0.000000e+00,0.000000e+00,0.000000e+00,0.000000e+00,0.000000e+00,0.000000e+00,0.000000e+00,0.000000e+00
3.490000e+01,11,5.000000e-01,5.000000e-01,5.000000e-01,5.000000e-01,5.000000e-01,5.000000e-01,5.000000e-01,5.000000e-01,5.000000e-01,5.000000e-01,5.000000e-01,9.471538e-06,5.000000e-01,5.000000e-01,5.000000e-01,5.000000e-01,5.000000e-01,5.000000e-01,5.000000e-01,5.000000e-01,5.000000e-01,5.000000e-01,5.000000e-01,5.000000e-01,5.000000e-01,5.000000e-01,5.000000e-01,5.000000e-01,0.000000e+00,0.000000e+00,0.000000e+00,0.000000e+00,0.000000e+00,0.000000e+00,0.000000e+00,0.000000e+00,0.000000e+00,0.000000e+00,0.000000e+00,2.977354e-01,0.000000e+00,0.000000e+00,0.000000e+00,0.000000e+00,0.000000e+00,0.000000e+00,0.000000e+00,0.000000e+00,0.000000e+00,0.000000e+00,0.000000e+00,0.000000e+00,0.000000e+00,0.000000e+00,0.000000e+00,0.000000e+00
3.500000e+01,12,5.000000e-01,5.000000e-01,5.000000e-01,5.000000e-01,5.000000e-01,5.000000e-01,5.000000e-01,5.000000e-01,5.000000e-01,5.000000e-01,5.000000e-01,5.000000e-01,3.421242e-02,5.000000e-01,5.000000e-01,5.000000e-01,5.000000e-01,5.000000e-01,5.000000e-01,5.000000e-01,5.000000e-01,5.000000e-01,5.000000e-01,5.000000e-01,5.000000e-01,5.000000e-01,5.000000e-01,5.000000e-01,0.000000e+00,0.000000e+00,0.000000e+00,0.000000e+00,0.000000e+00,0.000000e+00,0.000000e+00,0.000000e+00,0.000000e+00,0.000000e+00,0.000000e+00,0.000000e+00,2.412071e-13,0.000000e+00,0.000000e+00,0.000000e+00,0.000000e+00,0.000000e+00,0.000000e+00,0.000000e+00,0.000000e+00,0.000000e+00,0.000000e+00,0.000000e+00,0.000000e+00,0.000000e+00,0.000000e+00,0.000000e+00
3.510000e+01,19,5.000000e-01,5.000000e-01,5.000000e-01,5.000000e-01,5.000000e-01,5.000000e-01,5.000000e-01,5.000000e-01,5.000000e-01,5.000000e-01,5.000000e-01,5.000000e-01,5.000000e-01,5.000000e-01,5.000000e-01,5.000000e-01,5.000000e-01,5.000000e-01,5.000000e-01,1.441437e-02,5.000000e-01,5.000000e-01,5.000000e-01,5.000000e-01,5.000000e-01,5.000000e-01,5.000000e-01,5.000000e-01,0.000000e+00,0.000000e+00,0.000000e+00,0.000000e+00,0.000000e+00,0.000000e+00,0.000000e+00,0.000000e+00,0.000000e+00,0.000000e+00,0.000000e+00,0.000000e+00,0.000000e+00,0.000000e+00,0.000000e+00,0.000000e+00,0.000000e+00,0.000000e+00,0.000000e+00,2.707768e-06,0.000000e+00,0.000000e+00,0.000000e+00,0.000000e+00,0.000000e+00,0.000000e+00,0.000000e+00,0.000000e+00
3.520000e+01,19,5.000000e-01,5.000000e-01,5.000000e-01,5.000000e-01,5.000000e-01,5.000000e-01,5.000000e-01,5.000000e-01,5.000000e-01,5.000000e-01,5.000000e-01,5.000000e-01,5.000000e-01,5.000000e-01,5.000000e-01,5.000000e-01,5.000000e-01,5.000000e-01,3.629063e-02,7.143820e-06,5.000000e-01,5.000000e-01,5.000000e-01,5.000000e-01,5.000000e-01,5.000000e-01,5.000000e-01,5.000000e-01,0.000000e+00,0.000000e+00,0.000000e+00,0.000000e+00,0.000000e+00,0.000000e+00,0.000000e+00,0.000000e+00,0.000000e+00,0.000000e+00,0.000000e+00,0.000000e+00,0.000000e+00,0.000000e+00,0.000000e+00,0.000000e+00,0.000000e+00,0.000000e+00,4.306555e-14,2.982904e-01,0.000000e+00,0.000000e+00,0.000000e+00,0.000000e+00,0.000000e+00,0.000000e+00,0.000000e+00,0.000000e+00
3.530000e+01,18,5.000000e-01,5.000000e-01,5.000000e-01,5.000000e-01,5.000000e-01,5.000000e-01,5.000000e-01,5.000000e-01,5.000000e-01,5.000000e-01,5.000000e-01,5.000000e-01,5.000000e-01,5.000000e-01,5.000000e-01,5.000000e-01,5.000000e-01,5.000000e-01,4.527480e-08,5.250144e-03,5.000000e-01,5.000000e-01,5.000000e-01,5.000000e-01,5.000000e-01,5.000000e-01,5.000000e-01,5.000000e-01,0.000000e+00,0.000000e+00,0.000000e+00,0.000000e+00,0.000000e+00,0.000000e+00,0.000000e+00,0.000000e+00,0.000000e+00,0.000000e+00,0.000000e+00,0.000000e+00,0.000000e+00,0.000000e+00,0.000000e+00,0.000000e+00,0.000000e+00,0.000000e+00,2.999891e-01,4.448662e-03,0.000000e+00,0.000000e+00,0.000000e+00,0.000000e+00,0.000000e+00,0.000000e+00,0.000000e+00,0.000000e+00
3.540000e+01,18,5.000000e-01,5.000000e-01,5.000000e-01,5.000000e-01,5.000000e-01,5.000000e-01,5.000000e-01,5.000000e-01,5.000000e-01,5.000000e-01,5.000000e-01,5.000000e-01,5.000000e-01,5.000000e-01,5.000000e-01,5.000000e-01,5.000000e-01,5.000000e-01,1.192111e-40,5.000000e-01,5.000000e-01,5.000000e-01,5.000000e-01,5.000000e-01,5.000000e-01,5.000000e-01,5.000000e-01,5.000000e-01,0.000000e+00,0.000000e+00,0.000000e+00,0.000000e+00,0.000000e+00,0.000000e+00,0.000000e+00,0.000000e+00,0.000000e+00,0.000000e+00,0.000000e+00,0.000000e+00,0.000000e+00,0.000000e+00,0.000000e+00,0.000000e+00,0.000000e+00,0.000000e+00,3.000000e-01,0.000000e+00,0.000000e+00,0.000000e+00,0.000000e+00,0.000000e+00,0.000000e+00,0.000000e+00,0.000000e+00,0.000000e+00
3.550000e+01,18,5.000000e-01,5.000000e-01,5.000000e-01,5.000000e-01,5.000000e-01,5.000000e-01,5.000000e-01,5.000000e-01,5.000000e-01,5.000000e-01,5.000000e-01,5.000000e-01,5.000000e-01,5.000000e-01,5.000000e-01,5.000000e-01,5.000000e-01,5.000000e-01,5.793095e-30,5.000000e-01,5.000000e-01,5.000000e-01,5.000000e-01,5.000000e-01,5.000000e-01,5.000000e-01,5.000000e-01,5.000000e-01,0.000000e+00,0.000000e+00,0.000000e+00,0.000000e+00,0.000000e+00,0.000000e+00,0.000000e+00,0.000000e+00,0.000000e+00,0.000000e+00,0.000000e+00,0.000000e+00,0.000000e+00,0.000000e+00,0.000000e+00,0.000000e+00,0.000000e+00,0.000000e+00,3.000000e-01,0.000000e+00,0.000000e+00,0.000000e+00,0.000000e+00,0.000000e+00,0.000000e+00,0.000000e+00,0.000000e+00,0.000000e+00
3.560000e+01,18,5.000000e-01,5.000000e-01,5.000000e-01,5.000000e-01,5.000000e-01,5.000000e-01,5.000000e-01,5.000000e-01,5.000000e-01,5.000000e-01,5.000000e-01,5.000000e-01,5.000000e-01,5.000000e-01,5.000000e-01,5.000000e-01,5.000000e-01,3.322640e-02,8.925936e-05,5.000000e-01,5.000000e-01,5.000000e-01,5.000000e-01,5.000000e-01,5.000000e-01,5.000000e-01,5.000000e-01,5.000000e-01,0.000000e+00,0.000000e+00,0.000000e+00,0.000000e+00,0.000000e+00,0.000000e+00,0.000000e+00,0.000000e+00,0.000000e+00,0.000000e+00,0.000000e+00,0.000000e+00,0.000000e+00,0.000000e+00,0.000000e+00,0.000000e+00,0.000000e+00,5.456968e-13,2.793238e-01,0.000000e+00,0.000000e+00,0.000000e+00,0.000000e+00,0.000000e+00,0.000000e+00,0.000000e+00,0.000000e+00,0.000000e+00
3.570000e+01,18,5.000000e-01,5.000000e-01,5.000000e-01,5.000000e-01,5.000000e-01,5.000000e-01,5.000000e-01,5.000000e-01,5.000000e-01,5.000000e-01,5.000000e-01,5.000000e-01,5.000000e-01,5.000000e-01,5.000000e-01,5.000000e-01,5.000000e-01,5.000000e-01,1.521750e-03,5.000000e-01,5.000000e-01,5.000000e-01,5.000000e-01,5.000000e-01,5.000000e-01,5.000000e-01,5.000000e-01,5.000000e-01,0.000000e+00,0.000000e+00,0.000000e+00,0.000000e+00,0.000000e+00,0.000000e+00,0.000000e+00,0.000000e+00,0.000000e+00,0.000000e+00,0.000000e+00,0.000000e+00,0.000000e+00,0.000000e+00,0.000000e+00,0.000000e+00,0.000000e+00,0.000000e+00,8.871730e-02,0.000000e+00,0.000000e+00,0.000000e+00,0.000000e+00,0.000000e+00,0.000000e+00,0.000000e+00,0.000000e+00,0.000000e+00
3.580000e+01,25,5.000000e-01,5.000000e-01,5.000000e-01,5.000000e-01,5.000000e-01,5.000000e-01,5.000000e-01,5.000000e-01,5.000000e-01,5.000000e-01,5.000000e-01,5.000000e-01,5.000000e-01,5.000000e-01,5.000000e-01,5.000000e-01,5.000000e-01,5.000000e-01,3.391372e-02,5.000000e-01,5.000000e-01,5.000000e-01,5.000000e-01,5.000000e-01,5.000000e-01,1.032236e-02,5.000000e-01,5.000000e-01,0.000000e+00,0.000000e+00,0.000000e+00,0.000000e+00,0.000000e+00,0.000000e+00,0.000000e+00,0.000000e+00,0.000000e+00,0.000000e+00,0.000000e+00,0.000000e+00,0.000000e+00,0.000000e+00,0.000000e+00,0.000000e+00,0.000000e+00,0.000000e+00,3.089196e-13,0.000000e+00,0.000000e+00,0.000000e+00,0.000000e+00,0.000000e+00,0.000000e+00,7.449536e-05,0.000000e+00,0.000000e+00
3.590000e+01,18,5.000000e-01,5.000000e-01,5.000000e-01,5.000000e-01,5.000000e-01,5.000000e-01,5.000000e-01,5.000000e-01,5.000000e-01,5.000000e-01,5.000000e-01,5.000000e-01,5.000000e-01,5.000000e-01,5.000000e-01,5.000000e-01,5.000000e-01,5.000000e-01,3.430827e-02,5.000000e-01,5.000000e-01,5.000000e-01,5.000000e-01,5.000000e-01,5.000000e-01,3.954926e-02,5.000000e-01,5.000000e-01,0.000000e+00,0.000000e+00,0.000000e+00,0.000000e+00,0.000000e+00,0.000000e+00,0.000000e+00,0.000000e+00,0.000000e+00,0.000000e+00,0.000000e+00,0.000000e+00,0.000000e+00,0.000000e+00,0.000000e+00,0.000000e+00,0.000000e+00,0.000000e+00,2.228218e-13,0.000000e+00,0.000000e+00,0.000000e+00,0.000000e+00,0.000000e+00,0.000000e+00,2.864375e-15,0.000000e+00,0.000000e+00
3.600000e+01,-1,5.000000e-01,5.000000e-01,5.000000e-01,5.000000e-01,5.000000e-01,5.000000e-01,5.000000e-01,5.000000e-01,5.000000e-01,5.000000e-01,5.000000e-01,5.000000e-01,5.000000e-01,5.000000e-01,5.000000e-01,5.000000e-01,5.000000e-01,5.000000e-01,5.000000e-01,5.000000e-01,5.000000e-01,5.000000e-01,5.000000e-01,5.000000e-01,5.000000e-01,5.000000e-01,5.000000e-01,5.000000e-01,0.000000e+00,0.000000e+00,0.000000e+00,0.000000e+00,0.000000e+00,0.000000e+00,0.000000e+00,0.000000e+00,0.000000e+00,0.000000e+00,0.000000e+00,0.000000e+00,0.000000e+00,0.000000e+00,0.000000e+00,0.000000e+00,0.000000e+00,0.000000e+00,0.000000e+00,0.000000e+00,0.000000e+00,0.000000e+00,0.000000e+00,0.000000e+00,0.000000e+00,0.000000e+00,0.000000e+00,0.000000e+00
3.610000e+01,18,5.000000e-01,5.000000e-01,5.000000e-01,5.000000e-01,5.000000e-01,5.000000e-01,5.000000e-01,5.000000e-01,5.000000e-01,5.000000e-01,5.000000e-01,5.000000e-01,5.000000e-01,5.000000e-01,5.000000e-01,5.000000e-01,5.000000e-01,5.000000e-01,4.752626e-05,3.196952e-02,5.000000e-01,5.000000e-01,5.000000e-01,5.000000e-01,5.000000e-01,5.000000e-01,5.000000e-01,5.000000e-01,0.000000e+00,0.000000e+00,0.000000e+00,0.000000e+00,0.000000e+00,0.000000e+00,0.000000e+00,0.000000e+00,0.000000e+00,0.000000e+00,0.000000e+00,0.000000e+00,0.000000e+00,0.000000e+00,0.000000e+00,0.000000e+00,0.000000e+00,0.000000e+00,2.888076e-01,1.542932e-12,0.000000e+00,0.000000e+00,0.000000e+00,0.000000e+00,0.000000e+00,0.000000e+00,0.000000e+00,0.000000e+00
3.620000e+01,18,5.000000e-01,5.000000e-01,5.000000e-01,5.000000e-01,5.000000e-01,5.000000e-01,5.000000e-01,5.000000e-01,5.000000e-01,5.000000e-01,5.000000e-01,5.000000e-01,5.000000e-01,5.000000e-01,5.000000e-01,5.000000e-01,5.000000e-01,5.000000e-01,4.663722e-12,2.464355e-02,5.000000e-01,5.000000e-01,5.000000e-01,5.000000e-01,5.000000e-01,5.000000e-01,5.000000e-01,5.000000e-01,0.000000e+00,0.000000e+00,0.000000e+00,0.000000e+00,0.000000e+00,0.000000e+00,0.000000e+00,0.000000e+00,0.000000e+00,0.000000e+00,0.000000e+00,0.000000e+00,0.000000e+00,0.000000e+00,0.000000e+00,0.000000e+00,0.000000e+00,0.000000e+00,3.000000e-01,6.424039e-10,0.000000e+00,0.000000e+00,0.000000e+00,0.000000e+00,0.000000e+00,0.000000e+00,0.000000e+00,0.000000e+00
3.630000e+01,19,5.000000e-01,5.000000e-01,5.000000e-01,5.000000e-01,5.000000e-01,5.000000e-01,5.000000e-01,5.000000e-01,5.000000e-01,5.000000e-01,5.000000e-01,5.000000e-01,5.000000e-01,5.000000e-01,5.000000e-01,5.000000e-01,5.000000e-01,5.000000e-01,3.516841e-02,2.220440e-09,5.000000e-01,5.000000e-01,5.000000e-01,5.000000e-01,5.000000e-01,5.000000e-01,5.000000e-01,5.000000e-01,0.000000e+00,0.000000e+00,0.000000e+00,0.000000e+00,0.000000e+00,0.000000e+00,0.000000e+00,0.000000e+00,0.000000e+00,0.000000e+00,0.000000e+00,0.000000e+00,0.000000e+00,0.000000e+00,0.000000e+00,0.000000e+00,0.000000e+00,0.000000e+00,1.092126e-13,2.999995e-01,0.000000e+00,0.000000e+00,0.000000e+00,0.000000e+00,0.000000e+00,0.000000e+00,0.000000e+00,0.000000e+00
3.640000e+01,19,5.000000e-01,5.000000e-01,5.000000e-01,5.000000e-01,5.000000e-01,5.000000e-01,5.000000e-01,5.000000e-01,5.000000e-01,5.000000e-01,5.000000e-01,5.000000e-01,5.000000e-01,5.000000e-01,5.000000e-01,5.000000e-01,5.000000e-01,5.000000e-01,5.000000e-01,5.107980e-21,5.000000e-01,5.000000e-01,5.000000e-01,5.000000e-01,5.000000e-01,5.000000e-01,5.000000e-01,5.000000e-01,0.000000e+00,0.000000e+00,0.000000e+00,0.000000e+00,0.000000e+00,0.000000e+00,0.000000e+00,0.000000e+00,0.000000e+00,0.000000e+00,0.000000e+00,0.000000e+00,0.000000e+00,0.000000e+00,0.000000e+00,0.000000e+00,0.000000e+00,0.000000e+00,0.000000e+00,3.000000e-01,0.000000e+00,0.000000e+00,0.000000e+00,0.000000e+00,0.000000e+00,0.000000e+00,0.000000e+00,0.000000e+00
3.650000e+01,19,5.000000e-01,5.000000e-01,5.000000e-01,5.000000e-01,5.000000e-01,5.000000e-01,5.000000e-01,5.000000e-01,5.000000e-01,5.000000e-01,5.000000e-01,5.000000e-01,5.000000e-01,5.000000e-01,5.000000e-01,5.000000e-01,5.000000e-01,5.000000e-01,5.000000e-01,3.611242e-12,5.000000e-01,5.000000e-01,5.000000e-01,5.000000e-01,5.000000e-01,5.000000e-01,5.000000e-01,5.000000e-01,0.000000e+00,0.000000e+00,0.000000e+00,0.000000e+00,0.000000e+00,0.000000e+00,0.000000e+00,0.000000e+00,0.000000e+00,0.000000e+00,0.000000e+00,0.000000e+00,0.000000e+00,0.000000e+00,0.000000e+00,0.000000e+00,0.000000e+00,0.000000e+00,0.000000e+00,3.000000e-01,0.000000e+00,0.000000e+00,0.000000e+00,0.000000e+00,0.000000e+00,0.000000e+00,0.000000e+00,0.000000e+00
3.660000e+01,19,5.000000e-01,5.000000e-01,5.000000e-01,5.000000e-01,5.000000e-01,5.000000e-01,5.000000e-01,5.000000e-01,5.000000e-01,5.000000e-01,5.000000e-01,5.000000e-01,5.000000e-01,5.000000e-01,5.000000e-01,5.000000e-01,5.000000e-01,5.000000e-01,5.000000e-01,1.501967e-02,3.156223e-02,5.000000e-01,5.000000e-01,5.000000e-01,5.000000e-01,5.000000e-01,5.000000e-01,5.000000e-01,0.000000e+00,0.000000e+00,0.000000e+00,0.000000e+00,0.000000e+00,0.000000e+00,0.000000e+00,0.000000e+00,0.000000e+00,0.000000e+00,0.000000e+00,0.000000e+00,0.000000e+00,0.000000e+00,0.000000e+00,0.000000e+00,0.000000e+00,0.000000e+00,0.000000e+00,1.656407e-06,2.160205e-12,0.000000e+00,0.000000e+00,0.000000e+00,0.000000e+00,0.000000e+00,0.000000e+00,0.000000e+00
3.670000e+01,-1,5.000000e-01,5.000000e-01,5.000000e-01,5.000000e-01,5.000000e-01,5.000000e-01,5.000000e-01,5.000000e-01,5.000000e-01,5.000000e-01,5.000000e-01,5.000000e-01,5.000000e-01,5.000000e-01,5.000000e-01,5.000000e-01,5.000000e-01,5.000000e-01,5.000000e-01,5.000000e-01,5.000000e-01,5.000000e-01,5.000000e-01,5.000000e-01,5.000000e-01,5.000000e-01,5.000000e-01,5.000000e-01,0.000000e+00,0.000000e+00,0.000000e+00,0.000000e+00,0.000000e+00,0.000000e+00,0.000000e+00,0.000000e+00,0.000000e+00,0.000000e+00,0.000000e+00,0.000000e+00,0.000000e+00,0.000000e+00,0.000000e+00,0.000000e+00,0.000000e+00,0.000000e+00,0.000000e+00,0.000000e+00,0.000000e+00,0.000000e+00,0.000000e+00,0.000000e+00,0.000000e+00,0.000000e+00,0.000000e+00,0.000000e+00
3.680000e+01,27,5.000000e-01,5.000000e-01,5.000000e-01,5.000000e-01,5.000000e-01,5.000000e-01,5.000000e-01,5.000000e-01,5.000000e-01,5.000000e-01,5.000000e-01,5.000000e-01,5.000000e-01,5.000000e-01,5.000000e-01,5.000000e-01,5.000000e-01,5.000000e-01,5.000000e-01,5.000000e-01,5.000000e-01,5.000000e-01,5.000000e-01,5.000000e-01,5.000000e-01,5.000000e-01,5.000000e-01,9.420762e-04,0.000000e+00,0.000000e+00,0.000000e+00,0.000000e+00,0.000000e+00,0.000000e+00,0.000000e+00,0.000000e+00,0.000000e+00,0.000000e+00,0.000000e+00,0.000000e+00,0.000000e+00,0.000000e+00,0.000000e+00,0.000000e+00,0.000000e+00,0.000000e+00,0.000000e+00,0.000000e+00,0.000000e+00,0.000000e+00,0.000000e+00,0.000000e+00,0.000000e+00,0.000000e+00,0.000000e+00,1.411420e-01
3.690000e+01,26,5.000000e-01,5.000000e-01,5.000000e-01,5.000000e-01,5.000000e-01,5.000000e-01,5.000000e-01,5.000000e-01,5.000000e-01,5.000000e-01,5.000000e-01,5.000000e-01,5.000000e-01,5.000000e-01,5.000000e-01,5.000000e-01,5.000000e-01,5.000000e-01,5.000000e-01,5.000000e-01,5.000000e-01,5.000000e-01,5.000000e-01,5.000000e-01,5.000000e-01,5.000000e-01,2.973749e-04,6.906388e-03,0.000000e+00,0.000000e+00,0.000000e+00,0.000000e+00,0.000000e+00,0.000000e+00,0.000000e+00,0.000000e+00,0.000000e+00,0.000000e+00,0.000000e+00,0.000000e+00,0.000000e+00,0.000000e+00,0.000000e+00,0.000000e+00,0.000000e+00,0.000000e+00,0.000000e+00,0.000000e+00,0.000000e+00,0.000000e+00,0.000000e+00,0.000000e+00,0.000000e+00,0.000000e+00,2.364761e-01,1.172930e-03
3.700000e+01,26,5.000000e-01,5.000000e-01,5.000000e-01,5.000000e-01,5.000000e-01,5.000000e-01,5.000000e-01,5.000000e-01,5.000000e-01,5.000000e-01,5.000000e-01,5.000000e-01,5.000000e-01,5.000000e-01,5.000000e-01,5.000000e-01,5.000000e-01,5.000000e-01,5.000000e-01,5.000000e-01,5.000000e-01,5.000000e-01,5.000000e-01,5.000000e-01,5.000000e-01,5.000000e-01,3.322206e-05,1.686608e-04,0.000000e+00,0.000000e+00,0.000000e+00,0.000000e+00,0.000000e+00,0.000000e+00,0.000000e+00,0.000000e+00,0.000000e+00,0.000000e+00,0.000000e+00,0.000000e+00,0.000000e+00,0.000000e+00,0.000000e+00,0.000000e+00,0.000000e+00,0.000000e+00,0.000000e+00,0.000000e+00,0.000000e+00,0.000000e+00,0.000000e+00,0.000000e+00,0.000000e+00,0.000000e+00,2.921316e-01,2.621305e-01
3.710000e+01,27,5.000000e-01,5.000000e-01,5.000000e-01,5.000000e-01,5.000000e-01,5.000000e-01,5.000000e-01,5.000000e-01,5.000000e-01,5.000000e-01,5.000000e-01,5.000000e-01,5.000000e-01,5.000000e-01,5.000000e-01,5.000000e-01,5.000000e-01,5.000000e-01,5.000000e-01,5.000000e-01,5.000000e-01,5.000000e-01,5.000000e-01,5.000000e-01,5.000000e-01,5.000000e-01,5.000000e-01,1.651346e-09,0.000000e+00,0.000000e+00,0.000000e+00,0.000000e+00,0.000000e+00,0.000000e+00,0.000000e+00,0.000000e+00,0.000000e+00,0.000000e+00,0.000000e+00,0.000000e+00,0.000000e+00,0.000000e+00,0.000000e+00,0.000000e+00,0.000000e+00,0.000000e+00,0.000000e+00,0.000000e+00,0.000000e+00,0.000000e+00,0.000000e+00,0.000000e+00,0.000000e+00,0.000000e+00,0.000000e+00,2.999996e-01
3.720000e+01,27,5.000000e-01,5.000000e-01,5.000000e-01,5.000000e-01,5.000000e-01,5.000000e-01,5.000000e-01,5.000000e-01,5.000000e-01,5.000000e-01,5.000000e-01,5.000000e-01,5.000000e-01,5.000000e-01,5.000000e-01,5.000000e-01,5.000000e-01,5.000000e-01,5.000000e-01,5.000000e-01,5.000000e-01,5.000000e-01,5.000000e-01,5.000000e-01,5.000000e-01,5.000000e-01,4.623565e-02,1.393302e-14,0.000000e+00,0.000000e+00,0.000000e+00,0.000000e+00,0.000000e+00,0.000000e+00,0.000000e+00,0.000000e+00,0.000000e+00,0.000000e+00,0.000000e+00,0.000000e+00,0.000000e+00,0.000000e+00,0.000000e+00,0.000000e+00,0.000000e+00,0.000000e+00,0.000000e+00,0.000000e+00,0.000000e+00,0.000000e+00,0.000000e+00,0.000000e+00,0.000000e+00,0.000000e+00,0.000000e+00,3.000000e-01
3.730000e+01,27,5.000000e-01,5.000000e-01,5.000000e-01,5.000000e-01,5.000000e-01,5.000000e-01,5.000000e-01,5.000000e-01,5.000000e-01,5.000000e-01,5.000000e-01,5.000000e-01,5.000000e-01,5.000000e-01,5.000000e-01,5.000000e-01,5.000000e-01,5.000000e-01,5.000000e-01,5.000000e-01,5.000000e-01,5.000000e-01,5.000000e-01,5.000000e-01,5.000000e-01,5.000000e-01,3.346852e-02,1.581246e-06,0.000000e+00,0.000000e+00,0.000000e+00,0.000000e+00,0.000000e+00,0.000000e+00,0.000000e+00,0.000000e+00,0.000000e+00,0.000000e+00,0.000000e+00,0.000000e+00,0.000000e+00,0.000000e+00,0.000000e+00,0.000000e+00,0.000000e+00,0.000000e+00,0.000000e+00,0.000000e+00,0.000000e+00,0.000000e+00,0.000000e+00,0.000000e+00,0.000000e+00,0.000000e+00,4.466094e-13,2.996207e-01
3.740000e+01,26,5.000000e-01,5.000000e-01,5.000000e-01,5.000000e-01,5.000000e-01,5.000000e-01,5.000000e-01,5.000000e-01,5.000000e-01,5.000000e-01,5.000000e-01,5.000000e-01,5.000000e-01,5.000000e-01,5.000000e-01,5.000000e-01,5.000000e-01,5.000000e-01,5.000000e-01,5.000000e-01,5.000000e-01,5.000000e-01,5.000000e-01,5.000000e-01,5.000000e-01,5.000000e-01,3.146063e-04,5.000000e-01,0.000000e+00,0.000000e+00,0.000000e+00,0.000000e+00,0.000000e+00,0.000000e+00,0.000000e+00,0.000000e+00,0.000000e+00,0.000000e+00,0.000000e+00,0.000000e+00,0.000000e+00,0.000000e+00,0.000000e+00,0.000000e+00,0.000000e+00,0.000000e+00,0.000000e+00,0.000000e+00,0.000000e+00,0.000000e+00,0.000000e+00,0.000000e+00,0.000000e+00,0.000000e+00,2.332376e-01,0.000000e+00
3.750000e+01,26,5.000000e-01,5.000000e-01,5.000000e-01,5.000000e-01,5.000000e-01,5.000000e-01,5.000000e-01,5.000000e-01,5.000000e-01,5.000000e-01,5.000000e-01,5.000000e-01,5.000000e-01,5.000000e-01,5.000000e-01,5.000000e-01,5.000000e-01,5.000000e-01,5.000000e-01,5.000000e-01,5.000000e-01,5.000000e-01,5.000000e-01,5.000000e-01,5.000000e-01,5.000000e-01,9.637620e-05,5.000000e-01,0.000000e+00,0.000000e+00,0.000000e+00,0.000000e+00,0.000000e+00,0.000000e+00,0.000000e+00,0.000000e+00,0.000000e+00,0.000000e+00,0.000000e+00,0.000000e+00,0.000000e+00,0.000000e+00,0.000000e+00,0.000000e+00,0.000000e+00,0.000000e+00,0.000000e+00,0.000000e+00,0.000000e+00,0.000000e+00,0.000000e+00,0.000000e+00,0.000000e+00,0.000000e+00,2.777379e-01,0.000000e+00
3.760000e+01,19,5.000000e-01,5.000000e-01,5.000000e-01,5.000000e-01,5.000000e-01,5.000000e-01,5.000000e-01,5.000000e-01,5.000000e-01,5.000000e-01,5.000000e-01,5.000000e-01,5.000000e-01,5.000000e-01,5.000000e-01,5.000000e-01,5.000000e-01,5.000000e-01,5.000000e-01,8.183437e-04,5.000000e-01,5.000000e-01,5.000000e-01,5.000000e-01,5.000000e-01,5.000000e-01,5.000000e-01,5.000000e-01,0.000000e+00,0.000000e+00,0.000000e+00,0.000000e+00,0.000000e+00,0.000000e+00,0.000000e+00,0.000000e+00,0.000000e+00,0.000000e+00,0.000000e+00,0.000000e+00,0.000000e+00,0.000000e+00,0.000000e+00,0.000000e+00,0.000000e+00,0.000000e+00,0.000000e+00,1.558415e-01,0.000000e+00,0.000000e+00,0.000000e+00,0.000000e+00,0.000000e+00,0.000000e+00,0.000000e+00,0.000000e+00
3.770000e+01,19,5.000000e-01,5.000000e-01,5.000000e-01,5.000000e-01,5.000000e-01,5.000000e-01,5.000000e-01,5.000000e-01,5.000000e-01,5.000000e-01,5.000000e-01,5.000000e-01,5.000000e-01,5.000000e-01,5.000000e-01,5.000000e-01,5.000000e-01,5.000000e-01,5.000000e-01,3.710884e-08,5.000000e-01,5.000000e-01,5.000000e-01,5.000000e-01,5.000000e-01,5.000000e-01,5.000000e-01,5.000000e-01,0.000000e+00,0.000000e+00,0.000000e+00,0.000000e+00,0.000000e+00,0.000000e+00,0.000000e+00,0.000000e+00,0.000000e+00,0.000000e+00,0.000000e+00,0.000000e+00,0.000000e+00,0.000000e+00,0.000000e+00,0.000000e+00,0.000000e+00,0.000000e+00,0.000000e+00,2.999911e-01,0.000000e+00,0.000000e+00,0.000000e+00,0.000000e+00,0.000000e+00,0.000000e+00,0.000000e+00,0.000000e+00
3.780000e+01,19,5.000000e-01,5.000000e-01,5.000000e-01,5.000000e-01,5.000000e-01,5.000000e-01,5.000000e-01,5.000000e-01,5.000000e-01,5.000000e-01,5.000000e-01,5.000000e-01,5.000000e-01,5.000000e-01,5.000000e-01,5.000000e-01,5.000000e-01,5.000000e-01,5.000000e-01,7.322441e-08,5.000000e-01,5.000000e-01,5.000000e-01,5.000000e-01,5.000000e-01,5.000000e-01,5.000000e-01,5.000000e-01,0.000000e+00,0.000000e+00,0.000000e+00,0.000000e+00,0.000000e+00,0.000000e+00,0.000000e+00,0.000000e+00,0.000000e+00,0.000000e+00,0.000000e+00,0.000000e+00,0.000000e+00,0.000000e+00,0.000000e+00,0.000000e+00,0.000000e+00,0.000000e+00,0.000000e+00,2.999824e-01,0.000000e+00,0.000000e+00,0.000000e+00,0.000000e+00,0.000000e+00,0.000000e+00,0.000000e+00,0.000000e+00
3.790000e+01,19,5.000000e-01,5.000000e-01,5.000000e-01,5.000000e-01,5.000000e-01,5.000000e-01,5.000000e-01,5.000000e-01,5.000000e-01,5.000000e-01,5.000000e-01,5.000000e-01,5.000000e-01,5.000000e-01,5.000000e-01,5.000000e-01,5.000000e-01,5.000000e-01,5.000000e-01,1.469627e-02,5.000000e-01,5.000000e-01,5.000000e-01,5.000000e-01,5.000000e-01,5.000000e-01,3.434409e-02,5.000000e-01,0.000000e+00,0.000000e+00,0.000000e+00,0.000000e+00,0.000000e+00,0.000000e+00,0.000000e+00,0.000000e+00,0.000000e+00,0.000000e+00,0.000000e+00,0.000000e+00,0.000000e+00,0.000000e+00,0.000000e+00,0.000000e+00,0.000000e+00,0.000000e+00,0.000000e+00,2.153894e-06,0.000000e+00,0.000000e+00,0.000000e+00,0.000000e+00,0.000000e+00,0.000000e+00,2.162936e-13,0.000000e+00
3.800000e+01,26,5.000000e-01,5.000000e-01,5.000000e-01,5.000000e-01,5.000000e-01,5.000000e-01,5.000000e-01,5.000000e-01,5.000000e-01,5.000000e-01,5.000000e-01,5.000000e-01,5.000000e-01,5.000000e-01,5.000000e-01,5.000000e-01,5.000000e-01,5.000000e-01,5.000000e-01,5.000000e-01,5.000000e-01,5.000000e-01,5.000000e-01,5.000000e-01,5.000000e-01,5.000000e-01,9.498136e-13,5.000000e-01,0.000000e+00,0.000000e+00,0.000000e+00,0.000000e+00,0.000000e+00,0.000000e+00,0.000000e+00,0.000000e+00,0.000000e+00,0.000000e+00,0.000000e+00,0.000000e+00,0.000000e+00,0.000000e+00,0.000000e+00,0.000000e+00,0.000000e+00,0.000000e+00,0.000000e+00,0.000000e+00,0.000000e+00,0.000000e+00,0.000000e+00,0.000000e+00,0.000000e+00,0.000000e+00,3.000000e-01,0.000000e+00
3.810000e+01,26,5.000000e-01,5.000000e-01,5.000000e-01,5.000000e-01,5.000000e-01,5.000000e-01,5.000000e-01,5.000000e-01,5.000000e-01,5.000000e-01,5.000000e-01,5.000000e-01,5.000000e-01,5.000000e-01,5.000000e-01,5.000000e-01,5.000000e-01,5.000000e-01,5.000000e-01,5.000000e-01,5.000000e-01,5.000000e-01,5.000000e-01,5.000000e-01,5.000000e-01,5.000000e-01,1.075201e-33,5.000000e-01,0.000000e+00,0.000000e+00,0.000000e+00,0.000000e+00,0.000000e+00,0.000000e+00,0.000000e+00,0.000000e+00,0.000000e+00,0.000000e+00,0.000000e+00,0.000000e+00,0.000000e+00,0.000000e+00,0.000000e+00,0.000000e+00,0.000000e+00,0.000000e+00,0.000000e+00,0.000000e+00,0.000000e+00,0.000000e+00,0.000000e+00,0.000000e+00,0.000000e+00,0.000000e+00,3.000000e-01,0.000000e+00
3.820000e+01,26,5.000000e-01,5.000000e-01,5.000000e-01,5.000000e-01,5.000000e-01,5.000000e-01,5.000000e-01,5.000000e-01,5.000000e-01,5.000000e-01,5.000000e-01,5.000000e-01,5.000000e-01,5.000000e-01,5.000000e-01,5.000000e-01,5.000000e-01,5.000000e-01,5.000000e-01,5.000000e-01,5.000000e-01,5.000000e-01,5.000000e-01,5.000000e-01,5.000000e-01,5.000000e-01,1.029444e-07,9.510744e-03,0.000000e+00,0.000000e+00,0.000000e+00,0.000000e+00,0.000000e+00,0.000000e+00,0.000000e+00,0.000000e+00,0.000000e+00,0.000000e+00,0.000000e+00,0.000000e+00,0.000000e+00,0.000000e+00,0.000000e+00,0.000000e+00,0.000000e+00,0.000000e+00,0.000000e+00,0.000000e+00,0.000000e+00,0.000000e+00,0.000000e+00,0.000000e+00,0.000000e+00,0.000000e+00,2.999753e-01,1.435280e-04
3.830000e+01,26,5.000000e-01,5.000000e-01,5.000000e-01,5.000000e-01,5.000000e-01,5.000000e-01,5.000000e-01,5.000000e-01,5.000000e-01,5.000000e-01,5.000000e-01,5.000000e-01,5.000000e-01,5.000000e-01,5.000000e-01,5.000000e-01,5.000000e-01,5.000000e-01,5.000000e-01,5.000000e-01,5.000000e-01,5.000000e-01,5.000000e-01,5.000000e-01,5.000000e-01,5.000000e-01,8.841998e-08,3.796129e-03,0.000000e+00,0.000000e+00,0.000000e+00,0.000000e+00,0.000000e+00,0.000000e+00,0.000000e+00,0.000000e+00,0.000000e+00,0.000000e+00,0.000000e+00,0.000000e+00,0.000000e+00,0.000000e+00,0.000000e+00,0.000000e+00,0.000000e+00,0.000000e+00,0.000000e+00,0.000000e+00,0.000000e+00,0.000000e+00,0.000000e+00,0.000000e+00,0.000000e+00,0.000000e+00,2.999788e-01,1.431203e-02
3.840000e+01,26,5.000000e-01,5.000000e-01,5.000000e-01,5.000000e-01,5.000000e-01,5.000000e-01,5.000000e-01,5.000000e-01,5.000000e-01,5.000000e-01,5.000000e-01,5.000000e-01,5.000000e-01,5.000000e-01,5.000000e-01,5.000000e-01,5.000000e-01,5.000000e-01,5.000000e-01,5.000000e-01,5.000000e-01,5.000000e-01,5.000000e-01,5.000000e-01,5.000000e-01,5.000000e-01,4.603501e-35,5.000000e-01,0.000000e+00,0.000000e+00,0.000000e+00,0.000000e+00,0.000000e+00,0.000000e+00,0.000000e+00,0.000000e+00,0.000000e+00,0.000000e+00,0.000000e+00,0.000000e+00,0.000000e+00,0.000000e+00,0.000000e+00,0.000000e+00,0.000000e+00,0.000000e+00,0.000000e+00,0.000000e+00,0.000000e+00,0.000000e+00,0.000000e+00,0.000000e+00,0.000000e+00,0.000000e+00,3.000000e-01,0.000000e+00
3.850000e+01,26,5.000000e-01,5.000000e-01,5.000000e-01,5.000000e-01,5.000000e-01,5.000000e-01,5.000000e-01,5.000000e-01,5.000000e-01,5.000000e-01,5.000000e-01,5.000000e-01,5.000000e-01,5.000000e-01,5.000000e-01,5.000000e-01,5.000000e-01,5.000000e-01,5.000000e-01,5.000000e-01,5.000000e-01,5.000000e-01,5.000000e-01,5.000000e-01,5.000000e-01,5.000000e-01,1.071151e-13,5.000000e-01,0.000000e+00,0.000000e+00,0.000000e+00,0.000000e+00,0.000000e+00,0.000000e+00,0.000000e+00,0.000000e+00,0.000000e+00,0.000000e+00,0.000000e+00,0.000000e+00,0.000000e+00,0.000000e+00,0.000000e+00,0.000000e+00,0.000000e+00,0.000000e+00,0.000000e+00,0.000000e+00,0.000000e+00,0.000000e+00,0.000000e+00,0.000000e+00,0.000000e+00,0.000000e+00,3.000000e-01,0.000000e+00
3.860000e+01,19,5.000000e-01,5.000000e-01,5.000000e-01,5.000000e-01,5.000000e-01,5.000000e-01,5.000000e-01,5.000000e-01,5.000000e-01,5.000000e-01,5.000000e-01,5.000000e-01,5.000000e-01,5.000000e-01,5.000000e-01,5.000000e-01,5.000000e-01,5.000000e-01,5.000000e-01,2.672667e-02,5.000000e-01,5.000000e-01,5.000000e-01,5.000000e-01,5.000000e-01,5.000000e-01,2.814990e-02,5.000000e-01,0.000000e+00,0.000000e+00,0.000000e+00,0.000000e+00,0.000000e+00,0.000000e+00,0.000000e+00,0.000000e+00,0.000000e+00,0.000000e+00,0.000000e+00,0.000000e+00,0.000000e+00,0.000000e+00,0.000000e+00,0.000000e+00,0.000000e+00,0.000000e+00,0.000000e+00,1.161394e-10,0.000000e+00,0.000000e+00,0.000000e+00,0.000000e+00,0.000000e+00,0.000000e+00,3.602049e-11,0.000000e+00
3.870000e+01,-1,5.000000e-01,5.000000e-01,5.000000e-01,5.000000e-01,5.000000e-01,5.000000e-01,5.000000e-01,5.000000e-01,5.000000e-01,5.000000e-01,5.000000e-01,5.000000e-01,5.000000e-01,5.000000e-01,5.000000e-01,5.000000e-01,5.000000e-01,5.000000e-01,5.000000e-01,5.000000e-01,5.000000e-01,5.000000e-01,5.000000e-01,5.000000e-01,5.000000e-01,5.000000e-01,5.000000e-01,5.000000e-01,0.000000e+00,0.000000e+00,0.000000e+00,0.000000e+00,0.000000e+00,0.000000e+00,0.000000e+00,0.000000e+00,0.000000e+00,0.000000e+00,0.000000e+00,0.000000e+00,0.000000e+00,0.000000e+00,0.000000e+00,0.000000e+00,0.000000e+00,0.000000e+00,0.000000e+00,0.000000e+00,0.000000e+00,0.000000e+00,0.000000e+00,0.000000e+00,0.000000e+00,0.000000e+00,0.000000e+00,0.000000e+00
3.880000e+01,27,5.000000e-01,5.000000e-01,5.000000e-01,5.000000e-01,5.000000e-01,5.000000e-01,5.000000e-01,5.000000e-01,5.000000e-01,5.000000e-01,5.000000e-01,5.000000e-01,5.000000e-01,5.000000e-01,5.000000e-01,5.000000e-01,5.000000e-01,5.000000e-01,5.000000e-01,5.000000e-01,5.000000e-01,5.000000e-01,5.000000e-01,5.000000e-01,5.000000e-01,5.000000e-01,5.000000e-01,2.068147e-02,0.000000e+00,0.000000e+00,0.000000e+00,0.000000e+00,0.000000e+00,0.000000e+00,0.000000e+00,0.000000e+00,0.000000e+00,0.000000e+00,0.000000e+00,0.000000e+00,0.000000e+00,0.000000e+00,0.000000e+00,0.000000e+00,0.000000e+00,0.000000e+00,0.000000e+00,0.000000e+00,0.000000e+00,0.000000e+00,0.000000e+00,0.000000e+00,0.000000e+00,0.000000e+00,0.000000e+00,1.645508e-08
3.890000e+01,20,5.000000e-01,5.000000e-01,5.000000e-01,5.000000e-01,5.000000e-01,5.000000e-01,5.000000e-01,5.000000e-01,5.000000e-01,5.000000e-01,5.000000e-01,5.000000e-01,5.000000e-01,5.000000e-01,5.000000e-01,5.000000e-01,5.000000e-01,5.000000e-01,5.000000e-01,5.000000e-01,3.552490e-04,5.000000e-01,5.000000e-01,5.000000e-01,5.000000e-01,5.000000e-01,5.000000e-01,5.000000e-01,0.000000e+00,0.000000e+00,0.000000e+00,0.000000e+00,0.000000e+00,0.000000e+00,0.000000e+00,0.000000e+00,0.000000e+00,0.000000e+00,0.000000e+00,0.000000e+00,0.000000e+00,0.000000e+00,0.000000e+00,0.000000e+00,0.000000e+00,0.000000e+00,0.000000e+00,0.000000e+00,2.257736e-01,0.000000e+00,0.000000e+00,0.000000e+00,0.000000e+00,0.000000e+00,0.000000e+00,0.000000e+00
3.900000e+01,20,5.000000e-01,5.000000e-01,5.000000e-01,5.000000e-01,5.000000e-01,5.000000e-01,5.000000e-01,5.000000e-01,5.000000e-01,5.000000e-01,5.000000e-01,5.000000e-01,5.000000e-01,5.000000e-01,5.000000e-01,5.000000e-01,5.000000e-01,5.000000e-01,5.000000e-01,5.000000e-01,1.601030e-25,5.000000e-01,5.000000e-01,5.000000e-01,5.000000e-01,5.000000e-01,5.000000e-01,5.000000e-01,0.000000e+00,0.000000e+00,0.000000e+00,0.000000e+00,0.000000e+00,0.000000e+00,0.000000e+00,0.000000e+00,0.000000e+00,0.000000e+00,0.000000e+00,0.000000e+00,0.000000e+00,0.000000e+00,0.000000e+00,0.000000e+00,0.000000e+00,0.000000e+00,0.000000e+00,0.000000e+00,3.000000e-01,0.000000e+00,0.000000e+00,0.000000e+00,0.000000e+00,0.000000e+00,0.000000e+00,0.000000e+00
3.910000e+01,20,5.000000e-01,5.000000e-01,5.000000e-01,5.000000e-01,5.000000e-01,5.000000e-01,5.000000e-01,5.000000e-01,5.000000e-01,5.000000e-01,5.000000e-01,5.000000e-01,5.000000e-01,5.000000e-01,5.000000e-01,5.000000e-01,5.000000e-01,5.000000e-01,5.000000e-01,5.000000e-01,1.131798e-49,5.000000e-01,5.000000e-01,5.000000e-01,5.000000e-01,5.000000e-01,5.000000e-01,5.000000e-01,0.000000e+00,0.000000e+00,0.000000e+00,0.000000e+00,0.000000e+00,0.000000e+00,0.000000e+00,0.000000e+00,0.000000e+00,0.000000e+00,0.000000e+00,0.000000e+00,0.000000e+00,0.000000e+00,0.000000e+00,0.000000e+00,0.000000e+00,0.000000e+00,0.000000e+00,0.000000e+00,3.000000e-01,0.000000e+00,0.000000e+00,0.000000e+00,0.000000e+00,0.000000e+00,0.000000e+00,0.000000e+00
3.920000e+01,20,5.000000e-01,5.000000e-01,5.000000e-01,5.000000e-01,5.000000e-01,5.000000e-01,5.000000e-01,5.000000e-01,5.000000e-01,5.000000e-01,5.000000e-01,5.000000e-01,5.000000e-01,5.000000e-01,5.000000e-01,5.000000e-01,5.000000e-01,5.000000e-01,5.000000e-01,5.000000e-01,1.518984e-12,5.000000e-01,5.000000e-01,5.000000e-01,5.000000e-01,5.000000e-01,5.000000e-01,5.000000e-01,0.000000e+00,0.000000e+00,0.000000e+00,0.000000e+00,0.000000e+00,0.000000e+00,0.000000e+00,0.000000e+00,0.000000e+00,0.000000e+00,0.000000e+00,0.000000e+00,0.000000e+00,0.000000e+00,0.000000e+00,0.000000e+00,0.000000e+00,0.000000e+00,0.000000e+00,0.000000e+00,3.000000e-01,0.000000e+00,0.000000e+00,0.000000e+00,0.000000e+00,0.000000e+00,0.000000e+00,0.000000e+00
3.930000e+01,20,5.000000e-01,5.000000e-01,5.000000e-01,5.000000e-01,5.000000e-01,5.000000e-01,5.000000e-01,5.000000e-01,5.000000e-01,5.000000e-01,5.000000e-01,5.000000e-01,5.000000e-01,5.000000e-01,5.000000e-01,5.000000e-01,5.000000e-01,5.000000e-01,5.000000e-01,5.000000e-01,1.737849e-02,5.000000e-01,5.000000e-01,5.000000e-01,5.000000e-01,5.000000e-01,5.000000e-01,5.000000e-01,0.000000e+00,0.000000e+00,0.000000e+00,0.000000e+00,0.000000e+00,0.000000e+00,0.000000e+00,0.000000e+00,0.000000e+00,0.000000e+00,0.000000e+00,0.000000e+00,0.000000e+00,0.000000e+00,0.000000e+00,0.000000e+00,0.000000e+00,0.000000e+00,0.000000e+00,0.000000e+00,2.432951e-07,0.000000e+00,0.000000e+00,0.000000e+00,0.000000e+00,0.000000e+00,0.000000e+00,0.000000e+00
3.940000e+01,-1,5.000000e-01,5.000000e-01,5.000000e-01,5.000000e-01,5.000000e-01,5.000000e-01,5.000000e-01,5.000000e-01,5.000000e-01,5.000000e-01,5.000000e-01,5.000000e-01,5.000000e-01,5.000000e-01,5.000000e-01,5.000000e-01,5.000000e-01,5.000000e-01,5.000000e-01,5.000000e-01,5.000000e-01,5.000000e-01,5.000000e-01,5.000000e-01,5.000000e-01,5.000000e-01,5.000000e-01,5.000000e-01,0.000000e+00,0.000000e+00,0.000000e+00,0.000000e+00,0.000000e+00,0.000000e+00,0.000000e+00,0.000000e+00,0.000000e+00,0.000000e+00,0.000000e+00,0.000000e+00,0.000000e+00,0.000000e+00,0.000000e+00,0.000000e+00,0.000000e+00,0.000000e+00,0.000000e+00,0.000000e+00,0.000000e+00,0.000000e+00,0.000000e+00,0.000000e+00,0.000000e+00,0.000000e+00,0.000000e+00,0.000000e+00
3.950000e+01,20,5.000000e-01,5.000000e-01,5.000000e-01,5.000000e-01,5.000000e-01,5.000000e-01,5.000000e-01,5.000000e-01,5.000000e-01,5.000000e-01,5.000000e-01,5.000000e-01,5.000000e-01,5.000000e-01,5.000000e-01,5.000000e-01,5.000000e-01,5.000000e-01,5.000000e-01,5.000000e-01,8.147982e-06,5.000000e-01,5.000000e-01,5.000000e-01,5.000000e-01,5.000000e-01,5.000000e-01,5.000000e-01,0.000000e+00,0.000000e+00,0.000000e+00,0.000000e+00,0.000000e+00,0.000000e+00,0.000000e+00,0.000000e+00,0.000000e+00,0.000000e+00,0.000000e+00,0.000000e+00,0.000000e+00,0.000000e+00,0.000000e+00,0.000000e+00,0.000000e+00,0.000000e+00,0.000000e+00,0.000000e+00,2.980508e-01,0.000000e+00,0.000000e+00,0.000000e+00,0.000000e+00,0.000000e+00,0.000000e+00,0.000000e+00
3.960000e+01,20,5.000000e-01,5.000000e-01,5.000000e-01,5.000000e-01,5.000000e-01,5.000000e-01,5.000000e-01,5.000000e-01,5.000000e-01,5.000000e-01,5.000000e-01,5.000000e-01,5.000000e-01,5.000000e-01,5.000000e-01,5.000000e-01,5.000000e-01,5.000000e-01,5.000000e-01,5.000000e-01,2.544943e-28,5.000000e-01,5.000000e-01,5.000000e-01,5.000000e-01,5.000000e-01,5.000000e-01,5.000000e-01,0.000000e+00,0.000000e+00,0.000000e+00,0.000000e+00,0.000000e+00,0.000000e+00,0.000000e+00,0.000000e+00,0.000000e+00,0.000000e+00,0.000000e+00,0.000000e+00,0.000000e+00,0.000000e+00,0.000000e+00,0.000000e+00,0.000000e+00,0.000000e+00,0.000000e+00,0.000000e+00,3.000000e-01,0.000000e+00,0.000000e+00,0.000000e+00,0.000000e+00,0.000000e+00,0.000000e+00,0.000000e+00
3.970000e+01,20,5.000000e-01,5.000000e-01,5.000000e-01,5.000000e-01,5.000000e-01,5.000000e-01,5.000000e-01,5.000000e-01,5.000000e-01,5.000000e-01,5.000000e-01,5.000000e-01,5.000000e-01,5.000000e-01,5.000000e-01,5.000000e-01,5.000000e-01,5.000000e-01,5.000000e-01,5.000000e-01,5.383127e-20,5.000000e-01,5.000000e-01,5.000000e-01,5.000000e-01,5.000000e-01,5.000000e-01,5.000000e-01,0.000000e+00,0.000000e+00,0.000000e+00,0.000000e+00,0.000000e+00,0.000000e+00,0.000000e+00,0.000000e+00,0.000000e+00,0.000000e+00,0.000000e+00,0.000000e+00,0.000000e+00,0.000000e+00,0.000000e+00,0.000000e+00,0.000000e+00,0.000000e+00,0.000000e+00,0.000000e+00,3.000000e-01,0.000000e+00,0.000000e+00,0.000000e+00,0.000000e+00,0.000000e+00,0.000000e+00,0.000000e+00
3.980000e+01,20,5.000000e-01,5.000000e-01,5.000000e-01,5.000000e-01,5.000000e-01,5.000000e-01,5.000000e-01,5.000000e-01,5.000000e-01,5.000000e-01,5.000000e-01,5.000000e-01,5.000000e-01,5.000000e-01,5.000000e-01,5.000000e-01,5.000000e-01,5.000000e-01,5.000000e-01,5.000000e-01,1.730759e-11,5.000000e-01,5.000000e-01,5.000000e-01,5.000000e-01,5.000000e-01,5.000000e-01,5.000000e-01,0.000000e+00,0.000000e+00,0.000000e+00,0.000000e+00,0.000000e+00,0.000000e+00,0.000000e+00,0.000000e+00,0.000000e+00,0.000000e+00,0.000000e+00,0.000000e+00,0.000000e+00,0.000000e+00,0.000000e+00,0.000000e+00,0.000000e+00,0.000000e+00,0.000000e+00,0.000000e+00,3.000000e-01,0.000000e+00,0.000000e+00,0.000000e+00,0.000000e+00,0.000000e+00,0.000000e+00,0.000000e+00
3.990000e+01,20,5.000000e-01,5.000000e-01,5.000000e-01,5.000000e-01,5.000000e-01,5.000000e-01,5.000000e-01,5.000000e-01,5.000000e-01,5.000000e-01,5.000000e-01,5.000000e-01,5.000000e-01,5.000000e-01,5.000000e-01,5.000000e-01,5.000000e-01,5.000000e-01,5.000000e-01,5.000000e-01,5.184775e-06,5.000000e-01,5.000000e-01,5.000000e-01,5.000000e-01,5.000000e-01,5.000000e-01,5.000000e-01,0.000000e+00,0.000000e+00,0.000000e+00,0.000000e+00,0.000000e+00,0.000000e+00,0.000000e+00,0.000000e+00,0.000000e+00,0.000000e+00,0.000000e+00,0.000000e+00,0.000000e+00,0.000000e+00,0.000000e+00,0.000000e+00,0.000000e+00,0.000000e+00,0.000000e+00,0.000000e+00,2.987582e-01,0.000000e+00,0.000000e+00,0.000000e+00,0.000000e+00,0.000000e+00,0.000000e+00,0.000000e+00
4.000000e+01,20,5.000000e-01,5.000000e-01,5.000000e-01,5.000000e-01,5.000000e-01,5.000000e-01,5.000000e-01,5.000000e-01,5.000000e-01,5.000000e-01,5.000000e-01,5.000000e-01,5.000000e-01,5.000000e-01,5.000000e-01,5.000000e-01,5.000000e-01,5.000000e-01,5.000000e-01,5.000000e-01,8.016320e-06,5.000000e-01,5.000000e-01,5.000000e-01,5.000000e-01,5.000000e-01,5.000000e-01,5.000000e-01,0.000000e+00,0.000000e+00,0.000000e+00,0.000000e+00,0.000000e+00,0.000000e+00,0.000000e+00,0.000000e+00,0.000000e+00,0.000000e+00,0.000000e+00,0.000000e+00,0.000000e+00,0.000000e+00,0.000000e+00,0.000000e+00,0.000000e+00,0.000000e+00,0.000000e+00,0.000000e+00,2.980822e-01,0.000000e+00,0.000000e+00,0.000000e+00,0.000000e+00,0.000000e+00,0.000000e+00,0.000000e+00
4.010000e+01,20,5.000000e-01,5.000000e-01,5.000000e-01,5.000000e-01,5.000000e-01,5.000000e-01,5.000000e-01,5.000000e-01,5.000000e-01,5.000000e-01,5.000000e-01,5.000000e-01,5.000000e-01,5.000000e-01,5.000000e-01,5.000000e-01,5.000000e-01,5.000000e-01,5.000000e-01,5.000000e-01,9.832433e-05,5.000000e-01,5.000000e-01,5.000000e-01,5.000000e-01,5.000000e-01,5.000000e-01,5.000000e-01,0.000000e+00,0.000000e+00,0.000000e+00,0.000000e+00,0.000000e+00,0.000000e+00,0.000000e+00,0.000000e+00,0.000000e+00,0.000000e+00,0.000000e+00,0.000000e+00,0.000000e+00,0.000000e+00,0.000000e+00,0.000000e+00,0.000000e+00,0.000000e+00,0.000000e+00,0.000000e+00,2.773053e-01,0.000000e+00,0.000000e+00,0.000000e+00,0.000000e+00,0.000000e+00,0.000000e+00,0.000000e+00
4.020000e+01,-1,5.000000e-01,5.000000e-01,5.000000e-01,5.000000e-01,5.000000e-01,5.000000e-01,5.000000e-01,5.000000e-01,5.000000e-01,5.000000e-01,5.000000e-01,5.000000e-01,5.000000e-01,5.000000e-01,5.000000e-01,5.000000e-01,5.000000e-01,5.000000e-01,5.000000e-01,5.000000e-01,5.000000e-01,5.000000e-01,5.000000e-01,5.000000e-01,5.000000e-01,5.000000e-01,5.000000e-01,5.000000e-01,0.000000e+00,0.000000e+00,0.000000e+00,0.000000e+00,0.000000e+00,0.000000e+00,0.000000e+00,0.000000e+00,0.000000e+00,0.000000e+00,0.000000e+00,0.000000e+00,0.000000e+00,0.000000e+00,0.000000e+00,0.000000e+00,0.000000e+00,0.000000e+00,0.000000e+00,0.000000e+00,0.000000e+00,0.000000e+00,0.000000e+00,0.000000e+00,0.000000e+00,0.000000e+00,0.000000e+00,0.000000e+00
4.030000e+01,12,5.000000e-01,5.000000e-01,5.000000e-01,5.000000e-01,5.000000e-01,5.000000e-01,5.000000e-01,5.000000e-01,5.000000e-01,5.000000e-01,5.000000e-01,5.000000e-01,8.103835e-04,5.000000e-01,5.000000e-01,5.000000e-01,5.000000e-01,5.000000e-01,5.000000e-01,5.000000e-01,5.000000e-01,5.000000e-01,5.000000e-01,5.000000e-01,5.000000e-01,5.000000e-01,5.000000e-01,5.000000e-01,0.000000e+00,0.000000e+00,0.000000e+00,0.000000e+00,0.000000e+00,0.000000e+00,0.000000e+00,0.000000e+00,0.000000e+00,0.000000e+00,0.000000e+00,0.000000e+00,1.568379e-01,0.000000e+00,0.000000e+00,0.000000e+00,0.000000e+00,0.000000e+00,0.000000e+00,0.000000e+00,0.000000e+00,0.000000e+00,0.000000e+00,0.000000e+00,0.000000e+00,0.000000e+00,0.000000e+00,0.000000e+00
4.040000e+01,12,5.000000e-01,5.000000e-01,5.000000e-01,5.000000e-01,5.000000e-01,5.000000e-01,5.000000e-01,5.000000e-01,5.000000e-01,5.000000e-01,5.000000e-01,5.000000e-01,8.649463e-17,5.000000e-01,5.000000e-01,5.000000e-01,5.000000e-01,5.000000e-01,5.000000e-01,5.000000e-01,5.000000e-01,5.000000e-01,5.000000e-01,5.000000e-01,5.000000e-01,5.000000e-01,5.000000e-01,5.000000e-01,0.000000e+00,0.000000e+00,0.000000e+00,0.000000e+00,0.000000e+00,0.000000e+00,0.000000e+00,0.000000e+00,0.000000e+00,0.000000e+00,0.000000e+00,0.000000e+00,3.000000e-01,0.000000e+00,0.000000e+00,0.000000e+00,0.000000e+00,0.000000e+00,0.000000e+00,0.000000e+00,0.000000e+00,0.000000e+00,0.000000e+00,0.000000e+00,0.000000e+00,0.000000e+00,0.000000e+00,0.000000e+00
4.050000e+01,12,5.000000e-01,5.000000e-01,5.000000e-01,5.000000e-01,5.000000e-01,5.000000e-01,5.000000e-01,5.000000e-01,5.000000e-01,5.000000e-01,5.000000e-01,5.000000e-01,7.649740e-18,5.000000e-01,5.000000e-01,5.000000e-01,5.000000e-01,5.000000e-01,5.000000e-01,5.000000e-01,5.000000e-01,5.000000e-01,5.000000e-01,5.000000e-01,5.000000e-01,5.000000e-01,5.000000e-01,5.000000e-01,0.000000e+00,0.000000e+00,0.000000e+00,0.000000e+00,0.000000e+00,0.000000e+00,0.000000e+00,0.000000e+00,0.000000e+00,0.000000e+00,0.000000e+00,0.000000e+00,3.000000e-01,0.000000e+00,0.000000e+00,0.000000e+00,0.000000e+00,0.000000e+00,0.000000e+00,0.000000e+00,0.000000e+00,0.000000e+00,0.000000e+00,0.000000e+00,0.000000e+00,0.000000e+00,0.000000e+00,0.000000e+00
4.060000e+01,12,5.000000e-01,5.000000e-01,5.000000e-01,5.000000e-01,5.000000e-01,5.000000e-01,5.000000e-01,5.000000e-01,5.000000e-01,5.000000e-01,5.000000e-01,5.000000e-01,4.146812e-20,5.000000e-01,5.000000e-01,5.000000e-01,5.000000e-01,5.000000e-01,5.000000e-01,5.000000e-01,5.000000e-01,5.000000e-01,5.000000e-01,5.000000e-01,5.000000e-01,5.000000e-01,5.000000e-01,5.000000e-01,0.000000e+00,0.000000e+00,0.000000e+00,0.000000e+00,0.000000e+00,0.000000e+00,0.000000e+00,0.000000e+00,0.000000e+00,0.000000e+00,0.000000e+00,0.000000e+00,3.000000e-01,0.000000e+00,0.000000e+00,0.000000e+00,0.000000e+00,0.000000e+00,0.000000e+00,0.000000e+00,0.000000e+00,0.000000e+00,0.000000e+00,0.000000e+00,0.000000e+00,0.000000e+00,0.000000e+00,0.000000e+00
4.070000e+01,12,5.000000e-01,5.000000e-01,5.000000e-01,5.000000e-01,5.000000e-01,5.000000e-01,5.000000e-01,5.000000e-01,5.000000e-01,5.000000e-01,5.000000e-01,5.000000e-01,1.565275e-05,5.000000e-01,5.000000e-01,5.000000e-01,5.000000e-01,5.000000e-01,5.000000e-01,5.000000e-01,5.000000e-01,5.000000e-01,5.000000e-01,5.000000e-01,5.000000e-01,5.000000e-01,5.000000e-01,5.000000e-01,0.000000e+00,0.000000e+00,0.000000e+00,0.000000e+00,0.000000e+00,0.000000e+00,0.000000e+00,0.000000e+00,0.000000e+00,0.000000e+00,0.000000e+00,0.000000e+00,2.962667e-01,0.000000e+00,0.000000e+00,0.000000e+00,0.000000e+00,0.000000e+00,0.000000e+00,0.000000e+00,0.000000e+00,0.000000e+00,0.000000e+00,0.000000e+00,0.000000e+00,0.000000e+00,0.000000e+00,0.000000e+00
4.080000e+01,11,5.000000e-01,5.000000e-01,5.000000e-01,5.000000e-01,5.000000e-01,5.000000e-01,5.000000e-01,5.000000e-01,5.000000e-01,5.000000e-01,5.000000e-01,5.416342e-09,2.335815e-02,5.000000e-01,5.000000e-01,5.000000e-01,5.000000e-01,5.000000e-01,5.000000e-01,5.000000e-01,5.000000e-01,5.000000e-01,5.000000e-01,5.000000e-01,5.000000e-01,5.000000e-01,5.000000e-01,5.000000e-01,0.000000e+00,0.000000e+00,0.000000e+00,0.000000e+00,0.000000e+00,0.000000e+00,0.000000e+00,0.000000e+00,0.000000e+00,0.000000e+00,0.000000e+00,2.999987e-01,1.842404e-09,0.000000e+00,0.000000e+00,0.000000e+00,0.000000e+00,0.000000e+00,0.000000e+00,0.000000e+00,0.000000e+00,0.000000e+00,0.000000e+00,0.000000e+00,0.000000e+00,0.000000e+00,0.000000e+00,0.000000e+00
4.090000e+01,11,5.000000e-01,5.000000e-01,5.000000e-01,5.000000e-01,5.000000e-01,5.000000e-01,5.000000e-01,5.000000e-01,5.000000e-01,5.000000e-01,5.000000e-01,9.950233e-46,5.000000e-01,5.000000e-01,5.000000e-01,5.000000e-01,5.000000e-01,5.000000e-01,5.000000e-01,5.000000e-01,5.000000e-01,5.000000e-01,5.000000e-01,5.000000e-01,5.000000e-01,5.000000e-01,5.000000e-01,5.000000e-01,0.000000e+00,0.000000e+00,0.000000e+00,0.000000e+00,0.000000e+00,0.000000e+00,0.000000e+00,0.000000e+00,0.000000e+00,0.000000e+00,0.000000e+00,3.000000e-01,0.000000e+00,0.000000e+00,0.000000e+00,0.000000e+00,0.000000e+00,0.000000e+00,0.000000e+00,0.000000e+00,0.000000e+00,0.000000e+00,0.000000e+00,0.000000e+00,0.000000e+00,0.000000e+00,0.000000e+00,0.000000e+00
4.100000e+01,11,5.000000e-01,5.000000e-01,5.000000e-01,5.000000e-01,5.000000e-01,5.000000e-01,5.000000e-01,5.000000e-01,5.000000e-01,5.000000e-01,5.000000e-01,5.090637e-35,5.000000e-01,5.000000e-01,5.000000e-01,5.000000e-01,5.000000e-01,5.000000e-01,5.000000e-01,5.000000e-01,5.000000e-01,5.000000e-01,5.000000e-01,5.000000e-01,5.000000e-01,5.000000e-01,5.000000e-01,5.000000e-01,0.000000e+00,0.000000e+00,0.000000e+00,0.000000e+00,0.000000e+00,0.000000e+00,0.000000e+00,0.000000e+00,0.000000e+00,0.000000e+00,0.000000e+00,3.000000e-01,0.000000e+00,0.000000e+00,0.000000e+00,0.000000e+00,0.000000e+00,0.000000e+00,0.000000e+00,0.000000e+00,0.000000e+00,0.000000e+00,0.000000e+00,0.000000e+00,0.000000e+00,0.000000e+00,0.000000e+00,0.000000e+00
4.110000e+01,11,5.000000e-01,5.000000e-01,5.000000e-01,5.000000e-01,5.000000e-01,5.000000e-01,5.000000e-01,5.000000e-01,5.000000e-01,5.000000e-01,9.351281e-03,6.909743e-09,5.000000e-01,5.000000e-01,5.000000e-01,5.000000e-01,5.000000e-01,5.000000e-01,5.000000e-01,5.000000e-01,5.000000e-01,5.000000e-01,5.000000e-01,5.000000e-01,5.000000e-01,5.000000e-01,5.000000e-01,5.000000e-01,0.000000e+00,0.000000e+00,0.000000e+00,0.000000e+00,0.000000e+00,0.000000e+00,0.000000e+00,0.000000e+00,0.000000e+00,0.000000e+00,1.632552e-04,2.999983e-01,0.000000e+00,0.000000e+00,0.000000e+00,0.000000e+00,0.000000e+00,0.000000e+00,0.000000e+00,0.000000e+00,0.000000e+00,0.000000e+00,0.000000e+00,0.000000e+00,0.000000e+00,0.000000e+00,0.000000e+00,0.000000e+00
4.120000e+01,11,5.000000e-01,5.000000e-01,5.000000e-01,5.000000e-01,5.000000e-01,5.000000e-01,5.000000e-01,5.000000e-01,5.000000e-01,5.000000e-01,1.900533e-02,1.008571e-02,5.000000e-01,5.000000e-01,5.000000e-01,5.000000e-01,5.000000e-01,5.000000e-01,5.000000e-01,5.000000e-01,5.000000e-01,5.000000e-01,5.000000e-01,5.000000e-01,5.000000e-01,5.000000e-01,5.000000e-01,5.000000e-01,0.000000e+00,0.000000e+00,0.000000e+00,0.000000e+00,0.000000e+00,0.000000e+00,0.000000e+00,0.000000e+00,0.000000e+00,0.000000e+00,6.463058e-08,9.019771e-05,0.000000e+00,0.000000e+00,0.000000e+00,0.000000e+00,0.000000e+00,0.000000e+00,0.000000e+00,0.000000e+00,0.000000e+00,0.000000e+00,0.000000e+00,0.000000e+00,0.000000e+00,0.000000e+00,0.000000e+00,0.000000e+00
4.130000e+01,-1,5.000000e-01,5.000000e-01,5.000000e-01,5.000000e-01,5.000000e-01,5.000000e-01,5.000000e-01,5.000000e-01,5.000000e-01,5.000000e-01,5.000000e-01,5.000000e-01,5.000000e-01,5.000000e-01,5.000000e-01,5.000000e-01,5.000000e-01,5.000000e-01,5.000000e-01,5.000000e-01,5.000000e-01,5.000000e-01,5.000000e-01,5.000000e-01,5.000000e-01,5.000000e-01,5.000000e-01,5.000000e-01,0.000000e+00,0.000000e+00,0.000000e+00,0.000000e+00,0.000000e+00,0.000000e+00,0.000000e+00,0.000000e+00,0.000000e+00,0.000000e+00,0.000000e+00,0.000000e+00,0.000000e+00,0.000000e+00,0.000000e+00,0.000000e+00,0.000000e+00,0.000000e+00,0.000000e+00,0.000000e+00,0.000000e+00,0.000000e+00,0.000000e+00,0.000000e+00,0.000000e+00,0.000000e+00,0.000000e+00,0.000000e+00
4.140000e+01,18,5.000000e-01,5.000000e-01,5.000000e-01,5.000000e-01,5.000000e-01,5.000000e-01,5.000000e-01,5.000000e-01,5.000000e-01,5.000000e-01,5.000000e-01,5.000000e-01,5.000000e-01,5.000000e-01,5.000000e-01,5.000000e-01,5.000000e-01,5.000000e-01,9.618803e-06,5.000000e-01,5.000000e-01,5.000000e-01,5.000000e-01,5.000000e-01,5.000000e-01,5.000000e-01,5.000000e-01,5.000000e-01,0.000000e+00,0.000000e+00,0.000000e+00,0.000000e+00,0.000000e+00,0.000000e+00,0.000000e+00,0.000000e+00,0.000000e+00,0.000000e+00,0.000000e+00,0.000000e+00,0.000000e+00,0.000000e+00,0.000000e+00,0.000000e+00,0.000000e+00,0.000000e+00,2.977003e-01,0.000000e+00,0.000000e+00,0.000000e+00,0.000000e+00,0.000000e+00,0.000000e+00,0.000000e+00,0.000000e+00,0.000000e+00
4.150000e+01,18,5.000000e-01,5.000000e-01,5.000000e-01,5.000000e-01,5.000000e-01,5.000000e-01,5.000000e-01,5.000000e-01,5.000000e-01,5.000000e-01,5.000000e-01,5.000000e-01,5.000000e-01,5.000000e-01,5.000000e-01,5.000000e-01,5.000000e-01,5.000000e-01,1.206755e-10,5.000000e-01,5.000000e-01,5.000000e-01,5.000000e-01,5.000000e-01,5.000000e-01,5.000000e-01,5.000000e-01,5.000000e-01,0.000000e+00,0.000000e+00,0.000000e+00,0.000000e+00,0.000000e+00,0.000000e+00,0.000000e+00,0.000000e+00,0.000000e+00,0.000000e+00,0.000000e+00,0.000000e+00,0.000000e+00,0.000000e+00,0.000000e+00,0.000000e+00,0.000000e+00,0.000000e+00,3.000000e-01,0.000000e+00,0.000000e+00,0.000000e+00,0.000000e+00,0.000000e+00,0.000000e+00,0.000000e+00,0.000000e+00,0.000000e+00
4.160000e+01,18,5.000000e-01,5.000000e-01,5.000000e-01,5.000000e-01,5.000000e-01,5.000000e-01,5.000000e-01,5.000000e-01,5.000000e-01,5.000000e-01,5.000000e-01,5.000000e-01,5.000000e-01,5.000000e-01,5.000000e-01,5.000000e-01,5.000000e-01,5.000000e-01,1.885604e-03,5.000000e-01,5.000000e-01,5.000000e-01,5.000000e-01,5.000000e-01,5.000000e-01,5.000000e-01,5.000000e-01,5.000000e-01,0.000000e+00,0.000000e+00,0.000000e+00,0.000000e+00,0.000000e+00,0.000000e+00,0.000000e+00,0.000000e+00,0.000000e+00,0.000000e+00,0.000000e+00,0.000000e+00,0.000000e+00,0.000000e+00,0.000000e+00,0.000000e+00,0.000000e+00,0.000000e+00,6.627915e-02,0.000000e+00,0.000000e+00,0.000000e+00,0.000000e+00,0.000000e+00,0.000000e+00,0.000000e+00,0.000000e+00,0.000000e+00
4.170000e+01,-1,5.000000e-01,5.000000e-01,5.000000e-01,5.000000e-01,5.000000e-01,5.000000e-01,5.000000e-01,5.000000e-01,5.000000e-01,5.000000e-01,5.000000e-01,5.000000e-01,5.000000e-01,5.000000e-01,5.000000e-01,5.000000e-01,5.000000e-01,5.000000e-01,5.000000e-01,5.000000e-01,5.000000e-01,5.000000e-01,5.000000e-01,5.000000e-01,5.000000e-01,5.000000e-01,5.000000e-01,5.000000e-01,0.000000e+00,0.000000e+00,0.000000e+00,0.000000e+00,0.000000e+00,0.000000e+00,0.000000e+00,0.000000e+00,0.000000e+00,0.000000e+00,0.000000e+00,0.000000e+00,0.000000e+00,0.000000e+00,0.000000e+00,0.000000e+00,0.000000e+00,0.000000e+00,0.000000e+00,0.000000e+00,0.000000e+00,0.000000e+00,0.000000e+00,0.000000e+00,0.000000e+00,0.000000e+00,0.000000e+00,0.000000e+00
4.180000e+01,12,5.000000e-01,5.000000e-01,5.000000e-01,5.000000e-01,5.000000e-01,5.000000e-01,5.000000e-01,5.000000e-01,5.000000e-01,5.000000e-01,5.000000e-01,5.000000e-01,4.787361e-02,5.000000e-01,5.000000e-01,5.000000e-01,5.000000e-01,5.000000e-01,5.000000e-01,5.000000e-01,5.000000e-01,5.000000e-01,5.000000e-01,5.000000e-01,5.000000e-01,5.000000e-01,5.000000e-01,5.000000e-01,0.000000e+00,0.000000e+00,0.000000e+00,0.000000e+00,0.000000e+00,0.000000e+00,0.000000e+00,0.000000e+00,0.000000e+00,0.000000e+00,0.000000e+00,0.000000e+00,0.000000e+00,0.000000e+00,0.000000e+00,0.000000e+00,0.000000e+00,0.000000e+00,0.000000e+00,0.000000e+00,0.000000e+00,0.000000e+00,0.000000e+00,0.000000e+00,0.000000e+00,0.000000e+00,0.000000e+00,0.000000e+00
4.190000e+01,-1,5.000000e-01,5.000000e-01,5.000000e-01,5.000000e-01,5.000000e-01,5.000000e-01,5.000000e-01,5.000000e-01,5.000000e-01,5.000000e-01,5.000000e-01,5.000000e-01,5.000000e-01,5.000000e-01,5.000000e-01,5.000000e-01,5.000000e-01,5.000000e-01,5.000000e-01,5.000000e-01,5.000000e-01,5.000000e-01,5.000000e-01,5.000000e-01,5.000000e-01,5.000000e-01,5.000000e-01,5.000000e-01,0.000000e+00,0.000000e+00,0.000000e+00,0.000000e+00,0.000000e+00,0.000000e+00,0.000000e+00,0.000000e+00,0.000000e+00,0.000000e+00,0.000000e+00,0.000000e+00,0.000000e+00,0.000000e+00,0.000000e+00,0.000000e+00,0.000000e+00,0.000000e+00,0.000000e+00,0.000000e+00,0.000000e+00,0.000000e+00,0.000000e+00,0.000000e+00,0.000000e+00,0.000000e+00,0.000000e+00,0.000000e+00
4.200000e+01,18,5.000000e-01,5.000000e-01,5.000000e-01,5.000000e-01,5.000000e-01,5.000000e-01,5.000000e-01,5.000000e-01,5.000000e-01,5.000000e-01,5.000000e-01,5.000000e-01,5.000000e-01,5.000000e-01,5.000000e-01,5.000000e-01,5.000000e-01,5.000000e-01,5.932181e-04,5.000000e-01,5.000000e-01,5.000000e-01,5.000000e-01,5.000000e-01,5.000000e-01,5.000000e-01,5.000000e-01,5.000000e-01,0.000000e+00,0.000000e+00,0.000000e+00,0.000000e+00,0.000000e+00,0.000000e+00,0.000000e+00,0.000000e+00,0.000000e+00,0.000000e+00,0.000000e+00,0.000000e+00,0.000000e+00,0.000000e+00,0.000000e+00,0.000000e+00,0.000000e+00,0.000000e+00,1.866186e-01,0.000000e+00,0.000000e+00,0.000000e+00,0.000000e+00,0.000000e+00,0.000000e+00,0.000000e+00,0.000000e+00,0.000000e+00
4.210000e+01,18,5.000000e-01,5.000000e-01,5.000000e-01,5.000000e-01,5.000000e-01,5.000000e-01,5.000000e-01,5.000000e-01,5.000000e-01,5.000000e-01,5.000000e-01,5.000000e-01,5.000000e-01,5.000000e-01,5.000000e-01,5.000000e-01,5.000000e-01,5.000000e-01,2.373072e-04,4.086237e-02,5.000000e-01,5.000000e-01,5.000000e-01,5.000000e-01,5.000000e-01,5.000000e-01,5.000000e-01,5.000000e-01,0.000000e+00,0.000000e+00,0.000000e+00,0.000000e+00,0.000000e+00,0.000000e+00,0.000000e+00,0.000000e+00,0.000000e+00,0.000000e+00,0.000000e+00,0.000000e+00,0.000000e+00,0.000000e+00,0.000000e+00,0.000000e+00,0.000000e+00,0.000000e+00,2.481204e-01,9.658940e-16,0.000000e+00,0.000000e+00,0.000000e+00,0.000000e+00,0.000000e+00,0.000000e+00,0.000000e+00,0.000000e+00
4.220000e+01,19,5.000000e-01,5.000000e-01,5.000000e-01,5.000000e-01,5.000000e-01,5.000000e-01,5.000000e-01,5.000000e-01,5.000000e-01,5.000000e-01,5.000000e-01,5.000000e-01,5.000000e-01,5.000000e-01,5.000000e-01,5.000000e-01,5.000000e-01,5.000000e-01,1.754347e-02,1.771279e-09,5.000000e-01,5.000000e-01,5.000000e-01,5.000000e-01,5.000000e-01,5.000000e-01,5.000000e-01,5.000000e-01,0.000000e+00,0.000000e+00,0.000000e+00,0.000000e+00,0.000000e+00,0.000000e+00,0.000000e+00,0.000000e+00,0.000000e+00,0.000000e+00,0.000000e+00,0.000000e+00,0.000000e+00,0.000000e+00,0.000000e+00,0.000000e+00,0.000000e+00,0.000000e+00,2.127148e-07,2.999996e-01,0.000000e+00,0.000000e+00,0.000000e+00,0.000000e+00,0.000000e+00,0.000000e+00,0.000000e+00,0.000000e+00
4.230000e+01,19,5.000000e-01,5.000000e-01,5.000000e-01,5.000000e-01,5.000000e-01,5.000000e-01,5.000000e-01,5.000000e-01,5.000000e-01,5.000000e-01,5.000000e-01,5.000000e-01,5.000000e-01,5.000000e-01,5.000000e-01,5.000000e-01,5.000000e-01,5.000000e-01,2.428114e-02,2.175088e-07,5.000000e-01,5.000000e-01,5.000000e-01,5.000000e-01,5.000000e-01,5.000000e-01,5.000000e-01,5.000000e-01,0.000000e+00,0.000000e+00,0.000000e+00,0.000000e+00,0.000000e+00,0.000000e+00,0.000000e+00,0.000000e+00,0.000000e+00,0.000000e+00,0.000000e+00,0.000000e+00,0.000000e+00,0.000000e+00,0.000000e+00,0.000000e+00,0.000000e+00,0.000000e+00,8.647304e-10,2.999478e-01,0.000000e+00,0.000000e+00,0.000000e+00,0.000000e+00,0.000000e+00,0.000000e+00,0.000000e+00,0.000000e+00
4.240000e+01,19,5.000000e-01,5.000000e-01,5.000000e-01,5.000000e-01,5.000000e-01,5.000000e-01,5.000000e-01,5.000000e-01,5.000000e-01,5.000000e-01,5.000000e-01,5.000000e-01,5.000000e-01,5.000000e-01,5.000000e-01,5.000000e-01,5.000000e-01,5.000000e-01,3.906075e-02,1.183407e-02,5.000000e-01,5.000000e-01,5.000000e-01,5.000000e-01,5.000000e-01,5.000000e-01,5.000000e-01,5.000000e-01,0.000000e+00,0.000000e+00,0.000000e+00,0.000000e+00,0.000000e+00,0.000000e+00,0.000000e+00,0.000000e+00,0.000000e+00,0.000000e+00,0.000000e+00,0.000000e+00,0.000000e+00,0.000000e+00,0.000000e+00,0.000000e+00,0.000000e+00,0.000000e+00,4.296563e-15,2.192910e-05,0.000000e+00,0.000000e+00,0.000000e+00,0.000000e+00,0.000000e+00,0.000000e+00,0.000000e+00,0.000000e+00
4.250000e+01,18,5.000000e-01,5.000000e-01,5.000000e-01,5.000000e-01,5.000000e-01,5.000000e-01,5.000000e-01,5.000000e-01,5.000000e-01,5.000000e-01,5.000000e-01,5.000000e-01,5.000000e-01,5.000000e-01,5.000000e-01,5.000000e-01,5.000000e-01,5.000000e-01,1.894242e-10,5.000000e-01,5.000000e-01,5.000000e-01,5.000000e-01,5.000000e-01,5.000000e-01,5.000000e-01,5.000000e-01,5.000000e-01,0.000000e+00,0.000000e+00,0.000000e+00,0.000000e+00,0.000000e+00,0.000000e+00,0.000000e+00,0.000000e+00,0.000000e+00,0.000000e+00,0.000000e+00,0.000000e+00,0.000000e+00,0.000000e+00,0.000000e+00,0.000000e+00,0.000000e+00,0.000000e+00,3.000000e-01,0.000000e+00,0.000000e+00,0.000000e+00,0.000000e+00,0.000000e+00,0.000000e+00,0.000000e+00,0.000000e+00,0.000000e+00
4.260000e+01,18,5.000000e-01,5.000000e-01,5.000000e-01,5.000000e-01,5.000000e-01,5.000000e-01,5.000000e-01,5.000000e-01,5.000000e-01,5.000000e-01,5.000000e-01,5.000000e-01,5.000000e-01,5.000000e-01,5.000000e-01,5.000000e-01,5.000000e-01,5.000000e-01,8.682563e-40,5.000000e-01,5.000000e-01,5.000000e-01,5.000000e-01,5.000000e-01,5.000000e-01,5.000000e-01,5.000000e-01,5.000000e-01,0.000000e+00,0.000000e+00,0.000000e+00,0.000000e+00,0.000000e+00,0.000000e+00,0.000000e+00,0.000000e+00,0.000000e+00,0.000000e+00,0.000000e+00,0.000000e+00,0.000000e+00,0.000000e+00,0.000000e+00,0.000000e+00,0.000000e+00,0.000000e+00,3.000000e-01,0.000000e+00,0.000000e+00,0.000000e+00,0.000000e+00,0.000000e+00,0.000000e+00,0.000000e+00,0.000000e+00,0.000000e+00
4.270000e+01,18,5.000000e-01,5.000000e-01,5.000000e-01,5.000000e-01,5.000000e-01,5.000000e-01,5.000000e-01,5.000000e-01,5.000000e-01,5.000000e-01,5.000000e-01,5.000000e-01,5.000000e-01,5.000000e-01,5.000000e-01,5.000000e-01,5.000000e-01,5.000000e-01,1.456596e-26,5.000000e-01,5.000000e-01,5.000000e-01,5.000000e-01,5.000000e-01,5.000000e-01,5.000000e-01,5.000000e-01,5.000000e-01,0.000000e+00,0.000000e+00,0.000000e+00,0.000000e+00,0.000000e+00,0.000000e+00,0.000000e+00,0.000000e+00,0.000000e+00,0.000000e+00,0.000000e+00,0.000000e+00,0.000000e+00,0.000000e+00,0.000000e+00,0.000000e+00,0.000000e+00,0.000000e+00,3.000000e-01,0.000000e+00,0.000000e+00,0.000000e+00,0.000000e+00,0.000000e+00,0.000000e+00,0.000000e+00,0.000000e+00,0.000000e+00
4.280000e+01,18,5.000000e-01,5.000000e-01,5.000000e-01,5.000000e-01,5.000000e-01,5.000000e-01,5.000000e-01,5.000000e-01,5.000000e-01,5.000000e-01,5.000000e-01,5.000000e-01,5.000000e-01,5.000000e-01,5.000000e-01,5.000000e-01,5.000000e-01,5.000000e-01,1.614142e-05,5.000000e-01,5.000000e-01,5.000000e-01,5.000000e-01,5.000000e-01,5.000000e-01,5.000000e-01,5.000000e-01,5.000000e-01,0.000000e+00,0.000000e+00,0.000000e+00,0.000000e+00,0.000000e+00,0.000000e+00,0.000000e+00,0.000000e+00,0.000000e+00,0.000000e+00,0.000000e+00,0.000000e+00,0.000000e+00,0.000000e+00,0.000000e+00,0.000000e+00,0.000000e+00,0.000000e+00,2.961509e-01,0.000000e+00,0.000000e+00,0.000000e+00,0.000000e+00,0.000000e+00,0.000000e+00,0.000000e+00,0.000000e+00,0.000000e+00
4.290000e+01,11,5.000000e-01,5.000000e-01,5.000000e-01,5.000000e-01,5.000000e-01,5.000000e-01,5.000000e-01,5.000000e-01,5.000000e-01,5.000000e-01,5.000000e-01,2.322690e-04,5.000000e-01,5.000000e-01,5.000000e-01,5.000000e-01,5.000000e-01,5.000000e-01,5.000000e-01,5.000000e-01,5.000000e-01,5.000000e-01,5.000000e-01,5.000000e-01,5.000000e-01,5.000000e-01,5.000000e-01,5.000000e-01,0.000000e+00,0.000000e+00,0.000000e+00,0.000000e+00,0.000000e+00,0.000000e+00,0.000000e+00,0.000000e+00,0.000000e+00,0.000000e+00,0.000000e+00,2.491227e-01,0.000000e+00,0.000000e+00,0.000000e+00,0.000000e+00,0.000000e+00,0.000000e+00,0.000000e+00,0.000000e+00,0.000000e+00,0.000000e+00,0.000000e+00,0.000000e+00,0.000000e+00,0.000000e+00,0.000000e+00,0.000000e+00
4.300000e+01,11,5.000000e-01,5.000000e-01,5.000000e-01,5.000000e-01,5.000000e-01,5.000000e-01,5.000000e-01,5.000000e-01,5.000000e-01,5.000000e-01,5.000000e-01,5.531116e-04,5.000000e-01,5.000000e-01,5.000000e-01,5.000000e-01,5.000000e-01,5.000000e-01,5.000000e-01,5.000000e-01,5.000000e-01,5.000000e-01,5.000000e-01,5.000000e-01,5.000000e-01,5.000000e-01,5.000000e-01,5.000000e-01,0.000000e+00,0.000000e+00,0.000000e+00,0.000000e+00,0.000000e+00,0.000000e+00,0.000000e+00,0.000000e+00,0.000000e+00,0.000000e+00,0.000000e+00,1.927070e-01,0.000000e+00,0.000000e+00,0.000000e+00,0.000000e+00,0.000000e+00,0.000000e+00,0.000000e+00,0.000000e+00,0.000000e+00,0.000000e+00,0.000000e+00,0.000000e+00,0.000000e+00,0.000000e+00,0.000000e+00,0.000000e+00
4.310000e+01,-1,5.000000e-01,5.000000e-01,5.000000e-01,5.000000e-01,5.000000e-01,5.000000e-01,5.000000e-01,5.000000e-01,5.000000e-01,5.000000e-01,5.000000e-01,5.000000e-01,5.000000e-01,5.000000e-01,5.000000e-01,5.000000e-01,5.000000e-01,5.000000e-01,5.000000e-01,5.000000e-01,5.000000e-01,5.000000e-01,5.000000e-01,5.000000e-01,5.000000e-01,5.000000e-01,5.000000e-01,5.000000e-01,0.000000e+00,0.000000e+00,0.000000e+00,0.000000e+00,0.000000e+00,0.000000e+00,0.000000e+00,0.000000e+00,0.000000e+00,0.000000e+00,0.000000e+00,0.000000e+00,0.000000e+00,0.000000e+00,0.000000e+00,0.000000e+00,0.000000e+00,0.000000e+00,0.000000e+00,0.000000e+00,0.000000e+00,0.000000e+00,0.000000e+00,0.000000e+00,0.000000e+00,0.000000e+00,0.000000e+00,0.000000e+00
4.320000e+01,11,5.000000e-01,5.000000e-01,5.000000e-01,5.000000e-01,5.000000e-01,5.000000e-01,5.000000e-01,5.000000e-01,5.000000e-01,5.000000e-01,5.000000e-01,2.007514e-02,5.000000e-01,5.000000e-01,5.000000e-01,5.000000e-01,5.000000e-01,5.000000e-01,5.000000e-01,5.000000e-01,5.000000e-01,5.000000e-01,5.000000e-01,5.000000e-01,5.000000e-01,5.000000e-01,5.000000e-01,5.000000e-01,0.000000e+00,0.000000e+00,0.000000e+00,0.000000e+00,0.000000e+00,0.000000e+00,0.000000e+00,0.000000e+00,0.000000e+00,0.000000e+00,0.000000e+00,2.699858e-08,0.000000e+00,0.000000e+00,0.000000e+00,0.000000e+00,0.000000e+00,0.000000e+00,0.000000e+00,0.000000e+00,0.000000e+00,0.000000e+00,0.000000e+00,0.000000e+00,0.000000e+00,0.000000e+00,0.000000e+00,0.000000e+00
4.330000e+01,11,5.000000e-01,5.000000e-01,5.000000e-01,5.000000e-01,5.000000e-01,5.000000e-01,5.000000e-01,5.000000e-01,5.000000e-01,5.000000e-01,5.000000e-01,8.370903e-14,5.000000e-01,5.000000e-01,5.000000e-01,5.000000e-01,5.000000e-01,5.000000e-01,5.000000e-01,5.000000e-01,5.000000e-01,5.000000e-01,5.000000e-01,5.000000e-01,5.000000e-01,5.000000e-01,5.000000e-01,5.000000e-01,0.000000e+00,0.000000e+00,0.000000e+00,0.000000e+00,0.000000e+00,0.000000e+00,0.000000e+00,0.000000e+00,0.000000e+00,0.000000e+00,0.000000e+00,3.000000e-01,0.000000e+00,0.000000e+00,0.000000e+00,0.000000e+00,0.000000e+00,0.000000e+00,0.000000e+00,0.000000e+00,0.000000e+00,0.000000e+00,0.000000e+00,0.000000e+00,0.000000e+00,0.000000e+00,0.000000e+00,0.000000e+00
4.340000e+01,11,5.000000e-01,5.000000e-01,5.000000e-01,5.000000e-01,5.000000e-01,5.000000e-01,5.000000e-01,5.000000e-01,5.000000e-01,5.000000e-01,5.000000e-01,3.306632e-52,5.000000e-01,5.000000e-01,5.000000e-01,5.000000e-01,5.000000e-01,5.000000e-01,5.000000e-01,5.000000e-01,5.000000e-01,5.000000e-01,5.000000e-01,5.000000e-01,5.000000e-01,5.000000e-01,5.000000e-01,5.000000e-01,0.000000e+00,0.000000e+00,0.000000e+00,0.000000e+00,0.000000e+00,0.000000e+00,0.000000e+00,0.000000e+00,0.000000e+00,0.000000e+00,0.000000e+00,3.000000e-01,0.000000e+00,0.000000e+00,0.000000e+00,0.000000e+00,0.000000e+00,0.000000e+00,0.000000e+00,0.000000e+00,0.000000e+00,0.000000e+00,0.000000e+00,0.000000e+00,0.000000e+00,0.000000e+00,0.000000e+00,0.000000e+00
4.350000e+01,11,5.000000e-01,5.000000e-01,5.000000e-01,5.000000e-01,5.000000e-01,5.000000e-01,5.000000e-01,5.000000e-01,5.000000e-01,5.000000e-01,5.000000e-01,7.318206e-24,5.000000e-01,5.000000e-01,5.000000e-01,5.000000e-01,5.000000e-01,5.000000e-01,5.000000e-01,5.000000e-01,5.000000e-01,5.000000e-01,5.000000e-01,5.000000e-01,5.000000e-01,5.000000e-01,5.000000e-01,5.000000e-01,0.000000e+00,0.000000e+00,0.000000e+00,0.000000e+00,0.000000e+00,0.000000e+00,0.000000e+00,0.000000e+00,0.000000e+00,0.000000e+00,0.000000e+00,3.000000e-01,0.000000e+00,0.000000e+00,0.000000e+00,0.000000e+00,0.000000e+00,0.000000e+00,0.000000e+00,0.000000e+00,0.000000e+00,0.000000e+00,0.000000e+00,0.000000e+00,0.000000e+00,0.000000e+00,0.000000e+00,0.000000e+00
4.360000e+01,11,5.000000e-01,5.000000e-01,5.000000e-01,5.000000e-01,5.000000e-01,5.000000e-01,5.000000e-01,5.000000e-01,5.000000e-01,5.000000e-01,5.000000e-01,4.840095e-06,3.320299e-03,5.000000e-01,5.000000e-01,5.000000e-01,5.000000e-01,5.000000e-01,5.000000e-01,5.000000e-01,5.000000e-01,5.000000e-01,5.000000e-01,5.000000e-01,5.000000e-01,5.000000e-01,5.000000e-01,5.000000e-01,0.000000e+00,0.000000e+00,0.000000e+00,0.000000e+00,0.000000e+00,0.000000e+00,0.000000e+00,0.000000e+00,0.000000e+00,0.000000e+00,0.000000e+00,2.988406e-01,2.097065e-02,0.000000e+00,0.000000e+00,0.000000e+00,0.000000e+00,0.000000e+00,0.000000e+00,0.000000e+00,0.000000e+00,0.000000e+00,0.000000e+00,0.000000e+00,0.000000e+00,0.000000e+00,0.000000e+00,0.000000e+00
4.370000e+01,12,5.000000e-01,5.000000e-01,5.000000e-01,5.000000e-01,5.000000e-01,5.000000e-01,5.000000e-01,5.000000e-01,5.000000e-01,5.000000e-01,5.000000e-01,4.247016e-02,2.158385e-04,5.000000e-01,5.000000e-01,5.000000e-01,5.000000e-01,5.000000e-01,5.000000e-01,5.000000e-01,5.000000e-01,5.000000e-01,5.000000e-01,5.000000e-01,5.000000e-01,5.000000e-01,5.000000e-01,5.000000e-01,0.000000e+00,0.000000e+00,0.000000e+00,0.000000e+00,0.000000e+00,0.000000e+00,0.000000e+00,0.000000e+00,0.000000e+00,0.000000e+00,0.000000e+00,2.664535e-16,2.524197e-01,0.000000e+00,0.000000e+00,0.000000e+00,0.000000e+00,0.000000e+00,0.000000e+00,0.000000e+00,0.000000e+00,0.000000e+00,0.000000e+00,0.000000e+00,0.000000e+00,0.000000e+00,0.000000e+00,0.000000e+00
4.380000e+01,11,5.000000e-01,5.000000e-01,5.000000e-01,5.000000e-01,5.000000e-01,5.000000e-01,5.000000e-01,5.000000e-01,5.000000e-01,5.000000e-01,5.000000e-01,9.220177e-12,5.000000e-01,5.000000e-01,5.000000e-01,5.000000e-01,5.000000e-01,5.000000e-01,5.000000e-01,5.000000e-01,5.000000e-01,5.000000e-01,5.000000e-01,5.000000e-01,5.000000e-01,5.000000e-01,5.000000e-01,5.000000e-01,0.000000e+00,0.000000e+00,0.000000e+00,0.000000e+00,0.000000e+00,0.000000e+00,0.000000e+00,0.000000e+00,0.000000e+00,0.000000e+00,0.000000e+00,3.000000e-01,0.000000e+00,0.000000e+00,0.000000e+00,0.000000e+00,0.000000e+00,0.000000e+00,0.000000e+00,0.000000e+00,0.000000e+00,0.000000e+00,0.000000e+00,0.000000e+00,0.000000e+00,0.000000e+00,0.000000e+00,0.000000e+00
4.390000e+01,11,5.000000e-01,5.000000e-01,5.000000e-01,5.000000e-01,5.000000e-01,5.000000e-01,5.000000e-01,5.000000e-01,5.000000e-01,5.000000e-01,5.000000e-01,8.450175e-32,5.000000e-01,5.000000e-01,5.000000e-01,5.000000e-01,5.000000e-01,5.000000e-01,5.000000e-01,5.000000e-01,5.000000e-01,5.000000e-01,5.000000e-01,5.000000e-01,5.000000e-01,5.000000e-01,5.000000e-01,5.000000e-01,0.000000e+00,0.000000e+00,0.000000e+00,0.000000e+00,0.000000e+00,0.000000e+00,0.000000e+00,0.000000e+00,0.000000e+00,0.000000e+00,0.000000e+00,3.000000e-01,0.000000e+00,0.000000e+00,0.000000e+00,0.000000e+00,0.000000e+00,0.000000e+00,0.000000e+00,0.000000e+00,0.000000e+00,0.000000e+00,0.000000e+00,0.000000e+00,0.000000e+00,0.000000e+00,0.000000e+00,0.000000e+00
4.400000e+01,11,5.000000e-01,5.000000e-01,5.000000e-01,5.000000e-01,5.000000e-01,5.000000e-01,5.000000e-01,5.000000e-01,5.000000e-01,5.000000e-01,5.000000e-01,3.182692e-05,5.000000e-01,5.000000e-01,5.000000e-01,5.000000e-01,5.000000e-01,5.000000e-01,5.000000e-01,5.000000e-01,5.000000e-01,5.000000e-01,5.000000e-01,5.000000e-01,5.000000e-01,5.000000e-01,5.000000e-01,5.000000e-01,0.000000e+00,0.000000e+00,0.000000e+00,0.000000e+00,0.000000e+00,0.000000e+00,0.000000e+00,0.000000e+00,0.000000e+00,0.000000e+00,0.000000e+00,2.924578e-01,0.000000e+00,0.000000e+00,0.000000e+00,0.000000e+00,0.000000e+00,0.000000e+00,0.000000e+00,0.000000e+00,0.000000e+00,0.000000e+00,0.000000e+00,0.000000e+00,0.000000e+00,0.000000e+00,0.000000e+00,0.000000e+00
4.410000e+01,-1,5.000000e-01,5.000000e-01,5.000000e-01,5.000000e-01,5.000000e-01,5.000000e-01,5.000000e-01,5.000000e-01,5.000000e-01,5.000000e-01,5.000000e-01,5.000000e-01,5.000000e-01,5.000000e-01,5.000000e-01,5.000000e-01,5.000000e-01,5.000000e-01,5.000000e-01,5.000000e-01,5.000000e-01,5.000000e-01,5.000000e-01,5.000000e-01,5.000000e-01,5.000000e-01,5.000000e-01,5.000000e-01,0.000000e+00,0.000000e+00,0.000000e+00,0.000000e+00,0.000000e+00,0.000000e+00,0.000000e+00,0.000000e+00,0.000000e+00,0.000000e+00,0.000000e+00,0.000000e+00,0.000000e+00,0.000000e+00,0.000000e+00,0.000000e+00,0.000000e+00,0.000000e+00,0.000000e+00,0.000000e+00,0.000000e+00,0.000000e+00,0.000000e+00,0.000000e+00,0.000000e+00,0.000000e+00,0.000000e+00,0.000000e+00
4.420000e+01,19,5.000000e-01,5.000000e-01,5.000000e-01,5.000000e-01,5.000000e-01,5.000000e-01,5.000000e-01,5.000000e-01,5.000000e-01,5.000000e-01,5.000000e-01,5.000000e-01,4.791242e-02,5.000000e-01,5.000000e-01,5.000000e-01,5.000000e-01,5.000000e-01,5.000000e-01,1.892872e-02,5.000000e-01,5.000000e-01,5.000000e-01,5.000000e-01,5.000000e-01,5.000000e-01,5.000000e-01,5.000000e-01,0.000000e+00,0.000000e+00,0.000000e+00,0.000000e+00,0.000000e+00,0.000000e+00,0.000000e+00,0.000000e+00,0.000000e+00,0.000000e+00,0.000000e+00,0.000000e+00,0.000000e+00,0.000000e+00,0.000000e+00,0.000000e+00,0.000000e+00,0.000000e+00,0.000000e+00,6.879706e-08,0.000000e+00,0.000000e+00,0.000000e+00,0.000000e+00,0.000000e+00,0.000000e+00,0.000000e+00,0.000000e+00
4.430000e+01,12,5.000000e-01,5.000000e-01,5.000000e-01,5.000000e-01,5.000000e-01,5.000000e-01,5.000000e-01,5.000000e-01,5.000000e-01,5.000000e-01,5.000000e-01,5.000000e-01,1.155564e-02,5.000000e-01,5.000000e-01,5.000000e-01,5.000000e-01,5.000000e-01,5.000000e-01,3.170125e-02,5.000000e-01,5.000000e-01,5.000000e-01,5.000000e-01,5.000000e-01,5.000000e-01,5.000000e-01,5.000000e-01,0.000000e+00,0.000000e+00,0.000000e+00,0.000000e+00,0.000000e+00,0.000000e+00,0.000000e+00,0.000000e+00,0.000000e+00,0.000000e+00,0.000000e+00,0.000000e+00,2.747289e-05,0.000000e+00,0.000000e+00,0.000000e+00,0.000000e+00,0.000000e+00,0.000000e+00,1.925826e-12,0.000000e+00,0.000000e+00,0.000000e+00,0.000000e+00,0.000000e+00,0.000000e+00,0.000000e+00,0.000000e+00
4.440000e+01,12,5.000000e-01,5.000000e-01,5.000000e-01,5.000000e-01,5.000000e-01,5.000000e-01,5.000000e-01,5.000000e-01,5.000000e-01,5.000000e-01,5.000000e-01,5.000000e-01,3.517434e-04,5.000000e-01,5.000000e-01,5.000000e-01,5.000000e-01,5.000000e-01,5.000000e-01,5.000000e-01,5.000000e-01,5.000000e-01,5.000000e-01,5.000000e-01,5.000000e-01,5.000000e-01,5.000000e-01,5.000000e-01,0.000000e+00,0.000000e+00,0.000000e+00,0.000000e+00,0.000000e+00,0.000000e+00,0.000000e+00,0.000000e+00,0.000000e+00,0.000000e+00,0.000000e+00,0.000000e+00,2.264079e-01,0.000000e+00,0.000000e+00,0.000000e+00,0.000000e+00,0.000000e+00,0.000000e+00,0.000000e+00,0.000000e+00,0.000000e+00,0.000000e+00,0.000000e+00,0.000000e+00,0.000000e+00,0.000000e+00,0.000000e+00
4.450000e+01,13,5.000000e-01,5.000000e-01,5.000000e-01,5.000000e-01,5.000000e-01,5.000000e-01,5.000000e-01,5.000000e-01,5.000000e-01,5.000000e-01,5.000000e-01,5.000000e-01,5.000000e-01,1.182003e-02,5.000000e-01,5.000000e-01,5.000000e-01,5.000000e-01,5.000000e-01,5.000000e-01,5.000000e-01,5.000000e-01,5.000000e-01,5.000000e-01,5.000000e-01,5.000000e-01,5.000000e-01,5.000000e-01,0.000000e+00,0.000000e+00,0.000000e+00,0.000000e+00,0.000000e+00,0.000000e+00,0.000000e+00,0.000000e+00,0.000000e+00,0.000000e+00,0.000000e+00,0.000000e+00,0.000000e+00,2.217981e-05,0.000000e+00,0.000000e+00,0.000000e+00,0.000000e+00,0.000000e+00,0.000000e+00,0.000000e+00,0.000000e+00,0.000000e+00,0.000000e+00,0.000000e+00,0.000000e+00,0.000000e+00,0.000000e+00
4.460000e+01,13,5.000000e-01,5.000000e-01,5.000000e-01,5.000000e-01,5.000000e-01,5.000000e-01,5.000000e-01,5.000000e-01,5.000000e-01,5.000000e-01,5.000000e-01,5.000000e-01,5.000000e-01,6.674718e-03,5.000000e-01,5.000000e-01,5.000000e-01,5.000000e-01,5.000000e-01,5.000000e-01,5.000000e-01,5.000000e-01,5.000000e-01,5.000000e-01,5.000000e-01,5.000000e-01,5.000000e-01,5.000000e-01,0.000000e+00,0.000000e+00,0.000000e+00,0.000000e+00,0.000000e+00,0.000000e+00,0.000000e+00,0.000000e+00,0.000000e+00,0.000000e+00,0.000000e+00,0.000000e+00,0.000000e+00,1.413554e-03,0.000000e+00,0.000000e+00,0.000000e+00,0.000000e+00,0.000000e+00,0.000000e+00,0.000000e+00,0.000000e+00,0.000000e+00,0.000000e+00,0.000000e+00,0.000000e+00,0.000000e+00,0.000000e+00
4.470000e+01,20,5.000000e-01,5.000000e-01,5.000000e-01,5.000000e-01,5.000000e-01,5.000000e-01,5.000000e-01,5.000000e-01,5.000000e-01,5.000000e-01,5.000000e-01,5.000000e-01,5.000000e-01,5.000000e-01,5.000000e-01,5.000000e-01,5.000000e-01,5.000000e-01,5.000000e-01,5.000000e-01,3.051018e-06,5.000000e-01,5.000000e-01,5.000000e-01,5.000000e-01,5.000000e-01,5.000000e-01,5.000000e-01,0.000000e+00,0.000000e+00,0.000000e+00,0.000000e+00,0.000000e+00,0.000000e+00,0.000000e+00,0.000000e+00,0.000000e+00,0.000000e+00,0.000000e+00,0.000000e+00,0.000000e+00,0.000000e+00,0.000000e+00,0.000000e+00,0.000000e+00,0.000000e+00,0.000000e+00,0.000000e+00,2.992686e-01,0.000000e+00,0.000000e+00,0.000000e+00,0.000000e+00,0.000000e+00,0.000000e+00,0.000000e+00
4.480000e+01,20,5.000000e-01,5.000000e-01,5.000000e-01,5.000000e-01,5.000000e-01,5.000000e-01,5.000000e-01,5.000000e-01,5.000000e-01,5.000000e-01,5.000000e-01,5.000000e-01,5.000000e-01,5.000000e-01,5.000000e-01,5.000000e-01,5.000000e-01,5.000000e-01,5.000000e-01,5.000000e-01,3.874640e-20,5.000000e-01,5.000000e-01,5.000000e-01,5.000000e-01,5.000000e-01,5.000000e-01,5.000000e-01,0.000000e+00,0.000000e+00,0.000000e+00,0.000000e+00,0.000000e+00,0.000000e+00,0.000000e+00,0.000000e+00,0.000000e+00,0.000000e+00,0.000000e+00,0.000000e+00,0.000000e+00,0.000000e+00,0.000000e+00,0.000000e+00,0.000000e+00,0.000000e+00,0.000000e+00,0.000000e+00,3.000000e-01,0.000000e+00,0.000000e+00,0.000000e+00,0.000000e+00,0.000000e+00,0.000000e+00,0.000000e+00
4.490000e+01,20,5.000000e-01,5.000000e-01,5.000000e-01,5.000000e-01,5.000000e-01,5.000000e-01,5.000000e-01,5.000000e-01,5.000000e-01,5.000000e-01,5.000000e-01,5.000000e-01,5.000000e-01,5.000000e-01,5.000000e-01,5.000000e-01,5.000000e-01,5.000000e-01,5.000000e-01,5.000000e-01,4.179496e-18,5.000000e-01,5.000000e-01,5.000000e-01,5.000000e-01,5.000000e-01,5.000000e-01,5.000000e-01,0.000000e+00,0.000000e+00,0.000000e+00,0.000000e+00,0.000000e+00,0.000000e+00,0.000000e+00,0.000000e+00,0.000000e+00,0.000000e+00,0.000000e+00,0.000000e+00,0.000000e+00,0.000000e+00,0.000000e+00,0.000000e+00,0.000000e+00,0.000000e+00,0.000000e+00,0.000000e+00,3.000000e-01,0.000000e+00,0.000000e+00,0.000000e+00,0.000000e+00,0.000000e+00,0.000000e+00,0.000000e+00
4.500000e+01,20,5.000000e-01,5.000000e-01,5.000000e-01,5.000000e-01,5.000000e-01,5.000000e-01,5.000000e-01,5.000000e-01,5.000000e-01,5.000000e-01,5.000000e-01,5.000000e-01,5.000000e-01,5.000000e-01,5.000000e-01,5.000000e-01,5.000000e-01,5.000000e-01,5.000000e-01,5.000000e-01,3.847736e-04,5.000000e-01,5.000000e-01,5.000000e-01,5.000000e-01,5.000000e-01,5.000000e-01,5.000000e-01,0.000000e+00,0.000000e+00,0.000000e+00,0.000000e+00,0.000000e+00,0.000000e+00,0.000000e+00,0.000000e+00,0.000000e+00,0.000000e+00,0.000000e+00,0.000000e+00,0.000000e+00,0.000000e+00,0.000000e+00,0.000000e+00,0.000000e+00,0.000000e+00,0.000000e+00,0.000000e+00,2.205015e-01,0.000000e+00,0.000000e+00,0.000000e+00,0.000000e+00,0.000000e+00,0.000000e+00,0.000000e+00
4.510000e+01,20,5.000000e-01,5.000000e-01,5.000000e-01,5.000000e-01,5.000000e-01,5.000000e-01,5.000000e-01,5.000000e-01,5.000000e-01,5.000000e-01,5.000000e-01,5.000000e-01,5.000000e-01,5.000000e-01,5.000000e-01,5.000000e-01,5.000000e-01,5.000000e-01,5.000000e-01,5.000000e-01,4.651588e-03,5.000000e-01,5.000000e-01,5.000000e-01,5.000000e-01,5.000000e-01,5.000000e-01,5.000000e-01,0.000000e+00,0.000000e+00,0.000000e+00,0.000000e+00,0.000000e+00,0.000000e+00,0.000000e+00,0.000000e+00,0.000000e+00,0.000000e+00,0.000000e+00,0.000000e+00,0.000000e+00,0.000000e+00,0.000000e+00,0.000000e+00,0.000000e+00,0.000000e+00,0.000000e+00,0.000000e+00,7.198194e-03,0.000000e+00,0.000000e+00,0.000000e+00,0.000000e+00,0.000000e+00,0.000000e+00,0.000000e+00
4.520000e+01,27,5.000000e-01,5.000000e-01,5.000000e-01,5.000000e-01,5.000000e-01,5.000000e-01,5.000000e-01,5.000000e-01,5.000000e-01,5.000000e-01,5.000000e-01,5.000000e-01,5.000000e-01,5.000000e-01,5.000000e-01,5.000000e-01,5.000000e-01,5.000000e-01,5.000000e-01,5.000000e-01,5.000000e-01,5.000000e-01,5.000000e-01,5.000000e-01,5.000000e-01,5.000000e-01,5.000000e-01,2.215485e-05,0.000000e+00,0.000000e+00,0.000000e+00,0.000000e+00,0.000000e+00,0.000000e+00,0.000000e+00,0.000000e+00,0.000000e+00,0.000000e+00,0.000000e+00,0.000000e+00,0.000000e+00,0.000000e+00,0.000000e+00,0.000000e+00,0.000000e+00,0.000000e+00,0.000000e+00,0.000000e+00,0.000000e+00,0.000000e+00,0.000000e+00,0.000000e+00,0.000000e+00,0.000000e+00,0.000000e+00,2.947296e-01
4.530000e+01,27,5.000000e-01,5.000000e-01,5.000000e-01,5.000000e-01,5.000000e-01,5.000000e-01,5.000000e-01,5.000000e-01,5.000000e-01,5.000000e-01,5.000000e-01,5.000000e-01,5.000000e-01,5.000000e-01,5.000000e-01,5.000000e-01,5.000000e-01,5.000000e-01,5.000000e-01,5.000000e-01,5.000000e-01,5.000000e-01,5.000000e-01,5.000000e-01,5.000000e-01,5.000000e-01,5.000000e-01,1.635181e-28,0.000000e+00,0.000000e+00,0.000000e+00,0.000000e+00,0.000000e+00,0.000000e+00,0.000000e+00,0.000000e+00,0.000000e+00,0.000000e+00,0.000000e+00,0.000000e+00,0.000000e+00,0.000000e+00,0.000000e+00,0.000000e+00,0.000000e+00,0.000000e+00,0.000000e+00,0.000000e+00,0.000000e+00,0.000000e+00,0.000000e+00,0.000000e+00,0.000000e+00,0.000000e+00,0.000000e+00,3.000000e-01
4.540000e+01,27,5.000000e-01,5.000000e-01,5.000000e-01,5.000000e-01,5.000000e-01,5.000000e-01,5.000000e-01,5.000000e-01,5.000000e-01,5.000000e-01,5.000000e-01,5.000000e-01,5.000000e-01,5.000000e-01,5.000000e-01,5.000000e-01,5.000000e-01,5.000000e-01,5.000000e-01,5.000000e-01,5.000000e-01,5.000000e-01,5.000000e-01,5.000000e-01,5.000000e-01,5.000000e-01,5.000000e-01,2.573793e-31,0.000000e+00,0.000000e+00,0.000000e+00,0.000000e+00,0.000000e+00,0.000000e+00,0.000000e+00,0.000000e+00,0.000000e+00,0.000000e+00,0.000000e+00,0.000000e+00,0.000000e+00,0.000000e+00,0.000000e+00,0.000000e+00,0.000000e+00,0.000000e+00,0.000000e+00,0.000000e+00,0.000000e+00,0.000000e+00,0.000000e+00,0.000000e+00,0.000000e+00,0.000000e+00,0.000000e+00,3.000000e-01
4.550000e+01,27,5.000000e-01,5.000000e-01,5.000000e-01,5.000000e-01,5.000000e-01,5.000000e-01,5.000000e-01,5.000000e-01,5.000000e-01,5.000000e-01,5.000000e-01,5.000000e-01,5.000000e-01,5.000000e-01,5.000000e-01,5.000000e-01,5.000000e-01,5.000000e-01,5.000000e-01,5.000000e-01,5.000000e-01,5.000000e-01,5.000000e-01,5.000000e-01,5.000000e-01,5.000000e-01,5.000000e-01,6.649739e-07,0.000000e+00,0.000000e+00,0.000000e+00,0.000000e+00,0.000000e+00,0.000000e+00,0.000000e+00,0.000000e+00,0.000000e+00,0.000000e+00,0.000000e+00,0.000000e+00,0.000000e+00,0.000000e+00,0.000000e+00,0.000000e+00,0.000000e+00,0.000000e+00,0.000000e+00,0.000000e+00,0.000000e+00,0.000000e+00,0.000000e+00,0.000000e+00,0.000000e+00,0.000000e+00,0.000000e+00,2.998404e-01
4.560000e+01,27,5.000000e-01,5.000000e-01,5.000000e-01,5.000000e-01,5.000000e-01,5.000000e-01,5.000000e-01,5.000000e-01,5.000000e-01,5.000000e-01,5.000000e-01,5.000000e-01,5.000000e-01,5.000000e-01,5.000000e-01,5.000000e-01,5.000000e-01,5.000000e-01,5.000000e-01,5.000000e-01,5.000000e-01,5.000000e-01,5.000000e-01,5.000000e-01,5.000000e-01,5.000000e-01,5.000000e-01,1.174097e-02,0.000000e+00,0.000000e+00,0.000000e+00,0.000000e+00,0.000000e+00,0.000000e+00,0.000000e+00,0.000000e+00,0.000000e+00,0.000000e+00,0.000000e+00,0.000000e+00,0.000000e+00,0.000000e+00,0.000000e+00,0.000000e+00,0.000000e+00,0.000000e+00,0.000000e+00,0.000000e+00,0.000000e+00,0.000000e+00,0.000000e+00,0.000000e+00,0.000000e+00,0.000000e+00,0.000000e+00,2.364579e-05
4.570000e+01,26,5.000000e-01,5.000000e-01,5.000000e-01,5.000000e-01,5.000000e-01,5.000000e-01,5.000000e-01,5.000000e-01,5.000000e-01,5.000000e-01,5.000000e-01,5.000000e-01,5.000000e-01,5.000000e-01,5.000000e-01,5.000000e-01,5.000000e-01,5.000000e-01,5.000000e-01,5.000000e-01,5.000000e-01,5.000000e-01,5.000000e-01,5.000000e-01,5.000000e-01,5.000000e-01,1.465200e-08,4.797448e-02,0.000000e+00,0.000000e+00,0.000000e+00,0.000000e+00,0.000000e+00,0.000000e+00,0.000000e+00,0.000000e+00,0.000000e+00,0.000000e+00,0.000000e+00,0.000000e+00,0.000000e+00,0.000000e+00,0.000000e+00,0.000000e+00,0.000000e+00,0.000000e+00,0.000000e+00,0.000000e+00,0.000000e+00,0.000000e+00,0.000000e+00,0.000000e+00,0.000000e+00,0.000000e+00,2.999965e-01,0.000000e+00
4.580000e+01,26,5.000000e-01,5.000000e-01,5.000000e-01,5.000000e-01,5.000000e-01,5.000000e-01,5.000000e-01,5.000000e-01,5.000000e-01,5.000000e-01,5.000000e-01,5.000000e-01,5.000000e-01,5.000000e-01,5.000000e-01,5.000000e-01,5.000000e-01,5.000000e-01,5.000000e-01,5.000000e-01,5.000000e-01,5.000000e-01,5.000000e-01,5.000000e-01,5.000000e-01,5.000000e-01,1.094788e-08,8.949028e-03,0.000000e+00,0.000000e+00,0.000000e+00,0.000000e+00,0.000000e+00,0.000000e+00,0.000000e+00,0.000000e+00,0.000000e+00,0.000000e+00,0.000000e+00,0.000000e+00,0.000000e+00,0.000000e+00,0.000000e+00,0.000000e+00,0.000000e+00,0.000000e+00,0.000000e+00,0.000000e+00,0.000000e+00,0.000000e+00,0.000000e+00,0.000000e+00,0.000000e+00,0.000000e+00,2.999974e-01,2.258991e-04
4.590000e+01,27,5.000000e-01,5.000000e-01,5.000000e-01,5.000000e-01,5.000000e-01,5.000000e-01,5.000000e-01,5.000000e-01,5.000000e-01,5.000000e-01,5.000000e-01,5.000000e-01,5.000000e-01,5.000000e-01,5.000000e-01,5.000000e-01,5.000000e-01,5.000000e-01,5.000000e-01,5.000000e-01,5.000000e-01,5.000000e-01,5.000000e-01,5.000000e-01,5.000000e-01,5.000000e-01,5.000000e-01,1.621127e-18,0.000000e+00,0.000000e+00,0.000000e+00,0.000000e+00,0.000000e+00,0.000000e+00,0.000000e+00,0.000000e+00,0.000000e+00,0.000000e+00,0.000000e+00,0.000000e+00,0.000000e+00,0.000000e+00,0.000000e+00,0.000000e+00,0.000000e+00,0.000000e+00,0.000000e+00,0.000000e+00,0.000000e+00,0.000000e+00,0.000000e+00,0.000000e+00,0.000000e+00,0.000000e+00,0.000000e+00,3.000000e-01
4.600000e+01,27,5.000000e-01,5.000000e-01,5.000000e-01,5.000000e-01,5.000000e-01,5.000000e-01,5.000000e-01,5.000000e-01,5.000000e-01,5.000000e-01,5.000000e-01,5.000000e-01,5.000000e-01,5.000000e-01,5.000000e-01,5.000000e-01,5.000000e-01,5.000000e-01,5.000000e-01,5.000000e-01,5.000000e-01,5.000000e-01,5.000000e-01,5.000000e-01,5.000000e-01,5.000000e-01,5.000000e-01,5.261630e-19,0.000000e+00,0.000000e+00,0.000000e+00,0.000000e+00,0.000000e+00,0.000000e+00,0.000000e+00,0.000000e+00,0.000000e+00,0.000000e+00,0.000000e+00,0.000000e+00,0.000000e+00,0.000000e+00,0.000000e+00,0.000000e+00,0.000000e+00,0.000000e+00,0.000000e+00,0.000000e+00,0.000000e+00,0.000000e+00,0.000000e+00,0.000000e+00,0.000000e+00,0.000000e+00,0.000000e+00,3.000000e-01
4.610000e+01,27,5.000000e-01,5.000000e-01,5.000000e-01,5.000000e-01,5.000000e-01,5.000000e-01,5.000000e-01,5.000000e-01,5.000000e-01,5.000000e-01,5.000000e-01,5.000000e-01,5.000000e-01,5.000000e-01,5.000000e-01,5.000000e-01,5.000000e-01,5.000000e-01,5.000000e-01,5.000000e-01,5.000000e-01,5.000000e-01,5.000000e-01,5.000000e-01,5.000000e-01,5.000000e-01,5.000000e-01,2.446790e-03,0.000000e+00,0.000000e+00,0.000000e+00,0.000000e+00,0.000000e+00,0.000000e+00,0.000000e+00,0.000000e+00,0.000000e+00,0.000000e+00,0.000000e+00,0.000000e+00,0.000000e+00,0.000000e+00,0.000000e+00,0.000000e+00,0.000000e+00,0.000000e+00,0.000000e+00,0.000000e+00,0.000000e+00,0.000000e+00,0.000000e+00,0.000000e+00,0.000000e+00,0.000000e+00,0.000000e+00,4.226470e-02
4.620000e+01,-1,5.000000e-01,5.000000e-01,5.000000e-01,5.000000e-01,5.000000e-01,5.000000e-01,5.000000e-01,5.000000e-01,5.000000e-01,5.000000e-01,5.000000e-01,5.000000e-01,5.000000e-01,5.000000e-01,5.000000e-01,5.000000e-01,5.000000e-01,5.000000e-01,5.000000e-01,5.000000e-01,5.000000e-01,5.000000e-01,5.000000e-01,5.000000e-01,5.000000e-01,5.000000e-01,5.000000e-01,5.000000e-01,0.000000e+00,0.000000e+00,0.000000e+00,0.000000e+00,0.000000e+00,0.000000e+00,0.000000e+00,0.000000e+00,0.000000e+00,0.000000e+00,0.000000e+00,0.000000e+00,0.000000e+00,0.000000e+00,0.000000e+00,0.000000e+00,0.000000e+00,0.000000e+00,0.000000e+00,0.000000e+00,0.000000e+00,0.000000e+00,0.000000e+00,0.000000e+00,0.000000e+00,0.000000e+00,0.000000e+00,0.000000e+00
4.630000e+01,19,5.000000e-01,5.000000e-01,5.000000e-01,5.000000e-01,5.000000e-01,5.000000e-01,5.000000e-01,5.000000e-01,5.000000e-01,5.000000e-01,5.000000e-01,5.000000e-01,5.000000e-01,5.000000e-01,5.000000e-01,5.000000e-01,5.000000e-01,5.000000e-01,5.000000e-01,1.325021e-04,5.000000e-01,5.000000e-01,5.000000e-01,5.000000e-01,5.000000e-01,5.000000e-01,5.000000e-01,5.000000e-01,0.000000e+00,0.000000e+00,0.000000e+00,0.000000e+00,0.000000e+00,0.000000e+00,0.000000e+00,0.000000e+00,0.000000e+00,0.000000e+00,0.000000e+00,0.000000e+00,0.000000e+00,0.000000e+00,0.000000e+00,0.000000e+00,0.000000e+00,0.000000e+00,0.000000e+00,2.698251e-01,0.000000e+00,0.000000e+00,0.000000e+00,0.000000e+00,0.000000e+00,0.000000e+00,0.000000e+00,0.000000e+00
4.640000e+01,26,5.000000e-01,5.000000e-01,5.000000e-01,5.000000e-01,5.000000e-01,5.000000e-01,5.000000e-01,5.000000e-01,5.000000e-01,5.000000e-01,5.000000e-01,5.000000e-01,5.000000e-01,5.000000e-01,5.000000e-01,5.000000e-01,5.000000e-01,5.000000e-01,5.000000e-01,5.000000e-01,5.000000e-01,5.000000e-01,5.000000e-01,5.000000e-01,5.000000e-01,5.000000e-01,1.237616e-02,5.000000e-01,0.000000e+00,0.000000e+00,0.000000e+00,0.000000e+00,0.000000e+00,0.000000e+00,0.000000e+00,0.000000e+00,0.000000e+00,0.000000e+00,0.000000e+00,0.000000e+00,0.000000e+00,0.000000e+00,0.000000e+00,0.000000e+00,0.000000e+00,0.000000e+00,0.000000e+00,0.000000e+00,0.000000e+00,0.000000e+00,0.000000e+00,0.000000e+00,0.000000e+00,0.000000e+00,1.413746e-05,0.000000e+00
4.650000e+01,26,5.000000e-01,5.000000e-01,5.000000e-01,5.000000e-01,5.000000e-01,5.000000e-01,5.000000e-01,5.000000e-01,5.000000e-01,5.000000e-01,5.000000e-01,5.000000e-01,5.000000e-01,5.000000e-01,5.000000e-01,5.000000e-01,5.000000e-01,5.000000e-01,5.000000e-01,5.000000e-01,5.000000e-01,5.000000e-01,5.000000e-01,5.000000e-01,5.000000e-01,5.000000e-01,3.147749e-17,5.000000e-01,0.000000e+00,0.000000e+00,0.000000e+00,0.000000e+00,0.000000e+00,0.000000e+00,0.000000e+00,0.000000e+00,0.000000e+00,0.000000e+00,0.000000e+00,0.000000e+00,0.000000e+00,0.000000e+00,0.000000e+00,0.000000e+00,0.000000e+00,0.000000e+00,0.000000e+00,0.000000e+00,0.000000e+00,0.000000e+00,0.000000e+00,0.000000e+00,0.000000e+00,0.000000e+00,3.000000e-01,0.000000e+00
4.660000e+01,26,5.000000e-01,5.000000e-01,5.000000e-01,5.000000e-01,5.000000e-01,5.000000e-01,5.000000e-01,5.000000e-01,5.000000e-01,5.000000e-01,5.000000e-01,5.000000e-01,5.000000e-01,5.000000e-01,5.000000e-01,5.000000e-01,5.000000e-01,5.000000e-01,5.000000e-01,5.000000e-01,5.000000e-01,5.000000e-01,5.000000e-01,5.000000e-01,5.000000e-01,5.000000e-01,5.963696e-03,5.000000e-01,0.000000e+00,0.000000e+00,0.000000e+00,0.000000e+00,0.000000e+00,0.000000e+00,0.000000e+00,0.000000e+00,0.000000e+00,0.000000e+00,0.000000e+00,0.000000e+00,0.000000e+00,0.000000e+00,0.000000e+00,0.000000e+00,0.000000e+00,0.000000e+00,0.000000e+00,0.000000e+00,0.000000e+00,0.000000e+00,0.000000e+00,0.000000e+00,0.000000e+00,0.000000e+00,2.505635e-03,0.000000e+00
4.670000e+01,-1,5.000000e-01,5.000000e-01,5.000000e-01,5.000000e-01,5.000000e-01,5.000000e-01,5.000000e-01,5.000000e-01,5.000000e-01,5.000000e-01,5.000000e-01,5.000000e-01,5.000000e-01,5.000000e-01,5.000000e-01,5.000000e-01,5.000000e-01,5.000000e-01,5.000000e-01,5.000000e-01,5.000000e-01,5.000000e-01,5.000000e-01,5.000000e-01,5.000000e-01,5.000000e-01,5.000000e-01,5.000000e-01,0.000000e+00,0.000000e+00,0.000000e+00,0.000000e+00,0.000000e+00,0.000000e+00,0.000000e+00,0.000000e+00,0.000000e+00,0.000000e+00,0.000000e+00,0.000000e+00,0.000000e+00,0.000000e+00,0.000000e+00,0.000000e+00,0.000000e+00,0.000000e+00,0.000000e+00,0.000000e+00,0.000000e+00,0.000000e+00,0.000000e+00,0.000000e+00,0.000000e+00,0.000000e+00,0.000000e+00,0.000000e+00
4.680000e+01,20,5.000000e-01,5.000000e-01,5.000000e-01,5.000000e-01,5.000000e-01,5.000000e-01,5.000000e-01,5.000000e-01,5.000000e-01,5.000000e-01,5.000000e-01,5.000000e-01,5.000000e-01,5.000000e-01,5.000000e-01,5.000000e-01,5.000000e-01,5.000000e-01,5.000000e-01,5.000000e-01,3.706065e-07,5.000000e-01,5.000000e-01,5.000000e-01,5.000000e-01,5.000000e-01,5.000000e-01,5.000000e-01,0.000000e+00,0.000000e+00,0.000000e+00,0.000000e+00,0.000000e+00,0.000000e+00,0.000000e+00,0.000000e+00,0.000000e+00,0.000000e+00,0.000000e+00,0.000000e+00,0.000000e+00,0.000000e+00,0.000000e+00,0.000000e+00,0.000000e+00,0.000000e+00,0.000000e+00,0.000000e+00,2.999111e-01,0.000000e+00,0.000000e+00,0.000000e+00,0.000000e+00,0.000000e+00,0.000000e+00,0.000000e+00
4.690000e+01,20,5.000000e-01,5.000000e-01,5.000000e-01,5.000000e-01,5.000000e-01,5.000000e-01,5.000000e-01,5.000000e-01,5.000000e-01,5.000000e-01,5.000000e-01,5.000000e-01,5.000000e-01,5.000000e-01,5.000000e-01,5.000000e-01,5.000000e-01,5.000000e-01,5.000000e-01,5.000000e-01,1.564907e-34,5.000000e-01,5.000000e-01,5.000000e-01,5.000000e-01,5.000000e-01,5.000000e-01,5.000000e-01,0.000000e+00,0.000000e+00,0.000000e+00,0.000000e+00,0.000000e+00,0.000000e+00,0.000000e+00,0.000000e+00,0.000000e+00,0.000000e+00,0.000000e+00,0.000000e+00,0.000000e+00,0.000000e+00,0.000000e+00,0.000000e+00,0.000000e+00,0.000000e+00,0.000000e+00,0.000000e+00,3.000000e-01,0.000000e+00,0.000000e+00,0.000000e+00,0.000000e+00,0.000000e+00,0.000000e+00,0.000000e+00
4.700000e+01,20,5.000000e-01,5.000000e-01,5.000000e-01,5.000000e-01,5.000000e-01,5.000000e-01,5.000000e-01,5.000000e-01,5.000000e-01,5.000000e-01,5.000000e-01,5.000000e-01,5.000000e-01,5.000000e-01,5.000000e-01,5.000000e-01,5.000000e-01,5.000000e-01,5.000000e-01,5.000000e-01,8.668174e-39,5.000000e-01,5.000000e-01,5.000000e-01,5.000000e-01,5.000000e-01,5.000000e-01,5.000000e-01,0.000000e+00,0.000000e+00,0.000000e+00,0.000000e+00,0.000000e+00,0.000000e+00,0.000000e+00,0.000000e+00,0.000000e+00,0.000000e+00,0.000000e+00,0.000000e+00,0.000000e+00,0.000000e+00,0.000000e+00,0.000000e+00,0.000000e+00,0.000000e+00,0.000000e+00,0.000000e+00,3.000000e-01,0.000000e+00,0.000000e+00,0.000000e+00,0.000000e+00,0.000000e+00,0.000000e+00,0.000000e+00
4.710000e+01,20,5.000000e-01,5.000000e-01,5.000000e-01,5.000000e-01,5.000000e-01,5.000000e-01,5.000000e-01,5.000000e-01,5.000000e-01,5.000000e-01,5.000000e-01,5.000000e-01,5.000000e-01,5.000000e-01,5.000000e-01,5.000000e-01,5.000000e-01,5.000000e-01,5.000000e-01,5.000000e-01,1.572918e-11,5.000000e-01,5.000000e-01,5.000000e-01,5.000000e-01,5.000000e-01,5.000000e-01,5.000000e-01,0.000000e+00,0.000000e+00,0.000000e+00,0.000000e+00,0.000000e+00,0.000000e+00,0.000000e+00,0.000000e+00,0.000000e+00,0.000000e+00,0.000000e+00,0.000000e+00,0.000000e+00,0.000000e+00,0.000000e+00,0.000000e+00,0.000000e+00,0.000000e+00,0.000000e+00,0.000000e+00,3.000000e-01,0.000000e+00,0.000000e+00,0.000000e+00,0.000000e+00,0.000000e+00,0.000000e+00,0.000000e+00
4.720000e+01,19,5.000000e-01,5.000000e-01,5.000000e-01,5.000000e-01,5.000000e-01,5.000000e-01,5.000000e-01,5.000000e-01,5.000000e-01,5.000000e-01,5.000000e-01,5.000000e-01,5.000000e-01,5.000000e-01,5.000000e-01,5.000000e-01,5.000000e-01,5.000000e-01,5.000000e-01,3.807717e-06,3.590819e-03,5.000000e-01,5.000000e-01,5.000000e-01,5.000000e-01,5.000000e-01,5.000000e-01,5.000000e-01,0.000000e+00,0.000000e+00,0.000000e+00,0.000000e+00,0.000000e+00,0.000000e+00,0.000000e+00,0.000000e+00,0.000000e+00,0.000000e+00,0.000000e+00,0.000000e+00,0.000000e+00,0.000000e+00,0.000000e+00,0.000000e+00,0.000000e+00,0.000000e+00,0.000000e+00,2.990875e-01,1.687710e-02,0.000000e+00,0.000000e+00,0.000000e+00,0.000000e+00,0.000000e+00,0.000000e+00,0.000000e+00
4.730000e+01,19,5.000000e-01,5.000000e-01,5.000000e-01,5.000000e-01,5.000000e-01,5.000000e-01,5.000000e-01,5.000000e-01,5.000000e-01,5.000000e-01,5.000000e-01,5.000000e-01,5.000000e-01,5.000000e-01,5.000000e-01,5.000000e-01,5.000000e-01,5.000000e-01,5.000000e-01,6.427768e-18,5.000000e-01,5.000000e-01,5.000000e-01,5.000000e-01,5.000000e-01,5.000000e-01,5.000000e-01,5.000000e-01,0.000000e+00,0.000000e+00,0.000000e+00,0.000000e+00,0.000000e+00,0.000000e+00,0.000000e+00,0.000000e+00,0.000000e+00,0.000000e+00,0.000000e+00,0.000000e+00,0.000000e+00,0.000000e+00,0.000000e+00,0.000000e+00,0.000000e+00,0.000000e+00,0.000000e+00,3.000000e-01,0.000000e+00,0.000000e+00,0.000000e+00,0.000000e+00,0.000000e+00,0.000000e+00,0.000000e+00,0.000000e+00
4.740000e+01,19,5.000000e-01,5.000000e-01,5.000000e-01,5.000000e-01,5.000000e-01,5.000000e-01,5.000000e-01,5.000000e-01,5.000000e-01,5.000000e-01,5.000000e-01,5.000000e-01,5.000000e-01,5.000000e-01,5.000000e-01,5.000000e-01,5.000000e-01,5.000000e-01,5.000000e-01,5.152849e-06,5.000000e-01,5.000000e-01,5.000000e-01,5.000000e-01,5.000000e-01,5.000000e-01,5.000000e-01,5.000000e-01,0.000000e+00,0.000000e+00,0.000000e+00,0.000000e+00,0.000000e+00,0.000000e+00,0.000000e+00,0.000000e+00,0.000000e+00,0.000000e+00,0.000000e+00,0.000000e+00,0.000000e+00,0.000000e+00,0.000000e+00,0.000000e+00,0.000000e+00,0.000000e+00,0.000000e+00,2.987659e-01,0.000000e+00,0.000000e+00,0.000000e+00,0.000000e+00,0.000000e+00,0.000000e+00,0.000000e+00,0.000000e+00
4.750000e+01,19,5.000000e-01,5.000000e-01,5.000000e-01,5.000000e-01,5.000000e-01,5.000000e-01,5.000000e-01,5.000000e-01,5.000000e-01,5.000000e-01,5.000000e-01,5.000000e-01,5.000000e-01,5.000000e-01,5.000000e-01,5.000000e-01,5.000000e-01,5.000000e-01,5.000000e-01,3.291784e-06,5.000000e-01,5.000000e-01,5.000000e-01,5.000000e-01,5.000000e-01,5.000000e-01,5.000000e-01,5.000000e-01,0.000000e+00,0.000000e+00,0.000000e+00,0.000000e+00,0.000000e+00,0.000000e+00,0.000000e+00,0.000000e+00,0.000000e+00,0.000000e+00,0.000000e+00,0.000000e+00,0.000000e+00,0.000000e+00,0.000000e+00,0.000000e+00,0.000000e+00,0.000000e+00,0.000000e+00,2.992110e-01,0.000000e+00,0.000000e+00,0.000000e+00,0.000000e+00,0.000000e+00,0.000000e+00,0.000000e+00,0.000000e+00
4.760000e+01,19,5.000000e-01,5.000000e-01,5.000000e-01,5.000000e-01,5.000000e-01,5.000000e-01,5.000000e-01,5.000000e-01,5.000000e-01,5.000000e-01,5.000000e-01,5.000000e-01,5.000000e-01,5.000000e-01,5.000000e-01,5.000000e-01,5.000000e-01,5.000000e-01,5.000000e-01,1.139629e-06,4.345585e-02,5.000000e-01,5.000000e-01,5.000000e-01,5.000000e-01,5.000000e-01,5.000000e-01,5.000000e-01,0.000000e+00,0.000000e+00,0.000000e+00,0.000000e+00,0.000000e+00,0.000000e+00,0.000000e+00,0.000000e+00,0.000000e+00,0.000000e+00,0.000000e+00,0.000000e+00,0.000000e+00,0.000000e+00,0.000000e+00,0.000000e+00,0.000000e+00,0.000000e+00,0.000000e+00,2.997266e-01,9.992007e-17,0.000000e+00,0.000000e+00,0.000000e+00,0.000000e+00,0.000000e+00,0.000000e+00,0.000000e+00
4.770000e+01,20,5.000000e-01,5.000000e-01,5.000000e-01,5.000000e-01,5.000000e-01,5.000000e-01,5.000000e-01,5.000000e-01,5.000000e-01,5.000000e-01,5.000000e-01,5.000000e-01,5.000000e-01,5.000000e-01,5.000000e-01,5.000000e-01,5.000000e-01,5.000000e-01,5.000000e-01,3.381764e-02,2.106233e-11,5.000000e-01,5.000000e-01,5.000000e-01,5.000000e-01,5.000000e-01,5.000000e-01,5.000000e-01,0.000000e+00,0.000000e+00,0.000000e+00,0.000000e+00,0.000000e+00,0.000000e+00,0.000000e+00,0.000000e+00,0.000000e+00,0.000000e+00,0.000000e+00,0.000000e+00,0.000000e+00,0.000000e+00,0.000000e+00,0.000000e+00,0.000000e+00,0.000000e+00,0.000000e+00,3.344991e-13,3.000000e-01,0.000000e+00,0.000000e+00,0.000000e+00,0.000000e+00,0.000000e+00,0.000000e+00,0.000000e+00
4.780000e+01,20,5.000000e-01,5.000000e-01,5.000000e-01,5.000000e-01,5.000000e-01,5.000000e-01,5.000000e-01,5.000000e-01,5.000000e-01,5.000000e-01,5.000000e-01,5.000000e-01,5.000000e-01,5.000000e-01,5.000000e-01,5.000000e-01,5.000000e-01,5.000000e-01,5.000000e-01,5.000000e-01,6.127737e-51,5.000000e-01,5.000000e-01,5.000000e-01,5.000000e-01,5.000000e-01,5.000000e-01,5.000000e-01,0.000000e+00,0.000000e+00,0.000000e+00,0.000000e+00,0.000000e+00,0.000000e+00,0.000000e+00,0.000000e+00,0.000000e+00,0.000000e+00,0.000000e+00,0.000000e+00,0.000000e+00,0.000000e+00,0.000000e+00,0.000000e+00,0.000000e+00,0.000000e+00,0.000000e+00,0.000000e+00,3.000000e-01,0.000000e+00,0.000000e+00,0.000000e+00,0.000000e+00,0.000000e+00,0.000000e+00,0.000000e+00
4.790000e+01,20,5.000000e-01,5.000000e-01,5.000000e-01,5.000000e-01,5.000000e-01,5.000000e-01,5.000000e-01,5.000000e-01,5.000000e-01,5.000000e-01,5.000000e-01,5.000000e-01,5.000000e-01,5.000000e-01,5.000000e-01,5.000000e-01,5.000000e-01,5.000000e-01,5.000000e-01,5.000000e-01,1.102490e-17,5.000000e-01,5.000000e-01,5.000000e-01,5.000000e-01,5.000000e-01,5.000000e-01,5.000000e-01,0.000000e+00,0.000000e+00,0.000000e+00,0.000000e+00,0.000000e+00,0.000000e+00,0.000000e+00,0.000000e+00,0.000000e+00,0.000000e+00,0.000000e+00,0.000000e+00,0.000000e+00,0.000000e+00,0.000000e+00,0.000000e+00,0.000000e+00,0.000000e+00,0.000000e+00,0.000000e+00,3.000000e-01,0.000000e+00,0.000000e+00,0.000000e+00,0.000000e+00,0.000000e+00,0.000000e+00,0.000000e+00
4.800000e+01,19,5.000000e-01,5.000000e-01,5.000000e-01,5.000000e-01,5.000000e-01,5.000000e-01,5.000000e-01,5.000000e-01,5.000000e-01,5.000000e-01,5.000000e-01,5.000000e-01,5.000000e-01,5.000000e-01,5.000000e-01,5.000000e-01,5.000000e-01,5.000000e-01,5.000000e-01,5.246099e-05,1.105430e-02,5.000000e-01,5.000000e-01,5.000000e-01,5.000000e-01,5.000000e-01,5.000000e-01,5.000000e-01,0.000000e+00,0.000000e+00,0.000000e+00,0.000000e+00,0.000000e+00,0.000000e+00,0.000000e+00,0.000000e+00,0.000000e+00,0.000000e+00,0.000000e+00,0.000000e+00,0.000000e+00,0.000000e+00,0.000000e+00,0.000000e+00,0.000000e+00,0.000000e+00,0.000000e+00,2.876696e-01,4.121721e-05,0.000000e+00,0.000000e+00,0.000000e+00,0.000000e+00,0.000000e+00,0.000000e+00,0.000000e+00
4.810000e+01,19,5.000000e-01,5.000000e-01,5.000000e-01,5.000000e-01,5.000000e-01,5.000000e-01,5.000000e-01,5.000000e-01,5.000000e-01,5.000000e-01,5.000000e-01,5.000000e-01,5.000000e-01,5.000000e-01,5.000000e-01,5.000000e-01,5.000000e-01,5.000000e-01,5.000000e-01,3.790292e-13,3.415874e-02,5.000000e-01,5.000000e-01,5.000000e-01,5.000000e-01,5.000000e-01,5.000000e-01,5.000000e-01,0.000000e+00,0.000000e+00,0.000000e+00,0.000000e+00,0.000000e+00,0.000000e+00,0.000000e+00,0.000000e+00,0.000000e+00,0.000000e+00,0.000000e+00,0.000000e+00,0.000000e+00,0.000000e+00,0.000000e+00,0.000000e+00,0.000000e+00,0.000000e+00,0.000000e+00,3.000000e-01,2.521983e-13,0.000000e+00,0.000000e+00,0.000000e+00,0.000000e+00,0.000000e+00,0.000000e+00,0.000000e+00
4.820000e+01,19,5.000000e-01,5.000000e-01,5.000000e-01,5.000000e-01,5.000000e-01,5.000000e-01,5.000000e-01,5.000000e-01,5.000000e-01,5.000000e-01,5.000000e-01,5.000000e-01,5.000000e-01,5.000000e-01,5.000000e-01,5.000000e-01,5.000000e-01,5.000000e-01,5.000000e-01,2.070947e-08,5.000000e-01,5.000000e-01,5.000000e-01,5.000000e-01,5.000000e-01,5.000000e-01,5.000000e-01,5.000000e-01,0.000000e+00,0.000000e+00,0.000000e+00,0.000000e+00,0.000000e+00,0.000000e+00,0.000000e+00,0.000000e+00,0.000000e+00,0.000000e+00,0.000000e+00,0.000000e+00,0.000000e+00,0.000000e+00,0.000000e+00,0.000000e+00,0.000000e+00,0.000000e+00,0.000000e+00,2.999950e-01,0.000000e+00,0.000000e+00,0.000000e+00,0.000000e+00,0.000000e+00,0.000000e+00,0.000000e+00,0.000000e+00
4.830000e+01,19,5.000000e-01,5.000000e-01,5.000000e-01,5.000000e-01,5.000000e-01,5.000000e-01,5.000000e-01,5.000000e-01,5.000000e-01,5.000000e-01,5.000000e-01,5.000000e-01,4.825399e-02,5.000000e-01,5.000000e-01,5.000000e-01,5.000000e-01,5.000000e-01,5.000000e-01,5.234259e-03,5.000000e-01,5.000000e-01,5.000000e-01,5.000000e-01,5.000000e-01,5.000000e-01,5.000000e-01,5.000000e-01,0.000000e+00,0.000000e+00,0.000000e+00,0.000000e+00,0.000000e+00,0.000000e+00,0.000000e+00,0.000000e+00,0.000000e+00,0.000000e+00,0.000000e+00,0.000000e+00,0.000000e+00,0.000000e+00,0.000000e+00,0.000000e+00,0.000000e+00,0.000000e+00,0.000000e+00,4.505856e-03,0.000000e+00,0.000000e+00,0.000000e+00,0.000000e+00,0.000000e+00,0.000000e+00,0.000000e+00,0.000000e+00
4.840000e+01,12,5.000000e-01,5.000000e-01,5.000000e-01,5.000000e-01,5.000000e-01,5.000000e-01,5.000000e-01,5.000000e-01,5.000000e-01,5.000000e-01,5.000000e-01,5.000000e-01,3.410426e-08,5.000000e-01,5.000000e-01,5.000000e-01,5.000000e-01,5.000000e-01,5.000000e-01,5.000000e-01,5.000000e-01,5.000000e-01,5.000000e-01,5.000000e-01,5.000000e-01,5.000000e-01,5.000000e-01,5.000000e-01,0.000000e+00,0.000000e+00,0.000000e+00,0.000000e+00,0.000000e+00,0.000000e+00,0.000000e+00,0.000000e+00,0.000000e+00,0.000000e+00,0.000000e+00,0.000000e+00,2.999918e-01,0.000000e+00,0.000000e+00,0.000000e+00,0.000000e+00,0.000000e+00,0.000000e+00,0.000000e+00,0.000000e+00,0.000000e+00,0.000000e+00,0.000000e+00,0.000000e+00,0.000000e+00,0.000000e+00,0.000000e+00
4.850000e+01,12,5.000000e-01,5.000000e-01,5.000000e-01,5.000000e-01,5.000000e-01,5.000000e-01,5.000000e-01,5.000000e-01,5.000000e-01,5.000000e-01,5.000000e-01,5.000000e-01,1.610719e-37,5.000000e-01,5.000000e-01,5.000000e-01,5.000000e-01,5.000000e-01,5.000000e-01,5.000000e-01,5.000000e-01,5.000000e-01,5.000000e-01,5.000000e-01,5.000000e-01,5.000000e-01,5.000000e-01,5.000000e-01,0.000000e+00,0.000000e+00,0.000000e+00,0.000000e+00,0.000000e+00,0.000000e+00,0.000000e+00,0.000000e+00,0.000000e+00,0.000000e+00,0.000000e+00,0.000000e+00,3.000000e-01,0.000000e+00,0.000000e+00,0.000000e+00,0.000000e+00,0.000000e+00,0.000000e+00,0.000000e+00,0.000000e+00,0.000000e+00,0.000000e+00,0.000000e+00,0.000000e+00,0.000000e+00,0.000000e+00,0.000000e+00
4.860000e+01,12,5.000000e-01,5.000000e-01,5.000000e-01,5.000000e-01,5.000000e-01,5.000000e-01,5.000000e-01,5.000000e-01,5.000000e-01,5.000000e-01,5.000000e-01,5.000000e-01,2.676392e-46,5.000000e-01,5.000000e-01,5.000000e-01,5.000000e-01,5.000000e-01,5.000000e-01,5.000000e-01,5.000000e-01,5.000000e-01,5.000000e-01,5.000000e-01,5.000000e-01,5.000000e-01,5.000000e-01,5.000000e-01,0.000000e+00,0.000000e+00,0.000000e+00,0.000000e+00,0.000000e+00,0.000000e+00,0.000000e+00,0.000000e+00,0.000000e+00,0.000000e+00,0.000000e+00,0.000000e+00,3.000000e-01,0.000000e+00,0.000000e+00,0.000000e+00,0.000000e+00,0.000000e+00,0.000000e+00,0.000000e+00,0.000000e+00,0.000000e+00,0.000000e+00,0.000000e+00,0.000000e+00,0.000000e+00,0.000000e+00,0.000000e+00
4.870000e+01,12,5.000000e-01,5.000000e-01,5.000000e-01,5.000000e-01,5.000000e-01,5.000000e-01,5.000000e-01,5.000000e-01,5.000000e-01,5.000000e-01,5.000000e-01,5.000000e-01,1.796524e-17,5.000000e-01,5.000000e-01,5.000000e-01,5.000000e-01,5.000000e-01,5.000000e-01,5.000000e-01,5.000000e-01,5.000000e-01,5.000000e-01,5.000000e-01,5.000000e-01,5.000000e-01,5.000000e-01,5.000000e-01,0.000000e+00,0.000000e+00,0.000000e+00,0.000000e+00,0.000000e+00,0.000000e+00,0.000000e+00,0.000000e+00,0.000000e+00,0.000000e+00,0.000000e+00,0.000000e+00,3.000000e-01,0.000000e+00,0.000000e+00,0.000000e+00,0.000000e+00,0.000000e+00,0.000000e+00,0.000000e+00,0.000000e+00,0.000000e+00,0.000000e+00,0.000000e+00,0.000000e+00,0.000000e+00,0.000000e+00,0.000000e+00
4.880000e+01,12,5.000000e-01,5.000000e-01,5.000000e-01,5.000000e-01,5.000000e-01,5.000000e-01,5.000000e-01,5.000000e-01,5.000000e-01,5.000000e-01,5.000000e-01,5.000000e-01,4.090780e-06,5.000000e-01,5.000000e-01,5.000000e-01,5.000000e-01,5.000000e-01,5.000000e-01,5.000000e-01,5.000000e-01,5.000000e-01,5.000000e-01,5.000000e-01,5.000000e-01,5.000000e-01,5.000000e-01,5.000000e-01,0.000000e+00,0.000000e+00,0.000000e+00,0.000000e+00,0.000000e+00,0.000000e+00,0.000000e+00,0.000000e+00,0.000000e+00,0.000000e+00,0.000000e+00,0.000000e+00,2.990198e-01,0.000000e+00,0.000000e+00,0.000000e+00,0.000000e+00,0.000000e+00,0.000000e+00,0.000000e+00,0.000000e+00,0.000000e+00,0.000000e+00,0.000000e+00,0.000000e+00,0.000000e+00,0.000000e+00,0.000000e+00
4.890000e+01,12,5.000000e-01,5.000000e-01,5.000000e-01,5.000000e-01,5.000000e-01,3.354171e-02,5.000000e-01,5.000000e-01,5.000000e-01,5.000000e-01,5.000000e-01,5.000000e-01,1.193497e-02,5.000000e-01,5.000000e-01,5.000000e-01,5.000000e-01,5.000000e-01,5.000000e-01,5.000000e-01,5.000000e-01,5.000000e-01,5.000000e-01,5.000000e-01,5.000000e-01,5.000000e-01,5.000000e-01,5.000000e-01,0.000000e+00,0.000000e+00,0.000000e+00,0.000000e+00,0.000000e+00,4.203637e-13,0.000000e+00,0.000000e+00,0.000000e+00,0.000000e+00,0.000000e+00,0.000000e+00,2.020899e-05,0.000000e+00,0.000000e+00,0.000000e+00,0.000000e+00,0.000000e+00,0.000000e+00,0.000000e+00,0.000000e+00,0.000000e+00,0.000000e+00,0.000000e+00,0.000000e+00,0.000000e+00,0.000000e+00,0.000000e+00
4.900000e+01,5,5.000000e-01,5.000000e-01,5.000000e-01,5.000000e-01,5.000000e-01,2.308908e-11,5.000000e-01,5.000000e-01,5.000000e-01,5.000000e-01,5.000000e-01,5.000000e-01,5.000000e-01,5.000000e-01,5.000000e-01,5.000000e-01,5.000000e-01,5.000000e-01,5.000000e-01,5.000000e-01,5.000000e-01,5.000000e-01,5.000000e-01,5.000000e-01,5.000000e-01,5.000000e-01,5.000000e-01,5.000000e-01,0.000000e+00,0.000000e+00,0.000000e+00,0.000000e+00,0.000000e+00,3.000000e-01,0.000000e+00,0.000000e+00,0.000000e+00,0.000000e+00,0.000000e+00,0.000000e+00,0.000000e+00,0.000000e+00,0.000000e+00,0.000000e+00,0.000000e+00,0.000000e+00,0.000000e+00,0.000000e+00,0.000000e+00,0.000000e+00,0.000000e+00,0.000000e+00,0.000000e+00,0.000000e+00,0.000000e+00,0.000000e+00
4.910000e+01,5,5.000000e-01,5.000000e-01,5.000000e-01,5.000000e-01,5.000000e-01,2.086009e-50,5.000000e-01,5.000000e-01,5.000000e-01,5.000000e-01,5.000000e-01,5.000000e-01,5.000000e-01,5.000000e-01,5.000000e-01,5.000000e-01,5.000000e-01,5.000000e-01,5.000000e-01,5.000000e-01,5.000000e-01,5.000000e-01,5.000000e-01,5.000000e-01,5.000000e-01,5.000000e-01,5.000000e-01,5.000000e-01,0.000000e+00,0.000000e+00,0.000000e+00,0.000000e+00,0.000000e+00,3.000000e-01,0.000000e+00,0.000000e+00,0.000000e+00,0.000000e+00,0.000000e+00,0.000000e+00,0.000000e+00,0.000000e+00,0.000000e+00,0.000000e+00,0.000000e+00,0.000000e+00,0.000000e+00,0.000000e+00,0.000000e+00,0.000000e+00,0.000000e+00,0.000000e+00,0.000000e+00,0.000000e+00,0.000000e+00,0.000000e+00
4.920000e+01,5,5.000000e-01,5.000000e-01,5.000000e-01,5.000000e-01,5.000000e-01,8.460151e-35,5.000000e-01,5.000000e-01,5.000000e-01,5.000000e-01,5.000000e-01,5.000000e-01,5.000000e-01,5.000000e-01,5.000000e-01,5.000000e-01,5.000000e-01,5.000000e-01,5.000000e-01,5.000000e-01,5.000000e-01,5.000000e-01,5.000000e-01,5.000000e-01,5.000000e-01,5.000000e-01,5.000000e-01,5.000000e-01,0.000000e+00,0.000000e+00,0.000000e+00,0.000000e+00,0.000000e+00,3.000000e-01,0.000000e+00,0.000000e+00,0.000000e+00,0.000000e+00,0.000000e+00,0.000000e+00,0.000000e+00,0.000000e+00,0.000000e+00,0.000000e+00,0.000000e+00,0.000000e+00,0.000000e+00,0.000000e+00,0.000000e+00,0.000000e+00,0.000000e+00,0.000000e+00,0.000000e+00,0.000000e+00,0.000000e+00,0.000000e+00
4.930000e+01,5,5.000000e-01,5.000000e-01,5.000000e-01,5.000000e-01,6.822865e-03,3.069675e-05,5.000000e-01,5.000000e-01,5.000000e-01,5.000000e-01,5.000000e-01,5.000000e-01,5.000000e-01,5.000000e-01,5.000000e-01,5.000000e-01,5.000000e-01,5.000000e-01,5.000000e-01,5.000000e-01,5.000000e-01,5.000000e-01,5.000000e-01,5.000000e-01,5.000000e-01,5.000000e-01,5.000000e-01,5.000000e-01,0.000000e+00,0.000000e+00,0.000000e+00,0.000000e+00,1.254560e-03,2.927224e-01,0.000000e+00,0.000000e+00,0.000000e+00,0.000000e+00,0.000000e+00,0.000000e+00,0.000000e+00,0.000000e+00,0.000000e+00,0.000000e+00,0.000000e+00,0.000000e+00,0.000000e+00,0.000000e+00,0.000000e+00,0.000000e+00,0.000000e+00,0.000000e+00,0.000000e+00,0.000000e+00,0.000000e+00,0.000000e+00
4.940000e+01,4,5.000000e-01,5.000000e-01,5.000000e-01,5.000000e-01,7.196266e-03,5.000000e-01,5.000000e-01,5.000000e-01,5.000000e-01,5.000000e-01,5.000000e-01,5.000000e-01,5.000000e-01,5.000000e-01,5.000000e-01,5.000000e-01,5.000000e-01,5.000000e-01,5.000000e-01,5.000000e-01,5.000000e-01,5.000000e-01,5.000000e-01,5.000000e-01,5.000000e-01,5.000000e-01,5.000000e-01,5.000000e-01,0.000000e+00,0.000000e+00,0.000000e+00,0.000000e+00,9.286304e-04,0.000000e+00,0.000000e+00,0.000000e+00,0.000000e+00,0.000000e+00,0.000000e+00,0.000000e+00,0.000000e+00,0.000000e+00,0.000000e+00,0.000000e+00,0.000000e+00,0.000000e+00,0.000000e+00,0.000000e+00,0.000000e+00,0.000000e+00,0.000000e+00,0.000000e+00,0.000000e+00,0.000000e+00,0.000000e+00,0.000000e+00
4.950000e+01,11,5.000000e-01,5.000000e-01,5.000000e-01,5.000000e-01,5.000000e-01,5.000000e-01,5.000000e-01,5.000000e-01,5.000000e-01,5.000000e-01,5.000000e-01,7.967402e-03,5.000000e-01,5.000000e-01,5.000000e-01,5.000000e-01,5.000000e-01,5.000000e-01,5.000000e-01,5.000000e-01,5.000000e-01,5.000000e-01,5.000000e-01,5.000000e-01,5.000000e-01,5.000000e-01,5.000000e-01,5.000000e-01,0.000000e+00,0.000000e+00,0.000000e+00,0.000000e+00,0.000000e+00,0.000000e+00,0.000000e+00,0.000000e+00,0.000000e+00,0.000000e+00,0.000000e+00,4.987419e-04,0.000000e+00,0.000000e+00,0.000000e+00,0.000000e+00,0.000000e+00,0.000000e+00,0.000000e+00,0.000000e+00,0.000000e+00,0.000000e+00,0.000000e+00,0.000000e+00,0.000000e+00,0.000000e+00,0.000000e+00,0.000000e+00
4.960000e+01,-1,5.000000e-01,5.000000e-01,5.000000e-01,5.000000e-01,5.000000e-01,5.000000e-01,5.000000e-01,5.000000e-01,5.000000e-01,5.000000e-01,5.000000e-01,5.000000e-01,5.000000e-01,5.000000e-01,5.000000e-01,5.000000e-01,5.000000e-01,5.000000e-01,5.000000e-01,5.000000e-01,5.000000e-01,5.000000e-01,5.000000e-01,5.000000e-01,5.000000e-01,5.000000e-01,5.000000e-01,5.000000e-01,0.000000e+00,0.000000e+00,0.000000e+00,0.000000e+00,0.000000e+00,0.000000e+00,0.000000e+00,0.000000e+00,0.000000e+00,0.000000e+00,0.000000e+00,0.000000e+00,0.000000e+00,0.000000e+00,0.000000e+00,0.000000e+00,0.000000e+00,0.000000e+00,0.000000e+00,0.000000e+00,0.000000e+00,0.000000e+00,0.000000e+00,0.000000e+00,0.000000e+00,0.000000e+00,0.000000e+00,0.000000e+00
4.970000e+01,5,5.000000e-01,5.000000e-01,5.000000e-01,5.000000e-01,5.000000e-01,3.381908e-05,5.000000e-01,5.000000e-01,5.000000e-01,5.000000e-01,5.000000e-01,5.000000e-01,5.000000e-01,5.000000e-01,5.000000e-01,5.000000e-01,5.000000e-01,5.000000e-01,5.000000e-01,5.000000e-01,5.000000e-01,5.000000e-01,5.000000e-01,5.000000e-01,5.000000e-01,5.000000e-01,5.000000e-01,5.000000e-01,0.000000e+00,0.000000e+00,0.000000e+00,0.000000e+00,0.000000e+00,2.919921e-01,0.000000e+00,0.000000e+00,0.000000e+00,0.000000e+00,0.000000e+00,0.000000e+00,0.000000e+00,0.000000e+00,0.000000e+00,0.000000e+00,0.000000e+00,0.000000e+00,0.000000e+00,0.000000e+00,0.000000e+00,0.000000e+00,0.000000e+00,0.000000e+00,0.000000e+00,0.000000e+00,0.000000e+00,0.000000e+00
4.980000e+01,4,5.000000e-01,5.000000e-01,5.000000e-01,5.000000e-01,7.638403e-06,1.254289e-02,5.000000e-01,5.000000e-01,5.000000e-01,5.000000e-01,5.000000e-01,5.000000e-01,5.000000e-01,5.000000e-01,5.000000e-01,5.000000e-01,5.000000e-01,5.000000e-01,5.000000e-01,5.000000e-01,5.000000e-01,5.000000e-01,5.000000e-01,5.000000e-01,5.000000e-01,5.000000e-01,5.000000e-01,5.000000e-01,0.000000e+00,0.000000e+00,0.000000e+00,0.000000e+00,2.981724e-01,1.235135e-05,0.000000e+00,0.000000e+00,0.000000e+00,0.000000e+00,0.000000e+00,0.000000e+00,0.000000e+00,0.000000e+00,0.000000e+00,0.000000e+00,0.000000e+00,0.000000e+00,0.000000e+00,0.000000e+00,0.000000e+00,0.000000e+00,0.000000e+00,0.000000e+00,0.000000e+00,0.000000e+00,0.000000e+00,0.000000e+00
4.990000e+01,4,5.000000e-01,5.000000e-01,5.000000e-01,5.000000e-01,9.018152e-17,5.000000e-01,5.000000e-01,5.000000e-01,5.000000e-01,5.000000e-01,5.000000e-01,5.000000e-01,5.000000e-01,5.000000e-01,5.000000e-01,5.000000e-01,5.000000e-01,5.000000e-01,5.000000e-01,5.000000e-01,5.000000e-01,5.000000e-01,5.000000e-01,5.000000e-01,5.000000e-01,5.000000e-01,5.000000e-01,5.000000e-01,0.000000e+00,0.000000e+00,0.000000e+00,0.000000e+00,3.000000e-01,0.000000e+00,0.000000e+00,0.000000e+00,0.000000e+00,0.000000e+00,0.000000e+00,0.000000e+00,0.000000e+00,0.000000e+00,0.000000e+00,0.000000e+00,0.000000e+00,0.000000e+00,0.000000e+00,0.000000e+00,0.000000e+00,0.000000e+00,0.000000e+00,0.000000e+00,0.000000e+00,0.000000e+00,0.000000e+00,0.000000e+00
5.000000e+01,5,5.000000e-01,5.000000e-01,5.000000e-01,5.000000e-01,9.504200e-03,1.432937e-09,5.000000e-01,5.000000e-01,5.000000e-01,5.000000e-01,5.000000e-01,5.000000e-01,5.000000e-01,5.000000e-01,5.000000e-01,5.000000e-01,5.000000e-01,5.000000e-01,5.000000e-01,5.000000e-01,5.000000e-01,5.000000e-01,5.000000e-01,5.000000e-01,5.000000e-01,5.000000e-01,5.000000e-01,5.000000e-01,0.000000e+00,0.000000e+00,0.000000e+00,0.000000e+00,1.442886e-04,2.999997e-01,0.000000e+00,0.000000e+00,0.000000e+00,0.000000e+00,0.000000e+00,0.000000e+00,0.000000e+00,0.000000e+00,0.000000e+00,0.000000e+00,0.000000e+00,0.000000e+00,0.000000e+00,0.000000e+00,0.000000e+00,0.000000e+00,0.000000e+00,0.000000e+00,0.000000e+00,0.000000e+00,0.000000e+00,0.000000e+00
5.010000e+01,5,5.000000e-01,5.000000e-01,5.000000e-01,5.000000e-01,5.000000e-01,2.844970e-18,5.000000e-01,5.000000e-01,5.000000e-01,5.000000e-01,5.000000e-01,5.000000e-01,5.000000e-01,5.000000e-01,5.000000e-01,5.000000e-01,5.000000e-01,5.000000e-01,5.000000e-01,5.000000e-01,5.000000e-01,5.000000e-01,5.000000e-01,5.000000e-01,5.000000e-01,5.000000e-01,5.000000e-01,5.000000e-01,0.000000e+00,0.000000e+00,0.000000e+00,0.000000e+00,0.000000e+00,3.000000e-01,0.000000e+00,0.000000e+00,0.000000e+00,0.000000e+00,0.000000e+00,0.000000e+00,0.000000e+00,0.000000e+00,0.000000e+00,0.000000e+00,0.000000e+00,0.000000e+00,0.000000e+00,0.000000e+00,0.000000e+00,0.000000e+00,0.000000e+00,0.000000e+00,0.000000e+00,0.000000e+00,0.000000e+00,0.000000e+00
5.020000e+01,4,5.000000e-01,5.000000e-01,5.000000e-01,5.000000e-01,8.496178e-04,4.438941e-03,5.000000e-01,5.000000e-01,5.000000e-01,5.000000e-01,5.000000e-01,5.000000e-01,5.000000e-01,5.000000e-01,5.000000e-01,5.000000e-01,5.000000e-01,5.000000e-01,5.000000e-01,5.000000e-01,5.000000e-01,5.000000e-01,5.000000e-01,5.000000e-01,5.000000e-01,5.000000e-01,5.000000e-01,5.000000e-01,0.000000e+00,0.000000e+00,0.000000e+00,0.000000e+00,1.519877e-01,8.539688e-03,0.000000e+00,0.000000e+00,0.000000e+00,0.000000e+00,0.000000e+00,0.000000e+00,0.000000e+00,0.000000e+00,0.000000e+00,0.000000e+00,0.000000e+00,0.000000e+00,0.000000e+00,0.000000e+00,0.000000e+00,0.000000e+00,0.000000e+00,0.000000e+00,0.000000e+00,0.000000e+00,0.000000e+00,0.000000e+00
5.030000e+01,4,5.000000e-01,5.000000e-01,5.000000e-01,5.000000e-01,2.084065e-03,5.000000e-01,5.000000e-01,5.000000e-01,5.000000e-01,5.000000e-01,5.000000e-01,5.000000e-01,5.000000e-01,5.000000e-01,5.000000e-01,5.000000e-01,5.000000e-01,5.000000e-01,5.000000e-01,5.000000e-01,5.000000e-01,5.000000e-01,5.000000e-01,5.000000e-01,5.000000e-01,5.000000e-01,5.000000e-01,5.000000e-01,0.000000e+00,0.000000e+00,0.000000e+00,0.000000e+00,5.653107e-02,0.000000e+00,0.000000e+00,0.000000e+00,0.000000e+00,0.000000e+00,0.000000e+00,0.000000e+00,0.000000e+00,0.000000e+00,0.000000e+00,0.000000e+00,0.000000e+00,0.000000e+00,0.000000e+00,0.000000e+00,0.000000e+00,0.000000e+00,0.000000e+00,0.000000e+00,0.000000e+00,0.000000e+00,0.000000e+00,0.000000e+00
5.040000e+01,11,5.000000e-01,5.000000e-01,5.000000e-01,5.000000e-01,5.000000e-01,5.000000e-01,5.000000e-01,5.000000e-01,5.000000e-01,5.000000e-01,5.000000e-01,5.041376e-04,5.000000e-01,5.000000e-01,5.000000e-01,5.000000e-01,5.000000e-01,5.000000e-01,5.000000e-01,5.000000e-01,5.000000e-01,5.000000e-01,5.000000e-01,5.000000e-01,5.000000e-01,5.000000e-01,5.000000e-01,5.000000e-01,0.000000e+00,0.000000e+00,0.000000e+00,0.000000e+00,0.000000e+00,0.000000e+00,0.000000e+00,0.000000e+00,0.000000e+00,0.000000e+00,0.000000e+00,2.004111e-01,0.000000e+00,0.000000e+00,0.000000e+00,0.000000e+00,0.000000e+00,0.000000e+00,0.000000e+00,0.000000e+00,0.000000e+00,0.000000e+00,0.000000e+00,0.000000e+00,0.000000e+00,0.000000e+00,0.000000e+00,0.000000e+00
5.050000e+01,11,5.000000e-01,5.000000e-01,5.000000e-01,5.000000e-01,5.000000e-01,5.000000e-01,5.000000e-01,5.000000e-01,5.000000e-01,5.000000e-01,5.000000e-01,5.176887e-12,5.000000e-01,5.000000e-01,5.000000e-01,5.000000e-01,5.000000e-01,5.000000e-01,5.000000e-01,5.000000e-01,5.000000e-01,5.000000e-01,5.000000e-01,5.000000e-01,5.000000e-01,5.000000e-01,5.000000e-01,5.000000e-01,0.000000e+00,0.000000e+00,0.000000e+00,0.000000e+00,0.000000e+00,0.000000e+00,0.000000e+00,0.000000e+00,0.000000e+00,0.000000e+00,0.000000e+00,3.000000e-01,0.000000e+00,0.000000e+00,0.000000e+00,0.000000e+00,0.000000e+00,0.000000e+00,0.000000e+00,0.000000e+00,0.000000e+00,0.000000e+00,0.000000e+00,0.000000e+00,0.000000e+00,0.000000e+00,0.000000e+00,0.000000e+00
5.060000e+01,11,5.000000e-01,5.000000e-01,5.000000e-01,5.000000e-01,5.000000e-01,5.000000e-01,5.000000e-01,5.000000e-01,5.000000e-01,5.000000e-01,4.144858e-02,1.375351e-06,5.000000e-01,5.000000e-01,5.000000e-01,5.000000e-01,5.000000e-01,5.000000e-01,5.000000e-01,5.000000e-01,5.000000e-01,5.000000e-01,5.000000e-01,5.000000e-01,5.000000e-01,5.000000e-01,5.000000e-01,5.000000e-01,0.000000e+00,0.000000e+00,0.000000e+00,0.000000e+00,0.000000e+00,0.000000e+00,0.000000e+00,0.000000e+00,0.000000e+00,0.000000e+00,5.995204e-16,2.996701e-01,0.000000e+00,0.000000e+00,0.000000e+00,0.000000e+00,0.000000e+00,0.000000e+00,0.000000e+00,0.000000e+00,0.000000e+00,0.000000e+00,0.000000e+00,0.000000e+00,0.000000e+00,0.000000e+00,0.000000e+00,0.000000e+00
5.070000e+01,10,5.000000e-01,5.000000e-01,5.000000e-01,5.000000e-01,5.000000e-01,5.000000e-01,5.000000e-01,5.000000e-01,5.000000e-01,5.000000e-01,9.592429e-11,5.000000e-01,5.000000e-01,5.000000e-01,5.000000e-01,5.000000e-01,5.000000e-01,5.000000e-01,5.000000e-01,5.000000e-01,5.000000e-01,5.000000e-01,5.000000e-01,5.000000e-01,5.000000e-01,5.000000e-01,5.000000e-01,5.000000e-01,0.000000e+00,0.000000e+00,0.000000e+00,0.000000e+00,0.000000e+00,0.000000e+00,0.000000e+00,0.000000e+00,0.000000e+00,0.000000e+00,3.000000e-01,0.000000e+00,0.000000e+00,0.000000e+00,0.000000e+00,0.000000e+00,0.000000e+00,0.000000e+00,0.000000e+00,0.000000e+00,0.000000e+00,0.000000e+00,0.000000e+00,0.000000e+00,0.000000e+00,0.000000e+00,0.000000e+00,0.000000e+00
5.080000e+01,10,5.000000e-01,5.000000e-01,5.000000e-01,5.000000e-01,5.000000e-01,5.000000e-01,5.000000e-01,5.000000e-01,5.000000e-01,5.000000e-01,3.013202e-36,5.000000e-01,5.000000e-01,5.000000e-01,5.000000e-01,5.000000e-01,5.000000e-01,5.000000e-01,5.000000e-01,5.000000e-01,5.000000e-01,5.000000e-01,5.000000e-01,5.000000e-01,5.000000e-01,5.000000e-01,5.000000e-01,5.000000e-01,0.000000e+00,0.000000e+00,0.000000e+00,0.000000e+00,0.000000e+00,0.000000e+00,0.000000e+00,0.000000e+00,0.000000e+00,0.000000e+00,3.000000e-01,0.000000e+00,0.000000e+00,0.000000e+00,0.000000e+00,0.000000e+00,0.000000e+00,0.000000e+00,0.000000e+00,0.000000e+00,0.000000e+00,0.000000e+00,0.000000e+00,0.000000e+00,0.000000e+00,0.000000e+00,0.000000e+00,0.000000e+00
5.090000e+01,10,5.000000e-01,5.000000e-01,5.000000e-01,5.000000e-01,5.000000e-01,5.000000e-01,5.000000e-01,5.000000e-01,5.000000e-01,5.000000e-01,9.944218e-48,5.000000e-01,5.000000e-01,5.000000e-01,5.000000e-01,5.000000e-01,5.000000e-01,5.000000e-01,5.000000e-01,5.000000e-01,5.000000e-01,5.000000e-01,5.000000e-01,5.000000e-01,5.000000e-01,5.000000e-01,5.000000e-01,5.000000e-01,0.000000e+00,0.000000e+00,0.000000e+00,0.000000e+00,0.000000e+00,0.000000e+00,0.000000e+00,0.000000e+00,0.000000e+00,0.000000e+00,3.000000e-01,0.000000e+00,0.000000e+00,0.000000e+00,0.000000e+00,0.000000e+00,0.000000e+00,0.000000e+00,0.000000e+00,0.000000e+00,0.000000e+00,0.000000e+00,0.000000e+00,0.000000e+00,0.000000e+00,0.000000e+00,0.000000e+00,0.000000e+00
5.100000e+01,10,5.000000e-01,5.000000e-01,5.000000e-01,5.000000e-01,5.000000e-01,5.000000e-01,5.000000e-01,5.000000e-01,5.000000e-01,5.000000e-01,1.060321e-09,5.000000e-01,5.000000e-01,5.000000e-01,5.000000e-01,5.000000e-01,5.000000e-01,5.000000e-01,5.000000e-01,5.000000e-01,5.000000e-01,5.000000e-01,5.000000e-01,5.000000e-01,5.000000e-01,5.000000e-01,5.000000e-01,5.000000e-01,0.000000e+00,0.000000e+00,0.000000e+00,0.000000e+00,0.000000e+00,0.000000e+00,0.000000e+00,0.000000e+00,0.000000e+00,0.000000e+00,2.999997e-01,0.000000e+00,0.000000e+00,0.000000e+00,0.000000e+00,0.000000e+00,0.000000e+00,0.000000e+00,0.000000e+00,0.000000e+00,0.000000e+00,0.000000e+00,0.000000e+00,0.000000e+00,0.000000e+00,0.000000e+00,0.000000e+00,0.000000e+00
5.110000e+01,10,5.000000e-01,5.000000e-01,5.000000e-01,5.000000e-01,5.000000e-01,5.000000e-01,5.000000e-01,5.000000e-01,5.000000e-01,5.000000e-01,8.519437e-38,5.000000e-01,5.000000e-01,5.000000e-01,5.000000e-01,5.000000e-01,5.000000e-01,5.000000e-01,5.000000e-01,5.000000e-01,5.000000e-01,5.000000e-01,5.000000e-01,5.000000e-01,5.000000e-01,5.000000e-01,5.000000e-01,5.000000e-01,0.000000e+00,0.000000e+00,0.000000e+00,0.000000e+00,0.000000e+00,0.000000e+00,0.000000e+00,0.000000e+00,0.000000e+00,0.000000e+00,3.000000e-01,0.000000e+00,0.000000e+00,0.000000e+00,0.000000e+00,0.000000e+00,0.000000e+00,0.000000e+00,0.000000e+00,0.000000e+00,0.000000e+00,0.000000e+00,0.000000e+00,0.000000e+00,0.000000e+00,0.000000e+00,0.000000e+00,0.000000e+00
5.120000e+01,10,5.000000e-01,5.000000e-01,5.000000e-01,5.000000e-01,5.000000e-01,5.000000e-01,5.000000e-01,5.000000e-01,5.000000e-01,5.000000e-01,1.053803e-29,5.000000e-01,5.000000e-01,5.000000e-01,5.000000e-01,5.000000e-01,5.000000e-01,5.000000e-01,5.000000e-01,5.000000e-01,5.000000e-01,5.000000e-01,5.000000e-01,5.000000e-01,5.000000e-01,5.000000e-01,5.000000e-01,5.000000e-01,0.000000e+00,0.000000e+00,0.000000e+00,0.000000e+00,0.000000e+00,0.000000e+00,0.000000e+00,0.000000e+00,0.000000e+00,0.000000e+00,3.000000e-01,0.000000e+00,0.000000e+00,0.000000e+00,0.000000e+00,0.000000e+00,0.000000e+00,0.000000e+00,0.000000e+00,0.000000e+00,0.000000e+00,0.000000e+00,0.000000e+00,0.000000e+00,0.000000e+00,0.000000e+00,0.000000e+00,0.000000e+00
5.130000e+01,10,5.000000e-01,5.000000e-01,5.000000e-01,5.000000e-01,5.000000e-01,5.000000e-01,5.000000e-01,5.000000e-01,5.000000e-01,5.000000e-01,1.587611e-41,5.000000e-01,5.000000e-01,5.000000e-01,5.000000e-01,5.000000e-01,5.000000e-01,5.000000e-01,5.000000e-01,5.000000e-01,5.000000e-01,5.000000e-01,5.000000e-01,5.000000e-01,5.000000e-01,5.000000e-01,5.000000e-01,5.000000e-01,0.000000e+00,0.000000e+00,0.000000e+00,0.000000e+00,0.000000e+00,0.000000e+00,0.000000e+00,0.000000e+00,0.000000e+00,0.000000e+00,3.000000e-01,0.000000e+00,0.000000e+00,0.000000e+00,0.000000e+00,0.000000e+00,0.000000e+00,0.000000e+00,0.000000e+00,0.000000e+00,0.000000e+00,0.000000e+00,0.000000e+00,0.000000e+00,0.000000e+00,0.000000e+00,0.000000e+00,0.000000e+00
5.140000e+01,10,5.000000e-01,5.000000e-01,5.000000e-01,5.000000e-01,5.000000e-01,5.000000e-01,5.000000e-01,5.000000e-01,5.000000e-01,7.768649e-03,3.235139e-08,5.000000e-01,5.000000e-01,5.000000e-01,5.000000e-01,5.000000e-01,5.000000e-01,5.000000e-01,5.000000e-01,5.000000e-01,5.000000e-01,5.000000e-01,5.000000e-01,5.000000e-01,5.000000e-01,5.000000e-01,5.000000e-01,5.000000e-01,0.000000e+00,0.000000e+00,0.000000e+00,0.000000e+00,0.000000e+00,0.000000e+00,0.000000e+00,0.000000e+00,0.000000e+00,5.854332e-04,2.999922e-01,0.000000e+00,0.000000e+00,0.000000e+00,0.000000e+00,0.000000e+00,0.000000e+00,0.000000e+00,0.000000e+00,0.000000e+00,0.000000e+00,0.000000e+00,0.000000e+00,0.000000e+00,0.000000e+00,0.000000e+00,0.000000e+00,0.000000e+00
5.150000e+01,9,5.000000e-01,5.000000e-01,5.000000e-01,5.000000e-01,5.000000e-01,5.000000e-01,5.000000e-01,5.000000e-01,5.000000e-01,1.843759e-16,5.000000e-01,5.000000e-01,5.000000e-01,5.000000e-01,5.000000e-01,5.000000e-01,5.000000e-01,5.000000e-01,5.000000e-01,5.000000e-01,5.000000e-01,5.000000e-01,5.000000e-01,5.000000e-01,5.000000e-01,5.000000e-01,5.000000e-01,5.000000e-01,0.000000e+00,0.000000e+00,0.000000e+00,0.000000e+00,0.000000e+00,0.000000e+00,0.000000e+00,0.000000e+00,0.000000e+00,3.000000e-01,0.000000e+00,0.000000e+00,0.000000e+00,0.000000e+00,0.000000e+00,0.000000e+00,0.000000e+00,0.000000e+00,0.000000e+00,0.000000e+00,0.000000e+00,0.000000e+00,0.000000e+00,0.000000e+00,0.000000e+00,0.000000e+00,0.000000e+00,0.000000e+00
5.160000e+01,9,5.000000e-01,5.000000e-01,5.000000e-01,5.000000e-01,5.000000e-01,5.000000e-01,5.000000e-01,5.000000e-01,5.000000e-01,6.020298e-31,5.000000e-01,5.000000e-01,5.000000e-01,5.000000e-01,5.000000e-01,5.000000e-01,5.000000e-01,5.000000e-01,5.000000e-01,5.000000e-01,5.000000e-01,5.000000e-01,5.000000e-01,5.000000e-01,5.000000e-01,5.000000e-01,5.000000e-01,5.000000e-01,0.000000e+00,0.000000e+00,0.000000e+00,0.000000e+00,0.000000e+00,0.000000e+00,0.000000e+00,0.000000e+00,0.000000e+00,3.000000e-01,0.000000e+00,0.000000e+00,0.000000e+00,0.000000e+00,0.000000e+00,0.000000e+00,0.000000e+00,0.000000e+00,0.000000e+00,0.000000e+00,0.000000e+00,0.000000e+00,0.000000e+00,0.000000e+00,0.000000e+00,0.000000e+00,0.000000e+00,0.000000e+00
5.170000e+01,9,5.000000e-01,5.000000e-01,5.000000e-01,5.000000e-01,5.000000e-01,5.000000e-01,5.000000e-01,5.000000e-01,5.000000e-01,5.515133e-07,5.000000e-01,5.000000e-01,5.000000e-01,5.000000e-01,5.000000e-01,5.000000e-01,5.000000e-01,5.000000e-01,5.000000e-01,5.000000e-01,5.000000e-01,5.000000e-01,5.000000e-01,5.000000e-01,5.000000e-01,5.000000e-01,5.000000e-01,5.000000e-01,0.000000e+00,0.000000e+00,0.000000e+00,0.000000e+00,0.000000e+00,0.000000e+00,0.000000e+00,0.000000e+00,0.000000e+00,2.998677e-01,0.000000e+00,0.000000e+00,0.000000e+00,0.000000e+00,0.000000e+00,0.000000e+00,0.000000e+00,0.000000e+00,0.000000e+00,0.000000e+00,0.000000e+00,0.000000e+00,0.000000e+00,0.000000e+00,0.000000e+00,0.000000e+00,0.000000e+00,0.000000e+00
5.180000e+01,9,5.000000e-01,5.000000e-01,5.000000e-01,5.000000e-01,5.000000e-01,5.000000e-01,5.000000e-01,5.000000e-01,5.000000e-01,2.174249e-06,5.000000e-01,5.000000e-01,5.000000e-01,5.000000e-01,5.000000e-01,5.000000e-01,5.000000e-01,5.000000e-01,5.000000e-01,5.000000e-01,5.000000e-01,5.000000e-01,5.000000e-01,5.000000e-01,5.000000e-01,5.000000e-01,5.000000e-01,5.000000e-01,0.000000e+00,0.000000e+00,0.000000e+00,0.000000e+00,0.000000e+00,0.000000e+00,0.000000e+00,0.000000e+00,0.000000e+00,2.994786e-01,0.000000e+00,0.000000e+00,0.000000e+00,0.000000e+00,0.000000e+00,0.000000e+00,0.000000e+00,0.000000e+00,0.000000e+00,0.000000e+00,0.000000e+00,0.000000e+00,0.000000e+00,0.000000e+00,0.000000e+00,0.000000e+00,0.000000e+00,0.000000e+00
5.190000e+01,9,5.000000e-01,5.000000e-01,5.000000e-01,5.000000e-01,5.000000e-01,5.000000e-01,5.000000e-01,5.000000e-01,5.000000e-01,1.856976e-20,5.000000e-01,5.000000e-01,5.000000e-01,5.000000e-01,5.000000e-01,5.000000e-01,5.000000e-01,5.000000e-01,5.000000e-01,5.000000e-01,5.000000e-01,5.000000e-01,5.000000e-01,5.000000e-01,5.000000e-01,5.000000e-01,5.000000e-01,5.000000e-01,0.000000e+00,0.000000e+00,0.000000e+00,0.000000e+00,0.000000e+00,0.000000e+00,0.000000e+00,0.000000e+00,0.000000e+00,3.000000e-01,0.000000e+00,0.000000e+00,0.000000e+00,0.000000e+00,0.000000e+00,0.000000e+00,0.000000e+00,0.000000e+00,0.000000e+00,0.000000e+00,0.000000e+00,0.000000e+00,0.000000e+00,0.000000e+00,0.000000e+00,0.000000e+00,0.000000e+00,0.000000e+00
5.200000e+01,9,5.000000e-01,5.000000e-01,5.000000e-01,5.000000e-01,5.000000e-01,5.000000e-01,5.000000e-01,5.000000e-01,4.580974e-02,3.545547e-14,5.000000e-01,5.000000e-01,5.000000e-01,5.000000e-01,5.000000e-01,5.000000e-01,5.000000e-01,5.000000e-01,5.000000e-01,5.000000e-01,5.000000e-01,5.000000e-01,5.000000e-01,5.000000e-01,5.000000e-01,5.000000e-01,5.000000e-01,5.000000e-01,0.000000e+00,0.000000e+00,0.000000e+00,0.000000e+00,0.000000e+00,0.000000e+00,0.000000e+00,0.000000e+00,0.000000e+00,3.000000e-01,0.000000e+00,0.000000e+00,0.000000e+00,0.000000e+00,0.000000e+00,0.000000e+00,0.000000e+00,0.000000e+00,0.000000e+00,0.000000e+00,0.000000e+00,0.000000e+00,0.000000e+00,0.000000e+00,0.000000e+00,0.000000e+00,0.000000e+00,0.000000e+00
5.210000e+01,9,5.000000e-01,5.000000e-01,5.000000e-01,5.000000e-01,5.000000e-01,5.000000e-01,5.000000e-01,5.000000e-01,3.526568e-02,2.778715e-03,5.000000e-01,5.000000e-01,5.000000e-01,5.000000e-01,5.000000e-01,5.000000e-01,5.000000e-01,5.000000e-01,5.000000e-01,5.000000e-01,5.000000e-01,5.000000e-01,5.000000e-01,5.000000e-01,5.000000e-01,5.000000e-01,5.000000e-01,5.000000e-01,0.000000e+00,0.000000e+00,0.000000e+00,0.000000e+00,0.000000e+00,0.000000e+00,0.000000e+00,0.000000e+00,1.007527e-13,3.238567e-02,0.000000e+00,0.000000e+00,0.000000e+00,0.000000e+00,0.000000e+00,0.000000e+00,0.000000e+00,0.000000e+00,0.000000e+00,0.000000e+00,0.000000e+00,0.000000e+00,0.000000e+00,0.000000e+00,0.000000e+00,0.000000e+00,0.000000e+00,0.000000e+00
5.220000e+01,-1,5.000000e-01,5.000000e-01,5.000000e-01,5.000000e-01,5.000000e-01,5.000000e-01,5.000000e-01,5.000000e-01,5.000000e-01,5.000000e-01,5.000000e-01,5.000000e-01,5.000000e-01,5.000000e-01,5.000000e-01,5.000000e-01,5.000000e-01,5.000000e-01,5.000000e-01,5.000000e-01,5.000000e-01,5.000000e-01,5.000000e-01,5.000000e-01,5.000000e-01,5.000000e-01,5.000000e-01,5.000000e-01,0.000000e+00,0.000000e+00,0.000000e+00,0.000000e+00,0.000000e+00,0.000000e+00,0.000000e+00,0.000000e+00,0.000000e+00,0.000000e+00,0.000000e+00,0.000000e+00,0.000000e+00,0.000000e+00,0.000000e+00,0.000000e+00,0.000000e+00,0.000000e+00,0.000000e+00,0.000000e+00,0.000000e+00,0.000000e+00,0.000000e+00,0.000000e+00,0.000000e+00,0.000000e+00,0.000000e+00,0.000000e+00
5.230000e+01,15,5.000000e-01,5.000000e-01,5.000000e-01,5.000000e-01,5.000000e-01,5.000000e-01,5.000000e-01,5.000000e-01,5.000000e-01,5.000000e-01,5.000000e-01,5.000000e-01,5.000000e-01,5.000000e-01,5.000000e-01,2.159054e-05,5.000000e-01,5.000000e-01,5.000000e-01,5.000000e-01,5.000000e-01,5.000000e-01,5.000000e-01,5.000000e-01,5.000000e-01,5.000000e-01,5.000000e-01,5.000000e-01,0.000000e+00,0.000000e+00,0.000000e+00,0.000000e+00,0.000000e+00,0.000000e+00,0.000000e+00,0.000000e+00,0.000000e+00,0.000000e+00,0.000000e+00,0.000000e+00,0.000000e+00,0.000000e+00,0.000000e+00,2.948627e-01,0.000000e+00,0.000000e+00,0.000000e+00,0.000000e+00,0.000000e+00,0.000000e+00,0.000000e+00,0.000000e+00,0.000000e+00,0.000000e+00,0.000000e+00,0.000000e+00
5.240000e+01,15,5.000000e-01,5.000000e-01,5.000000e-01,5.000000e-01,5.000000e-01,5.000000e-01,5.000000e-01,5.000000e-01,5.000000e-01,5.000000e-01,5.000000e-01,5.000000e-01,5.000000e-01,5.000000e-01,5.000000e-01,2.503532e-13,5.000000e-01,5.000000e-01,5.000000e-01,5.000000e-01,5.000000e-01,5.000000e-01,5.000000e-01,5.000000e-01,5.000000e-01,5.000000e-01,5.000000e-01,5.000000e-01,0.000000e+00,0.000000e+00,0.000000e+00,0.000000e+00,0.000000e+00,0.000000e+00,0.000000e+00,0.000000e+00,0.000000e+00,0.000000e+00,0.000000e+00,0.000000e+00,0.000000e+00,0.000000e+00,0.000000e+00,3.000000e-01,0.000000e+00,0.000000e+00,0.000000e+00,0.000000e+00,0.000000e+00,0.000000e+00,0.000000e+00,0.000000e+00,0.000000e+00,0.000000e+00,0.000000e+00,0.000000e+00
5.250000e+01,15,5.000000e-01,5.000000e-01,5.000000e-01,5.000000e-01,5.000000e-01,5.000000e-01,5.000000e-01,5.000000e-01,5.000000e-01,5.000000e-01,5.000000e-01,5.000000e-01,5.000000e-01,5.000000e-01,2.922737e-02,7.553294e-07,5.000000e-01,5.000000e-01,5.000000e-01,5.000000e-01,5.000000e-01,5.000000e-01,5.000000e-01,5.000000e-01,5.000000e-01,5.000000e-01,5.000000e-01,5.000000e-01,0.000000e+00,0.000000e+00,0.000000e+00,0.000000e+00,0.000000e+00,0.000000e+00,0.000000e+00,0.000000e+00,0.000000e+00,0.000000e+00,0.000000e+00,0.000000e+00,0.000000e+00,0.000000e+00,1.482997e-11,2.998188e-01,0.000000e+00,0.000000e+00,0.000000e+00,0.000000e+00,0.000000e+00,0.000000e+00,0.000000e+00,0.000000e+00,0.000000e+00,0.000000e+00,0.000000e+00,0.000000e+00
5.260000e+01,14,5.000000e-01,5.000000e-01,5.000000e-01,5.000000e-01,5.000000e-01,5.000000e-01,5.000000e-01,5.000000e-01,5.000000e-01,5.000000e-01,5.000000e-01,5.000000e-01,5.000000e-01,5.000000e-01,1.950686e-02,5.000000e-01,5.000000e-01,5.000000e-01,5.000000e-01,5.000000e-01,5.000000e-01,5.000000e-01,5.000000e-01,5.000000e-01,5.000000e-01,5.000000e-01,5.000000e-01,5.000000e-01,0.000000e+00,0.000000e+00,0.000000e+00,0.000000e+00,0.000000e+00,0.000000e+00,0.000000e+00,0.000000e+00,0.000000e+00,0.000000e+00,0.000000e+00,0.000000e+00,0.000000e+00,0.000000e+00,4.293080e-08,0.000000e+00,0.000000e+00,0.000000e+00,0.000000e+00,0.000000e+00,0.000000e+00,0.000000e+00,0.000000e+00,0.000000e+00,0.000000e+00,0.000000e+00,0.000000e+00,0.000000e+00
5.270000e+01,-1,5.000000e-01,5.000000e-01,5.000000e-01,5.000000e-01,5.000000e-01,5.000000e-01,5.000000e-01,5.000000e-01,5.000000e-01,5.000000e-01,5.000000e-01,5.000000e-01,5.000000e-01,5.000000e-01,5.000000e-01,5.000000e-01,5.000000e-01,5.000000e-01,5.000000e-01,5.000000e-01,5.000000e-01,5.000000e-01,5.000000e-01,5.000000e-01,5.000000e-01,5.000000e-01,5.000000e-01,5.000000e-01,0.000000e+00,0.000000e+00,0.000000e+00,0.000000e+00,0.000000e+00,0.000000e+00,0.000000e+00,0.000000e+00,0.000000e+00,0.000000e+00,0.000000e+00,0.000000e+00,0.000000e+00,0.000000e+00,0.000000e+00,0.000000e+00,0.000000e+00,0.000000e+00,0.000000e+00,0.000000e+00,0.000000e+00,0.000000e+00,0.000000e+00,0.000000e+00,0.000000e+00,0.000000e+00,0.000000e+00,0.000000e+00
5.280000e+01,15,5.000000e-01,5.000000e-01,5.000000e-01,5.000000e-01,5.000000e-01,5.000000e-01,5.000000e-01,5.000000e-01,5.000000e-01,5.000000e-01,5.000000e-01,5.000000e-01,5.000000e-01,5.000000e-01,5.000000e-01,3.324200e-02,5.000000e-01,5.000000e-01,5.000000e-01,5.000000e-01,5.000000e-01,5.000000e-01,5.000000e-01,5.000000e-01,5.000000e-01,5.000000e-01,5.000000e-01,5.000000e-01,0.000000e+00,0.000000e+00,0.000000e+00,0.000000e+00,0.000000e+00,0.000000e+00,0.000000e+00,0.000000e+00,0.000000e+00,0.000000e+00,0.000000e+00,0.000000e+00,0.000000e+00,0.000000e+00,0.000000e+00,5.387024e-13,0.000000e+00,0.000000e+00,0.000000e+00,0.000000e+00,0.000000e+00,0.000000e+00,0.000000e+00,0.000000e+00,0.000000e+00,0.000000e+00,0.000000e+00,0.000000e+00
5.290000e+01,15,5.000000e-01,5.000000e-01,5.000000e-01,5.000000e-01,5.000000e-01,5.000000e-01,5.000000e-01,5.000000e-01,5.000000e-01,5.000000e-01,5.000000e-01,5.000000e-01,5.000000e-01,5.000000e-01,5.000000e-01,3.400779e-05,5.000000e-01,5.000000e-01,5.000000e-01,5.000000e-01,5.000000e-01,5.000000e-01,5.000000e-01,5.000000e-01,5.000000e-01,5.000000e-01,5.000000e-01,5.000000e-01,0.000000e+00,0.000000e+00,0.000000e+00,0.000000e+00,0.000000e+00,0.000000e+00,0.000000e+00,0.000000e+00,0.000000e+00,0.000000e+00,0.000000e+00,0.000000e+00,0.000000e+00,0.000000e+00,0.000000e+00,2.919480e-01,0.000000e+00,0.000000e+00,0.000000e+00,0.000000e+00,0.000000e+00,0.000000e+00,0.000000e+00,0.000000e+00,0.000000e+00,0.000000e+00,0.000000e+00,0.000000e+00
5.300000e+01,8,5.000000e-01,5.000000e-01,5.000000e-01,5.000000e-01,5.000000e-01,5.000000e-01,5.000000e-01,5.000000e-01,4.527411e-03,5.000000e-01,5.000000e-01,5.000000e-01,5.000000e-01,5.000000e-01,5.000000e-01,5.000000e-01,5.000000e-01,5.000000e-01,5.000000e-01,5.000000e-01,5.000000e-01,5.000000e-01,5.000000e-01,5.000000e-01,5.000000e-01,5.000000e-01,5.000000e-01,5.000000e-01,0.000000e+00,0.000000e+00,0.000000e+00,0.000000e+00,0.000000e+00,0.000000e+00,0.000000e+00,0.000000e+00,7.953639e-03,0.000000e+00,0.000000e+00,0.000000e+00,0.000000e+00,0.000000e+00,0.000000e+00,0.000000e+00,0.000000e+00,0.000000e+00,0.000000e+00,0.000000e+00,0.000000e+00,0.000000e+00,0.000000e+00,0.000000e+00,0.000000e+00,0.000000e+00,0.000000e+00,0.000000e+00
5.310000e+01,8,5.000000e-01,5.000000e-01,5.000000e-01,5.000000e-01,5.000000e-01,5.000000e-01,5.000000e-01,5.000000e-01,8.144486e-14,5.000000e-01,5.000000e-01,5.000000e-01,5.000000e-01,5.000000e-01,5.000000e-01,5.000000e-01,5.000000e-01,5.000000e-01,5.000000e-01,5.000000e-01,5.000000e-01,5.000000e-01,5.000000e-01,5.000000e-01,5.000000e-01,5.000000e-01,5.000000e-01,5.000000e-01,0.000000e+00,0.000000e+00,0.000000e+00,0.000000e+00,0.000000e+00,0.000000e+00,0.000000e+00,0.000000e+00,3.000000e-01,0.000000e+00,0.000000e+00,0.000000e+00,0.000000e+00,0.000000e+00,0.000000e+00,0.000000e+00,0.000000e+00,0.000000e+00,0.000000e+00,0.000000e+00,0.000000e+00,0.000000e+00,0.000000e+00,0.000000e+00,0.000000e+00,0.000000e+00,0.000000e+00,0.000000e+00
5.320000e+01,8,5.000000e-01,5.000000e-01,5.000000e-01,5.000000e-01,5.000000e-01,5.000000e-01,5.000000e-01,5.000000e-01,3.783729e-12,5.000000e-01,5.000000e-01,5.000000e-01,5.000000e-01,5.000000e-01,5.000000e-01,5.000000e-01,5.000000e-01,5.000000e-01,5.000000e-01,5.000000e-01,5.000000e-01,5.000000e-01,5.000000e-01,5.000000e-01,5.000000e-01,5.000000e-01,5.000000e-01,5.000000e-01,0.000000e+00,0.000000e+00,0.000000e+00,0.000000e+00,0.000000e+00,0.000000e+00,0.000000e+00,0.000000e+00,3.000000e-01,0.000000e+00,0.000000e+00,0.000000e+00,0.000000e+00,0.000000e+00,0.000000e+00,0.000000e+00,0.000000e+00,0.000000e+00,0.000000e+00,0.000000e+00,0.000000e+00,0.000000e+00,0.000000e+00,0.000000e+00,0.000000e+00,0.000000e+00,0.000000e+00,0.000000e+00
5.330000e+01,8,5.000000e-01,5.000000e-01,5.000000e-01,5.000000e-01,5.000000e-01,5.000000e-01,5.000000e-01,5.000000e-01,7.225577e-10,2.290791e-02,5.000000e-01,5.000000e-01,5.000000e-01,5.000000e-01,5.000000e-01,5.000000e-01,5.000000e-01,5.000000e-01,5.000000e-01,5.000000e-01,5.000000e-01,5.000000e-01,5.000000e-01,5.000000e-01,5.000000e-01,5.000000e-01,5.000000e-01,5.000000e-01,0.000000e+00,0.000000e+00,0.000000e+00,0.000000e+00,0.000000e+00,0.000000e+00,0.000000e+00,0.000000e+00,2.999998e-01,2.663917e-09,0.000000e+00,0.000000e+00,0.000000e+00,0.000000e+00,0.000000e+00,0.000000e+00,0.000000e+00,0.000000e+00,0.000000e+00,0.000000e+00,0.000000e+00,0.000000e+00,0.000000e+00,0.000000e+00,0.000000e+00,0.000000e+00,0.000000e+00,0.000000e+00
5.340000e+01,8,5.000000e-01,5.000000e-01,5.000000e-01,5.000000e-01,5.000000e-01,5.000000e-01,5.000000e-01,5.000000e-01,1.540505e-07,2.142272e-02,5.000000e-01,5.000000e-01,5.000000e-01,5.000000e-01,5.000000e-01,5.000000e-01,5.000000e-01,5.000000e-01,5.000000e-01,5.000000e-01,5.000000e-01,5.000000e-01,5.000000e-01,5.000000e-01,5.000000e-01,5.000000e-01,5.000000e-01,5.000000e-01,0.000000e+00,0.000000e+00,0.000000e+00,0.000000e+00,0.000000e+00,0.000000e+00,0.000000e+00,0.000000e+00,2.999630e-01,8.978923e-09,0.000000e+00,0.000000e+00,0.000000e+00,0.000000e+00,0.000000e+00,0.000000e+00,0.000000e+00,0.000000e+00,0.000000e+00,0.000000e+00,0.000000e+00,0.000000e+00,0.000000e+00,0.000000e+00,0.000000e+00,0.000000e+00,0.000000e+00,0.000000e+00
5.350000e+01,9,5.000000e-01,5.000000e-01,5.000000e-01,5.000000e-01,5.000000e-01,5.000000e-01,5.000000e-01,5.000000e-01,2.415177e-02,3.348323e-05,5.000000e-01,5.000000e-01,5.000000e-01,5.000000e-01,5.000000e-01,5.000000e-01,5.000000e-01,5.000000e-01,5.000000e-01,5.000000e-01,5.000000e-01,5.000000e-01,5.000000e-01,5.000000e-01,5.000000e-01,5.000000e-01,5.000000e-01,5.000000e-01,0.000000e+00,0.000000e+00,0.000000e+00,0.000000e+00,0.000000e+00,0.000000e+00,0.000000e+00,0.000000e+00,9.614868e-10,2.920706e-01,0.000000e+00,0.000000e+00,0.000000e+00,0.000000e+00,0.000000e+00,0.000000e+00,0.000000e+00,0.000000e+00,0.000000e+00,0.000000e+00,0.000000e+00,0.000000e+00,0.000000e+00,0.000000e+00,0.000000e+00,0.000000e+00,0.000000e+00,0.000000e+00
5.360000e+01,9,5.000000e-01,5.000000e-01,5.000000e-01,5.000000e-01,5.000000e-01,5.000000e-01,5.000000e-01,5.000000e-01,5.000000e-01,1.310223e-27,5.000000e-01,5.000000e-01,5.000000e-01,5.000000e-01,5.000000e-01,5.000000e-01,5.000000e-01,5.000000e-01,5.000000e-01,5.000000e-01,5.000000e-01,5.000000e-01,5.000000e-01,5.000000e-01,5.000000e-01,5.000000e-01,5.000000e-01,5.000000e-01,0.000000e+00,0.000000e+00,0.000000e+00,0.000000e+00,0.000000e+00,0.000000e+00,0.000000e+00,0.000000e+00,0.000000e+00,3.000000e-01,0.000000e+00,0.000000e+00,0.000000e+00,0.000000e+00,0.000000e+00,0.000000e+00,0.000000e+00,0.000000e+00,0.000000e+00,0.000000e+00,0.000000e+00,0.000000e+00,0.000000e+00,0.000000e+00,0.000000e+00,0.000000e+00,0.000000e+00,0.000000e+00
5.370000e+01,9,5.000000e-01,5.000000e-01,5.000000e-01,5.000000e-01,5.000000e-01,5.000000e-01,5.000000e-01,5.000000e-01,5.000000e-01,3.380371e-12,5.000000e-01,5.000000e-01,5.000000e-01,5.000000e-01,5.000000e-01,5.000000e-01,5.000000e-01,5.000000e-01,5.000000e-01,5.000000e-01,5.000000e-01,5.000000e-01,5.000000e-01,5.000000e-01,5.000000e-01,5.000000e-01,5.000000e-01,5.000000e-01,0.000000e+00,0.000000e+00,0.000000e+00,0.000000e+00,0.000000e+00,0.000000e+00,0.000000e+00,0.000000e+00,0.000000e+00,3.000000e-01,0.000000e+00,0.000000e+00,0.000000e+00,0.000000e+00,0.000000e+00,0.000000e+00,0.000000e+00,0.000000e+00,0.000000e+00,0.000000e+00,0.000000e+00,0.000000e+00,0.000000e+00,0.000000e+00,0.000000e+00,0.000000e+00,0.000000e+00,0.000000e+00
5.380000e+01,9,5.000000e-01,5.000000e-01,5.000000e-01,5.000000e-01,5.000000e-01,5.000000e-01,5.000000e-01,5.000000e-01,5.000000e-01,2.795492e-02,5.000000e-01,5.000000e-01,5.000000e-01,5.000000e-01,5.000000e-01,5.000000e-01,5.000000e-01,5.000000e-01,5.000000e-01,5.000000e-01,5.000000e-01,5.000000e-01,5.000000e-01,5.000000e-01,5.000000e-01,5.000000e-01,5.000000e-01,5.000000e-01,0.000000e+00,0.000000e+00,0.000000e+00,0.000000e+00,0.000000e+00,0.000000e+00,0.000000e+00,0.000000e+00,0.000000e+00,4.229070e-11,0.000000e+00,0.000000e+00,0.000000e+00,0.000000e+00,0.000000e+00,0.000000e+00,0.000000e+00,0.000000e+00,0.000000e+00,0.000000e+00,0.000000e+00,0.000000e+00,0.000000e+00,0.000000e+00,0.000000e+00,0.000000e+00,0.000000e+00,0.000000e+00
5.390000e+01,9,5.000000e-01,5.000000e-01,5.000000e-01,5.000000e-01,5.000000e-01,5.000000e-01,5.000000e-01,5.000000e-01,5.000000e-01,4.423589e-07,5.000000e-01,5.000000e-01,5.000000e-01,5.000000e-01,5.000000e-01,5.000000e-01,5.000000e-01,5.000000e-01,5.000000e-01,5.000000e-01,5.000000e-01,5.000000e-01,5.000000e-01,5.000000e-01,5.000000e-01,5.000000e-01,5.000000e-01,5.000000e-01,0.000000e+00,0.000000e+00,0.000000e+00,0.000000e+00,0.000000e+00,0.000000e+00,0.000000e+00,0.000000e+00,0.000000e+00,2.998939e-01,0.000000e+00,0.000000e+00,0.000000e+00,0.000000e+00,0.000000e+00,0.000000e+00,0.000000e+00,0.000000e+00,0.000000e+00,0.000000e+00,0.000000e+00,0.000000e+00,0.000000e+00,0.000000e+00,0.000000e+00,0.000000e+00,0.000000e+00,0.000000e+00
5.400000e+01,9,5.000000e-01,5.000000e-01,5.000000e-01,5.000000e-01,5.000000e-01,5.000000e-01,5.000000e-01,5.000000e-01,5.000000e-01,8.310072e-27,5.000000e-01,5.000000e-01,5.000000e-01,5.000000e-01,5.000000e-01,5.000000e-01,5.000000e-01,5.000000e-01,5.000000e-01,5.000000e-01,5.000000e-01,5.000000e-01,5.000000e-01,5.000000e-01,5.000000e-01,5.000000e-01,5.000000e-01,5.000000e-01,0.000000e+00,0.000000e+00,0.000000e+00,0.000000e+00,0.000000e+00,0.000000e+00,0.000000e+00,0.000000e+00,0.000000e+00,3.000000e-01,0.000000e+00,0.000000e+00,0.000000e+00,0.000000e+00,0.000000e+00,0.000000e+00,0.000000e+00,0.000000e+00,0.000000e+00,0.000000e+00,0.000000e+00,0.000000e+00,0.000000e+00,0.000000e+00,0.000000e+00,0.000000e+00,0.000000e+00,0.000000e+00
5.410000e+01,9,5.000000e-01,5.000000e-01,5.000000e-01,5.000000e-01,5.000000e-01,5.000000e-01,5.000000e-01,5.000000e-01,5.000000e-01,4.143182e-36,5.000000e-01,5.000000e-01,5.000000e-01,5.000000e-01,5.000000e-01,5.000000e-01,5.000000e-01,5.000000e-01,5.000000e-01,5.000000e-01,5.000000e-01,5.000000e-01,5.000000e-01,5.000000e-01,5.000000e-01,5.000000e-01,5.000000e-01,5.000000e-01,0.000000e+00,0.000000e+00,0.000000e+00,0.000000e+00,0.000000e+00,0.000000e+00,0.000000e+00,0.000000e+00,0.000000e+00,3.000000e-01,0.000000e+00,0.000000e+00,0.000000e+00,0.000000e+00,0.000000e+00,0.000000e+00,0.000000e+00,0.000000e+00,0.000000e+00,0.000000e+00,0.000000e+00,0.000000e+00,0.000000e+00,0.000000e+00,0.000000e+00,0.000000e+00,0.000000e+00,0.000000e+00
5.420000e+01,9,5.000000e-01,5.000000e-01,5.000000e-01,5.000000e-01,5.000000e-01,5.000000e-01,5.000000e-01,5.000000e-01,5.000000e-01,1.759269e-07,5.000000e-01,5.000000e-01,5.000000e-01,5.000000e-01,5.000000e-01,5.000000e-01,5.000000e-01,5.000000e-01,5.000000e-01,5.000000e-01,5.000000e-01,5.000000e-01,5.000000e-01,5.000000e-01,5.000000e-01,5.000000e-01,5.000000e-01,5.000000e-01,0.000000e+00,0.000000e+00,0.000000e+00,0.000000e+00,0.000000e+00,0.000000e+00,0.000000e+00,0.000000e+00,0.000000e+00,2.999578e-01,0.000000e+00,0.000000e+00,0.000000e+00,0.000000e+00,0.000000e+00,0.000000e+00,0.000000e+00,0.000000e+00,0.000000e+00,0.000000e+00,0.000000e+00,0.000000e+00,0.000000e+00,0.000000e+00,0.000000e+00,0.000000e+00,0.000000e+00,0.000000e+00
5.430000e+01,-1,5.000000e-01,5.000000e-01,5.000000e-01,5.000000e-01,5.000000e-01,5.000000e-01,5.000000e-01,5.000000e-01,5.000000e-01,5.000000e-01,5.000000e-01,5.000000e-01,5.000000e-01,5.000000e-01,5.000000e-01,5.000000e-01,5.000000e-01,5.000000e-01,5.000000e-01,5.000000e-01,5.000000e-01,5.000000e-01,5.000000e-01,5.000000e-01,5.000000e-01,5.000000e-01,5.000000e-01,5.000000e-01,0.000000e+00,0.000000e+00,0.000000e+00,0.000000e+00,0.000000e+00,0.000000e+00,0.000000e+00,0.000000e+00,0.000000e+00,0.000000e+00,0.000000e+00,0.000000e+00,0.000000e+00,0.000000e+00,0.000000e+00,0.000000e+00,0.000000e+00,0.000000e+00,0.000000e+00,0.000000e+00,0.000000e+00,0.000000e+00,0.000000e+00,0.000000e+00,0.000000e+00,0.000000e+00,0.000000e+00,0.000000e+00
5.440000e+01,2,5.000000e-01,5.000000e-01,6.409452e-03,5.000000e-01,5.000000e-01,5.000000e-01,5.000000e-01,5.000000e-01,5.000000e-01,5.000000e-01,5.000000e-01,5.000000e-01,5.000000e-01,5.000000e-01,5.000000e-01,5.000000e-01,5.000000e-01,5.000000e-01,5.000000e-01,5.000000e-01,5.000000e-01,5.000000e-01,5.000000e-01,5.000000e-01,5.000000e-01,5.000000e-01,5.000000e-01,5.000000e-01,0.000000e+00,0.000000e+00,1.750179e-03,0.000000e+00,0.000000e+00,0.000000e+00,0.000000e+00,0.000000e+00,0.000000e+00,0.000000e+00,0.000000e+00,0.000000e+00,0.000000e+00,0.000000e+00,0.000000e+00,0.000000e+00,0.000000e+00,0.000000e+00,0.000000e+00,0.000000e+00,0.000000e+00,0.000000e+00,0.000000e+00,0.000000e+00,0.000000e+00,0.000000e+00,0.000000e+00,0.000000e+00
5.450000e+01,2,5.000000e-01,5.000000e-01,8.745995e-05,5.000000e-01,5.000000e-01,5.000000e-01,5.000000e-01,5.000000e-01,5.000000e-01,5.000000e-01,5.000000e-01,5.000000e-01,5.000000e-01,5.000000e-01,5.000000e-01,5.000000e-01,5.000000e-01,5.000000e-01,5.000000e-01,5.000000e-01,5.000000e-01,5.000000e-01,5.000000e-01,5.000000e-01,5.000000e-01,5.000000e-01,5.000000e-01,5.000000e-01,0.000000e+00,0.000000e+00,2.797263e-01,0.000000e+00,0.000000e+00,0.000000e+00,0.000000e+00,0.000000e+00,0.000000e+00,0.000000e+00,0.000000e+00,0.000000e+00,0.000000e+00,0.000000e+00,0.000000e+00,0.000000e+00,0.000000e+00,0.000000e+00,0.000000e+00,0.000000e+00,0.000000e+00,0.000000e+00,0.000000e+00,0.000000e+00,0.000000e+00,0.000000e+00,0.000000e+00,0.000000e+00
5.460000e+01,2,5.000000e-01,5.000000e-01,3.166818e-04,5.000000e-01,5.000000e-01,5.000000e-01,5.000000e-01,5.000000e-01,5.000000e-01,5.000000e-01,5.000000e-01,5.000000e-01,5.000000e-01,5.000000e-01,5.000000e-01,5.000000e-01,5.000000e-01,5.000000e-01,5.000000e-01,5.000000e-01,5.000000e-01,5.000000e-01,5.000000e-01,5.000000e-01,5.000000e-01,5.000000e-01,5.000000e-01,5.000000e-01,0.000000e+00,0.000000e+00,2.328506e-01,0.000000e+00,0.000000e+00,0.000000e+00,0.000000e+00,0.000000e+00,0.000000e+00,0.000000e+00,0.000000e+00,0.000000e+00,0.000000e+00,0.000000e+00,0.000000e+00,0.000000e+00,0.000000e+00,0.000000e+00,0.000000e+00,0.000000e+00,0.000000e+00,0.000000e+00,0.000000e+00,0.000000e+00,0.000000e+00,0.000000e+00,0.000000e+00,0.000000e+00
5.470000e+01,2,5.000000e-01,5.000000e-01,1.078679e-02,5.000000e-01,5.000000e-01,5.000000e-01,5.000000e-01,5.000000e-01,5.000000e-01,5.000000e-01,5.000000e-01,5.000000e-01,5.000000e-01,5.000000e-01,5.000000e-01,5.000000e-01,5.000000e-01,5.000000e-01,5.000000e-01,5.000000e-01,5.000000e-01,5.000000e-01,5.000000e-01,5.000000e-01,5.000000e-01,5.000000e-01,5.000000e-01,5.000000e-01,0.000000e+00,0.000000e+00,5.117360e-05,0.000000e+00,0.000000e+00,0.000000e+00,0.000000e+00,0.000000e+00,0.000000e+00,0.000000e+00,0.000000e+00,0.000000e+00,0.000000e+00,0.000000e+00,0.000000e+00,0.000000e+00,0.000000e+00,0.000000e+00,0.000000e+00,0.000000e+00,0.000000e+00,0.000000e+00,0.000000e+00,0.000000e+00,0.000000e+00,0.000000e+00,0.000000e+00,0.000000e+00
5.480000e+01,1,5.000000e-01,1.182078e-02,1.583531e-02,5.000000e-01,5.000000e-01,5.000000e-01,5.000000e-01,5.000000e-01,5.000000e-01,5.000000e-01,5.000000e-01,5.000000e-01,5.000000e-01,5.000000e-01,5.000000e-01,5.000000e-01,5.000000e-01,5.000000e-01,5.000000e-01,5.000000e-01,5.000000e-01,5.000000e-01,5.000000e-01,5.000000e-01,5.000000e-01,5.000000e-01,5.000000e-01,5.000000e-01,0.000000e+00,2.216633e-05,8.537805e-07,0.000000e+00,0.000000e+00,0.000000e+00,0.000000e+00,0.000000e+00,0.000000e+00,0.000000e+00,0.000000e+00,0.000000e+00,0.000000e+00,0.000000e+00,0.000000e+00,0.000000e+00,0.000000e+00,0.000000e+00,0.000000e+00,0.000000e+00,0.000000e+00,0.000000e+00,0.000000e+00,0.000000e+00,0.000000e+00,0.000000e+00,0.000000e+00,0.000000e+00
5.490000e+01,1,5.000000e-01,2.986381e-07,3.111504e-03,5.000000e-01,5.000000e-01,5.000000e-01,5.000000e-01,5.000000e-01,5.000000e-01,5.000000e-01,5.000000e-01,5.000000e-01,5.000000e-01,5.000000e-01,5.000000e-01,5.000000e-01,5.000000e-01,5.000000e-01,5.000000e-01,5.000000e-01,5.000000e-01,5.000000e-01,5.000000e-01,5.000000e-01,5.000000e-01,5.000000e-01,5.000000e-01,5.000000e-01,0.000000e+00,2.999283e-01,2.479641e-02,0.000000e+00,0.000000e+00,0.000000e+00,0.000000e+00,0.000000e+00,0.000000e+00,0.000000e+00,0.000000e+00,0.000000e+00,0.000000e+00,0.000000e+00,0.000000e+00,0.000000e+00,0.000000e+00,0.000000e+00,0.000000e+00,0.000000e+00,0.000000e+00,0.000000e+00,0.000000e+00,0.000000e+00,0.000000e+00,0.000000e+00,0.000000e+00,0.000000e+00
5.500000e+01,1,5.000000e-01,1.634825e-06,5.415876e-03,5.000000e-01,5.000000e-01,5.000000e-01,5.000000e-01,5.000000e-01,5.000000e-01,5.000000e-01,5.000000e-01,5.000000e-01,5.000000e-01,5.000000e-01,5.000000e-01,5.000000e-01,5.000000e-01,5.000000e-01,5.000000e-01,5.000000e-01,5.000000e-01,5.000000e-01,5.000000e-01,5.000000e-01,5.000000e-01,5.000000e-01,5.000000e-01,5.000000e-01,0.000000e+00,2.996079e-01,3.893493e-03,0.000000e+00,0.000000e+00,0.000000e+00,0.000000e+00,0.000000e+00,0.000000e+00,0.000000e+00,0.000000e+00,0.000000e+00,0.000000e+00,0.000000e+00,0.000000e+00,0.000000e+00,0.000000e+00,0.000000e+00,0.000000e+00,0.000000e+00,0.000000e+00,0.000000e+00,0.000000e+00,0.000000e+00,0.000000e+00,0.000000e+00,0.000000e+00,0.000000e+00
5.510000e+01,1,5.000000e-01,2.486138e-02,5.000000e-01,5.000000e-01,5.000000e-01,5.000000e-01,5.000000e-01,5.000000e-01,5.000000e-01,5.000000e-01,5.000000e-01,5.000000e-01,5.000000e-01,5.000000e-01,5.000000e-01,5.000000e-01,5.000000e-01,5.000000e-01,5.000000e-01,5.000000e-01,5.000000e-01,5.000000e-01,5.000000e-01,5.000000e-01,5.000000e-01,5.000000e-01,5.000000e-01,5.000000e-01,0.000000e+00,5.372882e-10,0.000000e+00,0.000000e+00,0.000000e+00,0.000000e+00,0.000000e+00,0.000000e+00,0.000000e+00,0.000000e+00,0.000000e+00,0.000000e+00,0.000000e+00,0.000000e+00,0.000000e+00,0.000000e+00,0.000000e+00,0.000000e+00,0.000000e+00,0.000000e+00,0.000000e+00,0.000000e+00,0.000000e+00,0.000000e+00,0.000000e+00,0.000000e+00,0.000000e+00,0.000000e+00
5.520000e+01,-1,5.000000e-01,5.000000e-01,5.000000e-01,5.000000e-01,5.000000e-01,5.000000e-01,5.000000e-01,5.000000e-01,5.000000e-01,5.000000e-01,5.000000e-01,5.000000e-01,5.000000e-01,5.000000e-01,5.000000e-01,5.000000e-01,5.000000e-01,5.000000e-01,5.000000e-01,5.000000e-01,5.000000e-01,5.000000e-01,5.000000e-01,5.000000e-01,5.000000e-01,5.000000e-01,5.000000e-01,5.000000e-01,0.000000e+00,0.000000e+00,0.000000e+00,0.000000e+00,0.000000e+00,0.000000e+00,0.000000e+00,0.000000e+00,0.000000e+00,0.000000e+00,0.000000e+00,0.000000e+00,0.000000e+00,0.000000e+00,0.000000e+00,0.000000e+00,0.000000e+00,0.000000e+00,0.000000e+00,0.000000e+00,0.000000e+00,0.000000e+00,0.000000e+00,0.000000e+00,0.000000e+00,0.000000e+00,0.000000e+00,0.000000e+00
5.530000e+01,8,5.000000e-01,5.000000e-01,5.000000e-01,5.000000e-01,5.000000e-01,5.000000e-01,5.000000e-01,5.000000e-01,1.171859e-05,1.320835e-02,5.000000e-01,5.000000e-01,5.000000e-01,5.000000e-01,5.000000e-01,5.000000e-01,5.000000e-01,5.000000e-01,5.000000e-01,5.000000e-01,5.000000e-01,5.000000e-01,5.000000e-01,5.000000e-01,5.000000e-01,5.000000e-01,5.000000e-01,5.000000e-01,0.000000e+00,0.000000e+00,0.000000e+00,0.000000e+00,0.000000e+00,0.000000e+00,0.000000e+00,0.000000e+00,2.972007e-01,7.202651e-06,0.000000e+00,0.000000e+00,0.000000e+00,0.000000e+00,0.000000e+00,0.000000e+00,0.000000e+00,0.000000e+00,0.000000e+00,0.000000e+00,0.000000e+00,0.000000e+00,0.000000e+00,0.000000e+00,0.000000e+00,0.000000e+00,0.000000e+00,0.000000e+00
5.540000e+01,9,5.000000e-01,5.000000e-01,5.000000e-01,5.000000e-01,5.000000e-01,5.000000e-01,5.000000e-01,5.000000e-01,2.132172e-02,9.196466e-12,5.000000e-01,5.000000e-01,5.000000e-01,5.000000e-01,5.000000e-01,5.000000e-01,5.000000e-01,5.000000e-01,5.000000e-01,5.000000e-01,5.000000e-01,5.000000e-01,5.000000e-01,5.000000e-01,5.000000e-01,5.000000e-01,5.000000e-01,5.000000e-01,0.000000e+00,0.000000e+00,0.000000e+00,0.000000e+00,0.000000e+00,0.000000e+00,0.000000e+00,0.000000e+00,9.751740e-09,3.000000e-01,0.000000e+00,0.000000e+00,0.000000e+00,0.000000e+00,0.000000e+00,0.000000e+00,0.000000e+00,0.000000e+00,0.000000e+00,0.000000e+00,0.000000e+00,0.000000e+00,0.000000e+00,0.000000e+00,0.000000e+00,0.000000e+00,0.000000e+00,0.000000e+00
5.550000e+01,9,5.000000e-01,5.000000e-01,5.000000e-01,5.000000e-01,5.000000e-01,5.000000e-01,5.000000e-01,5.000000e-01,5.000000e-01,1.481013e-32,5.000000e-01,5.000000e-01,5.000000e-01,5.000000e-01,5.000000e-01,5.000000e-01,5.000000e-01,5.000000e-01,5.000000e-01,5.000000e-01,5.000000e-01,5.000000e-01,5.000000e-01,5.000000e-01,5.000000e-01,5.000000e-01,5.000000e-01,5.000000e-01,0.000000e+00,0.000000e+00,0.000000e+00,0.000000e+00,0.000000e+00,0.000000e+00,0.000000e+00,0.000000e+00,0.000000e+00,3.000000e-01,0.000000e+00,0.000000e+00,0.000000e+00,0.000000e+00,0.000000e+00,0.000000e+00,0.000000e+00,0.000000e+00,0.000000e+00,0.000000e+00,0.000000e+00,0.000000e+00,0.000000e+00,0.000000e+00,0.000000e+00,0.000000e+00,0.000000e+00,0.000000e+00
5.560000e+01,9,5.000000e-01,5.000000e-01,5.000000e-01,5.000000e-01,5.000000e-01,5.000000e-01,5.000000e-01,5.000000e-01,8.031632e-03,5.896291e-09,5.000000e-01,5.000000e-01,5.000000e-01,5.000000e-01,5.000000e-01,5.000000e-01,5.000000e-01,5.000000e-01,5.000000e-01,5.000000e-01,5.000000e-01,5.000000e-01,5.000000e-01,5.000000e-01,5.000000e-01,5.000000e-01,5.000000e-01,5.000000e-01,0.000000e+00,0.000000e+00,0.000000e+00,0.000000e+00,0.000000e+00,0.000000e+00,0.000000e+00,0.000000e+00,4.735657e-04,2.999986e-01,0.000000e+00,0.000000e+00,0.000000e+00,0.000000e+00,0.000000e+00,0.000000e+00,0.000000e+00,0.000000e+00,0.000000e+00,0.000000e+00,0.000000e+00,0.000000e+00,0.000000e+00,0.000000e+00,0.000000e+00,0.000000e+00,0.000000e+00,0.000000e+00
5.570000e+01,8,5.000000e-01,5.000000e-01,5.000000e-01,5.000000e-01,5.000000e-01,5.000000e-01,5.000000e-01,5.000000e-01,4.457027e-10,1.313803e-02,5.000000e-01,5.000000e-01,5.000000e-01,5.000000e-01,5.000000e-01,5.000000e-01,5.000000e-01,5.000000e-01,5.000000e-01,5.000000e-01,5.000000e-01,5.000000e-01,5.000000e-01,5.000000e-01,5.000000e-01,5.000000e-01,5.000000e-01,5.000000e-01,0.000000e+00,0.000000e+00,0.000000e+00,0.000000e+00,0.000000e+00,0.000000e+00,0.000000e+00,0.000000e+00,2.999999e-01,7.625206e-06,0.000000e+00,0.000000e+00,0.000000e+00,0.000000e+00,0.000000e+00,0.000000e+00,0.000000e+00,0.000000e+00,0.000000e+00,0.000000e+00,0.000000e+00,0.000000e+00,0.000000e+00,0.000000e+00,0.000000e+00,0.000000e+00,0.000000e+00,0.000000e+00
5.580000e+01,9,5.000000e-01,5.000000e-01,5.000000e-01,5.000000e-01,5.000000e-01,5.000000e-01,5.000000e-01,5.000000e-01,5.000000e-01,1.007807e-16,5.000000e-01,5.000000e-01,5.000000e-01,5.000000e-01,5.000000e-01,5.000000e-01,5.000000e-01,5.000000e-01,5.000000e-01,5.000000e-01,5.000000e-01,5.000000e-01,5.000000e-01,5.000000e-01,5.000000e-01,5.000000e-01,5.000000e-01,5.000000e-01,0.000000e+00,0.000000e+00,0.000000e+00,0.000000e+00,0.000000e+00,0.000000e+00,0.000000e+00,0.000000e+00,0.000000e+00,3.000000e-01,0.000000e+00,0.000000e+00,0.000000e+00,0.000000e+00,0.000000e+00,0.000000e+00,0.000000e+00,0.000000e+00,0.000000e+00,0.000000e+00,0.000000e+00,0.000000e+00,0.000000e+00,0.000000e+00,0.000000e+00,0.000000e+00,0.000000e+00,0.000000e+00
5.590000e+01,9,5.000000e-01,5.000000e-01,5.000000e-01,5.000000e-01,5.000000e-01,5.000000e-01,5.000000e-01,5.000000e-01,5.000000e-01,7.963288e-48,5.000000e-01,5.000000e-01,5.000000e-01,5.000000e-01,5.000000e-01,5.000000e-01,5.000000e-01,5.000000e-01,5.000000e-01,5.000000e-01,5.000000e-01,5.000000e-01,5.000000e-01,5.000000e-01,5.000000e-01,5.000000e-01,5.000000e-01,5.000000e-01,0.000000e+00,0.000000e+00,0.000000e+00,0.000000e+00,0.000000e+00,0.000000e+00,0.000000e+00,0.000000e+00,0.000000e+00,3.000000e-01,0.000000e+00,0.000000e+00,0.000000e+00,0.000000e+00,0.000000e+00,0.000000e+00,0.000000e+00,0.000000e+00,0.000000e+00,0.000000e+00,0.000000e+00,0.000000e+00,0.000000e+00,0.000000e+00,0.000000e+00,0.000000e+00,0.000000e+00,0.000000e+00
5.600000e+01,9,5.000000e-01,5.000000e-01,5.000000e-01,5.000000e-01,5.000000e-01,5.000000e-01,5.000000e-01,5.000000e-01,5.000000e-01,4.018380e-13,5.000000e-01,5.000000e-01,5.000000e-01,5.000000e-01,5.000000e-01,5.000000e-01,5.000000e-01,5.000000e-01,5.000000e-01,5.000000e-01,5.000000e-01,5.000000e-01,5.000000e-01,5.000000e-01,5.000000e-01,5.000000e-01,5.000000e-01,5.000000e-01,0.000000e+00,0.000000e+00,0.000000e+00,0.000000e+00,0.000000e+00,0.000000e+00,0.000000e+00,0.000000e+00,0.000000e+00,3.000000e-01,0.000000e+00,0.000000e+00,0.000000e+00,0.000000e+00,0.000000e+00,0.000000e+00,0.000000e+00,0.000000e+00,0.000000e+00,0.000000e+00,0.000000e+00,0.000000e+00,0.000000e+00,0.000000e+00,0.000000e+00,0.000000e+00,0.000000e+00,0.000000e+00
5.610000e+01,9,5.000000e-01,5.000000e-01,5.000000e-01,5.000000e-01,5.000000e-01,5.000000e-01,5.000000e-01,5.000000e-01,5.000000e-01,5.369729e-04,5.000000e-01,5.000000e-01,5.000000e-01,5.000000e-01,5.000000e-01,5.000000e-01,5.000000e-01,5.000000e-01,5.000000e-01,5.000000e-01,5.000000e-01,5.000000e-01,5.000000e-01,5.000000e-01,5.000000e-01,5.000000e-01,5.000000e-01,5.000000e-01,0.000000e+00,0.000000e+00,0.000000e+00,0.000000e+00,0.000000e+00,0.000000e+00,0.000000e+00,0.000000e+00,0.000000e+00,1.952125e-01,0.000000e+00,0.000000e+00,0.000000e+00,0.000000e+00,0.000000e+00,0.000000e+00,0.000000e+00,0.000000e+00,0.000000e+00,0.000000e+00,0.000000e+00,0.000000e+00,0.000000e+00,0.000000e+00,0.000000e+00,0.000000e+00,0.000000e+00,0.000000e+00
5.620000e+01,10,5.000000e-01,5.000000e-01,5.000000e-01,5.000000e-01,5.000000e-01,5.000000e-01,5.000000e-01,5.000000e-01,5.000000e-01,2.013513e-02,9.384864e-08,5.000000e-01,5.000000e-01,5.000000e-01,5.000000e-01,5.000000e-01,5.000000e-01,5.000000e-01,5.000000e-01,5.000000e-01,5.000000e-01,5.000000e-01,5.000000e-01,5.000000e-01,5.000000e-01,5.000000e-01,5.000000e-01,5.000000e-01,0.000000e+00,0.000000e+00,0.000000e+00,0.000000e+00,0.000000e+00,0.000000e+00,0.000000e+00,0.000000e+00,0.000000e+00,2.570812e-08,2.999775e-01,0.000000e+00,0.000000e+00,0.000000e+00,0.000000e+00,0.000000e+00,0.000000e+00,0.000000e+00,0.000000e+00,0.000000e+00,0.000000e+00,0.000000e+00,0.000000e+00,0.000000e+00,0.000000e+00,0.000000e+00,0.000000e+00,0.000000e+00
5.630000e+01,10,5.000000e-01,5.000000e-01,5.000000e-01,5.000000e-01,5.000000e-01,5.000000e-01,5.000000e-01,5.000000e-01,5.000000e-01,5.000000e-01,6.950542e-40,5.000000e-01,5.000000e-01,5.000000e-01,5.000000e-01,5.000000e-01,5.000000e-01,5.000000e-01,5.000000e-01,5.000000e-01,5.000000e-01,5.000000e-01,5.000000e-01,5.000000e-01,5.000000e-01,5.000000e-01,5.000000e-01,5.000000e-01,0.000000e+00,0.000000e+00,0.000000e+00,0.000000e+00,0.000000e+00,0.000000e+00,0.000000e+00,0.000000e+00,0.000000e+00,0.000000e+00,3.000000e-01,0.000000e+00,0.000000e+00,0.000000e+00,0.000000e+00,0.000000e+00,0.000000e+00,0.000000e+00,0.000000e+00,0.000000e+00,0.000000e+00,0.000000e+00,0.000000e+00,0.000000e+00,0.000000e+00,0.000000e+00,0.000000e+00,0.000000e+00
5.640000e+01,10,5.000000e-01,5.000000e-01,5.000000e-01,5.000000e-01,5.000000e-01,5.000000e-01,5.000000e-01,5.000000e-01,5.000000e-01,5.000000e-01,1.403189e-32,5.000000e-01,5.000000e-01,5.000000e-01,5.000000e-01,5.000000e-01,5.000000e-01,5.000000e-01,5.000000e-01,5.000000e-01,5.000000e-01,5.000000e-01,5.000000e-01,5.000000e-01,5.000000e-01,5.000000e-01,5.000000e-01,5.000000e-01,0.000000e+00,0.000000e+00,0.000000e+00,0.000000e+00,0.000000e+00,0.000000e+00,0.000000e+00,0.000000e+00,0.000000e+00,0.000000e+00,3.000000e-01,0.000000e+00,0.000000e+00,0.000000e+00,0.000000e+00,0.000000e+00,0.000000e+00,0.000000e+00,0.000000e+00,0.000000e+00,0.000000e+00,0.000000e+00,0.000000e+00,0.000000e+00,0.000000e+00,0.000000e+00,0.000000e+00,0.000000e+00
5.650000e+01,10,5.000000e-01,5.000000e-01,5.000000e-01,5.000000e-01,5.000000e-01,5.000000e-01,5.000000e-01,5.000000e-01,5.000000e-01,5.000000e-01,7.590465e-46,5.000000e-01,5.000000e-01,5.000000e-01,5.000000e-01,5.000000e-01,5.000000e-01,5.000000e-01,5.000000e-01,5.000000e-01,5.000000e-01,5.000000e-01,5.000000e-01,5.000000e-01,5.000000e-01,5.000000e-01,5.000000e-01,5.000000e-01,0.000000e+00,0.000000e+00,0.000000e+00,0.000000e+00,0.000000e+00,0.000000e+00,0.000000e+00,0.000000e+00,0.000000e+00,0.000000e+00,3.000000e-01,0.000000e+00,0.000000e+00,0.000000e+00,0.000000e+00,0.000000e+00,0.000000e+00,0.000000e+00,0.000000e+00,0.000000e+00,0.000000e+00,0.000000e+00,0.000000e+00,0.000000e+00,0.000000e+00,0.000000e+00,0.000000e+00,0.000000e+00
5.660000e+01,10,5.000000e-01,5.000000e-01,5.000000e-01,5.000000e-01,5.000000e-01,5.000000e-01,5.000000e-01,5.000000e-01,5.000000e-01,5.000000e-01,8.462744e-36,5.000000e-01,5.000000e-01,5.000000e-01,5.000000e-01,5.000000e-01,5.000000e-01,5.000000e-01,5.000000e-01,5.000000e-01,5.000000e-01,5.000000e-01,5.000000e-01,5.000000e-01,5.000000e-01,5.000000e-01,5.000000e-01,5.000000e-01,0.000000e+00,0.000000e+00,0.000000e+00,0.000000e+00,0.000000e+00,0.000000e+00,0.000000e+00,0.000000e+00,0.000000e+00,0.000000e+00,3.000000e-01,0.000000e+00,0.000000e+00,0.000000e+00,0.000000e+00,0.000000e+00,0.000000e+00,0.000000e+00,0.000000e+00,0.000000e+00,0.000000e+00,0.000000e+00,0.000000e+00,0.000000e+00,0.000000e+00,0.000000e+00,0.000000e+00,0.000000e+00
5.670000e+01,10,5.000000e-01,5.000000e-01,5.000000e-01,5.000000e-01,5.000000e-01,5.000000e-01,5.000000e-01,5.000000e-01,5.000000e-01,4.289301e-03,1.920398e-05,5.000000e-01,5.000000e-01,5.000000e-01,5.000000e-01,5.000000e-01,5.000000e-01,5.000000e-01,5.000000e-01,5.000000e-01,5.000000e-01,5.000000e-01,5.000000e-01,5.000000e-01,5.000000e-01,5.000000e-01,5.000000e-01,5.000000e-01,0.000000e+00,0.000000e+00,0.000000e+00,0.000000e+00,0.000000e+00,0.000000e+00,0.000000e+00,0.000000e+00,0.000000e+00,9.630755e-03,2.954262e-01,0.000000e+00,0.000000e+00,0.000000e+00,0.000000e+00,0.000000e+00,0.000000e+00,0.000000e+00,0.000000e+00,0.000000e+00,0.000000e+00,0.000000e+00,0.000000e+00,0.000000e+00,0.000000e+00,0.000000e+00,0.000000e+00,0.000000e+00
5.680000e+01,9,5.000000e-01,5.000000e-01,5.000000e-01,5.000000e-01,5.000000e-01,5.000000e-01,5.000000e-01,5.000000e-01,5.000000e-01,1.043199e-10,5.000000e-01,5.000000e-01,5.000000e-01,5.000000e-01,5.000000e-01,5.000000e-01,5.000000e-01,5.000000e-01,5.000000e-01,5.000000e-01,5.000000e-01,5.000000e-01,5.000000e-01,5.000000e-01,5.000000e-01,5.000000e-01,5.000000e-01,5.000000e-01,0.000000e+00,0.000000e+00,0.000000e+00,0.000000e+00,0.000000e+00,0.000000e+00,0.000000e+00,0.000000e+00,0.000000e+00,3.000000e-01,0.000000e+00,0.000000e+00,0.000000e+00,0.000000e+00,0.000000e+00,0.000000e+00,0.000000e+00,0.000000e+00,0.000000e+00,0.000000e+00,0.000000e+00,0.000000e+00,0.000000e+00,0.000000e+00,0.000000e+00,0.000000e+00,0.000000e+00,0.000000e+00
5.690000e+01,9,5.000000e-01,5.000000e-01,5.000000e-01,5.000000e-01,5.000000e-01,5.000000e-01,5.000000e-01,5.000000e-01,5.000000e-01,4.269526e-40,5.000000e-01,5.000000e-01,5.000000e-01,5.000000e-01,5.000000e-01,5.000000e-01,5.000000e-01,5.000000e-01,5.000000e-01,5.000000e-01,5.000000e-01,5.000000e-01,5.000000e-01,5.000000e-01,5.000000e-01,5.000000e-01,5.000000e-01,5.000000e-01,0.000000e+00,0.000000e+00,0.000000e+00,0.000000e+00,0.000000e+00,0.000000e+00,0.000000e+00,0.000000e+00,0.000000e+00,3.000000e-01,0.000000e+00,0.000000e+00,0.000000e+00,0.000000e+00,0.000000e+00,0.000000e+00,0.000000e+00,0.000000e+00,0.000000e+00,0.000000e+00,0.000000e+00,0.000000e+00,0.000000e+00,0.000000e+00,0.000000e+00,0.000000e+00,0.000000e+00,0.000000e+00
5.700000e+01,9,5.000000e-01,5.000000e-01,5.000000e-01,5.000000e-01,5.000000e-01,5.000000e-01,5.000000e-01,5.000000e-01,5.000000e-01,4.811933e-24,5.000000e-01,5.000000e-01,5.000000e-01,5.000000e-01,5.000000e-01,5.000000e-01,5.000000e-01,5.000000e-01,5.000000e-01,5.000000e-01,5.000000e-01,5.000000e-01,5.000000e-01,5.000000e-01,5.000000e-01,5.000000e-01,5.000000e-01,5.000000e-01,0.000000e+00,0.000000e+00,0.000000e+00,0.000000e+00,0.000000e+00,0.000000e+00,0.000000e+00,0.000000e+00,0.000000e+00,3.000000e-01,0.000000e+00,0.000000e+00,0.000000e+00,0.000000e+00,0.000000e+00,0.000000e+00,0.000000e+00,0.000000e+00,0.000000e+00,0.000000e+00,0.000000e+00,0.000000e+00,0.000000e+00,0.000000e+00,0.000000e+00,0.000000e+00,0.000000e+00,0.000000e+00
5.710000e+01,9,5.000000e-01,5.000000e-01,5.000000e-01,5.000000e-01,5.000000e-01,5.000000e-01,5.000000e-01,5.000000e-01,5.000000e-01,1.816876e-10,5.000000e-01,5.000000e-01,5.000000e-01,5.000000e-01,5.000000e-01,5.000000e-01,5.000000e-01,5.000000e-01,5.000000e-01,5.000000e-01,5.000000e-01,5.000000e-01,5.000000e-01,5.000000e-01,5.000000e-01,5.000000e-01,5.000000e-01,5.000000e-01,0.000000e+00,0.000000e+00,0.000000e+00,0.000000e+00,0.000000e+00,0.000000e+00,0.000000e+00,0.000000e+00,0.000000e+00,3.000000e-01,0.000000e+00,0.000000e+00,0.000000e+00,0.000000e+00,0.000000e+00,0.000000e+00,0.000000e+00,0.000000e+00,0.000000e+00,0.000000e+00,0.000000e+00,0.000000e+00,0.000000e+00,0.000000e+00,0.000000e+00,0.000000e+00,0.000000e+00,0.000000e+00
5.720000e+01,9,5.000000e-01,5.000000e-01,5.000000e-01,5.000000e-01,5.000000e-01,5.000000e-01,5.000000e-01,5.000000e-01,5.000000e-01,3.211277e-03,5.000000e-01,5.000000e-01,5.000000e-01,5.000000e-01,5.000000e-01,5.000000e-01,5.000000e-01,5.000000e-01,5.000000e-01,5.000000e-01,5.000000e-01,5.000000e-01,5.000000e-01,5.000000e-01,5.000000e-01,5.000000e-01,5.000000e-01,5.000000e-01,0.000000e+00,0.000000e+00,0.000000e+00,0.000000e+00,0.000000e+00,0.000000e+00,0.000000e+00,0.000000e+00,0.000000e+00,2.288832e-02,0.000000e+00,0.000000e+00,0.000000e+00,0.000000e+00,0.000000e+00,0.000000e+00,0.000000e+00,0.000000e+00,0.000000e+00,0.000000e+00,0.000000e+00,0.000000e+00,0.000000e+00,0.000000e+00,0.000000e+00,0.000000e+00,0.000000e+00,0.000000e+00
5.730000e+01,9,5.000000e-01,5.000000e-01,5.000000e-01,5.000000e-01,5.000000e-01,5.000000e-01,5.000000e-01,5.000000e-01,5.000000e-01,1.850155e-18,5.000000e-01,5.000000e-01,5.000000e-01,5.000000e-01,5.000000e-01,5.000000e-01,5.000000e-01,5.000000e-01,5.000000e-01,5.000000e-01,5.000000e-01,5.000000e-01,5.000000e-01,5.000000e-01,5.000000e-01,5.000000e-01,5.000000e-01,5.000000e-01,0.000000e+00,0.000000e+00,0.000000e+00,0.000000e+00,0.000000e+00,0.000000e+00,0.000000e+00,0.000000e+00,0.000000e+00,3.000000e-01,0.000000e+00,0.000000e+00,0.000000e+00,0.000000e+00,0.000000e+00,0.000000e+00,0.000000e+00,0.000000e+00,0.000000e+00,0.000000e+00,0.000000e+00,0.000000e+00,0.000000e+00,0.000000e+00,0.000000e+00,0.000000e+00,0.000000e+00,0.000000e+00
5.740000e+01,9,5.000000e-01,5.000000e-01,5.000000e-01,5.000000e-01,5.000000e-01,5.000000e-01,5.000000e-01,5.000000e-01,5.000000e-01,8.175270e-36,5.000000e-01,5.000000e-01,5.000000e-01,5.000000e-01,5.000000e-01,5.000000e-01,5.000000e-01,5.000000e-01,5.000000e-01,5.000000e-01,5.000000e-01,5.000000e-01,5.000000e-01,5.000000e-01,5.000000e-01,5.000000e-01,5.000000e-01,5.000000e-01,0.000000e+00,0.000000e+00,0.000000e+00,0.000000e+00,0.000000e+00,0.000000e+00,0.000000e+00,0.000000e+00,0.000000e+00,3.000000e-01,0.000000e+00,0.000000e+00,0.000000e+00,0.000000e+00,0.000000e+00,0.000000e+00,0.000000e+00,0.000000e+00,0.000000e+00,0.000000e+00,0.000000e+00,0.000000e+00,0.000000e+00,0.000000e+00,0.000000e+00,0.000000e+00,0.000000e+00,0.000000e+00
5.750000e+01,9,5.000000e-01,5.000000e-01,5.000000e-01,5.000000e-01,5.000000e-01,5.000000e-01,5.000000e-01,5.000000e-01,5.000000e-01,2.280672e-10,5.000000e-01,5.000000e-01,5.000000e-01,5.000000e-01,5.000000e-01,5.000000e-01,5.000000e-01,5.000000e-01,5.000000e-01,5.000000e-01,5.000000e-01,5.000000e-01,5.000000e-01,5.000000e-01,5.000000e-01,5.000000e-01,5.000000e-01,5.000000e-01,0.000000e+00,0.000000e+00,0.000000e+00,0.000000e+00,0.000000e+00,0.000000e+00,0.000000e+00,0.000000e+00,0.000000e+00,2.999999e-01,0.000000e+00,0.000000e+00,0.000000e+00,0.000000e+00,0.000000e+00,0.000000e+00,0.000000e+00,0.000000e+00,0.000000e+00,0.000000e+00,0.000000e+00,0.000000e+00,0.000000e+00,0.000000e+00,0.000000e+00,0.000000e+00,0.000000e+00,0.000000e+00
5.760000e+01,9,5.000000e-01,5.000000e-01,5.000000e-01,5.000000e-01,5.000000e-01,5.000000e-01,5.000000e-01,5.000000e-01,5.000000e-01,7.835742e-07,5.000000e-01,5.000000e-01,5.000000e-01,5.000000e-01,5.000000e-01,5.000000e-01,5.000000e-01,5.000000e-01,5.000000e-01,5.000000e-01,5.000000e-01,5.000000e-01,5.000000e-01,5.000000e-01,5.000000e-01,5.000000e-01,5.000000e-01,5.000000e-01,0.000000e+00,0.000000e+00,0.000000e+00,0.000000e+00,0.000000e+00,0.000000e+00,0.000000e+00,0.000000e+00,0.000000e+00,2.998120e-01,0.000000e+00,0.000000e+00,0.000000e+00,0.000000e+00,0.000000e+00,0.000000e+00,0.000000e+00,0.000000e+00,0.000000e+00,0.000000e+00,0.000000e+00,0.000000e+00,0.000000e+00,0.000000e+00,0.000000e+00,0.000000e+00,0.000000e+00,0.000000e+00
5.770000e+01,9,5.000000e-01,5.000000e-01,5.000000e-01,5.000000e-01,5.000000e-01,5.000000e-01,5.000000e-01,5.000000e-01,5.000000e-01,2.196581e-41,5.000000e-01,5.000000e-01,5.000000e-01,5.000000e-01,5.000000e-01,5.000000e-01,5.000000e-01,5.000000e-01,5.000000e-01,5.000000e-01,5.000000e-01,5.000000e-01,5.000000e-01,5.000000e-01,5.000000e-01,5.000000e-01,5.000000e-01,5.000000e-01,0.000000e+00,0.000000e+00,0.000000e+00,0.000000e+00,0.000000e+00,0.000000e+00,0.000000e+00,0.000000e+00,0.000000e+00,3.000000e-01,0.000000e+00,0.000000e+00,0.000000e+00,0.000000e+00,0.000000e+00,0.000000e+00,0.000000e+00,0.000000e+00,0.000000e+00,0.000000e+00,0.000000e+00,0.000000e+00,0.000000e+00,0.000000e+00,0.000000e+00,0.000000e+00,0.000000e+00,0.000000e+00
5.780000e+01,9,5.000000e-01,5.000000e-01,5.000000e-01,5.000000e-01,5.000000e-01,5.000000e-01,5.000000e-01,5.000000e-01,5.000000e-01,3.507681e-41,5.000000e-01,5.000000e-01,5.000000e-01,5.000000e-01,5.000000e-01,5.000000e-01,5.000000e-01,5.000000e-01,5.000000e-01,5.000000e-01,5.000000e-01,5.000000e-01,5.000000e-01,5.000000e-01,5.000000e-01,5.000000e-01,5.000000e-01,5.000000e-01,0.000000e+00,0.000000e+00,0.000000e+00,0.000000e+00,0.000000e+00,0.000000e+00,0.000000e+00,0.000000e+00,0.000000e+00,3.000000e-01,0.000000e+00,0.000000e+00,0.000000e+00,0.000000e+00,0.000000e+00,0.000000e+00,0.000000e+00,0.000000e+00,0.000000e+00,0.000000e+00,0.000000e+00,0.000000e+00,0.000000e+00,0.000000e+00,0.000000e+00,0.000000e+00,0.000000e+00,0.000000e+00
5.790000e+01,9,5.000000e-01,5.000000e-01,5.000000e-01,5.000000e-01,5.000000e-01,5.000000e-01,5.000000e-01,5.000000e-01,5.000000e-01,8.967415e-07,5.000000e-01,5.000000e-01,5.000000e-01,5.000000e-01,5.000000e-01,5.000000e-01,5.000000e-01,5.000000e-01,5.000000e-01,5.000000e-01,5.000000e-01,5.000000e-01,5.000000e-01,5.000000e-01,5.000000e-01,5.000000e-01,5.000000e-01,5.000000e-01,0.000000e+00,0.000000e+00,0.000000e+00,0.000000e+00,0.000000e+00,0.000000e+00,0.000000e+00,0.000000e+00,0.000000e+00,2.997849e-01,0.000000e+00,0.000000e+00,0.000000e+00,0.000000e+00,0.000000e+00,0.000000e+00,0.000000e+00,0.000000e+00,0.000000e+00,0.000000e+00,0.000000e+00,0.000000e+00,0.000000e+00,0.000000e+00,0.000000e+00,0.000000e+00,0.000000e+00,0.000000e+00
5.800000e+01,9,5.000000e-01,5.000000e-01,5.000000e-01,5.000000e-01,5.000000e-01,5.000000e-01,5.000000e-01,5.000000e-01,5.000000e-01,3.174164e-09,5.000000e-01,5.000000e-01,5.000000e-01,5.000000e-01,5.000000e-01,5.000000e-01,5.000000e-01,5.000000e-01,5.000000e-01,5.000000e-01,5.000000e-01,5.000000e-01,5.000000e-01,5.000000e-01,5.000000e-01,5.000000e-01,5.000000e-01,5.000000e-01,0.000000e+00,0.000000e+00,0.000000e+00,0.000000e+00,0.000000e+00,0.000000e+00,0.000000e+00,0.000000e+00,0.000000e+00,2.999992e-01,0.000000e+00,0.000000e+00,0.000000e+00,0.000000e+00,0.000000e+00,0.000000e+00,0.000000e+00,0.000000e+00,0.000000e+00,0.000000e+00,0.000000e+00,0.000000e+00,0.000000e+00,0.000000e+00,0.000000e+00,0.000000e+00,0.000000e+00,0.000000e+00
5.810000e+01,9,5.000000e-01,5.000000e-01,5.000000e-01,5.000000e-01,5.000000e-01,5.000000e-01,5.000000e-01,5.000000e-01,5.000000e-01,2.824071e-24,5.000000e-01,5.000000e-01,5.000000e-01,5.000000e-01,5.000000e-01,5.000000e-01,5.000000e-01,5.000000e-01,5.000000e-01,5.000000e-01,5.000000e-01,5.000000e-01,5.000000e-01,5.000000e-01,5.000000e-01,5.000000e-01,5.000000e-01,5.000000e-01,0.000000e+00,0.000000e+00,0.000000e+00,0.000000e+00,0.000000e+00,0.000000e+00,0.000000e+00,0.000000e+00,0.000000e+00,3.000000e-01,0.000000e+00,0.000000e+00,0.000000e+00,0.000000e+00,0.000000e+00,0.000000e+00,0.000000e+00,0.000000e+00,0.000000e+00,0.000000e+00,0.000000e+00,0.000000e+00,0.000000e+00,0.000000e+00,0.000000e+00,0.000000e+00,0.000000e+00,0.000000e+00
5.820000e+01,9,5.000000e-01,5.000000e-01,5.000000e-01,5.000000e-01,5.000000e-01,5.000000e-01,5.000000e-01,5.000000e-01,5.000000e-01,1.417893e-13,3.773814e-02,5.000000e-01,5.000000e-01,5.000000e-01,5.000000e-01,5.000000e-01,5.000000e-01,5.000000e-01,5.000000e-01,5.000000e-01,5.000000e-01,5.000000e-01,5.000000e-01,5.000000e-01,5.000000e-01,5.000000e-01,5.000000e-01,5.000000e-01,0.000000e+00,0.000000e+00,0.000000e+00,0.000000e+00,0.000000e+00,0.000000e+00,0.000000e+00,0.000000e+00,0.000000e+00,3.000000e-01,1.292300e-14,0.000000e+00,0.000000e+00,0.000000e+00,0.000000e+00,0.000000e+00,0.000000e+00,0.000000e+00,0.000000e+00,0.000000e+00,0.000000e+00,0.000000e+00,0.000000e+00,0.000000e+00,0.000000e+00,0.000000e+00,0.000000e+00,0.000000e+00
5.830000e+01,9,5.000000e-01,5.000000e-01,5.000000e-01,5.000000e-01,5.000000e-01,5.000000e-01,5.000000e-01,5.000000e-01,5.000000e-01,6.111427e-03,7.205687e-03,5.000000e-01,5.000000e-01,5.000000e-01,5.000000e-01,5.000000e-01,5.000000e-01,5.000000e-01,5.000000e-01,5.000000e-01,5.000000e-01,5.000000e-01,5.000000e-01,5.000000e-01,5.000000e-01,5.000000e-01,5.000000e-01,5.000000e-01,0.000000e+00,0.000000e+00,0.000000e+00,0.000000e+00,0.000000e+00,0.000000e+00,0.000000e+00,0.000000e+00,0.000000e+00,2.224740e-03,9.216072e-04,0.000000e+00,0.000000e+00,0.000000e+00,0.000000e+00,0.000000e+00,0.000000e+00,0.000000e+00,0.000000e+00,0.000000e+00,0.000000e+00,0.000000e+00,0.000000e+00,0.000000e+00,0.000000e+00,0.000000e+00,0.000000e+00,0.000000e+00
5.840000e+01,9,5.000000e-01,5.000000e-01,5.000000e-01,5.000000e-01,5.000000e-01,5.000000e-01,5.000000e-01,5.000000e-01,5.000000e-01,1.721730e-04,5.000000e-01,5.000000e-01,5.000000e-01,5.000000e-01,5.000000e-01,5.000000e-01,5.000000e-01,5.000000e-01,5.000000e-01,5.000000e-01,5.000000e-01,5.000000e-01,5.000000e-01,5.000000e-01,5.000000e-01,5.000000e-01,5.000000e-01,5.000000e-01,0.000000e+00,0.000000e+00,0.000000e+00,0.000000e+00,0.000000e+00,0.000000e+00,0.000000e+00,0.000000e+00,0.000000e+00,2.613949e-01,0.000000e+00,0.000000e+00,0.000000e+00,0.000000e+00,0.000000e+00,0.000000e+00,0.000000e+00,0.000000e+00,0.000000e+00,0.000000e+00,0.000000e+00,0.000000e+00,0.000000e+00,0.000000e+00,0.000000e+00,0.000000e+00,0.000000e+00,0.000000e+00
5.850000e+01,9,5.000000e-01,5.000000e-01,5.000000e-01,5.000000e-01,5.000000e-01,5.000000e-01,5.000000e-01,5.000000e-01,5.000000e-01,7.273292e-04,5.000000e-01,5.000000e-01,5.000000e-01,5.000000e-01,5.000000e-01,5.000000e-01,5.000000e-01,5.000000e-01,5.000000e-01,5.000000e-01,5.000000e-01,5.000000e-01,5.000000e-01,5.000000e-01,5.000000e-01,5.000000e-01,5.000000e-01,5.000000e-01,0.000000e+00,0.000000e+00,0.000000e+00,0.000000e+00,0.000000e+00,0.000000e+00,0.000000e+00,0.000000e+00,0.000000e+00,1.676213e-01,0.000000e+00,0.000000e+00,0.000000e+00,0.000000e+00,0.000000e+00,0.000000e+00,0.000000e+00,0.000000e+00,0.000000e+00,0.000000e+00,0.000000e+00,0.000000e+00,0.000000e+00,0.000000e+00,0.000000e+00,0.000000e+00,0.000000e+00,0.000000e+00
5.860000e+01,9,5.000000e-01,5.000000e-01,5.000000e-01,5.000000e-01,5.000000e-01,5.000000e-01,5.000000e-01,5.000000e-01,5.000000e-01,1.056979e-04,5.000000e-01,5.000000e-01,5.000000e-01,5.000000e-01,5.000000e-01,5.000000e-01,5.000000e-01,5.000000e-01,5.000000e-01,5.000000e-01,5.000000e-01,5.000000e-01,5.000000e-01,5.000000e-01,5.000000e-01,5.000000e-01,5.000000e-01,5.000000e-01,0.000000e+00,0.000000e+00,0.000000e+00,0.000000e+00,0.000000e+00,0.000000e+00,0.000000e+00,0.000000e+00,0.000000e+00,2.756742e-01,0.000000e+00,0.000000e+00,0.000000e+00,0.000000e+00,0.000000e+00,0.000000e+00,0.000000e+00,0.000000e+00,0.000000e+00,0.000000e+00,0.000000e+00,0.000000e+00,0.000000e+00,0.000000e+00,0.000000e+00,0.000000e+00,0.000000e+00,0.000000e+00
5.870000e+01,10,5.000000e-01,5.000000e-01,5.000000e-01,5.000000e-01,5.000000e-01,5.000000e-01,5.000000e-01,5.000000e-01,5.000000e-01,7.861042e-03,2.742866e-03,5.000000e-01,5.000000e-01,5.000000e-01,5.000000e-01,5.000000e-01,5.000000e-01,5.000000e-01,5.000000e-01,5.000000e-01,5.000000e-01,5.000000e-01,5.000000e-01,5.000000e-01,5.000000e-01,5.000000e-01,5.000000e-01,5.000000e-01,0.000000e+00,0.000000e+00,0.000000e+00,0.000000e+00,0.000000e+00,0.000000e+00,0.000000e+00,0.000000e+00,0.000000e+00,5.434052e-04,3.333056e-02,0.000000e+00,0.000000e+00,0.000000e+00,0.000000e+00,0.000000e+00,0.000000e+00,0.000000e+00,0.000000e+00,0.000000e+00,0.000000e+00,0.000000e+00,0.000000e+00,0.000000e+00,0.000000e+00,0.000000e+00,0.000000e+00,0.000000e+00
5.880000e+01,10,5.000000e-01,5.000000e-01,5.000000e-01,5.000000e-01,5.000000e-01,5.000000e-01,5.000000e-01,5.000000e-01,5.000000e-01,2.364948e-03,2.491738e-07,5.000000e-01,5.000000e-01,5.000000e-01,5.000000e-01,5.000000e-01,5.000000e-01,5.000000e-01,5.000000e-01,5.000000e-01,5.000000e-01,5.000000e-01,5.000000e-01,5.000000e-01,5.000000e-01,5.000000e-01,5.000000e-01,5.000000e-01,0.000000e+00,0.000000e+00,0.000000e+00,0.000000e+00,0.000000e+00,0.000000e+00,0.000000e+00,0.000000e+00,0.000000e+00,4.513161e-02,2.999402e-01,0.000000e+00,0.000000e+00,0.000000e+00,0.000000e+00,0.000000e+00,0.000000e+00,0.000000e+00,0.000000e+00,0.000000e+00,0.000000e+00,0.000000e+00,0.000000e+00,0.000000e+00,0.000000e+00,0.000000e+00,0.000000e+00,0.000000e+00
5.890000e+01,10,5.000000e-01,5.000000e-01,5.000000e-01,5.000000e-01,5.000000e-01,5.000000e-01,5.000000e-01,5.000000e-01,5.000000e-01,1.858209e-02,4.042263e-04,5.000000e-01,5.000000e-01,5.000000e-01,5.000000e-01,5.000000e-01,5.000000e-01,5.000000e-01,5.000000e-01,5.000000e-01,5.000000e-01,5.000000e-01,5.000000e-01,5.000000e-01,5.000000e-01,5.000000e-01,5.000000e-01,5.000000e-01,0.000000e+00,0.000000e+00,0.000000e+00,0.000000e+00,0.000000e+00,0.000000e+00,0.000000e+00,0.000000e+00,0.000000e+00,9.126504e-08,2.170952e-01,0.000000e+00,0.000000e+00,0.000000e+00,0.000000e+00,0.000000e+00,0.000000e+00,0.000000e+00,0.000000e+00,0.000000e+00,0.000000e+00,0.000000e+00,0.000000e+00,0.000000e+00,0.000000e+00,0.000000e+00,0.000000e+00,0.000000e+00
5.900000e+01,9,5.000000e-01,5.000000e-01,5.000000e-01,5.000000e-01,5.000000e-01,5.000000e-01,5.000000e-01,5.000000e-01,5.000000e-01,4.704191e-02,5.000000e-01,5.000000e-01,5.000000e-01,5.000000e-01,5.000000e-01,5.000000e-01,5.000000e-01,5.000000e-01,5.000000e-01,5.000000e-01,5.000000e-01,5.000000e-01,5.000000e-01,5.000000e-01,5.000000e-01,5.000000e-01,5.000000e-01,5.000000e-01,0.000000e+00,0.000000e+00,0.000000e+00,0.000000e+00,0.000000e+00,0.000000e+00,0.000000e+00,0.000000e+00,0.000000e+00,0.000000e+00,0.000000e+00,0.000000e+00,0.000000e+00,0.000000e+00,0.000000e+00,0.000000e+00,0.000000e+00,0.000000e+00,0.000000e+00,0.000000e+00,0.000000e+00,0.000000e+00,0.000000e+00,0.000000e+00,0.000000e+00,0.000000e+00,0.000000e+00,0.000000e+00
5.910000e+01,16,5.000000e-01,5.000000e-01,5.000000e-01,5.000000e-01,5.000000e-01,5.000000e-01,5.000000e-01,5.000000e-01,5.000000e-01,5.000000e-01,5.000000e-01,5.000000e-01,5.000000e-01,5.000000e-01,5.000000e-01,5.000000e-01,7.359907e-03,5.000000e-01,5.000000e-01,5.000000e-01,5.000000e-01,5.000000e-01,5.000000e-01,5.000000e-01,5.000000e-01,5.000000e-01,5.000000e-01,5.000000e-01,0.000000e+00,0.000000e+00,0.000000e+00,0.000000e+00,0.000000e+00,0.000000e+00,0.000000e+00,0.000000e+00,0.000000e+00,0.000000e+00,0.000000e+00,0.000000e+00,0.000000e+00,0.000000e+00,0.000000e+00,0.000000e+00,8.139002e-04,0.000000e+00,0.000000e+00,0.000000e+00,0.000000e+00,0.000000e+00,0.000000e+00,0.000000e+00,0.000000e+00,0.000000e+00,0.000000e+00,0.000000e+00
5.920000e+01,16,5.000000e-01,5.000000e-01,5.000000e-01,5.000000e-01,5.000000e-01,5.000000e-01,5.000000e-01,5.000000e-01,5.000000e-01,3.776542e-02,5.000000e-01,5.000000e-01,5.000000e-01,5.000000e-01,5.000000e-01,5.000000e-01,1.145256e-02,5.000000e-01,5.000000e-01,5.000000e-01,5.000000e-01,5.000000e-01,5.000000e-01,5.000000e-01,5.000000e-01,5.000000e-01,5.000000e-01,5.000000e-01,0.000000e+00,0.000000e+00,0.000000e+00,0.000000e+00,0.000000e+00,0.000000e+00,0.000000e+00,0.000000e+00,0.000000e+00,1.265654e-14,0.000000e+00,0.000000e+00,0.000000e+00,0.000000e+00,0.000000e+00,0.000000e+00,2.986295e-05,0.000000e+00,0.000000e+00,0.000000e+00,0.000000e+00,0.000000e+00,0.000000e+00,0.000000e+00,0.000000e+00,0.000000e+00,0.000000e+00,0.000000e+00
5.930000e+01,16,5.000000e-01,5.000000e-01,5.000000e-01,5.000000e-01,5.000000e-01,5.000000e-01,5.000000e-01,5.000000e-01,5.000000e-01,5.000000e-01,5.000000e-01,5.000000e-01,5.000000e-01,5.000000e-01,5.000000e-01,5.000000e-01,4.111398e-02,5.000000e-01,5.000000e-01,5.000000e-01,5.000000e-01,5.000000e-01,5.000000e-01,5.000000e-01,5.000000e-01,5.000000e-01,5.000000e-01,5.000000e-01,0.000000e+00,0.000000e+00,0.000000e+00,0.000000e+00,0.000000e+00,0.000000e+00,0.000000e+00,0.000000e+00,0.000000e+00,0.000000e+00,0.000000e+00,0.000000e+00,0.000000e+00,0.000000e+00,0.000000e+00,0.000000e+00,7.660539e-16,0.000000e+00,0.000000e+00,0.000000e+00,0.000000e+00,0.000000e+00,0.000000e+00,0.000000e+00,0.000000e+00,0.000000e+00,0.000000e+00,0.000000e+00
5.940000e+01,15,5.000000e-01,5.000000e-01,5.000000e-01,5.000000e-01,5.000000e-01,5.000000e-01,5.000000e-01,5.000000e-01,5.000000e-01,5.000000e-01,5.000000e-01,5.000000e-01,5.000000e-01,5.000000e-01,5.000000e-01,3.889482e-04,5.000000e-01,5.000000e-01,5.000000e-01,5.000000e-01,5.000000e-01,5.000000e-01,5.000000e-01,5.000000e-01,5.000000e-01,5.000000e-01,5.000000e-01,5.000000e-01,0.000000e+00,0.000000e+00,0.000000e+00,0.000000e+00,0.000000e+00,0.000000e+00,0.000000e+00,0.000000e+00,0.000000e+00,0.000000e+00,0.000000e+00,0.000000e+00,0.000000e+00,0.000000e+00,0.000000e+00,2.197660e-01,0.000000e+00,0.000000e+00,0.000000e+00,0.000000e+00,0.000000e+00,0.000000e+00,0.000000e+00,0.000000e+00,0.000000e+00,0.000000e+00,0.000000e+00,0.000000e+00
5.950000e+01,15,5.000000e-01,5.000000e-01,5.000000e-01,5.000000e-01,5.000000e-01,5.000000e-01,5.000000e-01,5.000000e-01,5.000000e-01,5.000000e-01,5.000000e-01,5.000000e-01,5.000000e-01,5.000000e-01,5.000000e-01,4.450361e-11,5.000000e-01,5.000000e-01,5.000000e-01,5.000000e-01,5.000000e-01,5.000000e-01,5.000000e-01,5.000000e-01,5.000000e-01,5.000000e-01,5.000000e-01,5.000000e-01,0.000000e+00,0.000000e+00,0.000000e+00,0.000000e+00,0.000000e+00,0.000000e+00,0.000000e+00,0.000000e+00,0.000000e+00,0.000000e+00,0.000000e+00,0.000000e+00,0.000000e+00,0.000000e+00,0.000000e+00,3.000000e-01,0.000000e+00,0.000000e+00,0.000000e+00,0.000000e+00,0.000000e+00,0.000000e+00,0.000000e+00,0.000000e+00,0.000000e+00,0.000000e+00,0.000000e+00,0.000000e+00
5.960000e+01,15,5.000000e-01,5.000000e-01,5.000000e-01,5.000000e-01,5.000000e-01,5.000000e-01,5.000000e-01,5.000000e-01,5.000000e-01,5.000000e-01,5.000000e-01,5.000000e-01,5.000000e-01,5.000000e-01,5.000000e-01,2.185559e-05,5.000000e-01,5.000000e-01,5.000000e-01,5.000000e-01,5.000000e-01,5.000000e-01,5.000000e-01,5.000000e-01,5.000000e-01,5.000000e-01,5.000000e-01,5.000000e-01,0.000000e+00,0.000000e+00,0.000000e+00,0.000000e+00,0.000000e+00,0.000000e+00,0.000000e+00,0.000000e+00,0.000000e+00,0.000000e+00,0.000000e+00,0.000000e+00,0.000000e+00,0.000000e+00,0.000000e+00,2.948002e-01,0.000000e+00,0.000000e+00,0.000000e+00,0.000000e+00,0.000000e+00,0.000000e+00,0.000000e+00,0.000000e+00,0.000000e+00,0.000000e+00,0.000000e+00,0.000000e+00
5.970000e+01,15,5.000000e-01,5.000000e-01,5.000000e-01,5.000000e-01,5.000000e-01,5.000000e-01,5.000000e-01,5.000000e-01,5.000000e-01,5.000000e-01,5.000000e-01,5.000000e-01,5.000000e-01,5.000000e-01,5.000000e-01,1.672129e-03,5.000000e-01,5.000000e-01,5.000000e-01,5.000000e-01,5.000000e-01,5.000000e-01,5.000000e-01,5.000000e-01,5.000000e-01,5.000000e-01,5.000000e-01,5.000000e-01,0.000000e+00,0.000000e+00,0.000000e+00,0.000000e+00,0.000000e+00,0.000000e+00,0.000000e+00,0.000000e+00,0.000000e+00,0.000000e+00,0.000000e+00,0.000000e+00,0.000000e+00,0.000000e+00,0.000000e+00,7.864622e-02,0.000000e+00,0.000000e+00,0.000000e+00,0.000000e+00,0.000000e+00,0.000000e+00,0.000000e+00,0.000000e+00,0.000000e+00,0.000000e+00,0.000000e+00,0.000000e+00
5.980000e+01,8,5.000000e-01,5.000000e-01,5.000000e-01,5.000000e-01,5.000000e-01,5.000000e-01,5.000000e-01,5.000000e-01,7.352782e-03,5.000000e-01,5.000000e-01,5.000000e-01,5.000000e-01,5.000000e-01,5.000000e-01,5.000000e-01,5.000000e-01,5.000000e-01,5.000000e-01,5.000000e-01,5.000000e-01,5.000000e-01,5.000000e-01,5.000000e-01,5.000000e-01,5.000000e-01,5.000000e-01,5.000000e-01,0.000000e+00,0.000000e+00,0.000000e+00,0.000000e+00,0.000000e+00,0.000000e+00,0.000000e+00,0.000000e+00,8.185873e-04,0.000000e+00,0.000000e+00,0.000000e+00,0.000000e+00,0.000000e+00,0.000000e+00,0.000000e+00,0.000000e+00,0.000000e+00,0.000000e+00,0.000000e+00,0.000000e+00,0.000000e+00,0.000000e+00,0.000000e+00,0.000000e+00,0.000000e+00,0.000000e+00,0.000000e+00
5.990000e+01,-1,5.000000e-01,5.000000e-01,5.000000e-01,5.000000e-01,5.000000e-01,5.000000e-01,5.000000e-01,5.000000e-01,5.000000e-01,5.000000e-01,5.000000e-01,5.000000e-01,5.000000e-01,5.000000e-01,5.000000e-01,5.000000e-01,5.000000e-01,5.000000e-01,5.000000e-01,5.000000e-01,5.000000e-01,5.000000e-01,5.000000e-01,5.000000e-01,5.000000e-01,5.000000e-01,5.000000e-01,5.000000e-01,0.000000e+00,0.000000e+00,0.000000e+00,0.000000e+00,0.000000e+00,0.000000e+00,0.000000e+00,0.000000e+00,0.000000e+00,0.000000e+00,0.000000e+00,0.000000e+00,0.000000e+00,0.000000e+00,0.000000e+00,0.000000e+00,0.000000e+00,0.000000e+00,0.000000e+00,0.000000e+00,0.000000e+00,0.000000e+00,0.000000e+00,0.000000e+00,0.000000e+00,0.000000e+00,0.000000e+00,0.000000e+00
6.000000e+01,16,5.000000e-01,5.000000e-01,5.000000e-01,5.000000e-01,5.000000e-01,5.000000e-01,5.000000e-01,5.000000e-01,5.000000e-01,5.000000e-01,5.000000e-01,5.000000e-01,5.000000e-01,5.000000e-01,5.000000e-01,5.000000e-01,1.443104e-04,5.000000e-01,5.000000e-01,5.000000e-01,5.000000e-01,5.000000e-01,5.000000e-01,5.000000e-01,5.000000e-01,5.000000e-01,5.000000e-01,5.000000e-01,0.000000e+00,0.000000e+00,0.000000e+00,0.000000e+00,0.000000e+00,0.000000e+00,0.000000e+00,0.000000e+00,0.000000e+00,0.000000e+00,0.000000e+00,0.000000e+00,0.000000e+00,0.000000e+00,0.000000e+00,0.000000e+00,2.672878e-01,0.000000e+00,0.000000e+00,0.000000e+00,0.000000e+00,0.000000e+00,0.000000e+00,0.000000e+00,0.000000e+00,0.000000e+00,0.000000e+00,0.000000e+00
6.010000e+01,9,5.000000e-01,5.000000e-01,5.000000e-01,5.000000e-01,5.000000e-01,5.000000e-01,5.000000e-01,5.000000e-01,5.000000e-01,1.058548e-02,5.000000e-01,5.000000e-01,5.000000e-01,5.000000e-01,5.000000e-01,5.000000e-01,5.000000e-01,5.000000e-01,5.000000e-01,5.000000e-01,5.000000e-01,5.000000e-01,5.000000e-01,5.000000e-01,5.000000e-01,5.000000e-01,5.000000e-01,5.000000e-01,0.000000e+00,0.000000e+00,0.000000e+00,0.000000e+00,0.000000e+00,0.000000e+00,0.000000e+00,0.000000e+00,0.000000e+00,6.022038e-05,0.000000e+00,0.000000e+00,0.000000e+00,0.000000e+00,0.000000e+00,0.000000e+00,0.000000e+00,0.000000e+00,0.000000e+00,0.000000e+00,0.000000e+00,0.000000e+00,0.000000e+00,0.000000e+00,0.000000e+00,0.000000e+00,0.000000e+00,0.000000e+00
6.020000e+01,9,5.000000e-01,5.000000e-01,5.000000e-01,5.000000e-01,5.000000e-01,5.000000e-01,5.000000e-01,5.000000e-01,5.000000e-01,1.644389e-17,5.000000e-01,5.000000e-01,5.000000e-01,5.000000e-01,5.000000e-01,5.000000e-01,5.000000e-01,5.000000e-01,5.000000e-01,5.000000e-01,5.000000e-01,5.000000e-01,5.000000e-01,5.000000e-01,5.000000e-01,5.000000e-01,5.000000e-01,5.000000e-01,0.000000e+00,0.000000e+00,0.000000e+00,0.000000e+00,0.000000e+00,0.000000e+00,0.000000e+00,0.000000e+00,0.000000e+00,3.000000e-01,0.000000e+00,0.000000e+00,0.000000e+00,0.000000e+00,0.000000e+00,0.000000e+00,0.000000e+00,0.000000e+00,0.000000e+00,0.000000e+00,0.000000e+00,0.000000e+00,0.000000e+00,0.000000e+00,0.000000e+00,0.000000e+00,0.000000e+00,0.000000e+00
6.030000e+01,9,5.000000e-01,5.000000e-01,5.000000e-01,5.000000e-01,5.000000e-01,5.000000e-01,5.000000e-01,5.000000e-01,5.000000e-01,5.766574e-47,5.000000e-01,5.000000e-01,5.000000e-01,5.000000e-01,5.000000e-01,5.000000e-01,5.000000e-01,5.000000e-01,5.000000e-01,5.000000e-01,5.000000e-01,5.000000e-01,5.000000e-01,5.000000e-01,5.000000e-01,5.000000e-01,5.000000e-01,5.000000e-01,0.000000e+00,0.000000e+00,0.000000e+00,0.000000e+00,0.000000e+00,0.000000e+00,0.000000e+00,0.000000e+00,0.000000e+00,3.000000e-01,0.000000e+00,0.000000e+00,0.000000e+00,0.000000e+00,0.000000e+00,0.000000e+00,0.000000e+00,0.000000e+00,0.000000e+00,0.000000e+00,0.000000e+00,0.000000e+00,0.000000e+00,0.000000e+00,0.000000e+00,0.000000e+00,0.000000e+00,0.000000e+00
6.040000e+01,9,5.000000e-01,5.000000e-01,5.000000e-01,5.000000e-01,5.000000e-01,5.000000e-01,5.000000e-01,5.000000e-01,5.000000e-01,3.211619e-35,5.000000e-01,5.000000e-01,5.000000e-01,5.000000e-01,5.000000e-01,5.000000e-01,5.000000e-01,5.000000e-01,5.000000e-01,5.000000e-01,5.000000e-01,5.000000e-01,5.000000e-01,5.000000e-01,5.000000e-01,5.000000e-01,5.000000e-01,5.000000e-01,0.000000e+00,0.000000e+00,0.000000e+00,0.000000e+00,0.000000e+00,0.000000e+00,0.000000e+00,0.000000e+00,0.000000e+00,3.000000e-01,0.000000e+00,0.000000e+00,0.000000e+00,0.000000e+00,0.000000e+00,0.000000e+00,0.000000e+00,0.000000e+00,0.000000e+00,0.000000e+00,0.000000e+00,0.000000e+00,0.000000e+00,0.000000e+00,0.000000e+00,0.000000e+00,0.000000e+00,0.000000e+00
6.050000e+01,9,5.000000e-01,5.000000e-01,5.000000e-01,5.000000e-01,5.000000e-01,5.000000e-01,5.000000e-01,5.000000e-01,5.000000e-01,1.094636e-45,5.000000e-01,5.000000e-01,5.000000e-01,5.000000e-01,5.000000e-01,5.000000e-01,5.000000e-01,5.000000e-01,5.000000e-01,5.000000e-01,5.000000e-01,5.000000e-01,5.000000e-01,5.000000e-01,5.000000e-01,5.000000e-01,5.000000e-01,5.000000e-01,0.000000e+00,0.000000e+00,0.000000e+00,0.000000e+00,0.000000e+00,0.000000e+00,0.000000e+00,0.000000e+00,0.000000e+00,3.000000e-01,0.000000e+00,0.000000e+00,0.000000e+00,0.000000e+00,0.000000e+00,0.000000e+00,0.000000e+00,0.000000e+00,0.000000e+00,0.000000e+00,0.000000e+00,0.000000e+00,0.000000e+00,0.000000e+00,0.000000e+00,0.000000e+00,0.000000e+00,0.000000e+00
6.060000e+01,9,5.000000e-01,5.000000e-01,5.000000e-01,5.000000e-01,5.000000e-01,5.000000e-01,5.000000e-01,5.000000e-01,5.000000e-01,4.009461e-34,5.000000e-01,5.000000e-01,5.000000e-01,5.000000e-01,5.000000e-01,5.000000e-01,5.000000e-01,5.000000e-01,5.000000e-01,5.000000e-01,5.000000e-01,5.000000e-01,5.000000e-01,5.000000e-01,5.000000e-01,5.000000e-01,5.000000e-01,5.000000e-01,0.000000e+00,0.000000e+00,0.000000e+00,0.000000e+00,0.000000e+00,0.000000e+00,0.000000e+00,0.000000e+00,0.000000e+00,3.000000e-01,0.000000e+00,0.000000e+00,0.000000e+00,0.000000e+00,0.000000e+00,0.000000e+00,0.000000e+00,0.000000e+00,0.000000e+00,0.000000e+00,0.000000e+00,0.000000e+00,0.000000e+00,0.000000e+00,0.000000e+00,0.000000e+00,0.000000e+00,0.000000e+00
6.070000e+01,9,5.000000e-01,5.000000e-01,5.000000e-01,5.000000e-01,5.000000e-01,5.000000e-01,5.000000e-01,5.000000e-01,5.000000e-01,4.337247e-47,5.000000e-01,5.000000e-01,5.000000e-01,5.000000e-01,5.000000e-01,5.000000e-01,5.000000e-01,5.000000e-01,5.000000e-01,5.000000e-01,5.000000e-01,5.000000e-01,5.000000e-01,5.000000e-01,5.000000e-01,5.000000e-01,5.000000e-01,5.000000e-01,0.000000e+00,0.000000e+00,0.000000e+00,0.000000e+00,0.000000e+00,0.000000e+00,0.000000e+00,0.000000e+00,0.000000e+00,3.000000e-01,0.000000e+00,0.000000e+00,0.000000e+00,0.000000e+00,0.000000e+00,0.000000e+00,0.000000e+00,0.000000e+00,0.000000e+00,0.000000e+00,0.000000e+00,0.000000e+00,0.000000e+00,0.000000e+00,0.000000e+00,0.000000e+00,0.000000e+00,0.000000e+00
6.080000e+01,9,5.000000e-01,5.000000e-01,5.000000e-01,5.000000e-01,5.000000e-01,5.000000e-01,5.000000e-01,5.000000e-01,5.000000e-01,1.652057e-15,5.000000e-01,5.000000e-01,5.000000e-01,5.000000e-01,5.000000e-01,5.000000e-01,5.000000e-01,5.000000e-01,5.000000e-01,5.000000e-01,5.000000e-01,5.000000e-01,5.000000e-01,5.000000e-01,5.000000e-01,5.000000e-01,5.000000e-01,5.000000e-01,0.000000e+00,0.000000e+00,0.000000e+00,0.000000e+00,0.000000e+00,0.000000e+00,0.000000e+00,0.000000e+00,0.000000e+00,3.000000e-01,0.000000e+00,0.000000e+00,0.000000e+00,0.000000e+00,0.000000e+00,0.000000e+00,0.000000e+00,0.000000e+00,0.000000e+00,0.000000e+00,0.000000e+00,0.000000e+00,0.000000e+00,0.000000e+00,0.000000e+00,0.000000e+00,0.000000e+00,0.000000e+00
6.090000e+01,9,5.000000e-01,5.000000e-01,5.000000e-01,5.000000e-01,5.000000e-01,5.000000e-01,5.000000e-01,5.000000e-01,5.000000e-01,2.928762e-03,5.000000e-01,5.000000e-01,5.000000e-01,5.000000e-01,5.000000e-01,5.000000e-01,5.000000e-01,5.000000e-01,5.000000e-01,5.000000e-01,5.000000e-01,5.000000e-01,5.000000e-01,5.000000e-01,5.000000e-01,5.000000e-01,5.000000e-01,5.000000e-01,0.000000e+00,0.000000e+00,0.000000e+00,0.000000e+00,0.000000e+00,0.000000e+00,0.000000e+00,0.000000e+00,0.000000e+00,2.871257e-02,0.000000e+00,0.000000e+00,0.000000e+00,0.000000e+00,0.000000e+00,0.000000e+00,0.000000e+00,0.000000e+00,0.000000e+00,0.000000e+00,0.000000e+00,0.000000e+00,0.000000e+00,0.000000e+00,0.000000e+00,0.000000e+00,0.000000e+00,0.000000e+00
6.100000e+01,9,5.000000e-01,5.000000e-01,5.000000e-01,5.000000e-01,5.000000e-01,5.000000e-01,5.000000e-01,5.000000e-01,5.000000e-01,3.071484e-05,5.000000e-01,5.000000e-01,5.000000e-01,5.000000e-01,5.000000e-01,5.000000e-01,5.000000e-01,5.000000e-01,5.000000e-01,5.000000e-01,5.000000e-01,5.000000e-01,5.000000e-01,5.000000e-01,5.000000e-01,5.000000e-01,5.000000e-01,5.000000e-01,0.000000e+00,0.000000e+00,0.000000e+00,0.000000e+00,0.000000e+00,0.000000e+00,0.000000e+00,0.000000e+00,0.000000e+00,2.927182e-01,0.000000e+00,0.000000e+00,0.000000e+00,0.000000e+00,0.000000e+00,0.000000e+00,0.000000e+00,0.000000e+00,0.000000e+00,0.000000e+00,0.000000e+00,0.000000e+00,0.000000e+00,0.000000e+00,0.000000e+00,0.000000e+00,0.000000e+00,0.000000e+00
6.110000e+01,9,5.000000e-01,5.000000e-01,5.000000e-01,5.000000e-01,5.000000e-01,5.000000e-01,5.000000e-01,5.000000e-01,5.000000e-01,3.435440e-31,5.000000e-01,5.000000e-01,5.000000e-01,5.000000e-01,5.000000e-01,5.000000e-01,5.000000e-01,5.000000e-01,5.000000e-01,5.000000e-01,5.000000e-01,5.000000e-01,5.000000e-01,5.000000e-01,5.000000e-01,5.000000e-01,5.000000e-01,5.000000e-01,0.000000e+00,0.000000e+00,0.000000e+00,0.000000e+00,0.000000e+00,0.000000e+00,0.000000e+00,0.000000e+00,0.000000e+00,3.000000e-01,0.000000e+00,0.000000e+00,0.000000e+00,0.000000e+00,0.000000e+00,0.000000e+00,0.000000e+00,0.000000e+00,0.000000e+00,0.000000e+00,0.000000e+00,0.000000e+00,0.000000e+00,0.000000e+00,0.000000e+00,0.000000e+00,0.000000e+00,0.000000e+00
6.120000e+01,9,5.000000e-01,5.000000e-01,5.000000e-01,5.000000e-01,5.000000e-01,5.000000e-01,5.000000e-01,5.000000e-01,5.000000e-01,1.143110e-19,5.000000e-01,5.000000e-01,5.000000e-01,5.000000e-01,5.000000e-01,5.000000e-01,5.000000e-01,5.000000e-01,5.000000e-01,5.000000e-01,5.000000e-01,5.000000e-01,5.000000e-01,5.000000e-01,5.000000e-01,5.000000e-01,5.000000e-01,5.000000e-01,0.000000e+00,0.000000e+00,0.000000e+00,0.000000e+00,0.000000e+00,0.000000e+00,0.000000e+00,0.000000e+00,0.000000e+00,3.000000e-01,0.000000e+00,0.000000e+00,0.000000e+00,0.000000e+00,0.000000e+00,0.000000e+00,0.000000e+00,0.000000e+00,0.000000e+00,0.000000e+00,0.000000e+00,0.000000e+00,0.000000e+00,0.000000e+00,0.000000e+00,0.000000e+00,0.000000e+00,0.000000e+00
6.130000e+01,9,5.000000e-01,5.000000e-01,5.000000e-01,5.000000e-01,5.000000e-01,5.000000e-01,5.000000e-01,5.000000e-01,5.000000e-01,2.895976e-03,5.000000e-01,5.000000e-01,5.000000e-01,5.000000e-01,5.000000e-01,5.000000e-01,5.000000e-01,5.000000e-01,5.000000e-01,5.000000e-01,5.000000e-01,5.000000e-01,5.000000e-01,5.000000e-01,5.000000e-01,5.000000e-01,5.000000e-01,5.000000e-01,0.000000e+00,0.000000e+00,0.000000e+00,0.000000e+00,0.000000e+00,0.000000e+00,0.000000e+00,0.000000e+00,0.000000e+00,2.947788e-02,0.000000e+00,0.000000e+00,0.000000e+00,0.000000e+00,0.000000e+00,0.000000e+00,0.000000e+00,0.000000e+00,0.000000e+00,0.000000e+00,0.000000e+00,0.000000e+00,0.000000e+00,0.000000e+00,0.000000e+00,0.000000e+00,0.000000e+00,0.000000e+00
6.140000e+01,9,5.000000e-01,5.000000e-01,5.000000e-01,5.000000e-01,5.000000e-01,5.000000e-01,5.000000e-01,5.000000e-01,5.000000e-01,4.370264e-04,5.672244e-03,5.000000e-01,5.000000e-01,5.000000e-01,5.000000e-01,5.000000e-01,5.000000e-01,5.000000e-01,5.000000e-01,5.000000e-01,5.000000e-01,5.000000e-01,5.000000e-01,5.000000e-01,5.000000e-01,5.000000e-01,5.000000e-01,5.000000e-01,0.000000e+00,0.000000e+00,0.000000e+00,0.000000e+00,0.000000e+00,0.000000e+00,0.000000e+00,0.000000e+00,0.000000e+00,2.114704e-01,3.167899e-03,0.000000e+00,0.000000e+00,0.000000e+00,0.000000e+00,0.000000e+00,0.000000e+00,0.000000e+00,0.000000e+00,0.000000e+00,0.000000e+00,0.000000e+00,0.000000e+00,0.000000e+00,0.000000e+00,0.000000e+00,0.000000e+00,0.000000e+00
6.150000e+01,10,5.000000e-01,5.000000e-01,5.000000e-01,5.000000e-01,5.000000e-01,5.000000e-01,5.000000e-01,5.000000e-01,5.000000e-01,6.638697e-03,9.159167e-09,5.000000e-01,5.000000e-01,5.000000e-01,5.000000e-01,5.000000e-01,5.000000e-01,5.000000e-01,5.000000e-01,5.000000e-01,5.000000e-01,5.000000e-01,5.000000e-01,5.000000e-01,5.000000e-01,5.000000e-01,5.000000e-01,5.000000e-01,0.000000e+00,0.000000e+00,0.000000e+00,0.000000e+00,0.000000e+00,0.000000e+00,0.000000e+00,0.000000e+00,0.000000e+00,1.455163e-03,2.999978e-01,0.000000e+00,0.000000e+00,0.000000e+00,0.000000e+00,0.000000e+00,0.000000e+00,0.000000e+00,0.000000e+00,0.000000e+00,0.000000e+00,0.000000e+00,0.000000e+00,0.000000e+00,0.000000e+00,0.000000e+00,0.000000e+00,0.000000e+00
6.160000e+01,10,5.000000e-01,5.000000e-01,5.000000e-01,5.000000e-01,5.000000e-01,5.000000e-01,5.000000e-01,5.000000e-01,5.000000e-01,5.000000e-01,4.920567e-11,5.000000e-01,5.000000e-01,5.000000e-01,5.000000e-01,5.000000e-01,5.000000e-01,5.000000e-01,5.000000e-01,5.000000e-01,5.000000e-01,5.000000e-01,5.000000e-01,5.000000e-01,5.000000e-01,5.000000e-01,5.000000e-01,5.000000e-01,0.000000e+00,0.000000e+00,0.000000e+00,0.000000e+00,0.000000e+00,0.000000e+00,0.000000e+00,0.000000e+00,0.000000e+00,0.000000e+00,3.000000e-01,0.000000e+00,0.000000e+00,0.000000e+00,0.000000e+00,0.000000e+00,0.000000e+00,0.000000e+00,0.000000e+00,0.000000e+00,0.000000e+00,0.000000e+00,0.000000e+00,0.000000e+00,0.000000e+00,0.000000e+00,0.000000e+00,0.000000e+00
6.170000e+01,10,5.000000e-01,5.000000e-01,5.000000e-01,5.000000e-01,5.000000e-01,5.000000e-01,5.000000e-01,5.000000e-01,5.000000e-01,5.000000e-01,1.575488e-05,5.000000e-01,5.000000e-01,5.000000e-01,5.000000e-01,5.000000e-01,5.000000e-01,5.000000e-01,5.000000e-01,5.000000e-01,5.000000e-01,5.000000e-01,5.000000e-01,5.000000e-01,5.000000e-01,5.000000e-01,5.000000e-01,5.000000e-01,0.000000e+00,0.000000e+00,0.000000e+00,0.000000e+00,0.000000e+00,0.000000e+00,0.000000e+00,0.000000e+00,0.000000e+00,0.000000e+00,2.962425e-01,0.000000e+00,0.000000e+00,0.000000e+00,0.000000e+00,0.000000e+00,0.000000e+00,0.000000e+00,0.000000e+00,0.000000e+00,0.000000e+00,0.000000e+00,0.000000e+00,0.000000e+00,0.000000e+00,0.000000e+00,0.000000e+00,0.000000e+00
6.180000e+01,10,5.000000e-01,5.000000e-01,5.000000e-01,5.000000e-01,5.000000e-01,5.000000e-01,5.000000e-01,5.000000e-01,5.000000e-01,5.000000e-01,4.066885e-36,5.000000e-01,5.000000e-01,5.000000e-01,5.000000e-01,5.000000e-01,5.000000e-01,5.000000e-01,5.000000e-01,5.000000e-01,5.000000e-01,5.000000e-01,5.000000e-01,5.000000e-01,5.000000e-01,5.000000e-01,5.000000e-01,5.000000e-01,0.000000e+00,0.000000e+00,0.000000e+00,0.000000e+00,0.000000e+00,0.000000e+00,0.000000e+00,0.000000e+00,0.000000e+00,0.000000e+00,3.000000e-01,0.000000e+00,0.000000e+00,0.000000e+00,0.000000e+00,0.000000e+00,0.000000e+00,0.000000e+00,0.000000e+00,0.000000e+00,0.000000e+00,0.000000e+00,0.000000e+00,0.000000e+00,0.000000e+00,0.000000e+00,0.000000e+00,0.000000e+00
6.190000e+01,10,5.000000e-01,5.000000e-01,5.000000e-01,5.000000e-01,5.000000e-01,5.000000e-01,5.000000e-01,5.000000e-01,5.000000e-01,5.000000e-01,1.409893e-53,5.000000e-01,5.000000e-01,5.000000e-01,5.000000e-01,5.000000e-01,5.000000e-01,5.000000e-01,5.000000e-01,5.000000e-01,5.000000e-01,5.000000e-01,5.000000e-01,5.000000e-01,5.000000e-01,5.000000e-01,5.000000e-01,5.000000e-01,0.000000e+00,0.000000e+00,0.000000e+00,0.000000e+00,0.000000e+00,0.000000e+00,0.000000e+00,0.000000e+00,0.000000e+00,0.000000e+00,3.000000e-01,0.000000e+00,0.000000e+00,0.000000e+00,0.000000e+00,0.000000e+00,0.000000e+00,0.000000e+00,0.000000e+00,0.000000e+00,0.000000e+00,0.000000e+00,0.000000e+00,0.000000e+00,0.000000e+00,0.000000e+00,0.000000e+00,0.000000e+00
6.200000e+01,10,5.000000e-01,5.000000e-01,5.000000e-01,5.000000e-01,5.000000e-01,5.000000e-01,5.000000e-01,5.000000e-01,5.000000e-01,5.000000e-01,1.421930e-14,5.000000e-01,5.000000e-01,5.000000e-01,5.000000e-01,5.000000e-01,5.000000e-01,5.000000e-01,5.000000e-01,5.000000e-01,5.000000e-01,5.000000e-01,5.000000e-01,5.000000e-01,5.000000e-01,5.000000e-01,5.000000e-01,5.000000e-01,0.000000e+00,0.000000e+00,0.000000e+00,0.000000e+00,0.000000e+00,0.000000e+00,0.000000e+00,0.000000e+00,0.000000e+00,0.000000e+00,3.000000e-01,0.000000e+00,0.000000e+00,0.000000e+00,0.000000e+00,0.000000e+00,0.000000e+00,0.000000e+00,0.000000e+00,0.000000e+00,0.000000e+00,0.000000e+00,0.000000e+00,0.000000e+00,0.000000e+00,0.000000e+00,0.000000e+00,0.000000e+00
6.210000e+01,10,5.000000e-01,5.000000e-01,5.000000e-01,5.000000e-01,5.000000e-01,5.000000e-01,5.000000e-01,5.000000e-01,5.000000e-01,5.000000e-01,1.870869e-02,5.000000e-01,5.000000e-01,5.000000e-01,5.000000e-01,5.000000e-01,5.000000e-01,5.000000e-01,5.000000e-01,5.000000e-01,5.000000e-01,5.000000e-01,5.000000e-01,5.000000e-01,5.000000e-01,5.000000e-01,5.000000e-01,5.000000e-01,0.000000e+00,0.000000e+00,0.000000e+00,0.000000e+00,0.000000e+00,0.000000e+00,0.000000e+00,0.000000e+00,0.000000e+00,0.000000e+00,8.231619e-08,0.000000e+00,0.000000e+00,0.000000e+00,0.000000e+00,0.000000e+00,0.000000e+00,0.000000e+00,0.000000e+00,0.000000e+00,0.000000e+00,0.000000e+00,0.000000e+00,0.000000e+00,0.000000e+00,0.000000e+00,0.000000e+00,0.000000e+00
6.220000e+01,-1,5.000000e-01,5.000000e-01,5.000000e-01,5.000000e-01,5.000000e-01,5.000000e-01,5.000000e-01,5.000000e-01,5.000000e-01,5.000000e-01,5.000000e-01,5.000000e-01,5.000000e-01,5.000000e-01,5.000000e-01,5.000000e-01,5.000000e-01,5.000000e-01,5.000000e-01,5.000000e-01,5.000000e-01,5.000000e-01,5.000000e-01,5.000000e-01,5.000000e-01,5.000000e-01,5.000000e-01,5.000000e-01,0.000000e+00,0.000000e+00,0.000000e+00,0.000000e+00,0.000000e+00,0.000000e+00,0.000000e+00,0.000000e+00,0.000000e+00,0.000000e+00,0.000000e+00,0.000000e+00,0.000000e+00,0.000000e+00,0.000000e+00,0.000000e+00,0.000000e+00,0.000000e+00,0.000000e+00,0.000000e+00,0.000000e+00,0.000000e+00,0.000000e+00,0.000000e+00,0.000000e+00,0.000000e+00,0.000000e+00,0.000000e+00
6.230000e+01,9,5.000000e-01,5.000000e-01,5.000000e-01,5.000000e-01,5.000000e-01,5.000000e-01,5.000000e-01,5.000000e-01,5.000000e-01,7.449756e-03,5.000000e-01,5.000000e-01,5.000000e-01,5.000000e-01,5.000000e-01,5.000000e-01,5.000000e-01,5.000000e-01,5.000000e-01,5.000000e-01,5.000000e-01,5.000000e-01,5.000000e-01,5.000000e-01,5.000000e-01,5.000000e-01,5.000000e-01,5.000000e-01,0.000000e+00,0.000000e+00,0.000000e+00,0.000000e+00,0.000000e+00,0.000000e+00,0.000000e+00,0.000000e+00,0.000000e+00,7.570448e-04,0.000000e+00,0.000000e+00,0.000000e+00,0.000000e+00,0.000000e+00,0.000000e+00,0.000000e+00,0.000000e+00,0.000000e+00,0.000000e+00,0.000000e+00,0.000000e+00,0.000000e+00,0.000000e+00,0.000000e+00,0.000000e+00,0.000000e+00,0.000000e+00
6.240000e+01,9,5.000000e-01,5.000000e-01,5.000000e-01,5.000000e-01,5.000000e-01,5.000000e-01,5.000000e-01,5.000000e-01,5.000000e-01,7.809506e-18,5.000000e-01,5.000000e-01,5.000000e-01,5.000000e-01,5.000000e-01,5.000000e-01,5.000000e-01,5.000000e-01,5.000000e-01,5.000000e-01,5.000000e-01,5.000000e-01,5.000000e-01,5.000000e-01,5.000000e-01,5.000000e-01,5.000000e-01,5.000000e-01,0.000000e+00,0.000000e+00,0.000000e+00,0.000000e+00,0.000000e+00,0.000000e+00,0.000000e+00,0.000000e+00,0.000000e+00,3.000000e-01,0.000000e+00,0.000000e+00,0.000000e+00,0.000000e+00,0.000000e+00,0.000000e+00,0.000000e+00,0.000000e+00,0.000000e+00,0.000000e+00,0.000000e+00,0.000000e+00,0.000000e+00,0.000000e+00,0.000000e+00,0.000000e+00,0.000000e+00,0.000000e+00
6.250000e+01,9,5.000000e-01,5.000000e-01,5.000000e-01,5.000000e-01,5.000000e-01,5.000000e-01,5.000000e-01,5.000000e-01,5.000000e-01,8.317899e-52,5.000000e-01,5.000000e-01,5.000000e-01,5.000000e-01,5.000000e-01,5.000000e-01,5.000000e-01,5.000000e-01,5.000000e-01,5.000000e-01,5.000000e-01,5.000000e-01,5.000000e-01,5.000000e-01,5.000000e-01,5.000000e-01,5.000000e-01,5.000000e-01,0.000000e+00,0.000000e+00,0.000000e+00,0.000000e+00,0.000000e+00,0.000000e+00,0.000000e+00,0.000000e+00,0.000000e+00,3.000000e-01,0.000000e+00,0.000000e+00,0.000000e+00,0.000000e+00,0.000000e+00,0.000000e+00,0.000000e+00,0.000000e+00,0.000000e+00,0.000000e+00,0.000000e+00,0.000000e+00,0.000000e+00,0.000000e+00,0.000000e+00,0.000000e+00,0.000000e+00,0.000000e+00
6.260000e+01,9,5.000000e-01,5.000000e-01,5.000000e-01,5.000000e-01,5.000000e-01,5.000000e-01,5.000000e-01,5.000000e-01,5.000000e-01,1.633418e-18,5.000000e-01,5.000000e-01,5.000000e-01,5.000000e-01,5.000000e-01,5.000000e-01,5.000000e-01,5.000000e-01,5.000000e-01,5.000000e-01,5.000000e-01,5.000000e-01,5.000000e-01,5.000000e-01,5.000000e-01,5.000000e-01,5.000000e-01,5.000000e-01,0.000000e+00,0.000000e+00,0.000000e+00,0.000000e+00,0.000000e+00,0.000000e+00,0.000000e+00,0.000000e+00,0.000000e+00,3.000000e-01,0.000000e+00,0.000000e+00,0.000000e+00,0.000000e+00,0.000000e+00,0.000000e+00,0.000000e+00,0.000000e+00,0.000000e+00,0.000000e+00,0.000000e+00,0.000000e+00,0.000000e+00,0.000000e+00,0.000000e+00,0.000000e+00,0.000000e+00,0.000000e+00
6.270000e+01,9,5.000000e-01,5.000000e-01,5.000000e-01,5.000000e-01,5.000000e-01,5.000000e-01,5.000000e-01,5.000000e-01,5.000000e-01,1.576959e-34,5.000000e-01,5.000000e-01,5.000000e-01,5.000000e-01,5.000000e-01,5.000000e-01,5.000000e-01,5.000000e-01,5.000000e-01,5.000000e-01,5.000000e-01,5.000000e-01,5.000000e-01,5.000000e-01,5.000000e-01,5.000000e-01,5.000000e-01,5.000000e-01,0.000000e+00,0.000000e+00,0.000000e+00,0.000000e+00,0.000000e+00,0.000000e+00,0.000000e+00,0.000000e+00,0.000000e+00,3.000000e-01,0.000000e+00,0.000000e+00,0.000000e+00,0.000000e+00,0.000000e+00,0.000000e+00,0.000000e+00,0.000000e+00,0.000000e+00,0.000000e+00,0.000000e+00,0.000000e+00,0.000000e+00,0.000000e+00,0.000000e+00,0.000000e+00,0.000000e+00,0.000000e+00
6.280000e+01,9,5.000000e-01,5.000000e-01,5.000000e-01,5.000000e-01,5.000000e-01,5.000000e-01,5.000000e-01,5.000000e-01,5.000000e-01,2.613842e-27,5.000000e-01,5.000000e-01,5.000000e-01,5.000000e-01,5.000000e-01,5.000000e-01,5.000000e-01,5.000000e-01,5.000000e-01,5.000000e-01,5.000000e-01,5.000000e-01,5.000000e-01,5.000000e-01,5.000000e-01,5.000000e-01,5.000000e-01,5.000000e-01,0.000000e+00,0.000000e+00,0.000000e+00,0.000000e+00,0.000000e+00,0.000000e+00,0.000000e+00,0.000000e+00,0.000000e+00,3.000000e-01,0.000000e+00,0.000000e+00,0.000000e+00,0.000000e+00,0.000000e+00,0.000000e+00,0.000000e+00,0.000000e+00,0.000000e+00,0.000000e+00,0.000000e+00,0.000000e+00,0.000000e+00,0.000000e+00,0.000000e+00,0.000000e+00,0.000000e+00,0.000000e+00
6.290000e+01,9,5.000000e-01,5.000000e-01,5.000000e-01,5.000000e-01,5.000000e-01,5.000000e-01,5.000000e-01,5.000000e-01,9.945285e-03,4.739164e-05,5.000000e-01,5.000000e-01,5.000000e-01,5.000000e-01,5.000000e-01,5.000000e-01,5.000000e-01,5.000000e-01,5.000000e-01,5.000000e-01,5.000000e-01,5.000000e-01,5.000000e-01,5.000000e-01,5.000000e-01,5.000000e-01,5.000000e-01,5.000000e-01,0.000000e+00,0.000000e+00,0.000000e+00,0.000000e+00,0.000000e+00,0.000000e+00,0.000000e+00,0.000000e+00,1.010365e-04,2.888387e-01,0.000000e+00,0.000000e+00,0.000000e+00,0.000000e+00,0.000000e+00,0.000000e+00,0.000000e+00,0.000000e+00,0.000000e+00,0.000000e+00,0.000000e+00,0.000000e+00,0.000000e+00,0.000000e+00,0.000000e+00,0.000000e+00,0.000000e+00,0.000000e+00
6.300000e+01,8,5.000000e-01,5.000000e-01,5.000000e-01,5.000000e-01,5.000000e-01,5.000000e-01,5.000000e-01,5.000000e-01,3.707878e-03,5.000000e-01,5.000000e-01,5.000000e-01,5.000000e-01,5.000000e-01,5.000000e-01,5.000000e-01,5.000000e-01,5.000000e-01,5.000000e-01,5.000000e-01,5.000000e-01,5.000000e-01,5.000000e-01,5.000000e-01,5.000000e-01,5.000000e-01,5.000000e-01,5.000000e-01,0.000000e+00,0.000000e+00,0.000000e+00,0.000000e+00,0.000000e+00,0.000000e+00,0.000000e+00,0.000000e+00,1.536308e-02,0.000000e+00,0.000000e+00,0.000000e+00,0.000000e+00,0.000000e+00,0.000000e+00,0.000000e+00,0.000000e+00,0.000000e+00,0.000000e+00,0.000000e+00,0.000000e+00,0.000000e+00,0.000000e+00,0.000000e+00,0.000000e+00,0.000000e+00,0.000000e+00,0.000000e+00
6.310000e+01,8,5.000000e-01,5.000000e-01,5.000000e-01,5.000000e-01,5.000000e-01,5.000000e-01,5.000000e-01,5.000000e-01,1.075473e-12,5.000000e-01,5.000000e-01,5.000000e-01,5.000000e-01,5.000000e-01,5.000000e-01,5.000000e-01,5.000000e-01,5.000000e-01,5.000000e-01,5.000000e-01,5.000000e-01,5.000000e-01,5.000000e-01,5.000000e-01,5.000000e-01,5.000000e-01,5.000000e-01,5.000000e-01,0.000000e+00,0.000000e+00,0.000000e+00,0.000000e+00,0.000000e+00,0.000000e+00,0.000000e+00,0.000000e+00,3.000000e-01,0.000000e+00,0.000000e+00,0.000000e+00,0.000000e+00,0.000000e+00,0.000000e+00,0.000000e+00,0.000000e+00,0.000000e+00,0.000000e+00,0.000000e+00,0.000000e+00,0.000000e+00,0.000000e+00,0.000000e+00,0.000000e+00,0.000000e+00,0.000000e+00,0.000000e+00
6.320000e+01,8,5.000000e-01,5.000000e-01,5.000000e-01,5.000000e-01,5.000000e-01,5.000000e-01,5.000000e-01,5.000000e-01,4.539301e-18,5.000000e-01,5.000000e-01,5.000000e-01,5.000000e-01,5.000000e-01,5.000000e-01,5.000000e-01,5.000000e-01,5.000000e-01,5.000000e-01,5.000000e-01,5.000000e-01,5.000000e-01,5.000000e-01,5.000000e-01,5.000000e-01,5.000000e-01,5.000000e-01,5.000000e-01,0.000000e+00,0.000000e+00,0.000000e+00,0.000000e+00,0.000000e+00,0.000000e+00,0.000000e+00,0.000000e+00,3.000000e-01,0.000000e+00,0.000000e+00,0.000000e+00,0.000000e+00,0.000000e+00,0.000000e+00,0.000000e+00,0.000000e+00,0.000000e+00,0.000000e+00,0.000000e+00,0.000000e+00,0.000000e+00,0.000000e+00,0.000000e+00,0.000000e+00,0.000000e+00,0.000000e+00,0.000000e+00
6.330000e+01,8,5.000000e-01,5.000000e-01,5.000000e-01,5.000000e-01,5.000000e-01,5.000000e-01,5.000000e-01,5.000000e-01,1.966605e-10,5.000000e-01,5.000000e-01,5.000000e-01,5.000000e-01,5.000000e-01,5.000000e-01,5.000000e-01,5.000000e-01,5.000000e-01,5.000000e-01,5.000000e-01,5.000000e-01,5.000000e-01,5.000000e-01,5.000000e-01,5.000000e-01,5.000000e-01,5.000000e-01,5.000000e-01,0.000000e+00,0.000000e+00,0.000000e+00,0.000000e+00,0.000000e+00,0.000000e+00,0.000000e+00,0.000000e+00,3.000000e-01,0.000000e+00,0.000000e+00,0.000000e+00,0.000000e+00,0.000000e+00,0.000000e+00,0.000000e+00,0.000000e+00,0.000000e+00,0.000000e+00,0.000000e+00,0.000000e+00,0.000000e+00,0.000000e+00,0.000000e+00,0.000000e+00,0.000000e+00,0.000000e+00,0.000000e+00
6.340000e+01,8,5.000000e-01,5.000000e-01,5.000000e-01,5.000000e-01,5.000000e-01,5.000000e-01,5.000000e-01,5.000000e-01,1.647654e-02,5.000000e-01,5.000000e-01,5.000000e-01,5.000000e-01,5.000000e-01,5.000000e-01,5.000000e-01,5.000000e-01,5.000000e-01,5.000000e-01,5.000000e-01,5.000000e-01,5.000000e-01,5.000000e-01,5.000000e-01,5.000000e-01,5.000000e-01,5.000000e-01,5.000000e-01,0.000000e+00,0.000000e+00,0.000000e+00,0.000000e+00,0.000000e+00,0.000000e+00,0.000000e+00,0.000000e+00,5.068724e-07,0.000000e+00,0.000000e+00,0.000000e+00,0.000000e+00,0.000000e+00,0.000000e+00,0.000000e+00,0.000000e+00,0.000000e+00,0.000000e+00,0.000000e+00,0.000000e+00,0.000000e+00,0.000000e+00,0.000000e+00,0.000000e+00,0.000000e+00,0.000000e+00,0.000000e+00
6.350000e+01,-1,5.000000e-01,5.000000e-01,5.000000e-01,5.000000e-01,5.000000e-01,5.000000e-01,5.000000e-01,5.000000e-01,5.000000e-01,5.000000e-01,5.000000e-01,5.000000e-01,5.000000e-01,5.000000e-01,5.000000e-01,5.000000e-01,5.000000e-01,5.000000e-01,5.000000e-01,5.000000e-01,5.000000e-01,5.000000e-01,5.000000e-01,5.000000e-01,5.000000e-01,5.000000e-01,5.000000e-01,5.000000e-01,0.000000e+00,0.000000e+00,0.000000e+00,0.000000e+00,0.000000e+00,0.000000e+00,0.000000e+00,0.000000e+00,0.000000e+00,0.000000e+00,0.000000e+00,0.000000e+00,0.000000e+00,0.000000e+00,0.000000e+00,0.000000e+00,0.000000e+00,0.000000e+00,0.000000e+00,0.000000e+00,0.000000e+00,0.000000e+00,0.000000e+00,0.000000e+00,0.000000e+00,0.000000e+00,0.000000e+00,0.000000e+00
6.360000e+01,16,5.000000e-01,5.000000e-01,5.000000e-01,5.000000e-01,5.000000e-01,5.000000e-01,5.000000e-01,5.000000e-01,5.000000e-01,2.031364e-02,5.000000e-01,5.000000e-01,5.000000e-01,5.000000e-01,5.000000e-01,5.000000e-01,1.811843e-02,5.000000e-01,5.000000e-01,5.000000e-01,5.000000e-01,5.000000e-01,5.000000e-01,5.000000e-01,5.000000e-01,5.000000e-01,5.000000e-01,5.000000e-01,0.000000e+00,0.000000e+00,0.000000e+00,0.000000e+00,0.000000e+00,0.000000e+00,0.000000e+00,0.000000e+00,0.000000e+00,2.222136e-08,0.000000e+00,0.000000e+00,0.000000e+00,0.000000e+00,0.000000e+00,0.000000e+00,1.331702e-07,0.000000e+00,0.000000e+00,0.000000e+00,0.000000e+00,0.000000e+00,0.000000e+00,0.000000e+00,0.000000e+00,0.000000e+00,0.000000e+00,0.000000e+00
6.370000e+01,9,5.000000e-01,5.000000e-01,5.000000e-01,5.000000e-01,5.000000e-01,5.000000e-01,5.000000e-01,5.000000e-01,5.000000e-01,2.426754e-04,5.000000e-01,5.000000e-01,5.000000e-01,5.000000e-01,5.000000e-01,5.000000e-01,5.000000e-01,5.000000e-01,5.000000e-01,5.000000e-01,5.000000e-01,5.000000e-01,5.000000e-01,5.000000e-01,5.000000e-01,5.000000e-01,5.000000e-01,5.000000e-01,0.000000e+00,0.000000e+00,0.000000e+00,0.000000e+00,0.000000e+00,0.000000e+00,0.000000e+00,0.000000e+00,0.000000e+00,2.470569e-01,0.000000e+00,0.000000e+00,0.000000e+00,0.000000e+00,0.000000e+00,0.000000e+00,0.000000e+00,0.000000e+00,0.000000e+00,0.000000e+00,0.000000e+00,0.000000e+00,0.000000e+00,0.000000e+00,0.000000e+00,0.000000e+00,0.000000e+00,0.000000e+00
6.380000e+01,9,5.000000e-01,5.000000e-01,5.000000e-01,5.000000e-01,5.000000e-01,5.000000e-01,5.000000e-01,5.000000e-01,5.000000e-01,4.077491e-02,5.000000e-01,5.000000e-01,5.000000e-01,5.000000e-01,5.000000e-01,5.000000e-01,5.000000e-01,5.000000e-01,5.000000e-01,5.000000e-01,5.000000e-01,5.000000e-01,5.000000e-01,5.000000e-01,5.000000e-01,5.000000e-01,5.000000e-01,5.000000e-01,0.000000e+00,0.000000e+00,0.000000e+00,0.000000e+00,0.000000e+00,0.000000e+00,0.000000e+00,0.000000e+00,0.000000e+00,1.032507e-15,0.000000e+00,0.000000e+00,0.000000e+00,0.000000e+00,0.000000e+00,0.000000e+00,0.000000e+00,0.000000e+00,0.000000e+00,0.000000e+00,0.000000e+00,0.000000e+00,0.000000e+00,0.000000e+00,0.000000e+00,0.000000e+00,0.000000e+00,0.000000e+00
6.390000e+01,17,5.000000e-01,5.000000e-01,5.000000e-01,5.000000e-01,5.000000e-01,5.000000e-01,5.000000e-01,5.000000e-01,5.000000e-01,5.000000e-01,5.000000e-01,5.000000e-01,5.000000e-01,5.000000e-01,5.000000e-01,5.000000e-01,5.000000e-01,4.557488e-02,5.000000e-01,5.000000e-01,5.000000e-01,5.000000e-01,5.000000e-01,5.000000e-01,5.000000e-01,5.000000e-01,5.000000e-01,5.000000e-01,0.000000e+00,0.000000e+00,0.000000e+00,0.000000e+00,0.000000e+00,0.000000e+00,0.000000e+00,0.000000e+00,0.000000e+00,0.000000e+00,0.000000e+00,0.000000e+00,0.000000e+00,0.000000e+00,0.000000e+00,0.000000e+00,0.000000e+00,3.330669e-17,0.000000e+00,0.000000e+00,0.000000e+00,0.000000e+00,0.000000e+00,0.000000e+00,0.000000e+00,0.000000e+00,0.000000e+00,0.000000e+00
6.400000e+01,17,5.000000e-01,5.000000e-01,5.000000e-01,5.000000e-01,5.000000e-01,5.000000e-01,5.000000e-01,5.000000e-01,5.000000e-01,5.000000e-01,5.000000e-01,5.000000e-01,5.000000e-01,5.000000e-01,5.000000e-01,5.000000e-01,5.000000e-01,9.321129e-10,5.000000e-01,5.000000e-01,5.000000e-01,5.000000e-01,5.000000e-01,5.000000e-01,5.000000e-01,5.000000e-01,5.000000e-01,5.000000e-01,0.000000e+00,0.000000e+00,0.000000e+00,0.000000e+00,0.000000e+00,0.000000e+00,0.000000e+00,0.000000e+00,0.000000e+00,0.000000e+00,0.000000e+00,0.000000e+00,0.000000e+00,0.000000e+00,0.000000e+00,0.000000e+00,0.000000e+00,2.999998e-01,0.000000e+00,0.000000e+00,0.000000e+00,0.000000e+00,0.000000e+00,0.000000e+00,0.000000e+00,0.000000e+00,0.000000e+00,0.000000e+00
6.410000e+01,17,5.000000e-01,5.000000e-01,5.000000e-01,5.000000e-01,5.000000e-01,5.000000e-01,5.000000e-01,5.000000e-01,5.000000e-01,5.000000e-01,5.000000e-01,5.000000e-01,5.000000e-01,5.000000e-01,5.000000e-01,5.000000e-01,5.000000e-01,2.658391e-43,5.000000e-01,5.000000e-01,5.000000e-01,5.000000e-01,5.000000e-01,5.000000e-01,5.000000e-01,5.000000e-01,5.000000e-01,5.000000e-01,0.000000e+00,0.000000e+00,0.000000e+00,0.000000e+00,0.000000e+00,0.000000e+00,0.000000e+00,0.000000e+00,0.000000e+00,0.000000e+00,0.000000e+00,0.000000e+00,0.000000e+00,0.000000e+00,0.000000e+00,0.000000e+00,0.000000e+00,3.000000e-01,0.000000e+00,0.000000e+00,0.000000e+00,0.000000e+00,0.000000e+00,0.000000e+00,0.000000e+00,0.000000e+00,0.000000e+00,0.000000e+00
6.420000e+01,17,5.000000e-01,5.000000e-01,5.000000e-01,5.000000e-01,5.000000e-01,5.000000e-01,5.000000e-01,5.000000e-01,5.000000e-01,5.000000e-01,5.000000e-01,5.000000e-01,5.000000e-01,5.000000e-01,5.000000e-01,5.000000e-01,5.000000e-01,8.350540e-37,5.000000e-01,5.000000e-01,5.000000e-01,5.000000e-01,5.000000e-01,5.000000e-01,5.000000e-01,5.000000e-01,5.000000e-01,5.000000e-01,0.000000e+00,0.000000e+00,0.000000e+00,0.000000e+00,0.000000e+00,0.000000e+00,0.000000e+00,0.000000e+00,0.000000e+00,0.000000e+00,0.000000e+00,0.000000e+00,0.000000e+00,0.000000e+00,0.000000e+00,0.000000e+00,0.000000e+00,3.000000e-01,0.000000e+00,0.000000e+00,0.000000e+00,0.000000e+00,0.000000e+00,0.000000e+00,0.000000e+00,0.000000e+00,0.000000e+00,0.000000e+00
6.430000e+01,17,5.000000e-01,5.000000e-01,5.000000e-01,5.000000e-01,5.000000e-01,5.000000e-01,5.000000e-01,5.000000e-01,5.000000e-01,5.000000e-01,5.000000e-01,5.000000e-01,5.000000e-01,5.000000e-01,5.000000e-01,5.000000e-01,5.000000e-01,3.555168e-06,5.000000e-01,5.000000e-01,5.000000e-01,5.000000e-01,5.000000e-01,5.000000e-01,5.000000e-01,5.000000e-01,5.000000e-01,5.000000e-01,0.000000e+00,0.000000e+00,0.000000e+00,0.000000e+00,0.000000e+00,0.000000e+00,0.000000e+00,0.000000e+00,0.000000e+00,0.000000e+00,0.000000e+00,0.000000e+00,0.000000e+00,0.000000e+00,0.000000e+00,0.000000e+00,0.000000e+00,2.991480e-01,0.000000e+00,0.000000e+00,0.000000e+00,0.000000e+00,0.000000e+00,0.000000e+00,0.000000e+00,0.000000e+00,0.000000e+00,0.000000e+00
6.440000e+01,17,5.000000e-01,5.000000e-01,5.000000e-01,5.000000e-01,5.000000e-01,5.000000e-01,5.000000e-01,5.000000e-01,5.000000e-01,5.000000e-01,5.000000e-01,5.000000e-01,5.000000e-01,5.000000e-01,5.000000e-01,5.000000e-01,5.000000e-01,1.150319e-02,5.000000e-01,5.000000e-01,5.000000e-01,5.000000e-01,5.000000e-01,5.000000e-01,5.000000e-01,5.000000e-01,5.000000e-01,5.000000e-01,0.000000e+00,0.000000e+00,0.000000e+00,0.000000e+00,0.000000e+00,0.000000e+00,0.000000e+00,0.000000e+00,0.000000e+00,0.000000e+00,0.000000e+00,0.000000e+00,0.000000e+00,0.000000e+00,0.000000e+00,0.000000e+00,0.000000e+00,2.866422e-05,0.000000e+00,0.000000e+00,0.000000e+00,0.000000e+00,0.000000e+00,0.000000e+00,0.000000e+00,0.000000e+00,0.000000e+00,0.000000e+00
6.450000e+01,-1,5.000000e-01,5.000000e-01,5.000000e-01,5.000000e-01,5.000000e-01,5.000000e-01,5.000000e-01,5.000000e-01,5.000000e-01,5.000000e-01,5.000000e-01,5.000000e-01,5.000000e-01,5.000000e-01,5.000000e-01,5.000000e-01,5.000000e-01,5.000000e-01,5.000000e-01,5.000000e-01,5.000000e-01,5.000000e-01,5.000000e-01,5.000000e-01,5.000000e-01,5.000000e-01,5.000000e-01,5.000000e-01,0.000000e+00,0.000000e+00,0.000000e+00,0.000000e+00,0.000000e+00,0.000000e+00,0.000000e+00,0.000000e+00,0.000000e+00,0.000000e+00,0.000000e+00,0.000000e+00,0.000000e+00,0.000000e+00,0.000000e+00,0.000000e+00,0.000000e+00,0.000000e+00,0.000000e+00,0.000000e+00,0.000000e+00,0.000000e+00,0.000000e+00,0.000000e+00,0.000000e+00,0.000000e+00,0.000000e+00,0.000000e+00
6.460000e+01,18,5.000000e-01,5.000000e-01,5.000000e-01,5.000000e-01,5.000000e-01,5.000000e-01,5.000000e-01,5.000000e-01,5.000000e-01,5.000000e-01,5.000000e-01,5.000000e-01,5.000000e-01,5.000000e-01,5.000000e-01,5.000000e-01,5.000000e-01,5.000000e-01,4.036653e-06,5.000000e-01,5.000000e-01,5.000000e-01,5.000000e-01,5.000000e-01,5.000000e-01,5.000000e-01,5.000000e-01,5.000000e-01,0.000000e+00,0.000000e+00,0.000000e+00,0.000000e+00,0.000000e+00,0.000000e+00,0.000000e+00,0.000000e+00,0.000000e+00,0.000000e+00,0.000000e+00,0.000000e+00,0.000000e+00,0.000000e+00,0.000000e+00,0.000000e+00,0.000000e+00,0.000000e+00,2.990328e-01,0.000000e+00,0.000000e+00,0.000000e+00,0.000000e+00,0.000000e+00,0.000000e+00,0.000000e+00,0.000000e+00,0.000000e+00
6.470000e+01,18,5.000000e-01,5.000000e-01,5.000000e-01,5.000000e-01,5.000000e-01,5.000000e-01,5.000000e-01,5.000000e-01,5.000000e-01,5.000000e-01,5.000000e-01,5.000000e-01,5.000000e-01,5.000000e-01,5.000000e-01,5.000000e-01,5.000000e-01,2.396326e-02,3.764772e-12,5.000000e-01,5.000000e-01,5.000000e-01,5.000000e-01,5.000000e-01,5.000000e-01,5.000000e-01,5.000000e-01,5.000000e-01,0.000000e+00,0.000000e+00,0.000000e+00,0.000000e+00,0.000000e+00,0.000000e+00,0.000000e+00,0.000000e+00,0.000000e+00,0.000000e+00,0.000000e+00,0.000000e+00,0.000000e+00,0.000000e+00,0.000000e+00,0.000000e+00,0.000000e+00,1.122157e-09,3.000000e-01,0.000000e+00,0.000000e+00,0.000000e+00,0.000000e+00,0.000000e+00,0.000000e+00,0.000000e+00,0.000000e+00,0.000000e+00
6.480000e+01,17,5.000000e-01,5.000000e-01,5.000000e-01,5.000000e-01,5.000000e-01,5.000000e-01,5.000000e-01,5.000000e-01,5.000000e-01,5.000000e-01,5.000000e-01,5.000000e-01,5.000000e-01,5.000000e-01,5.000000e-01,5.000000e-01,5.000000e-01,2.173910e-14,3.988586e-02,5.000000e-01,5.000000e-01,5.000000e-01,5.000000e-01,5.000000e-01,5.000000e-01,5.000000e-01,5.000000e-01,5.000000e-01,0.000000e+00,0.000000e+00,0.000000e+00,0.000000e+00,0.000000e+00,0.000000e+00,0.000000e+00,0.000000e+00,0.000000e+00,0.000000e+00,0.000000e+00,0.000000e+00,0.000000e+00,0.000000e+00,0.000000e+00,0.000000e+00,0.000000e+00,3.000000e-01,2.164935e-15,0.000000e+00,0.000000e+00,0.000000e+00,0.000000e+00,0.000000e+00,0.000000e+00,0.000000e+00,0.000000e+00,0.000000e+00
6.490000e+01,17,5.000000e-01,5.000000e-01,5.000000e-01,5.000000e-01,5.000000e-01,5.000000e-01,5.000000e-01,5.000000e-01,5.000000e-01,5.000000e-01,5.000000e-01,5.000000e-01,5.000000e-01,5.000000e-01,5.000000e-01,5.000000e-01,5.000000e-01,1.635815e-38,5.000000e-01,5.000000e-01,5.000000e-01,5.000000e-01,5.000000e-01,5.000000e-01,5.000000e-01,5.000000e-01,5.000000e-01,5.000000e-01,0.000000e+00,0.000000e+00,0.000000e+00,0.000000e+00,0.000000e+00,0.000000e+00,0.000000e+00,0.000000e+00,0.000000e+00,0.000000e+00,0.000000e+00,0.000000e+00,0.000000e+00,0.000000e+00,0.000000e+00,0.000000e+00,0.000000e+00,3.000000e-01,0.000000e+00,0.000000e+00,0.000000e+00,0.000000e+00,0.000000e+00,0.000000e+00,0.000000e+00,0.000000e+00,0.000000e+00,0.000000e+00
6.500000e+01,17,5.000000e-01,5.000000e-01,5.000000e-01,5.000000e-01,5.000000e-01,5.000000e-01,5.000000e-01,5.000000e-01,5.000000e-01,5.000000e-01,5.000000e-01,5.000000e-01,5.000000e-01,5.000000e-01,5.000000e-01,5.000000e-01,5.000000e-01,4.248564e-07,5.000000e-01,5.000000e-01,5.000000e-01,5.000000e-01,5.000000e-01,5.000000e-01,5.000000e-01,5.000000e-01,5.000000e-01,5.000000e-01,0.000000e+00,0.000000e+00,0.000000e+00,0.000000e+00,0.000000e+00,0.000000e+00,0.000000e+00,0.000000e+00,0.000000e+00,0.000000e+00,0.000000e+00,0.000000e+00,0.000000e+00,0.000000e+00,0.000000e+00,0.000000e+00,0.000000e+00,2.998981e-01,0.000000e+00,0.000000e+00,0.000000e+00,0.000000e+00,0.000000e+00,0.000000e+00,0.000000e+00,0.000000e+00,0.000000e+00,0.000000e+00
6.510000e+01,24,5.000000e-01,5.000000e-01,5.000000e-01,5.000000e-01,5.000000e-01,5.000000e-01,5.000000e-01,5.000000e-01,5.000000e-01,5.000000e-01,5.000000e-01,5.000000e-01,5.000000e-01,5.000000e-01,5.000000e-01,5.000000e-01,5.000000e-01,5.000000e-01,5.000000e-01,5.000000e-01,5.000000e-01,5.000000e-01,5.000000e-01,5.000000e-01,1.439493e-02,5.000000e-01,5.000000e-01,5.000000e-01,0.000000e+00,0.000000e+00,0.000000e+00,0.000000e+00,0.000000e+00,0.000000e+00,0.000000e+00,0.000000e+00,0.000000e+00,0.000000e+00,0.000000e+00,0.000000e+00,0.000000e+00,0.000000e+00,0.000000e+00,0.000000e+00,0.000000e+00,0.000000e+00,0.000000e+00,0.000000e+00,0.000000e+00,0.000000e+00,0.000000e+00,0.000000e+00,2.750833e-06,0.000000e+00,0.000000e+00,0.000000e+00
6.520000e+01,24,5.000000e-01,5.000000e-01,5.000000e-01,5.000000e-01,5.000000e-01,5.000000e-01,5.000000e-01,5.000000e-01,5.000000e-01,5.000000e-01,5.000000e-01,5.000000e-01,5.000000e-01,5.000000e-01,5.000000e-01,5.000000e-01,5.000000e-01,5.000000e-01,5.000000e-01,5.000000e-01,5.000000e-01,5.000000e-01,5.000000e-01,5.000000e-01,7.273732e-09,5.000000e-01,5.000000e-01,5.000000e-01,0.000000e+00,0.000000e+00,0.000000e+00,0.000000e+00,0.000000e+00,0.000000e+00,0.000000e+00,0.000000e+00,0.000000e+00,0.000000e+00,0.000000e+00,0.000000e+00,0.000000e+00,0.000000e+00,0.000000e+00,0.000000e+00,0.000000e+00,0.000000e+00,0.000000e+00,0.000000e+00,0.000000e+00,0.000000e+00,0.000000e+00,0.000000e+00,2.999983e-01,0.000000e+00,0.000000e+00,0.000000e+00
6.530000e+01,24,5.000000e-01,5.000000e-01,5.000000e-01,5.000000e-01,5.000000e-01,5.000000e-01,5.000000e-01,5.000000e-01,5.000000e-01,5.000000e-01,5.000000e-01,5.000000e-01,5.000000e-01,5.000000e-01,5.000000e-01,5.000000e-01,5.000000e-01,5.000000e-01,5.000000e-01,5.000000e-01,5.000000e-01,5.000000e-01,5.000000e-01,5.000000e-01,1.948135e-15,4.828705e-02,5.000000e-01,5.000000e-01,0.000000e+00,0.000000e+00,0.000000e+00,0.000000e+00,0.000000e+00,0.000000e+00,0.000000e+00,0.000000e+00,0.000000e+00,0.000000e+00,0.000000e+00,0.000000e+00,0.000000e+00,0.000000e+00,0.000000e+00,0.000000e+00,0.000000e+00,0.000000e+00,0.000000e+00,0.000000e+00,0.000000e+00,0.000000e+00,0.000000e+00,0.000000e+00,3.000000e-01,0.000000e+00,0.000000e+00,0.000000e+00
6.540000e+01,24,5.000000e-01,5.000000e-01,5.000000e-01,5.000000e-01,5.000000e-01,5.000000e-01,5.000000e-01,5.000000e-01,5.000000e-01,5.000000e-01,5.000000e-01,5.000000e-01,5.000000e-01,5.000000e-01,5.000000e-01,5.000000e-01,5.000000e-01,5.000000e-01,5.000000e-01,5.000000e-01,5.000000e-01,5.000000e-01,5.000000e-01,5.000000e-01,8.695642e-07,5.000000e-01,5.000000e-01,5.000000e-01,0.000000e+00,0.000000e+00,0.000000e+00,0.000000e+00,0.000000e+00,0.000000e+00,0.000000e+00,0.000000e+00,0.000000e+00,0.000000e+00,0.000000e+00,0.000000e+00,0.000000e+00,0.000000e+00,0.000000e+00,0.000000e+00,0.000000e+00,0.000000e+00,0.000000e+00,0.000000e+00,0.000000e+00,0.000000e+00,0.000000e+00,0.000000e+00,2.997914e-01,0.000000e+00,0.000000e+00,0.000000e+00
6.550000e+01,-1,5.000000e-01,5.000000e-01,5.000000e-01,5.000000e-01,5.000000e-01,5.000000e-01,5.000000e-01,5.000000e-01,5.000000e-01,5.000000e-01,5.000000e-01,5.000000e-01,5.000000e-01,5.000000e-01,5.000000e-01,5.000000e-01,5.000000e-01,5.000000e-01,5.000000e-01,5.000000e-01,5.000000e-01,5.000000e-01,5.000000e-01,5.000000e-01,5.000000e-01,5.000000e-01,5.000000e-01,5.000000e-01,0.000000e+00,0.000000e+00,0.000000e+00,0.000000e+00,0.000000e+00,0.000000e+00,0.000000e+00,0.000000e+00,0.000000e+00,0.000000e+00,0.000000e+00,0.000000e+00,0.000000e+00,0.000000e+00,0.000000e+00,0.000000e+00,0.000000e+00,0.000000e+00,0.000000e+00,0.000000e+00,0.000000e+00,0.000000e+00,0.000000e+00,0.000000e+00,0.000000e+00,0.000000e+00,0.000000e+00,0.000000e+00
6.560000e+01,17,5.000000e-01,5.000000e-01,5.000000e-01,5.000000e-01,5.000000e-01,5.000000e-01,5.000000e-01,5.000000e-01,5.000000e-01,5.000000e-01,5.000000e-01,5.000000e-01,5.000000e-01,5.000000e-01,5.000000e-01,5.000000e-01,5.000000e-01,3.371401e-06,5.000000e-01,5.000000e-01,5.000000e-01,5.000000e-01,5.000000e-01,5.000000e-01,5.000000e-01,5.000000e-01,5.000000e-01,5.000000e-01,0.000000e+00,0.000000e+00,0.000000e+00,0.000000e+00,0.000000e+00,0.000000e+00,0.000000e+00,0.000000e+00,0.000000e+00,0.000000e+00,0.000000e+00,0.000000e+00,0.000000e+00,0.000000e+00,0.000000e+00,0.000000e+00,0.000000e+00,2.991920e-01,0.000000e+00,0.000000e+00,0.000000e+00,0.000000e+00,0.000000e+00,0.000000e+00,0.000000e+00,0.000000e+00,0.000000e+00,0.000000e+00
6.570000e+01,17,5.000000e-01,5.000000e-01,5.000000e-01,5.000000e-01,5.000000e-01,5.000000e-01,5.000000e-01,5.000000e-01,5.000000e-01,5.000000e-01,5.000000e-01,5.000000e-01,5.000000e-01,5.000000e-01,5.000000e-01,5.000000e-01,5.000000e-01,1.636417e-09,5.000000e-01,5.000000e-01,5.000000e-01,5.000000e-01,5.000000e-01,5.000000e-01,5.000000e-01,5.000000e-01,5.000000e-01,5.000000e-01,0.000000e+00,0.000000e+00,0.000000e+00,0.000000e+00,0.000000e+00,0.000000e+00,0.000000e+00,0.000000e+00,0.000000e+00,0.000000e+00,0.000000e+00,0.000000e+00,0.000000e+00,0.000000e+00,0.000000e+00,0.000000e+00,0.000000e+00,2.999996e-01,0.000000e+00,0.000000e+00,0.000000e+00,0.000000e+00,0.000000e+00,0.000000e+00,0.000000e+00,0.000000e+00,0.000000e+00,0.000000e+00
6.580000e+01,17,5.000000e-01,5.000000e-01,5.000000e-01,5.000000e-01,5.000000e-01,5.000000e-01,5.000000e-01,5.000000e-01,5.000000e-01,5.000000e-01,5.000000e-01,5.000000e-01,5.000000e-01,5.000000e-01,5.000000e-01,5.000000e-01,5.000000e-01,9.970655e-04,5.000000e-01,5.000000e-01,5.000000e-01,5.000000e-01,5.000000e-01,5.000000e-01,5.000000e-01,5.000000e-01,5.000000e-01,5.000000e-01,0.000000e+00,0.000000e+00,0.000000e+00,0.000000e+00,0.000000e+00,0.000000e+00,0.000000e+00,0.000000e+00,0.000000e+00,0.000000e+00,0.000000e+00,0.000000e+00,0.000000e+00,0.000000e+00,0.000000e+00,0.000000e+00,0.000000e+00,1.350618e-01,0.000000e+00,0.000000e+00,0.000000e+00,0.000000e+00,0.000000e+00,0.000000e+00,0.000000e+00,0.000000e+00,0.000000e+00,0.000000e+00
6.590000e+01,17,5.000000e-01,5.000000e-01,5.000000e-01,5.000000e-01,5.000000e-01,5.000000e-01,5.000000e-01,5.000000e-01,5.000000e-01,5.000000e-01,5.000000e-01,5.000000e-01,5.000000e-01,5.000000e-01,5.000000e-01,5.000000e-01,5.000000e-01,1.492941e-05,5.000000e-01,5.000000e-01,5.000000e-01,5.000000e-01,5.000000e-01,5.000000e-01,5.000000e-01,5.000000e-01,5.000000e-01,5.000000e-01,0.000000e+00,0.000000e+00,0.000000e+00,0.000000e+00,0.000000e+00,0.000000e+00,0.000000e+00,0.000000e+00,0.000000e+00,0.000000e+00,0.000000e+00,0.000000e+00,0.000000e+00,0.000000e+00,0.000000e+00,0.000000e+00,0.000000e+00,2.964382e-01,0.000000e+00,0.000000e+00,0.000000e+00,0.000000e+00,0.000000e+00,0.000000e+00,0.000000e+00,0.000000e+00,0.000000e+00,0.000000e+00
6.600000e+01,16,5.000000e-01,5.000000e-01,5.000000e-01,5.000000e-01,5.000000e-01,5.000000e-01,5.000000e-01,5.000000e-01,5.000000e-01,5.000000e-01,5.000000e-01,5.000000e-01,5.000000e-01,5.000000e-01,5.000000e-01,5.000000e-01,1.022717e-04,6.887337e-04,5.000000e-01,5.000000e-01,5.000000e-01,5.000000e-01,5.000000e-01,5.000000e-01,5.000000e-01,5.000000e-01,5.000000e-01,5.000000e-01,0.000000e+00,0.000000e+00,0.000000e+00,0.000000e+00,0.000000e+00,0.000000e+00,0.000000e+00,0.000000e+00,0.000000e+00,0.000000e+00,0.000000e+00,0.000000e+00,0.000000e+00,0.000000e+00,0.000000e+00,0.000000e+00,2.764309e-01,1.728814e-01,0.000000e+00,0.000000e+00,0.000000e+00,0.000000e+00,0.000000e+00,0.000000e+00,0.000000e+00,0.000000e+00,0.000000e+00,0.000000e+00
6.610000e+01,16,5.000000e-01,5.000000e-01,5.000000e-01,5.000000e-01,5.000000e-01,5.000000e-01,5.000000e-01,5.000000e-01,5.000000e-01,5.000000e-01,5.000000e-01,5.000000e-01,5.000000e-01,5.000000e-01,5.000000e-01,5.000000e-01,1.482806e-02,5.000000e-01,5.000000e-01,5.000000e-01,5.000000e-01,5.000000e-01,5.000000e-01,5.000000e-01,5.000000e-01,5.000000e-01,5.000000e-01,5.000000e-01,0.000000e+00,0.000000e+00,0.000000e+00,0.000000e+00,0.000000e+00,0.000000e+00,0.000000e+00,0.000000e+00,0.000000e+00,0.000000e+00,0.000000e+00,0.000000e+00,0.000000e+00,0.000000e+00,0.000000e+00,0.000000e+00,1.935298e-06,0.000000e+00,0.000000e+00,0.000000e+00,0.000000e+00,0.000000e+00,0.000000e+00,0.000000e+00,0.000000e+00,0.000000e+00,0.000000e+00,0.000000e+00
6.620000e+01,-1,5.000000e-01,5.000000e-01,5.000000e-01,5.000000e-01,5.000000e-01,5.000000e-01,5.000000e-01,5.000000e-01,5.000000e-01,5.000000e-01,5.000000e-01,5.000000e-01,5.000000e-01,5.000000e-01,5.000000e-01,5.000000e-01,5.000000e-01,5.000000e-01,5.000000e-01,5.000000e-01,5.000000e-01,5.000000e-01,5.000000e-01,5.000000e-01,5.000000e-01,5.000000e-01,5.000000e-01,5.000000e-01,0.000000e+00,0.000000e+00,0.000000e+00,0.000000e+00,0.000000e+00,0.000000e+00,0.000000e+00,0.000000e+00,0.000000e+00,0.000000e+00,0.000000e+00,0.000000e+00,0.000000e+00,0.000000e+00,0.000000e+00,0.000000e+00,0.000000e+00,0.000000e+00,0.000000e+00,0.000000e+00,0.000000e+00,0.000000e+00,0.000000e+00,0.000000e+00,0.000000e+00,0.000000e+00,0.000000e+00,0.000000e+00
6.630000e+01,17,5.000000e-01,5.000000e-01,5.000000e-01,5.000000e-01,5.000000e-01,5.000000e-01,5.000000e-01,5.000000e-01,5.000000e-01,5.000000e-01,5.000000e-01,5.000000e-01,5.000000e-01,5.000000e-01,5.000000e-01,5.000000e-01,5.000000e-01,8.616293e-03,5.000000e-01,5.000000e-01,5.000000e-01,5.000000e-01,5.000000e-01,5.000000e-01,5.000000e-01,5.000000e-01,5.000000e-01,5.000000e-01,0.000000e+00,0.000000e+00,0.000000e+00,0.000000e+00,0.000000e+00,0.000000e+00,0.000000e+00,0.000000e+00,0.000000e+00,0.000000e+00,0.000000e+00,0.000000e+00,0.000000e+00,0.000000e+00,0.000000e+00,0.000000e+00,0.000000e+00,2.954901e-04,0.000000e+00,0.000000e+00,0.000000e+00,0.000000e+00,0.000000e+00,0.000000e+00,0.000000e+00,0.000000e+00,0.000000e+00,0.000000e+00
6.640000e+01,17,5.000000e-01,5.000000e-01,5.000000e-01,5.000000e-01,5.000000e-01,5.000000e-01,5.000000e-01,5.000000e-01,5.000000e-01,5.000000e-01,5.000000e-01,5.000000e-01,5.000000e-01,5.000000e-01,5.000000e-01,5.000000e-01,3.605570e-02,3.046741e-10,5.000000e-01,5.000000e-01,5.000000e-01,5.000000e-01,5.000000e-01,5.000000e-01,5.000000e-01,5.000000e-01,5.000000e-01,5.000000e-01,0.000000e+00,0.000000e+00,0.000000e+00,0.000000e+00,0.000000e+00,0.000000e+00,0.000000e+00,0.000000e+00,0.000000e+00,0.000000e+00,0.000000e+00,0.000000e+00,0.000000e+00,0.000000e+00,0.000000e+00,0.000000e+00,5.232481e-14,2.999999e-01,0.000000e+00,0.000000e+00,0.000000e+00,0.000000e+00,0.000000e+00,0.000000e+00,0.000000e+00,0.000000e+00,0.000000e+00,0.000000e+00
6.650000e+01,17,5.000000e-01,5.000000e-01,5.000000e-01,5.000000e-01,5.000000e-01,5.000000e-01,5.000000e-01,5.000000e-01,5.000000e-01,5.000000e-01,5.000000e-01,5.000000e-01,5.000000e-01,5.000000e-01,5.000000e-01,5.000000e-01,2.119172e-04,1.670964e-04,5.000000e-01,5.000000e-01,5.000000e-01,5.000000e-01,5.000000e-01,5.000000e-01,5.000000e-01,5.000000e-01,5.000000e-01,5.000000e-01,0.000000e+00,0.000000e+00,0.000000e+00,0.000000e+00,0.000000e+00,0.000000e+00,0.000000e+00,0.000000e+00,0.000000e+00,0.000000e+00,0.000000e+00,0.000000e+00,0.000000e+00,0.000000e+00,0.000000e+00,0.000000e+00,2.532129e-01,2.624588e-01,0.000000e+00,0.000000e+00,0.000000e+00,0.000000e+00,0.000000e+00,0.000000e+00,0.000000e+00,0.000000e+00,0.000000e+00,0.000000e+00
6.660000e+01,17,5.000000e-01,5.000000e-01,5.000000e-01,5.000000e-01,5.000000e-01,5.000000e-01,5.000000e-01,5.000000e-01,5.000000e-01,5.000000e-01,5.000000e-01,5.000000e-01,5.000000e-01,5.000000e-01,5.000000e-01,5.000000e-01,1.298391e-02,4.465585e-03,5.000000e-01,5.000000e-01,5.000000e-01,5.000000e-01,5.000000e-01,5.000000e-01,5.000000e-01,5.000000e-01,5.000000e-01,5.000000e-01,0.000000e+00,0.000000e+00,0.000000e+00,0.000000e+00,0.000000e+00,0.000000e+00,0.000000e+00,0.000000e+00,0.000000e+00,0.000000e+00,0.000000e+00,0.000000e+00,0.000000e+00,0.000000e+00,0.000000e+00,0.000000e+00,8.639868e-06,8.358794e-03,0.000000e+00,0.000000e+00,0.000000e+00,0.000000e+00,0.000000e+00,0.000000e+00,0.000000e+00,0.000000e+00,0.000000e+00,0.000000e+00
6.670000e+01,17,5.000000e-01,5.000000e-01,5.000000e-01,5.000000e-01,5.000000e-01,5.000000e-01,5.000000e-01,5.000000e-01,5.000000e-01,5.000000e-01,5.000000e-01,5.000000e-01,5.000000e-01,5.000000e-01,5.000000e-01,5.000000e-01,5.000000e-01,1.194848e-05,5.000000e-01,5.000000e-01,5.000000e-01,5.000000e-01,5.000000e-01,5.000000e-01,5.000000e-01,5.000000e-01,5.000000e-01,5.000000e-01,0.000000e+00,0.000000e+00,0.000000e+00,0.000000e+00,0.000000e+00,0.000000e+00,0.000000e+00,0.000000e+00,0.000000e+00,0.000000e+00,0.000000e+00,0.000000e+00,0.000000e+00,0.000000e+00,0.000000e+00,0.000000e+00,0.000000e+00,2.971460e-01,0.000000e+00,0.000000e+00,0.000000e+00,0.000000e+00,0.000000e+00,0.000000e+00,0.000000e+00,0.000000e+00,0.000000e+00,0.000000e+00
6.680000e+01,10,5.000000e-01,5.000000e-01,5.000000e-01,5.000000e-01,5.000000e-01,5.000000e-01,5.000000e-01,5.000000e-01,5.000000e-01,5.000000e-01,1.537717e-02,5.000000e-01,5.000000e-01,5.000000e-01,5.000000e-01,5.000000e-01,5.000000e-01,2.483934e-02,5.000000e-01,5.000000e-01,5.000000e-01,5.000000e-01,5.000000e-01,5.000000e-01,5.000000e-01,5.000000e-01,5.000000e-01,5.000000e-01,0.000000e+00,0.000000e+00,0.000000e+00,0.000000e+00,0.000000e+00,0.000000e+00,0.000000e+00,0.000000e+00,0.000000e+00,0.000000e+00,1.238920e-06,0.000000e+00,0.000000e+00,0.000000e+00,0.000000e+00,0.000000e+00,0.000000e+00,5.470895e-10,0.000000e+00,0.000000e+00,0.000000e+00,0.000000e+00,0.000000e+00,0.000000e+00,0.000000e+00,0.000000e+00,0.000000e+00,0.000000e+00
6.690000e+01,10,5.000000e-01,5.000000e-01,5.000000e-01,5.000000e-01,5.000000e-01,5.000000e-01,5.000000e-01,5.000000e-01,5.000000e-01,5.000000e-01,6.777520e-15,5.000000e-01,5.000000e-01,5.000000e-01,5.000000e-01,5.000000e-01,5.000000e-01,5.000000e-01,5.000000e-01,5.000000e-01,5.000000e-01,5.000000e-01,5.000000e-01,5.000000e-01,5.000000e-01,5.000000e-01,5.000000e-01,5.000000e-01,0.000000e+00,0.000000e+00,0.000000e+00,0.000000e+00,0.000000e+00,0.000000e+00,0.000000e+00,0.000000e+00,0.000000e+00,0.000000e+00,3.000000e-01,0.000000e+00,0.000000e+00,0.000000e+00,0.000000e+00,0.000000e+00,0.000000e+00,0.000000e+00,0.000000e+00,0.000000e+00,0.000000e+00,0.000000e+00,0.000000e+00,0.000000e+00,0.000000e+00,0.000000e+00,0.000000e+00,0.000000e+00
6.700000e+01,10,5.000000e-01,5.000000e-01,5.000000e-01,5.000000e-01,5.000000e-01,5.000000e-01,5.000000e-01,5.000000e-01,5.000000e-01,5.000000e-01,2.246861e-14,5.000000e-01,5.000000e-01,5.000000e-01,5.000000e-01,5.000000e-01,5.000000e-01,5.000000e-01,5.000000e-01,5.000000e-01,5.000000e-01,5.000000e-01,5.000000e-01,5.000000e-01,5.000000e-01,5.000000e-01,5.000000e-01,5.000000e-01,0.000000e+00,0.000000e+00,0.000000e+00,0.000000e+00,0.000000e+00,0.000000e+00,0.000000e+00,0.000000e+00,0.000000e+00,0.000000e+00,3.000000e-01,0.000000e+00,0.000000e+00,0.000000e+00,0.000000e+00,0.000000e+00,0.000000e+00,0.000000e+00,0.000000e+00,0.000000e+00,0.000000e+00,0.000000e+00,0.000000e+00,0.000000e+00,0.000000e+00,0.000000e+00,0.000000e+00,0.000000e+00
6.710000e+01,10,5.000000e-01,5.000000e-01,5.000000e-01,5.000000e-01,5.000000e-01,5.000000e-01,5.000000e-01,5.000000e-01,5.000000e-01,5.000000e-01,8.004680e-03,5.000000e-01,5.000000e-01,5.000000e-01,5.000000e-01,5.000000e-01,5.000000e-01,5.000000e-01,5.000000e-01,5.000000e-01,5.000000e-01,5.000000e-01,5.000000e-01,5.000000e-01,5.000000e-01,5.000000e-01,5.000000e-01,5.000000e-01,0.000000e+00,0.000000e+00,0.000000e+00,0.000000e+00,0.000000e+00,0.000000e+00,0.000000e+00,0.000000e+00,0.000000e+00,0.000000e+00,4.839715e-04,0.000000e+00,0.000000e+00,0.000000e+00,0.000000e+00,0.000000e+00,0.000000e+00,0.000000e+00,0.000000e+00,0.000000e+00,0.000000e+00,0.000000e+00,0.000000e+00,0.000000e+00,0.000000e+00,0.000000e+00,0.000000e+00,0.000000e+00
6.720000e+01,10,5.000000e-01,5.000000e-01,5.000000e-01,5.000000e-01,5.000000e-01,5.000000e-01,5.000000e-01,5.000000e-01,5.000000e-01,5.000000e-01,2.485755e-02,5.000000e-01,5.000000e-01,5.000000e-01,5.000000e-01,5.000000e-01,5.000000e-01,5.000000e-01,5.000000e-01,5.000000e-01,5.000000e-01,5.000000e-01,5.000000e-01,5.000000e-01,5.000000e-01,5.000000e-01,5.000000e-01,5.000000e-01,0.000000e+00,0.000000e+00,0.000000e+00,0.000000e+00,0.000000e+00,0.000000e+00,0.000000e+00,0.000000e+00,0.000000e+00,0.000000e+00,5.389791e-10,0.000000e+00,0.000000e+00,0.000000e+00,0.000000e+00,0.000000e+00,0.000000e+00,0.000000e+00,0.000000e+00,0.000000e+00,0.000000e+00,0.000000e+00,0.000000e+00,0.000000e+00,0.000000e+00,0.000000e+00,0.000000e+00,0.000000e+00
6.730000e+01,11,5.000000e-01,5.000000e-01,5.000000e-01,5.000000e-01,5.000000e-01,5.000000e-01,5.000000e-01,5.000000e-01,5.000000e-01,5.000000e-01,5.000000e-01,2.531868e-08,5.000000e-01,5.000000e-01,5.000000e-01,5.000000e-01,5.000000e-01,5.000000e-01,5.000000e-01,5.000000e-01,5.000000e-01,5.000000e-01,5.000000e-01,5.000000e-01,5.000000e-01,5.000000e-01,5.000000e-01,5.000000e-01,0.000000e+00,0.000000e+00,0.000000e+00,0.000000e+00,0.000000e+00,0.000000e+00,0.000000e+00,0.000000e+00,0.000000e+00,0.000000e+00,0.000000e+00,2.999939e-01,0.000000e+00,0.000000e+00,0.000000e+00,0.000000e+00,0.000000e+00,0.000000e+00,0.000000e+00,0.000000e+00,0.000000e+00,0.000000e+00,0.000000e+00,0.000000e+00,0.000000e+00,0.000000e+00,0.000000e+00,0.000000e+00
6.740000e+01,11,5.000000e-01,5.000000e-01,5.000000e-01,5.000000e-01,5.000000e-01,5.000000e-01,5.000000e-01,5.000000e-01,5.000000e-01,5.000000e-01,7.850018e-03,3.468539e-09,5.000000e-01,5.000000e-01,5.000000e-01,5.000000e-01,5.000000e-01,5.000000e-01,5.000000e-01,5.000000e-01,5.000000e-01,5.000000e-01,5.000000e-01,5.000000e-01,5.000000e-01,5.000000e-01,5.000000e-01,5.000000e-01,0.000000e+00,0.000000e+00,0.000000e+00,0.000000e+00,0.000000e+00,0.000000e+00,0.000000e+00,0.000000e+00,0.000000e+00,0.000000e+00,5.482571e-04,2.999992e-01,0.000000e+00,0.000000e+00,0.000000e+00,0.000000e+00,0.000000e+00,0.000000e+00,0.000000e+00,0.000000e+00,0.000000e+00,0.000000e+00,0.000000e+00,0.000000e+00,0.000000e+00,0.000000e+00,0.000000e+00,0.000000e+00
6.750000e+01,10,5.000000e-01,5.000000e-01,5.000000e-01,5.000000e-01,5.000000e-01,5.000000e-01,5.000000e-01,5.000000e-01,5.000000e-01,5.000000e-01,1.559634e-03,7.348850e-03,5.000000e-01,5.000000e-01,5.000000e-01,5.000000e-01,5.000000e-01,5.000000e-01,5.000000e-01,5.000000e-01,5.000000e-01,5.000000e-01,5.000000e-01,5.000000e-01,5.000000e-01,5.000000e-01,5.000000e-01,5.000000e-01,0.000000e+00,0.000000e+00,0.000000e+00,0.000000e+00,0.000000e+00,0.000000e+00,0.000000e+00,0.000000e+00,0.000000e+00,0.000000e+00,8.606487e-02,8.211858e-04,0.000000e+00,0.000000e+00,0.000000e+00,0.000000e+00,0.000000e+00,0.000000e+00,0.000000e+00,0.000000e+00,0.000000e+00,0.000000e+00,0.000000e+00,0.000000e+00,0.000000e+00,0.000000e+00,0.000000e+00,0.000000e+00
6.760000e+01,10,5.000000e-01,5.000000e-01,5.000000e-01,5.000000e-01,5.000000e-01,5.000000e-01,5.000000e-01,5.000000e-01,5.000000e-01,5.000000e-01,2.263199e-05,5.000000e-01,5.000000e-01,5.000000e-01,5.000000e-01,5.000000e-01,5.000000e-01,5.000000e-01,5.000000e-01,5.000000e-01,5.000000e-01,5.000000e-01,5.000000e-01,5.000000e-01,5.000000e-01,5.000000e-01,5.000000e-01,5.000000e-01,0.000000e+00,0.000000e+00,0.000000e+00,0.000000e+00,0.000000e+00,0.000000e+00,0.000000e+00,0.000000e+00,0.000000e+00,0.000000e+00,2.946171e-01,0.000000e+00,0.000000e+00,0.000000e+00,0.000000e+00,0.000000e+00,0.000000e+00,0.000000e+00,0.000000e+00,0.000000e+00,0.000000e+00,0.000000e+00,0.000000e+00,0.000000e+00,0.000000e+00,0.000000e+00,0.000000e+00,0.000000e+00
6.770000e+01,10,5.000000e-01,5.000000e-01,5.000000e-01,5.000000e-01,5.000000e-01,5.000000e-01,5.000000e-01,5.000000e-01,5.000000e-01,5.000000e-01,4.224420e-04,5.000000e-01,5.000000e-01,5.000000e-01,5.000000e-01,5.000000e-01,5.000000e-01,5.000000e-01,5.000000e-01,5.000000e-01,5.000000e-01,5.000000e-01,5.000000e-01,5.000000e-01,5.000000e-01,5.000000e-01,5.000000e-01,5.000000e-01,0.000000e+00,0.000000e+00,0.000000e+00,0.000000e+00,0.000000e+00,0.000000e+00,0.000000e+00,0.000000e+00,0.000000e+00,0.000000e+00,2.139532e-01,0.000000e+00,0.000000e+00,0.000000e+00,0.000000e+00,0.000000e+00,0.000000e+00,0.000000e+00,0.000000e+00,0.000000e+00,0.000000e+00,0.000000e+00,0.000000e+00,0.000000e+00,0.000000e+00,0.000000e+00,0.000000e+00,0.000000e+00
6.780000e+01,10,5.000000e-01,5.000000e-01,5.000000e-01,5.000000e-01,5.000000e-01,5.000000e-01,5.000000e-01,5.000000e-01,5.000000e-01,5.000000e-01,3.296885e-27,5.000000e-01,5.000000e-01,5.000000e-01,5.000000e-01,5.000000e-01,5.000000e-01,5.000000e-01,5.000000e-01,5.000000e-01,5.000000e-01,5.000000e-01,5.000000e-01,5.000000e-01,5.000000e-01,5.000000e-01,5.000000e-01,5.000000e-01,0.000000e+00,0.000000e+00,0.000000e+00,0.000000e+00,0.000000e+00,0.000000e+00,0.000000e+00,0.000000e+00,0.000000e+00,0.000000e+00,3.000000e-01,0.000000e+00,0.000000e+00,0.000000e+00,0.000000e+00,0.000000e+00,0.000000e+00,0.000000e+00,0.000000e+00,0.000000e+00,0.000000e+00,0.000000e+00,0.000000e+00,0.000000e+00,0.000000e+00,0.000000e+00,0.000000e+00,0.000000e+00
6.790000e+01,10,5.000000e-01,5.000000e-01,5.000000e-01,5.000000e-01,5.000000e-01,5.000000e-01,5.000000e-01,5.000000e-01,5.000000e-01,5.000000e-01,8.237313e-48,5.000000e-01,5.000000e-01,5.000000e-01,5.000000e-01,5.000000e-01,5.000000e-01,5.000000e-01,5.000000e-01,5.000000e-01,5.000000e-01,5.000000e-01,5.000000e-01,5.000000e-01,5.000000e-01,5.000000e-01,5.000000e-01,5.000000e-01,0.000000e+00,0.000000e+00,0.000000e+00,0.000000e+00,0.000000e+00,0.000000e+00,0.000000e+00,0.000000e+00,0.000000e+00,0.000000e+00,3.000000e-01,0.000000e+00,0.000000e+00,0.000000e+00,0.000000e+00,0.000000e+00,0.000000e+00,0.000000e+00,0.000000e+00,0.000000e+00,0.000000e+00,0.000000e+00,0.000000e+00,0.000000e+00,0.000000e+00,0.000000e+00,0.000000e+00,0.000000e+00
6.800000e+01,10,5.000000e-01,5.000000e-01,5.000000e-01,5.000000e-01,5.000000e-01,5.000000e-01,5.000000e-01,5.000000e-01,5.000000e-01,5.000000e-01,1.493109e-11,5.000000e-01,5.000000e-01,5.000000e-01,5.000000e-01,5.000000e-01,5.000000e-01,5.000000e-01,5.000000e-01,5.000000e-01,5.000000e-01,5.000000e-01,5.000000e-01,5.000000e-01,5.000000e-01,5.000000e-01,5.000000e-01,5.000000e-01,0.000000e+00,0.000000e+00,0.000000e+00,0.000000e+00,0.000000e+00,0.000000e+00,0.000000e+00,0.000000e+00,0.000000e+00,0.000000e+00,3.000000e-01,0.000000e+00,0.000000e+00,0.000000e+00,0.000000e+00,0.000000e+00,0.000000e+00,0.000000e+00,0.000000e+00,0.000000e+00,0.000000e+00,0.000000e+00,0.000000e+00,0.000000e+00,0.000000e+00,0.000000e+00,0.000000e+00,0.000000e+00
6.810000e+01,10,5.000000e-01,5.000000e-01,5.000000e-01,5.000000e-01,5.000000e-01,5.000000e-01,5.000000e-01,5.000000e-01,5.000000e-01,5.000000e-01,1.425003e-04,5.000000e-01,5.000000e-01,5.000000e-01,5.000000e-01,5.000000e-01,5.000000e-01,5.000000e-01,5.000000e-01,5.000000e-01,5.000000e-01,5.000000e-01,5.000000e-01,5.000000e-01,5.000000e-01,5.000000e-01,5.000000e-01,5.000000e-01,0.000000e+00,0.000000e+00,0.000000e+00,0.000000e+00,0.000000e+00,0.000000e+00,0.000000e+00,0.000000e+00,0.000000e+00,0.000000e+00,2.676751e-01,0.000000e+00,0.000000e+00,0.000000e+00,0.000000e+00,0.000000e+00,0.000000e+00,0.000000e+00,0.000000e+00,0.000000e+00,0.000000e+00,0.000000e+00,0.000000e+00,0.000000e+00,0.000000e+00,0.000000e+00,0.000000e+00,0.000000e+00
6.820000e+01,10,5.000000e-01,5.000000e-01,5.000000e-01,5.000000e-01,5.000000e-01,5.000000e-01,5.000000e-01,5.000000e-01,5.000000e-01,4.659856e-02,9.570898e-05,5.000000e-01,5.000000e-01,5.000000e-01,5.000000e-01,5.000000e-01,5.000000e-01,5.000000e-01,5.000000e-01,5.000000e-01,5.000000e-01,5.000000e-01,5.000000e-01,5.000000e-01,5.000000e-01,5.000000e-01,5.000000e-01,5.000000e-01,0.000000e+00,0.000000e+00,0.000000e+00,0.000000e+00,0.000000e+00,0.000000e+00,0.000000e+00,0.000000e+00,0.000000e+00,0.000000e+00,2.778862e-01,0.000000e+00,0.000000e+00,0.000000e+00,0.000000e+00,0.000000e+00,0.000000e+00,0.000000e+00,0.000000e+00,0.000000e+00,0.000000e+00,0.000000e+00,0.000000e+00,0.000000e+00,0.000000e+00,0.000000e+00,0.000000e+00,0.000000e+00
6.830000e+01,9,5.000000e-01,5.000000e-01,5.000000e-01,5.000000e-01,5.000000e-01,5.000000e-01,5.000000e-01,5.000000e-01,5.000000e-01,1.470512e-02,1.506376e-02,5.000000e-01,5.000000e-01,5.000000e-01,5.000000e-01,5.000000e-01,5.000000e-01,5.000000e-01,5.000000e-01,5.000000e-01,5.000000e-01,5.000000e-01,5.000000e-01,5.000000e-01,5.000000e-01,5.000000e-01,5.000000e-01,5.000000e-01,0.000000e+00,0.000000e+00,0.000000e+00,0.000000e+00,0.000000e+00,0.000000e+00,0.000000e+00,0.000000e+00,0.000000e+00,2.138459e-06,1.598146e-06,0.000000e+00,0.000000e+00,0.000000e+00,0.000000e+00,0.000000e+00,0.000000e+00,0.000000e+00,0.000000e+00,0.000000e+00,0.000000e+00,0.000000e+00,0.000000e+00,0.000000e+00,0.000000e+00,0.000000e+00,0.000000e+00,0.000000e+00
6.840000e+01,-1,5.000000e-01,5.000000e-01,5.000000e-01,5.000000e-01,5.000000e-01,5.000000e-01,5.000000e-01,5.000000e-01,5.000000e-01,5.000000e-01,5.000000e-01,5.000000e-01,5.000000e-01,5.000000e-01,5.000000e-01,5.000000e-01,5.000000e-01,5.000000e-01,5.000000e-01,5.000000e-01,5.000000e-01,5.000000e-01,5.000000e-01,5.000000e-01,5.000000e-01,5.000000e-01,5.000000e-01,5.000000e-01,0.000000e+00,0.000000e+00,0.000000e+00,0.000000e+00,0.000000e+00,0.000000e+00,0.000000e+00,0.000000e+00,0.000000e+00,0.000000e+00,0.000000e+00,0.000000e+00,0.000000e+00,0.000000e+00,0.000000e+00,0.000000e+00,0.000000e+00,0.000000e+00,0.000000e+00,0.000000e+00,0.000000e+00,0.000000e+00,0.000000e+00,0.000000e+00,0.000000e+00,0.000000e+00,0.000000e+00,0.000000e+00
6.850000e+01,-1,5.000000e-01,5.000000e-01,5.000000e-01,5.000000e-01,5.000000e-01,5.000000e-01,5.000000e-01,5.000000e-01,5.000000e-01,5.000000e-01,5.000000e-01,5.000000e-01,5.000000e-01,5.000000e-01,5.000000e-01,5.000000e-01,5.000000e-01,5.000000e-01,5.000000e-01,5.000000e-01,5.000000e-01,5.000000e-01,5.000000e-01,5.000000e-01,5.000000e-01,5.000000e-01,5.000000e-01,5.000000e-01,0.000000e+00,0.000000e+00,0.000000e+00,0.000000e+00,0.000000e+00,0.000000e+00,0.000000e+00,0.000000e+00,0.000000e+00,0.000000e+00,0.000000e+00,0.000000e+00,0.000000e+00,0.000000e+00,0.000000e+00,0.000000e+00,0.000000e+00,0.000000e+00,0.000000e+00,0.000000e+00,0.000000e+00,0.000000e+00,0.000000e+00,0.000000e+00,0.000000e+00,0.000000e+00,0.000000e+00,0.000000e+00
6.860000e+01,9,5.000000e-01,5.000000e-01,5.000000e-01,5.000000e-01,5.000000e-01,5.000000e-01,5.000000e-01,5.000000e-01,5.000000e-01,4.300882e-05,5.000000e-01,5.000000e-01,5.000000e-01,5.000000e-01,5.000000e-01,5.000000e-01,5.000000e-01,5.000000e-01,5.000000e-01,5.000000e-01,5.000000e-01,5.000000e-01,5.000000e-01,5.000000e-01,5.000000e-01,5.000000e-01,5.000000e-01,5.000000e-01,0.000000e+00,0.000000e+00,0.000000e+00,0.000000e+00,0.000000e+00,0.000000e+00,0.000000e+00,0.000000e+00,0.000000e+00,2.898532e-01,0.000000e+00,0.000000e+00,0.000000e+00,0.000000e+00,0.000000e+00,0.000000e+00,0.000000e+00,0.000000e+00,0.000000e+00,0.000000e+00,0.000000e+00,0.000000e+00,0.000000e+00,0.000000e+00,0.000000e+00,0.000000e+00,0.000000e+00,0.000000e+00
6.870000e+01,9,5.000000e-01,5.000000e-01,5.000000e-01,5.000000e-01,5.000000e-01,5.000000e-01,5.000000e-01,5.000000e-01,5.000000e-01,2.521602e-04,5.000000e-01,5.000000e-01,5.000000e-01,5.000000e-01,5.000000e-01,5.000000e-01,5.000000e-01,5.000000e-01,5.000000e-01,5.000000e-01,5.000000e-01,5.000000e-01,5.000000e-01,5.000000e-01,5.000000e-01,5.000000e-01,5.000000e-01,5.000000e-01,0.000000e+00,0.000000e+00,0.000000e+00,0.000000e+00,0.000000e+00,0.000000e+00,0.000000e+00,0.000000e+00,0.000000e+00,2.451889e-01,0.000000e+00,0.000000e+00,0.000000e+00,0.000000e+00,0.000000e+00,0.000000e+00,0.000000e+00,0.000000e+00,0.000000e+00,0.000000e+00,0.000000e+00,0.000000e+00,0.000000e+00,0.000000e+00,0.000000e+00,0.000000e+00,0.000000e+00,0.000000e+00
6.880000e+01,10,5.000000e-01,5.000000e-01,5.000000e-01,5.000000e-01,5.000000e-01,5.000000e-01,5.000000e-01,5.000000e-01,5.000000e-01,5.000000e-01,4.550062e-05,5.000000e-01,5.000000e-01,5.000000e-01,5.000000e-01,5.000000e-01,5.000000e-01,5.000000e-01,5.000000e-01,5.000000e-01,5.000000e-01,5.000000e-01,5.000000e-01,5.000000e-01,5.000000e-01,5.000000e-01,5.000000e-01,5.000000e-01,0.000000e+00,0.000000e+00,0.000000e+00,0.000000e+00,0.000000e+00,0.000000e+00,0.000000e+00,0.000000e+00,0.000000e+00,0.000000e+00,2.892760e-01,0.000000e+00,0.000000e+00,0.000000e+00,0.000000e+00,0.000000e+00,0.000000e+00,0.000000e+00,0.000000e+00,0.000000e+00,0.000000e+00,0.000000e+00,0.000000e+00,0.000000e+00,0.000000e+00,0.000000e+00,0.000000e+00,0.000000e+00
6.890000e+01,10,5.000000e-01,5.000000e-01,5.000000e-01,5.000000e-01,5.000000e-01,5.000000e-01,5.000000e-01,5.000000e-01,5.000000e-01,5.000000e-01,2.135060e-02,5.000000e-01,5.000000e-01,5.000000e-01,5.000000e-01,5.000000e-01,5.000000e-01,5.000000e-01,5.000000e-01,5.000000e-01,5.000000e-01,5.000000e-01,5.000000e-01,5.000000e-01,5.000000e-01,5.000000e-01,5.000000e-01,5.000000e-01,0.000000e+00,0.000000e+00,0.000000e+00,0.000000e+00,0.000000e+00,0.000000e+00,0.000000e+00,0.000000e+00,0.000000e+00,0.000000e+00,9.524211e-09,0.000000e+00,0.000000e+00,0.000000e+00,0.000000e+00,0.000000e+00,0.000000e+00,0.000000e+00,0.000000e+00,0.000000e+00,0.000000e+00,0.000000e+00,0.000000e+00,0.000000e+00,0.000000e+00,0.000000e+00,0.000000e+00,0.000000e+00
6.900000e+01,3,5.000000e-01,5.000000e-01,5.000000e-01,1.401047e-09,5.000000e-01,5.000000e-01,5.000000e-01,5.000000e-01,5.000000e-01,5.000000e-01,5.000000e-01,5.000000e-01,5.000000e-01,5.000000e-01,5.000000e-01,5.000000e-01,5.000000e-01,5.000000e-01,5.000000e-01,5.000000e-01,5.000000e-01,5.000000e-01,5.000000e-01,5.000000e-01,5.000000e-01,5.000000e-01,5.000000e-01,5.000000e-01,0.000000e+00,0.000000e+00,0.000000e+00,2.999997e-01,0.000000e+00,0.000000e+00,0.000000e+00,0.000000e+00,0.000000e+00,0.000000e+00,0.000000e+00,0.000000e+00,0.000000e+00,0.000000e+00,0.000000e+00,0.000000e+00,0.000000e+00,0.000000e+00,0.000000e+00,0.000000e+00,0.000000e+00,0.000000e+00,0.000000e+00,0.000000e+00,0.000000e+00,0.000000e+00,0.000000e+00,0.000000e+00
6.910000e+01,3,5.000000e-01,5.000000e-01,3.143924e-02,9.464129e-07,5.000000e-01,5.000000e-01,5.000000e-01,5.000000e-01,5.000000e-01,5.000000e-01,5.000000e-01,5.000000e-01,5.000000e-01,5.000000e-01,5.000000e-01,5.000000e-01,5.000000e-01,5.000000e-01,5.000000e-01,5.000000e-01,5.000000e-01,5.000000e-01,5.000000e-01,5.000000e-01,5.000000e-01,5.000000e-01,5.000000e-01,5.000000e-01,0.000000e+00,0.000000e+00,2.391221e-12,2.997729e-01,0.000000e+00,0.000000e+00,0.000000e+00,0.000000e+00,0.000000e+00,0.000000e+00,0.000000e+00,0.000000e+00,0.000000e+00,0.000000e+00,0.000000e+00,0.000000e+00,0.000000e+00,0.000000e+00,0.000000e+00,0.000000e+00,0.000000e+00,0.000000e+00,0.000000e+00,0.000000e+00,0.000000e+00,0.000000e+00,0.000000e+00,0.000000e+00
6.920000e+01,2,5.000000e-01,5.000000e-01,1.163703e-11,3.561848e-02,5.000000e-01,5.000000e-01,5.000000e-01,5.000000e-01,5.000000e-01,5.000000e-01,5.000000e-01,5.000000e-01,5.000000e-01,5.000000e-01,5.000000e-01,5.000000e-01,5.000000e-01,5.000000e-01,5.000000e-01,5.000000e-01,5.000000e-01,5.000000e-01,5.000000e-01,5.000000e-01,5.000000e-01,5.000000e-01,5.000000e-01,5.000000e-01,0.000000e+00,0.000000e+00,3.000000e-01,7.520651e-14,0.000000e+00,0.000000e+00,0.000000e+00,0.000000e+00,0.000000e+00,0.000000e+00,0.000000e+00,0.000000e+00,0.000000e+00,0.000000e+00,0.000000e+00,0.000000e+00,0.000000e+00,0.000000e+00,0.000000e+00,0.000000e+00,0.000000e+00,0.000000e+00,0.000000e+00,0.000000e+00,0.000000e+00,0.000000e+00,0.000000e+00,0.000000e+00
6.930000e+01,2,5.000000e-01,5.000000e-01,1.737963e-20,5.000000e-01,5.000000e-01,5.000000e-01,5.000000e-01,5.000000e-01,5.000000e-01,5.000000e-01,5.000000e-01,5.000000e-01,5.000000e-01,5.000000e-01,5.000000e-01,5.000000e-01,5.000000e-01,5.000000e-01,5.000000e-01,5.000000e-01,5.000000e-01,5.000000e-01,5.000000e-01,5.000000e-01,5.000000e-01,5.000000e-01,5.000000e-01,5.000000e-01,0.000000e+00,0.000000e+00,3.000000e-01,0.000000e+00,0.000000e+00,0.000000e+00,0.000000e+00,0.000000e+00,0.000000e+00,0.000000e+00,0.000000e+00,0.000000e+00,0.000000e+00,0.000000e+00,0.000000e+00,0.000000e+00,0.000000e+00,0.000000e+00,0.000000e+00,0.000000e+00,0.000000e+00,0.000000e+00,0.000000e+00,0.000000e+00,0.000000e+00,0.000000e+00,0.000000e+00,0.000000e+00
6.940000e+01,2,5.000000e-01,5.000000e-01,1.902449e-13,5.000000e-01,5.000000e-01,5.000000e-01,5.000000e-01,5.000000e-01,5.000000e-01,5.000000e-01,5.000000e-01,5.000000e-01,5.000000e-01,5.000000e-01,5.000000e-01,5.000000e-01,5.000000e-01,5.000000e-01,5.000000e-01,5.000000e-01,5.000000e-01,5.000000e-01,5.000000e-01,5.000000e-01,5.000000e-01,5.000000e-01,5.000000e-01,5.000000e-01,0.000000e+00,0.000000e+00,3.000000e-01,0.000000e+00,0.000000e+00,0.000000e+00,0.000000e+00,0.000000e+00,0.000000e+00,0.000000e+00,0.000000e+00,0.000000e+00,0.000000e+00,0.000000e+00,0.000000e+00,0.000000e+00,0.000000e+00,0.000000e+00,0.000000e+00,0.000000e+00,0.000000e+00,0.000000e+00,0.000000e+00,0.000000e+00,0.000000e+00,0.000000e+00,0.000000e+00,0.000000e+00
6.950000e+01,2,5.000000e-01,5.000000e-01,2.993954e-18,5.000000e-01,5.000000e-01,5.000000e-01,5.000000e-01,5.000000e-01,5.000000e-01,5.000000e-01,5.000000e-01,5.000000e-01,5.000000e-01,5.000000e-01,5.000000e-01,5.000000e-01,5.000000e-01,5.000000e-01,5.000000e-01,5.000000e-01,5.000000e-01,5.000000e-01,5.000000e-01,5.000000e-01,5.000000e-01,5.000000e-01,5.000000e-01,5.000000e-01,0.000000e+00,0.000000e+00,3.000000e-01,0.000000e+00,0.000000e+00,0.000000e+00,0.000000e+00,0.000000e+00,0.000000e+00,0.000000e+00,0.000000e+00,0.000000e+00,0.000000e+00,0.000000e+00,0.000000e+00,0.000000e+00,0.000000e+00,0.000000e+00,0.000000e+00,0.000000e+00,0.000000e+00,0.000000e+00,0.000000e+00,0.000000e+00,0.000000e+00,0.000000e+00,0.000000e+00,0.000000e+00
6.960000e+01,2,5.000000e-01,4.380121e-02,1.281596e-08,5.000000e-01,5.000000e-01,5.000000e-01,5.000000e-01,5.000000e-01,5.000000e-01,5.000000e-01,5.000000e-01,5.000000e-01,5.000000e-01,5.000000e-01,5.000000e-01,5.000000e-01,5.000000e-01,5.000000e-01,5.000000e-01,5.000000e-01,5.000000e-01,5.000000e-01,5.000000e-01,5.000000e-01,5.000000e-01,5.000000e-01,5.000000e-01,5.000000e-01,0.000000e+00,6.661338e-17,2.999969e-01,0.000000e+00,0.000000e+00,0.000000e+00,0.000000e+00,0.000000e+00,0.000000e+00,0.000000e+00,0.000000e+00,0.000000e+00,0.000000e+00,0.000000e+00,0.000000e+00,0.000000e+00,0.000000e+00,0.000000e+00,0.000000e+00,0.000000e+00,0.000000e+00,0.000000e+00,0.000000e+00,0.000000e+00,0.000000e+00,0.000000e+00,0.000000e+00,0.000000e+00
6.970000e+01,2,5.000000e-01,5.000000e-01,1.992520e-03,5.000000e-01,5.000000e-01,5.000000e-01,5.000000e-01,5.000000e-01,5.000000e-01,5.000000e-01,5.000000e-01,5.000000e-01,5.000000e-01,5.000000e-01,5.000000e-01,5.000000e-01,5.000000e-01,5.000000e-01,5.000000e-01,5.000000e-01,5.000000e-01,5.000000e-01,5.000000e-01,5.000000e-01,5.000000e-01,5.000000e-01,5.000000e-01,5.000000e-01,0.000000e+00,0.000000e+00,6.083568e-02,0.000000e+00,0.000000e+00,0.000000e+00,0.000000e+00,0.000000e+00,0.000000e+00,0.000000e+00,0.000000e+00,0.000000e+00,0.000000e+00,0.000000e+00,0.000000e+00,0.000000e+00,0.000000e+00,0.000000e+00,0.000000e+00,0.000000e+00,0.000000e+00,0.000000e+00,0.000000e+00,0.000000e+00,0.000000e+00,0.000000e+00,0.000000e+00,0.000000e+00
6.980000e+01,9,5.000000e-01,5.000000e-01,5.000000e-01,5.000000e-01,5.000000e-01,5.000000e-01,5.000000e-01,5.000000e-01,5.000000e-01,6.070247e-04,5.000000e-01,5.000000e-01,5.000000e-01,5.000000e-01,5.000000e-01,5.000000e-01,5.000000e-01,5.000000e-01,5.000000e-01,5.000000e-01,5.000000e-01,5.000000e-01,5.000000e-01,5.000000e-01,5.000000e-01,5.000000e-01,5.000000e-01,5.000000e-01,0.000000e+00,0.000000e+00,0.000000e+00,0.000000e+00,0.000000e+00,0.000000e+00,0.000000e+00,0.000000e+00,0.000000e+00,1.845675e-01,0.000000e+00,0.000000e+00,0.000000e+00,0.000000e+00,0.000000e+00,0.000000e+00,0.000000e+00,0.000000e+00,0.000000e+00,0.000000e+00,0.000000e+00,0.000000e+00,0.000000e+00,0.000000e+00,0.000000e+00,0.000000e+00,0.000000e+00,0.000000e+00
6.990000e+01,9,5.000000e-01,5.000000e-01,5.000000e-01,5.000000e-01,5.000000e-01,5.000000e-01,5.000000e-01,5.000000e-01,5.000000e-01,2.573063e-14,5.000000e-01,5.000000e-01,5.000000e-01,5.000000e-01,5.000000e-01,5.000000e-01,5.000000e-01,5.000000e-01,5.000000e-01,5.000000e-01,5.000000e-01,5.000000e-01,5.000000e-01,5.000000e-01,5.000000e-01,5.000000e-01,5.000000e-01,5.000000e-01,0.000000e+00,0.000000e+00,0.000000e+00,0.000000e+00,0.000000e+00,0.000000e+00,0.000000e+00,0.000000e+00,0.000000e+00,3.000000e-01,0.000000e+00,0.000000e+00,0.000000e+00,0.000000e+00,0.000000e+00,0.000000e+00,0.000000e+00,0.000000e+00,0.000000e+00,0.000000e+00,0.000000e+00,0.000000e+00,0.000000e+00,0.000000e+00,0.000000e+00,0.000000e+00,0.000000e+00,0.000000e+00
7.000000e+01,9,5.000000e-01,5.000000e-01,5.000000e-01,5.000000e-01,5.000000e-01,5.000000e-01,5.000000e-01,5.000000e-01,8.296354e-03,3.271693e-08,5.000000e-01,5.000000e-01,5.000000e-01,5.000000e-01,5.000000e-01,5.000000e-01,5.000000e-01,5.000000e-01,5.000000e-01,5.000000e-01,5.000000e-01,5.000000e-01,5.000000e-01,5.000000e-01,5.000000e-01,5.000000e-01,5.000000e-01,5.000000e-01,0.000000e+00,0.000000e+00,0.000000e+00,0.000000e+00,0.000000e+00,0.000000e+00,0.000000e+00,0.000000e+00,3.825155e-04,2.999921e-01,0.000000e+00,0.000000e+00,0.000000e+00,0.000000e+00,0.000000e+00,0.000000e+00,0.000000e+00,0.000000e+00,0.000000e+00,0.000000e+00,0.000000e+00,0.000000e+00,0.000000e+00,0.000000e+00,0.000000e+00,0.000000e+00,0.000000e+00,0.000000e+00
7.010000e+01,8,5.000000e-01,5.000000e-01,5.000000e-01,5.000000e-01,5.000000e-01,5.000000e-01,5.000000e-01,5.000000e-01,1.164903e-03,4.519800e-02,5.000000e-01,5.000000e-01,5.000000e-01,5.000000e-01,5.000000e-01,5.000000e-01,5.000000e-01,5.000000e-01,5.000000e-01,5.000000e-01,5.000000e-01,5.000000e-01,5.000000e-01,5.000000e-01,5.000000e-01,5.000000e-01,5.000000e-01,5.000000e-01,0.000000e+00,0.000000e+00,0.000000e+00,0.000000e+00,0.000000e+00,0.000000e+00,0.000000e+00,0.000000e+00,1.180746e-01,3.330669e-17,0.000000e+00,0.000000e+00,0.000000e+00,0.000000e+00,0.000000e+00,0.000000e+00,0.000000e+00,0.000000e+00,0.000000e+00,0.000000e+00,0.000000e+00,0.000000e+00,0.000000e+00,0.000000e+00,0.000000e+00,0.000000e+00,0.000000e+00,0.000000e+00
7.020000e+01,9,5.000000e-01,5.000000e-01,5.000000e-01,5.000000e-01,5.000000e-01,5.000000e-01,5.000000e-01,5.000000e-01,2.833333e-02,1.899174e-04,5.000000e-01,5.000000e-01,5.000000e-01,5.000000e-01,5.000000e-01,5.000000e-01,5.000000e-01,5.000000e-01,5.000000e-01,5.000000e-01,5.000000e-01,5.000000e-01,5.000000e-01,5.000000e-01,5.000000e-01,5.000000e-01,5.000000e-01,5.000000e-01,0.000000e+00,0.000000e+00,0.000000e+00,0.000000e+00,0.000000e+00,0.000000e+00,0.000000e+00,0.000000e+00,3.097176e-11,2.577098e-01,0.000000e+00,0.000000e+00,0.000000e+00,0.000000e+00,0.000000e+00,0.000000e+00,0.000000e+00,0.000000e+00,0.000000e+00,0.000000e+00,0.000000e+00,0.000000e+00,0.000000e+00,0.000000e+00,0.000000e+00,0.000000e+00,0.000000e+00,0.000000e+00
7.030000e+01,9,5.000000e-01,5.000000e-01,5.000000e-01,5.000000e-01,5.000000e-01,5.000000e-01,5.000000e-01,5.000000e-01,5.000000e-01,1.799356e-30,5.000000e-01,5.000000e-01,5.000000e-01,5.000000e-01,5.000000e-01,5.000000e-01,5.000000e-01,5.000000e-01,5.000000e-01,5.000000e-01,5.000000e-01,5.000000e-01,5.000000e-01,5.000000e-01,5.000000e-01,5.000000e-01,5.000000e-01,5.000000e-01,0.000000e+00,0.000000e+00,0.000000e+00,0.000000e+00,0.000000e+00,0.000000e+00,0.000000e+00,0.000000e+00,0.000000e+00,3.000000e-01,0.000000e+00,0.000000e+00,0.000000e+00,0.000000e+00,0.000000e+00,0.000000e+00,0.000000e+00,0.000000e+00,0.000000e+00,0.000000e+00,0.000000e+00,0.000000e+00,0.000000e+00,0.000000e+00,0.000000e+00,0.000000e+00,0.000000e+00,0.000000e+00
7.040000e+01,9,5.000000e-01,5.000000e-01,5.000000e-01,5.000000e-01,5.000000e-01,5.000000e-01,5.000000e-01,5.000000e-01,5.000000e-01,8.852695e-27,5.000000e-01,5.000000e-01,5.000000e-01,5.000000e-01,5.000000e-01,5.000000e-01,5.000000e-01,5.000000e-01,5.000000e-01,5.000000e-01,5.000000e-01,5.000000e-01,5.000000e-01,5.000000e-01,5.000000e-01,5.000000e-01,5.000000e-01,5.000000e-01,0.000000e+00,0.000000e+00,0.000000e+00,0.000000e+00,0.000000e+00,0.000000e+00,0.000000e+00,0.000000e+00,0.000000e+00,3.000000e-01,0.000000e+00,0.000000e+00,0.000000e+00,0.000000e+00,0.000000e+00,0.000000e+00,0.000000e+00,0.000000e+00,0.000000e+00,0.000000e+00,0.000000e+00,0.000000e+00,0.000000e+00,0.000000e+00,0.000000e+00,0.000000e+00,0.000000e+00,0.000000e+00
7.050000e+01,9,5.000000e-01,5.000000e-01,5.000000e-01,5.000000e-01,5.000000e-01,5.000000e-01,5.000000e-01,5.000000e-01,5.000000e-01,1.063732e-04,5.000000e-01,5.000000e-01,5.000000e-01,5.000000e-01,5.000000e-01,5.000000e-01,5.000000e-01,5.000000e-01,5.000000e-01,5.000000e-01,5.000000e-01,5.000000e-01,5.000000e-01,5.000000e-01,5.000000e-01,5.000000e-01,5.000000e-01,5.000000e-01,0.000000e+00,0.000000e+00,0.000000e+00,0.000000e+00,0.000000e+00,0.000000e+00,0.000000e+00,0.000000e+00,0.000000e+00,2.755253e-01,0.000000e+00,0.000000e+00,0.000000e+00,0.000000e+00,0.000000e+00,0.000000e+00,0.000000e+00,0.000000e+00,0.000000e+00,0.000000e+00,0.000000e+00,0.000000e+00,0.000000e+00,0.000000e+00,0.000000e+00,0.000000e+00,0.000000e+00,0.000000e+00
7.060000e+01,9,5.000000e-01,5.000000e-01,5.000000e-01,5.000000e-01,5.000000e-01,5.000000e-01,5.000000e-01,5.000000e-01,5.000000e-01,1.411759e-30,5.000000e-01,5.000000e-01,5.000000e-01,5.000000e-01,5.000000e-01,5.000000e-01,5.000000e-01,5.000000e-01,5.000000e-01,5.000000e-01,5.000000e-01,5.000000e-01,5.000000e-01,5.000000e-01,5.000000e-01,5.000000e-01,5.000000e-01,5.000000e-01,0.000000e+00,0.000000e+00,0.000000e+00,0.000000e+00,0.000000e+00,0.000000e+00,0.000000e+00,0.000000e+00,0.000000e+00,3.000000e-01,0.000000e+00,0.000000e+00,0.000000e+00,0.000000e+00,0.000000e+00,0.000000e+00,0.000000e+00,0.000000e+00,0.000000e+00,0.000000e+00,0.000000e+00,0.000000e+00,0.000000e+00,0.000000e+00,0.000000e+00,0.000000e+00,0.000000e+00,0.000000e+00
7.070000e+01,9,5.000000e-01,5.000000e-01,5.000000e-01,5.000000e-01,5.000000e-01,5.000000e-01,5.000000e-01,5.000000e-01,5.000000e-01,6.878417e-44,5.000000e-01,5.000000e-01,5.000000e-01,5.000000e-01,5.000000e-01,5.000000e-01,5.000000e-01,5.000000e-01,5.000000e-01,5.000000e-01,5.000000e-01,5.000000e-01,5.000000e-01,5.000000e-01,5.000000e-01,5.000000e-01,5.000000e-01,5.000000e-01,0.000000e+00,0.000000e+00,0.000000e+00,0.000000e+00,0.000000e+00,0.000000e+00,0.000000e+00,0.000000e+00,0.000000e+00,3.000000e-01,0.000000e+00,0.000000e+00,0.000000e+00,0.000000e+00,0.000000e+00,0.000000e+00,0.000000e+00,0.000000e+00,0.000000e+00,0.000000e+00,0.000000e+00,0.000000e+00,0.000000e+00,0.000000e+00,0.000000e+00,0.000000e+00,0.000000e+00,0.000000e+00
7.080000e+01,9,5.000000e-01,5.000000e-01,5.000000e-01,5.000000e-01,5.000000e-01,5.000000e-01,5.000000e-01,5.000000e-01,5.000000e-01,1.070399e-08,5.000000e-01,5.000000e-01,5.000000e-01,5.000000e-01,5.000000e-01,5.000000e-01,5.000000e-01,5.000000e-01,5.000000e-01,5.000000e-01,5.000000e-01,5.000000e-01,5.000000e-01,5.000000e-01,5.000000e-01,5.000000e-01,5.000000e-01,5.000000e-01,0.000000e+00,0.000000e+00,0.000000e+00,0.000000e+00,0.000000e+00,0.000000e+00,0.000000e+00,0.000000e+00,0.000000e+00,2.999974e-01,0.000000e+00,0.000000e+00,0.000000e+00,0.000000e+00,0.000000e+00,0.000000e+00,0.000000e+00,0.000000e+00,0.000000e+00,0.000000e+00,0.000000e+00,0.000000e+00,0.000000e+00,0.000000e+00,0.000000e+00,0.000000e+00,0.000000e+00,0.000000e+00
7.090000e+01,10,5.000000e-01,5.000000e-01,5.000000e-01,5.000000e-01,5.000000e-01,5.000000e-01,5.000000e-01,5.000000e-01,5.000000e-01,5.000000e-01,1.994651e-03,5.000000e-01,5.000000e-01,5.000000e-01,5.000000e-01,5.000000e-01,5.000000e-01,5.000000e-01,5.000000e-01,5.000000e-01,5.000000e-01,5.000000e-01,5.000000e-01,5.000000e-01,5.000000e-01,5.000000e-01,5.000000e-01,5.000000e-01,0.000000e+00,0.000000e+00,0.000000e+00,0.000000e+00,0.000000e+00,0.000000e+00,0.000000e+00,0.000000e+00,0.000000e+00,0.000000e+00,6.073182e-02,0.000000e+00,0.000000e+00,0.000000e+00,0.000000e+00,0.000000e+00,0.000000e+00,0.000000e+00,0.000000e+00,0.000000e+00,0.000000e+00,0.000000e+00,0.000000e+00,0.000000e+00,0.000000e+00,0.000000e+00,0.000000e+00,0.000000e+00
7.100000e+01,10,5.000000e-01,5.000000e-01,5.000000e-01,5.000000e-01,5.000000e-01,5.000000e-01,5.000000e-01,5.000000e-01,5.000000e-01,5.000000e-01,3.269054e-10,5.000000e-01,5.000000e-01,5.000000e-01,5.000000e-01,5.000000e-01,5.000000e-01,5.000000e-01,5.000000e-01,5.000000e-01,5.000000e-01,5.000000e-01,5.000000e-01,5.000000e-01,5.000000e-01,5.000000e-01,5.000000e-01,5.000000e-01,0.000000e+00,0.000000e+00,0.000000e+00,0.000000e+00,0.000000e+00,0.000000e+00,0.000000e+00,0.000000e+00,0.000000e+00,0.000000e+00,2.999999e-01,0.000000e+00,0.000000e+00,0.000000e+00,0.000000e+00,0.000000e+00,0.000000e+00,0.000000e+00,0.000000e+00,0.000000e+00,0.000000e+00,0.000000e+00,0.000000e+00,0.000000e+00,0.000000e+00,0.000000e+00,0.000000e+00,0.000000e+00
7.110000e+01,10,5.000000e-01,5.000000e-01,5.000000e-01,5.000000e-01,5.000000e-01,5.000000e-01,5.000000e-01,5.000000e-01,5.000000e-01,5.000000e-01,3.077118e-05,5.000000e-01,5.000000e-01,5.000000e-01,5.000000e-01,5.000000e-01,5.000000e-01,5.000000e-01,5.000000e-01,5.000000e-01,5.000000e-01,5.000000e-01,5.000000e-01,5.000000e-01,5.000000e-01,5.000000e-01,5.000000e-01,5.000000e-01,0.000000e+00,0.000000e+00,0.000000e+00,0.000000e+00,0.000000e+00,0.000000e+00,0.000000e+00,0.000000e+00,0.000000e+00,0.000000e+00,2.927050e-01,0.000000e+00,0.000000e+00,0.000000e+00,0.000000e+00,0.000000e+00,0.000000e+00,0.000000e+00,0.000000e+00,0.000000e+00,0.000000e+00,0.000000e+00,0.000000e+00,0.000000e+00,0.000000e+00,0.000000e+00,0.000000e+00,0.000000e+00
7.120000e+01,3,5.000000e-01,5.000000e-01,5.000000e-01,1.236211e-05,5.000000e-01,5.000000e-01,5.000000e-01,5.000000e-01,5.000000e-01,5.000000e-01,5.000000e-01,5.000000e-01,5.000000e-01,5.000000e-01,5.000000e-01,5.000000e-01,5.000000e-01,5.000000e-01,5.000000e-01,5.000000e-01,5.000000e-01,5.000000e-01,5.000000e-01,5.000000e-01,5.000000e-01,5.000000e-01,5.000000e-01,5.000000e-01,0.000000e+00,0.000000e+00,0.000000e+00,2.970477e-01,0.000000e+00,0.000000e+00,0.000000e+00,0.000000e+00,0.000000e+00,0.000000e+00,0.000000e+00,0.000000e+00,0.000000e+00,0.000000e+00,0.000000e+00,0.000000e+00,0.000000e+00,0.000000e+00,0.000000e+00,0.000000e+00,0.000000e+00,0.000000e+00,0.000000e+00,0.000000e+00,0.000000e+00,0.000000e+00,0.000000e+00,0.000000e+00
7.130000e+01,3,5.000000e-01,5.000000e-01,5.000000e-01,6.638998e-32,5.000000e-01,5.000000e-01,5.000000e-01,5.000000e-01,5.000000e-01,5.000000e-01,5.000000e-01,5.000000e-01,5.000000e-01,5.000000e-01,5.000000e-01,5.000000e-01,5.000000e-01,5.000000e-01,5.000000e-01,5.000000e-01,5.000000e-01,5.000000e-01,5.000000e-01,5.000000e-01,5.000000e-01,5.000000e-01,5.000000e-01,5.000000e-01,0.000000e+00,0.000000e+00,0.000000e+00,3.000000e-01,0.000000e+00,0.000000e+00,0.000000e+00,0.000000e+00,0.000000e+00,0.000000e+00,0.000000e+00,0.000000e+00,0.000000e+00,0.000000e+00,0.000000e+00,0.000000e+00,0.000000e+00,0.000000e+00,0.000000e+00,0.000000e+00,0.000000e+00,0.000000e+00,0.000000e+00,0.000000e+00,0.000000e+00,0.000000e+00,0.000000e+00,0.000000e+00
7.140000e+01,3,5.000000e-01,5.000000e-01,5.000000e-01,8.055478e-32,5.000000e-01,5.000000e-01,5.000000e-01,5.000000e-01,5.000000e-01,5.000000e-01,5.000000e-01,5.000000e-01,5.000000e-01,5.000000e-01,5.000000e-01,5.000000e-01,5.000000e-01,5.000000e-01,5.000000e-01,5.000000e-01,5.000000e-01,5.000000e-01,5.000000e-01,5.000000e-01,5.000000e-01,5.000000e-01,5.000000e-01,5.000000e-01,0.000000e+00,0.000000e+00,0.000000e+00,3.000000e-01,0.000000e+00,0.000000e+00,0.000000e+00,0.000000e+00,0.000000e+00,0.000000e+00,0.000000e+00,0.000000e+00,0.000000e+00,0.000000e+00,0.000000e+00,0.000000e+00,0.000000e+00,0.000000e+00,0.000000e+00,0.000000e+00,0.000000e+00,0.000000e+00,0.000000e+00,0.000000e+00,0.000000e+00,0.000000e+00,0.000000e+00,0.000000e+00
7.150000e+01,3,5.000000e-01,5.000000e-01,5.000000e-01,5.048954e-15,5.000000e-01,5.000000e-01,5.000000e-01,5.000000e-01,5.000000e-01,5.000000e-01,5.000000e-01,5.000000e-01,5.000000e-01,5.000000e-01,5.000000e-01,5.000000e-01,5.000000e-01,5.000000e-01,5.000000e-01,5.000000e-01,5.000000e-01,5.000000e-01,5.000000e-01,5.000000e-01,5.000000e-01,5.000000e-01,5.000000e-01,5.000000e-01,0.000000e+00,0.000000e+00,0.000000e+00,3.000000e-01,0.000000e+00,0.000000e+00,0.000000e+00,0.000000e+00,0.000000e+00,0.000000e+00,0.000000e+00,0.000000e+00,0.000000e+00,0.000000e+00,0.000000e+00,0.000000e+00,0.000000e+00,0.000000e+00,0.000000e+00,0.000000e+00,0.000000e+00,0.000000e+00,0.000000e+00,0.000000e+00,0.000000e+00,0.000000e+00,0.000000e+00,0.000000e+00
7.160000e+01,3,5.000000e-01,5.000000e-01,5.000000e-01,7.761151e-04,5.000000e-01,5.000000e-01,5.000000e-01,5.000000e-01,5.000000e-01,5.000000e-01,5.000000e-01,5.000000e-01,5.000000e-01,5.000000e-01,5.000000e-01,5.000000e-01,5.000000e-01,5.000000e-01,5.000000e-01,5.000000e-01,5.000000e-01,5.000000e-01,5.000000e-01,5.000000e-01,5.000000e-01,5.000000e-01,5.000000e-01,5.000000e-01,0.000000e+00,0.000000e+00,0.000000e+00,1.612006e-01,0.000000e+00,0.000000e+00,0.000000e+00,0.000000e+00,0.000000e+00,0.000000e+00,0.000000e+00,0.000000e+00,0.000000e+00,0.000000e+00,0.000000e+00,0.000000e+00,0.000000e+00,0.000000e+00,0.000000e+00,0.000000e+00,0.000000e+00,0.000000e+00,0.000000e+00,0.000000e+00,0.000000e+00,0.000000e+00,0.000000e+00,0.000000e+00
7.170000e+01,3,5.000000e-01,5.000000e-01,5.000000e-01,2.733903e-02,5.000000e-01,5.000000e-01,5.000000e-01,5.000000e-01,5.000000e-01,5.000000e-01,5.000000e-01,5.000000e-01,5.000000e-01,5.000000e-01,5.000000e-01,5.000000e-01,5.000000e-01,5.000000e-01,5.000000e-01,5.000000e-01,5.000000e-01,5.000000e-01,5.000000e-01,5.000000e-01,5.000000e-01,5.000000e-01,5.000000e-01,5.000000e-01,0.000000e+00,0.000000e+00,0.000000e+00,7.019578e-11,0.000000e+00,0.000000e+00,0.000000e+00,0.000000e+00,0.000000e+00,0.000000e+00,0.000000e+00,0.000000e+00,0.000000e+00,0.000000e+00,0.000000e+00,0.000000e+00,0.000000e+00,0.000000e+00,0.000000e+00,0.000000e+00,0.000000e+00,0.000000e+00,0.000000e+00,0.000000e+00,0.000000e+00,0.000000e+00,0.000000e+00,0.000000e+00
7.180000e+01,10,5.000000e-01,5.000000e-01,5.000000e-01,5.000000e-01,5.000000e-01,5.000000e-01,5.000000e-01,5.000000e-01,5.000000e-01,5.000000e-01,1.088449e-06,5.000000e-01,5.000000e-01,5.000000e-01,5.000000e-01,5.000000e-01,5.000000e-01,5.000000e-01,5.000000e-01,5.000000e-01,5.000000e-01,5.000000e-01,5.000000e-01,5.000000e-01,5.000000e-01,5.000000e-01,5.000000e-01,5.000000e-01,0.000000e+00,0.000000e+00,0.000000e+00,0.000000e+00,0.000000e+00,0.000000e+00,0.000000e+00,0.000000e+00,0.000000e+00,0.000000e+00,2.997389e-01,0.000000e+00,0.000000e+00,0.000000e+00,0.000000e+00,0.000000e+00,0.000000e+00,0.000000e+00,0.000000e+00,0.000000e+00,0.000000e+00,0.000000e+00,0.000000e+00,0.000000e+00,0.000000e+00,0.000000e+00,0.000000e+00,0.000000e+00
7.190000e+01,10,5.000000e-01,5.000000e-01,5.000000e-01,3.179027e-02,5.000000e-01,5.000000e-01,5.000000e-01,5.000000e-01,5.000000e-01,5.000000e-01,2.686807e-02,5.000000e-01,5.000000e-01,5.000000e-01,5.000000e-01,5.000000e-01,5.000000e-01,5.000000e-01,5.000000e-01,5.000000e-01,5.000000e-01,5.000000e-01,5.000000e-01,5.000000e-01,5.000000e-01,5.000000e-01,5.000000e-01,5.000000e-01,0.000000e+00,0.000000e+00,0.000000e+00,1.789269e-12,0.000000e+00,0.000000e+00,0.000000e+00,0.000000e+00,0.000000e+00,0.000000e+00,1.033949e-10,0.000000e+00,0.000000e+00,0.000000e+00,0.000000e+00,0.000000e+00,0.000000e+00,0.000000e+00,0.000000e+00,0.000000e+00,0.000000e+00,0.000000e+00,0.000000e+00,0.000000e+00,0.000000e+00,0.000000e+00,0.000000e+00,0.000000e+00
7.200000e+01,3,5.000000e-01,5.000000e-01,5.000000e-01,1.151066e-03,5.000000e-01,5.000000e-01,5.000000e-01,5.000000e-01,5.000000e-01,5.000000e-01,5.000000e-01,5.000000e-01,5.000000e-01,5.000000e-01,5.000000e-01,5.000000e-01,5.000000e-01,5.000000e-01,5.000000e-01,5.000000e-01,5.000000e-01,5.000000e-01,5.000000e-01,5.000000e-01,5.000000e-01,5.000000e-01,5.000000e-01,5.000000e-01,0.000000e+00,0.000000e+00,0.000000e+00,1.193905e-01,0.000000e+00,0.000000e+00,0.000000e+00,0.000000e+00,0.000000e+00,0.000000e+00,0.000000e+00,0.000000e+00,0.000000e+00,0.000000e+00,0.000000e+00,0.000000e+00,0.000000e+00,0.000000e+00,0.000000e+00,0.000000e+00,0.000000e+00,0.000000e+00,0.000000e+00,0.000000e+00,0.000000e+00,0.000000e+00,0.000000e+00,0.000000e+00
7.210000e+01,3,5.000000e-01,5.000000e-01,5.000000e-01,2.643373e-10,5.000000e-01,5.000000e-01,5.000000e-01,5.000000e-01,5.000000e-01,5.000000e-01,5.000000e-01,5.000000e-01,5.000000e-01,5.000000e-01,5.000000e-01,5.000000e-01,5.000000e-01,5.000000e-01,5.000000e-01,5.000000e-01,5.000000e-01,5.000000e-01,5.000000e-01,5.000000e-01,5.000000e-01,5.000000e-01,5.000000e-01,5.000000e-01,0.000000e+00,0.000000e+00,0.000000e+00,2.999999e-01,0.000000e+00,0.000000e+00,0.000000e+00,0.000000e+00,0.000000e+00,0.000000e+00,0.000000e+00,0.000000e+00,0.000000e+00,0.000000e+00,0.000000e+00,0.000000e+00,0.000000e+00,0.000000e+00,0.000000e+00,0.000000e+00,0.000000e+00,0.000000e+00,0.000000e+00,0.000000e+00,0.000000e+00,0.000000e+00,0.000000e+00,0.000000e+00
7.220000e+01,3,5.000000e-01,5.000000e-01,5.000000e-01,2.358778e-11,5.000000e-01,5.000000e-01,5.000000e-01,5.000000e-01,5.000000e-01,5.000000e-01,5.000000e-01,5.000000e-01,5.000000e-01,5.000000e-01,5.000000e-01,5.000000e-01,5.000000e-01,5.000000e-01,5.000000e-01,5.000000e-01,5.000000e-01,5.000000e-01,5.000000e-01,5.000000e-01,5.000000e-01,5.000000e-01,5.000000e-01,5.000000e-01,0.000000e+00,0.000000e+00,0.000000e+00,3.000000e-01,0.000000e+00,0.000000e+00,0.000000e+00,0.000000e+00,0.000000e+00,0.000000e+00,0.000000e+00,0.000000e+00,0.000000e+00,0.000000e+00,0.000000e+00,0.000000e+00,0.000000e+00,0.000000e+00,0.000000e+00,0.000000e+00,0.000000e+00,0.000000e+00,0.000000e+00,0.000000e+00,0.000000e+00,0.000000e+00,0.000000e+00,0.000000e+00
7.230000e+01,3,5.000000e-01,5.000000e-01,5.000000e-01,1.743736e-44,5.000000e-01,5.000000e-01,5.000000e-01,5.000000e-01,5.000000e-01,5.000000e-01,5.000000e-01,5.000000e-01,5.000000e-01,5.000000e-01,5.000000e-01,5.000000e-01,5.000000e-01,5.000000e-01,5.000000e-01,5.000000e-01,5.000000e-01,5.000000e-01,5.000000e-01,5.000000e-01,5.000000e-01,5.000000e-01,5.000000e-01,5.000000e-01,0.000000e+00,0.000000e+00,0.000000e+00,3.000000e-01,0.000000e+00,0.000000e+00,0.000000e+00,0.000000e+00,0.000000e+00,0.000000e+00,0.000000e+00,0.000000e+00,0.000000e+00,0.000000e+00,0.000000e+00,0.000000e+00,0.000000e+00,0.000000e+00,0.000000e+00,0.000000e+00,0.000000e+00,0.000000e+00,0.000000e+00,0.000000e+00,0.000000e+00,0.000000e+00,0.000000e+00,0.000000e+00
7.240000e+01,3,5.000000e-01,5.000000e-01,5.000000e-01,3.506119e-21,5.000000e-01,5.000000e-01,5.000000e-01,5.000000e-01,5.000000e-01,5.000000e-01,5.000000e-01,5.000000e-01,5.000000e-01,5.000000e-01,5.000000e-01,5.000000e-01,5.000000e-01,5.000000e-01,5.000000e-01,5.000000e-01,5.000000e-01,5.000000e-01,5.000000e-01,5.000000e-01,5.000000e-01,5.000000e-01,5.000000e-01,5.000000e-01,0.000000e+00,0.000000e+00,0.000000e+00,3.000000e-01,0.000000e+00,0.000000e+00,0.000000e+00,0.000000e+00,0.000000e+00,0.000000e+00,0.000000e+00,0.000000e+00,0.000000e+00,0.000000e+00,0.000000e+00,0.000000e+00,0.000000e+00,0.000000e+00,0.000000e+00,0.000000e+00,0.000000e+00,0.000000e+00,0.000000e+00,0.000000e+00,0.000000e+00,0.000000e+00,0.000000e+00,0.000000e+00
7.250000e+01,3,5.000000e-01,5.000000e-01,5.000000e-01,4.187865e-03,5.000000e-01,5.000000e-01,5.000000e-01,5.000000e-01,5.000000e-01,5.000000e-01,5.000000e-01,5.000000e-01,5.000000e-01,5.000000e-01,5.000000e-01,5.000000e-01,5.000000e-01,5.000000e-01,5.000000e-01,5.000000e-01,5.000000e-01,5.000000e-01,5.000000e-01,5.000000e-01,5.000000e-01,5.000000e-01,5.000000e-01,5.000000e-01,0.000000e+00,0.000000e+00,0.000000e+00,1.044847e-02,0.000000e+00,0.000000e+00,0.000000e+00,0.000000e+00,0.000000e+00,0.000000e+00,0.000000e+00,0.000000e+00,0.000000e+00,0.000000e+00,0.000000e+00,0.000000e+00,0.000000e+00,0.000000e+00,0.000000e+00,0.000000e+00,0.000000e+00,0.000000e+00,0.000000e+00,0.000000e+00,0.000000e+00,0.000000e+00,0.000000e+00,0.000000e+00
7.260000e+01,3,5.000000e-01,5.000000e-01,5.000000e-01,3.262365e-02,5.000000e-01,5.000000e-01,5.000000e-01,5.000000e-01,5.000000e-01,5.000000e-01,5.000000e-01,5.000000e-01,5.000000e-01,5.000000e-01,5.000000e-01,5.000000e-01,5.000000e-01,5.000000e-01,5.000000e-01,5.000000e-01,5.000000e-01,5.000000e-01,5.000000e-01,5.000000e-01,5.000000e-01,5.000000e-01,5.000000e-01,5.000000e-01,0.000000e+00,0.000000e+00,0.000000e+00,8.984480e-13,0.000000e+00,0.000000e+00,0.000000e+00,0.000000e+00,0.000000e+00,0.000000e+00,0.000000e+00,0.000000e+00,0.000000e+00,0.000000e+00,0.000000e+00,0.000000e+00,0.000000e+00,0.000000e+00,0.000000e+00,0.000000e+00,0.000000e+00,0.000000e+00,0.000000e+00,0.000000e+00,0.000000e+00,0.000000e+00,0.000000e+00,0.000000e+00
7.270000e+01,3,5.000000e-01,5.000000e-01,5.000000e-01,5.880113e-13,5.000000e-01,5.000000e-01,5.000000e-01,5.000000e-01,5.000000e-01,5.000000e-01,5.000000e-01,5.000000e-01,5.000000e-01,5.000000e-01,5.000000e-01,5.000000e-01,5.000000e-01,5.000000e-01,5.000000e-01,5.000000e-01,5.000000e-01,5.000000e-01,5.000000e-01,5.000000e-01,5.000000e-01,5.000000e-01,5.000000e-01,5.000000e-01,0.000000e+00,0.000000e+00,0.000000e+00,3.000000e-01,0.000000e+00,0.000000e+00,0.000000e+00,0.000000e+00,0.000000e+00,0.000000e+00,0.000000e+00,0.000000e+00,0.000000e+00,0.000000e+00,0.000000e+00,0.000000e+00,0.000000e+00,0.000000e+00,0.000000e+00,0.000000e+00,0.000000e+00,0.000000e+00,0.000000e+00,0.000000e+00,0.000000e+00,0.000000e+00,0.000000e+00,0.000000e+00
7.280000e+01,3,5.000000e-01,5.000000e-01,5.000000e-01,1.360231e-43,5.000000e-01,5.000000e-01,5.000000e-01,5.000000e-01,5.000000e-01,5.000000e-01,5.000000e-01,5.000000e-01,5.000000e-01,5.000000e-01,5.000000e-01,5.000000e-01,5.000000e-01,5.000000e-01,5.000000e-01,5.000000e-01,5.000000e-01,5.000000e-01,5.000000e-01,5.000000e-01,5.000000e-01,5.000000e-01,5.000000e-01,5.000000e-01,0.000000e+00,0.000000e+00,0.000000e+00,3.000000e-01,0.000000e+00,0.000000e+00,0.000000e+00,0.000000e+00,0.000000e+00,0.000000e+00,0.000000e+00,0.000000e+00,0.000000e+00,0.000000e+00,0.000000e+00,0.000000e+00,0.000000e+00,0.000000e+00,0.000000e+00,0.000000e+00,0.000000e+00,0.000000e+00,0.000000e+00,0.000000e+00,0.000000e+00,0.000000e+00,0.000000e+00,0.000000e+00
7.290000e+01,3,5.000000e-01,5.000000e-01,5.000000e-01,3.523380e-16,5.000000e-01,5.000000e-01,5.000000e-01,5.000000e-01,5.000000e-01,5.000000e-01,5.000000e-01,5.000000e-01,5.000000e-01,5.000000e-01,5.000000e-01,5.000000e-01,5.000000e-01,5.000000e-01,5.000000e-01,5.000000e-01,5.000000e-01,5.000000e-01,5.000000e-01,5.000000e-01,5.000000e-01,5.000000e-01,5.000000e-01,5.000000e-01,0.000000e+00,0.000000e+00,0.000000e+00,3.000000e-01,0.000000e+00,0.000000e+00,0.000000e+00,0.000000e+00,0.000000e+00,0.000000e+00,0.000000e+00,0.000000e+00,0.000000e+00,0.000000e+00,0.000000e+00,0.000000e+00,0.000000e+00,0.000000e+00,0.000000e+00,0.000000e+00,0.000000e+00,0.000000e+00,0.000000e+00,0.000000e+00,0.000000e+00,0.000000e+00,0.000000e+00,0.000000e+00
7.300000e+01,3,5.000000e-01,5.000000e-01,5.000000e-01,4.332641e-05,5.000000e-01,5.000000e-01,5.000000e-01,5.000000e-01,5.000000e-01,5.000000e-01,5.000000e-01,5.000000e-01,5.000000e-01,5.000000e-01,5.000000e-01,5.000000e-01,5.000000e-01,5.000000e-01,5.000000e-01,5.000000e-01,5.000000e-01,5.000000e-01,5.000000e-01,5.000000e-01,5.000000e-01,5.000000e-01,5.000000e-01,5.000000e-01,0.000000e+00,0.000000e+00,0.000000e+00,2.897796e-01,0.000000e+00,0.000000e+00,0.000000e+00,0.000000e+00,0.000000e+00,0.000000e+00,0.000000e+00,0.000000e+00,0.000000e+00,0.000000e+00,0.000000e+00,0.000000e+00,0.000000e+00,0.000000e+00,0.000000e+00,0.000000e+00,0.000000e+00,0.000000e+00,0.000000e+00,0.000000e+00,0.000000e+00,0.000000e+00,0.000000e+00,0.000000e+00
7.310000e+01,10,5.000000e-01,5.000000e-01,5.000000e-01,5.000000e-01,5.000000e-01,5.000000e-01,5.000000e-01,5.000000e-01,5.000000e-01,5.000000e-01,2.030255e-03,5.000000e-01,5.000000e-01,5.000000e-01,5.000000e-01,5.000000e-01,5.000000e-01,5.000000e-01,5.000000e-01,5.000000e-01,5.000000e-01,5.000000e-01,5.000000e-01,5.000000e-01,5.000000e-01,5.000000e-01,5.000000e-01,5.000000e-01,0.000000e+00,0.000000e+00,0.000000e+00,0.000000e+00,0.000000e+00,0.000000e+00,0.000000e+00,0.000000e+00,0.000000e+00,0.000000e+00,5.902302e-02,0.000000e+00,0.000000e+00,0.000000e+00,0.000000e+00,0.000000e+00,0.000000e+00,0.000000e+00,0.000000e+00,0.000000e+00,0.000000e+00,0.000000e+00,0.000000e+00,0.000000e+00,0.000000e+00,0.000000e+00,0.000000e+00,0.000000e+00
7.320000e+01,3,5.000000e-01,5.000000e-01,5.000000e-01,1.116928e-03,5.000000e-01,5.000000e-01,5.000000e-01,5.000000e-01,5.000000e-01,5.000000e-01,5.000000e-01,5.000000e-01,5.000000e-01,5.000000e-01,5.000000e-01,5.000000e-01,5.000000e-01,5.000000e-01,5.000000e-01,5.000000e-01,5.000000e-01,5.000000e-01,5.000000e-01,5.000000e-01,5.000000e-01,5.000000e-01,5.000000e-01,5.000000e-01,0.000000e+00,0.000000e+00,0.000000e+00,1.226998e-01,0.000000e+00,0.000000e+00,0.000000e+00,0.000000e+00,0.000000e+00,0.000000e+00,0.000000e+00,0.000000e+00,0.000000e+00,0.000000e+00,0.000000e+00,0.000000e+00,0.000000e+00,0.000000e+00,0.000000e+00,0.000000e+00,0.000000e+00,0.000000e+00,0.000000e+00,0.000000e+00,0.000000e+00,0.000000e+00,0.000000e+00,0.000000e+00
7.330000e+01,3,5.000000e-01,5.000000e-01,5.000000e-01,3.471117e-19,5.000000e-01,5.000000e-01,5.000000e-01,5.000000e-01,5.000000e-01,5.000000e-01,5.000000e-01,5.000000e-01,5.000000e-01,5.000000e-01,5.000000e-01,5.000000e-01,5.000000e-01,5.000000e-01,5.000000e-01,5.000000e-01,5.000000e-01,5.000000e-01,5.000000e-01,5.000000e-01,5.000000e-01,5.000000e-01,5.000000e-01,5.000000e-01,0.000000e+00,0.000000e+00,0.000000e+00,3.000000e-01,0.000000e+00,0.000000e+00,0.000000e+00,0.000000e+00,0.000000e+00,0.000000e+00,0.000000e+00,0.000000e+00,0.000000e+00,0.000000e+00,0.000000e+00,0.000000e+00,0.000000e+00,0.000000e+00,0.000000e+00,0.000000e+00,0.000000e+00,0.000000e+00,0.000000e+00,0.000000e+00,0.000000e+00,0.000000e+00,0.000000e+00,0.000000e+00
7.340000e+01,3,5.000000e-01,5.000000e-01,5.000000e-01,1.086372e-05,5.000000e-01,5.000000e-01,5.000000e-01,5.000000e-01,5.000000e-01,5.000000e-01,5.000000e-01,5.000000e-01,5.000000e-01,5.000000e-01,5.000000e-01,5.000000e-01,5.000000e-01,5.000000e-01,5.000000e-01,5.000000e-01,5.000000e-01,5.000000e-01,5.000000e-01,5.000000e-01,5.000000e-01,5.000000e-01,5.000000e-01,5.000000e-01,0.000000e+00,0.000000e+00,0.000000e+00,2.974040e-01,0.000000e+00,0.000000e+00,0.000000e+00,0.000000e+00,0.000000e+00,0.000000e+00,0.000000e+00,0.000000e+00,0.000000e+00,0.000000e+00,0.000000e+00,0.000000e+00,0.000000e+00,0.000000e+00,0.000000e+00,0.000000e+00,0.000000e+00,0.000000e+00,0.000000e+00,0.000000e+00,0.000000e+00,0.000000e+00,0.000000e+00,0.000000e+00
7.350000e+01,10,5.000000e-01,5.000000e-01,5.000000e-01,5.000000e-01,5.000000e-01,5.000000e-01,5.000000e-01,5.000000e-01,5.000000e-01,5.000000e-01,1.711175e-04,5.000000e-01,5.000000e-01,5.000000e-01,5.000000e-01,5.000000e-01,5.000000e-01,5.000000e-01,5.000000e-01,5.000000e-01,5.000000e-01,5.000000e-01,5.000000e-01,5.000000e-01,5.000000e-01,5.000000e-01,5.000000e-01,5.000000e-01,0.000000e+00,0.000000e+00,0.000000e+00,0.000000e+00,0.000000e+00,0.000000e+00,0.000000e+00,0.000000e+00,0.000000e+00,0.000000e+00,2.616157e-01,0.000000e+00,0.000000e+00,0.000000e+00,0.000000e+00,0.000000e+00,0.000000e+00,0.000000e+00,0.000000e+00,0.000000e+00,0.000000e+00,0.000000e+00,0.000000e+00,0.000000e+00,0.000000e+00,0.000000e+00,0.000000e+00,0.000000e+00
7.360000e+01,3,5.000000e-01,5.000000e-01,5.000000e-01,1.811018e-06,5.000000e-01,5.000000e-01,5.000000e-01,5.000000e-01,5.000000e-01,5.000000e-01,5.000000e-01,5.000000e-01,5.000000e-01,5.000000e-01,5.000000e-01,5.000000e-01,5.000000e-01,5.000000e-01,5.000000e-01,5.000000e-01,5.000000e-01,5.000000e-01,5.000000e-01,5.000000e-01,5.000000e-01,5.000000e-01,5.000000e-01,5.000000e-01,0.000000e+00,0.000000e+00,0.000000e+00,2.995657e-01,0.000000e+00,0.000000e+00,0.000000e+00,0.000000e+00,0.000000e+00,0.000000e+00,0.000000e+00,0.000000e+00,0.000000e+00,0.000000e+00,0.000000e+00,0.000000e+00,0.000000e+00,0.000000e+00,0.000000e+00,0.000000e+00,0.000000e+00,0.000000e+00,0.000000e+00,0.000000e+00,0.000000e+00,0.000000e+00,0.000000e+00,0.000000e+00
7.370000e+01,3,5.000000e-01,5.000000e-01,5.000000e-01,7.478092e-28,5.000000e-01,5.000000e-01,5.000000e-01,5.000000e-01,5.000000e-01,5.000000e-01,5.000000e-01,5.000000e-01,5.000000e-01,5.000000e-01,5.000000e-01,5.000000e-01,5.000000e-01,5.000000e-01,5.000000e-01,5.000000e-01,5.000000e-01,5.000000e-01,5.000000e-01,5.000000e-01,5.000000e-01,5.000000e-01,5.000000e-01,5.000000e-01,0.000000e+00,0.000000e+00,0.000000e+00,3.000000e-01,0.000000e+00,0.000000e+00,0.000000e+00,0.000000e+00,0.000000e+00,0.000000e+00,0.000000e+00,0.000000e+00,0.000000e+00,0.000000e+00,0.000000e+00,0.000000e+00,0.000000e+00,0.000000e+00,0.000000e+00,0.000000e+00,0.000000e+00,0.000000e+00,0.000000e+00,0.000000e+00,0.000000e+00,0.000000e+00,0.000000e+00,0.000000e+00
7.380000e+01,3,5.000000e-01,5.000000e-01,5.000000e-01,3.004382e-04,5.000000e-01,5.000000e-01,5.000000e-01,5.000000e-01,5.000000e-01,5.000000e-01,5.000000e-01,5.000000e-01,5.000000e-01,5.000000e-01,5.000000e-01,5.000000e-01,5.000000e-01,5.000000e-01,5.000000e-01,5.000000e-01,5.000000e-01,5.000000e-01,5.000000e-01,5.000000e-01,5.000000e-01,5.000000e-01,5.000000e-01,5.000000e-01,0.000000e+00,0.000000e+00,0.000000e+00,2.358971e-01,0.000000e+00,0.000000e+00,0.000000e+00,0.000000e+00,0.000000e+00,0.000000e+00,0.000000e+00,0.000000e+00,0.000000e+00,0.000000e+00,0.000000e+00,0.000000e+00,0.000000e+00,0.000000e+00,0.000000e+00,0.000000e+00,0.000000e+00,0.000000e+00,0.000000e+00,0.000000e+00,0.000000e+00,0.000000e+00,0.000000e+00,0.000000e+00
7.390000e+01,10,5.000000e-01,5.000000e-01,5.000000e-01,4.427459e-02,5.000000e-01,5.000000e-01,5.000000e-01,5.000000e-01,5.000000e-01,5.000000e-01,1.930805e-02,5.000000e-01,5.000000e-01,5.000000e-01,5.000000e-01,5.000000e-01,5.000000e-01,5.000000e-01,5.000000e-01,5.000000e-01,5.000000e-01,5.000000e-01,5.000000e-01,5.000000e-01,5.000000e-01,5.000000e-01,5.000000e-01,5.000000e-01,0.000000e+00,0.000000e+00,0.000000e+00,6.661338e-17,0.000000e+00,0.000000e+00,0.000000e+00,0.000000e+00,0.000000e+00,0.000000e+00,5.049048e-08,0.000000e+00,0.000000e+00,0.000000e+00,0.000000e+00,0.000000e+00,0.000000e+00,0.000000e+00,0.000000e+00,0.000000e+00,0.000000e+00,0.000000e+00,0.000000e+00,0.000000e+00,0.000000e+00,0.000000e+00,0.000000e+00,0.000000e+00
7.400000e+01,3,5.000000e-01,5.000000e-01,5.000000e-01,1.121067e-11,5.000000e-01,5.000000e-01,5.000000e-01,5.000000e-01,5.000000e-01,5.000000e-01,5.000000e-01,5.000000e-01,5.000000e-01,5.000000e-01,5.000000e-01,5.000000e-01,5.000000e-01,5.000000e-01,5.000000e-01,5.000000e-01,5.000000e-01,5.000000e-01,5.000000e-01,5.000000e-01,5.000000e-01,5.000000e-01,5.000000e-01,5.000000e-01,0.000000e+00,0.000000e+00,0.000000e+00,3.000000e-01,0.000000e+00,0.000000e+00,0.000000e+00,0.000000e+00,0.000000e+00,0.000000e+00,0.000000e+00,0.000000e+00,0.000000e+00,0.000000e+00,0.000000e+00,0.000000e+00,0.000000e+00,0.000000e+00,0.000000e+00,0.000000e+00,0.000000e+00,0.000000e+00,0.000000e+00,0.000000e+00,0.000000e+00,0.000000e+00,0.000000e+00,0.000000e+00
7.410000e+01,3,5.000000e-01,5.000000e-01,5.000000e-01,3.269532e-20,5.000000e-01,5.000000e-01,5.000000e-01,5.000000e-01,5.000000e-01,5.000000e-01,5.000000e-01,5.000000e-01,5.000000e-01,5.000000e-01,5.000000e-01,5.000000e-01,5.000000e-01,5.000000e-01,5.000000e-01,5.000000e-01,5.000000e-01,5.000000e-01,5.000000e-01,5.000000e-01,5.000000e-01,5.000000e-01,5.000000e-01,5.000000e-01,0.000000e+00,0.000000e+00,0.000000e+00,3.000000e-01,0.000000e+00,0.000000e+00,0.000000e+00,0.000000e+00,0.000000e+00,0.000000e+00,0.000000e+00,0.000000e+00,0.000000e+00,0.000000e+00,0.000000e+00,0.000000e+00,0.000000e+00,0.000000e+00,0.000000e+00,0.000000e+00,0.000000e+00,0.000000e+00,0.000000e+00,0.000000e+00,0.000000e+00,0.000000e+00,0.000000e+00,0.000000e+00
7.420000e+01,3,5.000000e-01,5.000000e-01,5.000000e-01,4.521396e-03,5.000000e-01,5.000000e-01,5.000000e-01,5.000000e-01,5.000000e-01,5.000000e-01,5.000000e-01,5.000000e-01,5.000000e-01,5.000000e-01,5.000000e-01,5.000000e-01,5.000000e-01,5.000000e-01,5.000000e-01,5.000000e-01,5.000000e-01,5.000000e-01,5.000000e-01,5.000000e-01,5.000000e-01,5.000000e-01,5.000000e-01,5.000000e-01,0.000000e+00,0.000000e+00,0.000000e+00,7.992179e-03,0.000000e+00,0.000000e+00,0.000000e+00,0.000000e+00,0.000000e+00,0.000000e+00,0.000000e+00,0.000000e+00,0.000000e+00,0.000000e+00,0.000000e+00,0.000000e+00,0.000000e+00,0.000000e+00,0.000000e+00,0.000000e+00,0.000000e+00,0.000000e+00,0.000000e+00,0.000000e+00,0.000000e+00,0.000000e+00,0.000000e+00,0.000000e+00
7.430000e+01,3,5.000000e-01,5.000000e-01,5.000000e-01,2.772340e-02,5.000000e-01,5.000000e-01,5.000000e-01,5.000000e-01,5.000000e-01,5.000000e-01,5.000000e-01,5.000000e-01,5.000000e-01,5.000000e-01,5.000000e-01,5.000000e-01,5.000000e-01,5.000000e-01,5.000000e-01,5.000000e-01,5.000000e-01,5.000000e-01,5.000000e-01,5.000000e-01,5.000000e-01,5.000000e-01,5.000000e-01,5.000000e-01,0.000000e+00,0.000000e+00,0.000000e+00,5.116674e-11,0.000000e+00,0.000000e+00,0.000000e+00,0.000000e+00,0.000000e+00,0.000000e+00,0.000000e+00,0.000000e+00,0.000000e+00,0.000000e+00,0.000000e+00,0.000000e+00,0.000000e+00,0.000000e+00,0.000000e+00,0.000000e+00,0.000000e+00,0.000000e+00,0.000000e+00,0.000000e+00,0.000000e+00,0.000000e+00,0.000000e+00,0.000000e+00
7.440000e+01,3,5.000000e-01,5.000000e-01,5.000000e-01,2.677793e-03,5.000000e-01,5.000000e-01,5.000000e-01,5.000000e-01,5.000000e-01,5.000000e-01,5.000000e-01,5.000000e-01,5.000000e-01,5.000000e-01,5.000000e-01,5.000000e-01,5.000000e-01,5.000000e-01,5.000000e-01,5.000000e-01,5.000000e-01,5.000000e-01,5.000000e-01,5.000000e-01,5.000000e-01,5.000000e-01,5.000000e-01,5.000000e-01,0.000000e+00,0.000000e+00,0.000000e+00,3.511663e-02,0.000000e+00,0.000000e+00,0.000000e+00,0.000000e+00,0.000000e+00,0.000000e+00,0.000000e+00,0.000000e+00,0.000000e+00,0.000000e+00,0.000000e+00,0.000000e+00,0.000000e+00,0.000000e+00,0.000000e+00,0.000000e+00,0.000000e+00,0.000000e+00,0.000000e+00,0.000000e+00,0.000000e+00,0.000000e+00,0.000000e+00,0.000000e+00
7.450000e+01,4,5.000000e-01,5.000000e-01,5.000000e-01,1.843552e-02,1.859938e-08,5.000000e-01,5.000000e-01,5.000000e-01,5.000000e-01,5.000000e-01,5.000000e-01,5.000000e-01,5.000000e-01,5.000000e-01,5.000000e-01,5.000000e-01,5.000000e-01,5.000000e-01,5.000000e-01,5.000000e-01,5.000000e-01,5.000000e-01,5.000000e-01,5.000000e-01,5.000000e-01,5.000000e-01,5.000000e-01,5.000000e-01,0.000000e+00,0.000000e+00,0.000000e+00,1.028467e-07,2.999955e-01,0.000000e+00,0.000000e+00,0.000000e+00,0.000000e+00,0.000000e+00,0.000000e+00,0.000000e+00,0.000000e+00,0.000000e+00,0.000000e+00,0.000000e+00,0.000000e+00,0.000000e+00,0.000000e+00,0.000000e+00,0.000000e+00,0.000000e+00,0.000000e+00,0.000000e+00,0.000000e+00,0.000000e+00,0.000000e+00,0.000000e+00
7.460000e+01,4,5.000000e-01,5.000000e-01,5.000000e-01,5.000000e-01,1.320945e-28,5.000000e-01,5.000000e-01,5.000000e-01,5.000000e-01,5.000000e-01,5.000000e-01,5.000000e-01,5.000000e-01,5.000000e-01,5.000000e-01,5.000000e-01,5.000000e-01,5.000000e-01,5.000000e-01,5.000000e-01,5.000000e-01,5.000000e-01,5.000000e-01,5.000000e-01,5.000000e-01,5.000000e-01,5.000000e-01,5.000000e-01,0.000000e+00,0.000000e+00,0.000000e+00,0.000000e+00,3.000000e-01,0.000000e+00,0.000000e+00,0.000000e+00,0.000000e+00,0.000000e+00,0.000000e+00,0.000000e+00,0.000000e+00,0.000000e+00,0.000000e+00,0.000000e+00,0.000000e+00,0.000000e+00,0.000000e+00,0.000000e+00,0.000000e+00,0.000000e+00,0.000000e+00,0.000000e+00,0.000000e+00,0.000000e+00,0.000000e+00,0.000000e+00
7.470000e+01,4,5.000000e-01,5.000000e-01,5.000000e-01,5.000000e-01,3.755180e-07,5.000000e-01,5.000000e-01,5.000000e-01,5.000000e-01,5.000000e-01,5.000000e-01,5.000000e-01,5.000000e-01,5.000000e-01,5.000000e-01,5.000000e-01,5.000000e-01,5.000000e-01,5.000000e-01,5.000000e-01,5.000000e-01,5.000000e-01,5.000000e-01,5.000000e-01,5.000000e-01,5.000000e-01,5.000000e-01,5.000000e-01,0.000000e+00,0.000000e+00,0.000000e+00,0.000000e+00,2.999099e-01,0.000000e+00,0.000000e+00,0.000000e+00,0.000000e+00,0.000000e+00,0.000000e+00,0.000000e+00,0.000000e+00,0.000000e+00,0.000000e+00,0.000000e+00,0.000000e+00,0.000000e+00,0.000000e+00,0.000000e+00,0.000000e+00,0.000000e+00,0.000000e+00,0.000000e+00,0.000000e+00,0.000000e+00,0.000000e+00,0.000000e+00
7.480000e+01,3,5.000000e-01,5.000000e-01,5.000000e-01,1.758985e-04,5.000000e-01,5.000000e-01,5.000000e-01,5.000000e-01,5.000000e-01,5.000000e-01,5.000000e-01,5.000000e-01,5.000000e-01,5.000000e-01,5.000000e-01,5.000000e-01,5.000000e-01,5.000000e-01,5.000000e-01,5.000000e-01,5.000000e-01,5.000000e-01,5.000000e-01,5.000000e-01,5.000000e-01,5.000000e-01,5.000000e-01,5.000000e-01,0.000000e+00,0.000000e+00,0.000000e+00,2.606168e-01,0.000000e+00,0.000000e+00,0.000000e+00,0.000000e+00,0.000000e+00,0.000000e+00,0.000000e+00,0.000000e+00,0.000000e+00,0.000000e+00,0.000000e+00,0.000000e+00,0.000000e+00,0.000000e+00,0.000000e+00,0.000000e+00,0.000000e+00,0.000000e+00,0.000000e+00,0.000000e+00,0.000000e+00,0.000000e+00,0.000000e+00,0.000000e+00
7.490000e+01,4,5.000000e-01,5.000000e-01,5.000000e-01,1.120512e-03,4.215647e-04,5.000000e-01,5.000000e-01,5.000000e-01,5.000000e-01,5.000000e-01,5.000000e-01,5.000000e-01,5.000000e-01,5.000000e-01,5.000000e-01,5.000000e-01,5.000000e-01,5.000000e-01,5.000000e-01,5.000000e-01,5.000000e-01,5.000000e-01,5.000000e-01,5.000000e-01,5.000000e-01,5.000000e-01,5.000000e-01,5.000000e-01,0.000000e+00,0.000000e+00,0.000000e+00,1.223481e-01,2.141035e-01,0.000000e+00,0.000000e+00,0.000000e+00,0.000000e+00,0.000000e+00,0.000000e+00,0.000000e+00,0.000000e+00,0.000000e+00,0.000000e+00,0.000000e+00,0.000000e+00,0.000000e+00,0.000000e+00,0.000000e+00,0.000000e+00,0.000000e+00,0.000000e+00,0.000000e+00,0.000000e+00,0.000000e+00,0.000000e+00,0.000000e+00
7.500000e+01,4,5.000000e-01,5.000000e-01,5.000000e-01,5.000000e-01,3.171754e-21,5.000000e-01,5.000000e-01,5.000000e-01,5.000000e-01,5.000000e-01,5.000000e-01,5.000000e-01,5.000000e-01,5.000000e-01,5.000000e-01,5.000000e-01,5.000000e-01,5.000000e-01,5.000000e-01,5.000000e-01,5.000000e-01,5.000000e-01,5.000000e-01,5.000000e-01,5.000000e-01,5.000000e-01,5.000000e-01,5.000000e-01,0.000000e+00,0.000000e+00,0.000000e+00,0.000000e+00,3.000000e-01,0.000000e+00,0.000000e+00,0.000000e+00,0.000000e+00,0.000000e+00,0.000000e+00,0.000000e+00,0.000000e+00,0.000000e+00,0.000000e+00,0.000000e+00,0.000000e+00,0.000000e+00,0.000000e+00,0.000000e+00,0.000000e+00,0.000000e+00,0.000000e+00,0.000000e+00,0.000000e+00,0.000000e+00,0.000000e+00,0.000000e+00
7.510000e+01,4,5.000000e-01,5.000000e-01,5.000000e-01,5.000000e-01,3.457275e-17,5.000000e-01,5.000000e-01,5.000000e-01,5.000000e-01,5.000000e-01,5.000000e-01,5.000000e-01,5.000000e-01,5.000000e-01,5.000000e-01,5.000000e-01,5.000000e-01,5.000000e-01,5.000000e-01,5.000000e-01,5.000000e-01,5.000000e-01,5.000000e-01,5.000000e-01,5.000000e-01,5.000000e-01,5.000000e-01,5.000000e-01,0.000000e+00,0.000000e+00,0.000000e+00,0.000000e+00,3.000000e-01,0.000000e+00,0.000000e+00,0.000000e+00,0.000000e+00,0.000000e+00,0.000000e+00,0.000000e+00,0.000000e+00,0.000000e+00,0.000000e+00,0.000000e+00,0.000000e+00,0.000000e+00,0.000000e+00,0.000000e+00,0.000000e+00,0.000000e+00,0.000000e+00,0.000000e+00,0.000000e+00,0.000000e+00,0.000000e+00,0.000000e+00
7.520000e+01,4,5.000000e-01,5.000000e-01,5.000000e-01,5.000000e-01,1.259064e-03,5.000000e-01,5.000000e-01,5.000000e-01,5.000000e-01,5.000000e-01,5.000000e-01,5.000000e-01,5.000000e-01,5.000000e-01,5.000000e-01,5.000000e-01,5.000000e-01,5.000000e-01,5.000000e-01,5.000000e-01,5.000000e-01,5.000000e-01,5.000000e-01,5.000000e-01,5.000000e-01,5.000000e-01,5.000000e-01,5.000000e-01,0.000000e+00,0.000000e+00,0.000000e+00,0.000000e+00,1.094970e-01,0.000000e+00,0.000000e+00,0.000000e+00,0.000000e+00,0.000000e+00,0.000000e+00,0.000000e+00,0.000000e+00,0.000000e+00,0.000000e+00,0.000000e+00,0.000000e+00,0.000000e+00,0.000000e+00,0.000000e+00,0.000000e+00,0.000000e+00,0.000000e+00,0.000000e+00,0.000000e+00,0.000000e+00,0.000000e+00,0.000000e+00
7.530000e+01,11,5.000000e-01,5.000000e-01,5.000000e-01,5.000000e-01,5.000000e-01,5.000000e-01,5.000000e-01,5.000000e-01,5.000000e-01,5.000000e-01,5.000000e-01,6.479878e-09,5.000000e-01,5.000000e-01,5.000000e-01,5.000000e-01,5.000000e-01,5.000000e-01,5.000000e-01,5.000000e-01,5.000000e-01,5.000000e-01,5.000000e-01,5.000000e-01,5.000000e-01,5.000000e-01,5.000000e-01,5.000000e-01,0.000000e+00,0.000000e+00,0.000000e+00,0.000000e+00,0.000000e+00,0.000000e+00,0.000000e+00,0.000000e+00,0.000000e+00,0.000000e+00,0.000000e+00,2.999984e-01,0.000000e+00,0.000000e+00,0.000000e+00,0.000000e+00,0.000000e+00,0.000000e+00,0.000000e+00,0.000000e+00,0.000000e+00,0.000000e+00,0.000000e+00,0.000000e+00,0.000000e+00,0.000000e+00,0.000000e+00,0.000000e+00
7.540000e+01,11,5.000000e-01,5.000000e-01,5.000000e-01,5.000000e-01,5.000000e-01,5.000000e-01,5.000000e-01,5.000000e-01,5.000000e-01,5.000000e-01,5.000000e-01,3.317454e-43,5.000000e-01,5.000000e-01,5.000000e-01,5.000000e-01,5.000000e-01,5.000000e-01,5.000000e-01,5.000000e-01,5.000000e-01,5.000000e-01,5.000000e-01,5.000000e-01,5.000000e-01,5.000000e-01,5.000000e-01,5.000000e-01,0.000000e+00,0.000000e+00,0.000000e+00,0.000000e+00,0.000000e+00,0.000000e+00,0.000000e+00,0.000000e+00,0.000000e+00,0.000000e+00,0.000000e+00,3.000000e-01,0.000000e+00,0.000000e+00,0.000000e+00,0.000000e+00,0.000000e+00,0.000000e+00,0.000000e+00,0.000000e+00,0.000000e+00,0.000000e+00,0.000000e+00,0.000000e+00,0.000000e+00,0.000000e+00,0.000000e+00,0.000000e+00
7.550000e+01,11,5.000000e-01,5.000000e-01,5.000000e-01,5.000000e-01,5.000000e-01,5.000000e-01,5.000000e-01,5.000000e-01,5.000000e-01,5.000000e-01,5.000000e-01,6.509419e-33,5.000000e-01,5.000000e-01,5.000000e-01,5.000000e-01,5.000000e-01,5.000000e-01,5.000000e-01,5.000000e-01,5.000000e-01,5.000000e-01,5.000000e-01,5.000000e-01,5.000000e-01,5.000000e-01,5.000000e-01,5.000000e-01,0.000000e+00,0.000000e+00,0.000000e+00,0.000000e+00,0.000000e+00,0.000000e+00,0.000000e+00,0.000000e+00,0.000000e+00,0.000000e+00,0.000000e+00,3.000000e-01,0.000000e+00,0.000000e+00,0.000000e+00,0.000000e+00,0.000000e+00,0.000000e+00,0.000000e+00,0.000000e+00,0.000000e+00,0.000000e+00,0.000000e+00,0.000000e+00,0.000000e+00,0.000000e+00,0.000000e+00,0.000000e+00
7.560000e+01,11,5.000000e-01,5.000000e-01,5.000000e-01,5.000000e-01,5.000000e-01,5.000000e-01,5.000000e-01,5.000000e-01,5.000000e-01,5.000000e-01,8.687678e-03,8.521322e-06,5.000000e-01,5.000000e-01,5.000000e-01,5.000000e-01,5.000000e-01,5.000000e-01,5.000000e-01,5.000000e-01,5.000000e-01,5.000000e-01,5.000000e-01,5.000000e-01,5.000000e-01,5.000000e-01,5.000000e-01,5.000000e-01,0.000000e+00,0.000000e+00,0.000000e+00,0.000000e+00,0.000000e+00,0.000000e+00,0.000000e+00,0.000000e+00,0.000000e+00,0.000000e+00,2.789489e-04,2.979618e-01,0.000000e+00,0.000000e+00,0.000000e+00,0.000000e+00,0.000000e+00,0.000000e+00,0.000000e+00,0.000000e+00,0.000000e+00,0.000000e+00,0.000000e+00,0.000000e+00,0.000000e+00,0.000000e+00,0.000000e+00,0.000000e+00
7.570000e+01,10,5.000000e-01,5.000000e-01,5.000000e-01,5.000000e-01,5.000000e-01,5.000000e-01,5.000000e-01,5.000000e-01,5.000000e-01,5.000000e-01,2.316492e-17,5.000000e-01,5.000000e-01,5.000000e-01,5.000000e-01,5.000000e-01,5.000000e-01,5.000000e-01,5.000000e-01,5.000000e-01,5.000000e-01,5.000000e-01,5.000000e-01,5.000000e-01,5.000000e-01,5.000000e-01,5.000000e-01,5.000000e-01,0.000000e+00,0.000000e+00,0.000000e+00,0.000000e+00,0.000000e+00,0.000000e+00,0.000000e+00,0.000000e+00,0.000000e+00,0.000000e+00,3.000000e-01,0.000000e+00,0.000000e+00,0.000000e+00,0.000000e+00,0.000000e+00,0.000000e+00,0.000000e+00,0.000000e+00,0.000000e+00,0.000000e+00,0.000000e+00,0.000000e+00,0.000000e+00,0.000000e+00,0.000000e+00,0.000000e+00,0.000000e+00
7.580000e+01,10,5.000000e-01,5.000000e-01,5.000000e-01,5.000000e-01,5.000000e-01,5.000000e-01,5.000000e-01,5.000000e-01,5.000000e-01,5.000000e-01,5.867099e-49,5.000000e-01,5.000000e-01,5.000000e-01,5.000000e-01,5.000000e-01,5.000000e-01,5.000000e-01,5.000000e-01,5.000000e-01,5.000000e-01,5.000000e-01,5.000000e-01,5.000000e-01,5.000000e-01,5.000000e-01,5.000000e-01,5.000000e-01,0.000000e+00,0.000000e+00,0.000000e+00,0.000000e+00,0.000000e+00,0.000000e+00,0.000000e+00,0.000000e+00,0.000000e+00,0.000000e+00,3.000000e-01,0.000000e+00,0.000000e+00,0.000000e+00,0.000000e+00,0.000000e+00,0.000000e+00,0.000000e+00,0.000000e+00,0.000000e+00,0.000000e+00,0.000000e+00,0.000000e+00,0.000000e+00,0.000000e+00,0.000000e+00,0.000000e+00,0.000000e+00
7.590000e+01,10,5.000000e-01,5.000000e-01,5.000000e-01,5.000000e-01,5.000000e-01,5.000000e-01,5.000000e-01,5.000000e-01,5.000000e-01,5.000000e-01,3.546314e-17,5.000000e-01,5.000000e-01,5.000000e-01,5.000000e-01,5.000000e-01,5.000000e-01,5.000000e-01,5.000000e-01,5.000000e-01,5.000000e-01,5.000000e-01,5.000000e-01,5.000000e-01,5.000000e-01,5.000000e-01,5.000000e-01,5.000000e-01,0.000000e+00,0.000000e+00,0.000000e+00,0.000000e+00,0.000000e+00,0.000000e+00,0.000000e+00,0.000000e+00,0.000000e+00,0.000000e+00,3.000000e-01,0.000000e+00,0.000000e+00,0.000000e+00,0.000000e+00,0.000000e+00,0.000000e+00,0.000000e+00,0.000000e+00,0.000000e+00,0.000000e+00,0.000000e+00,0.000000e+00,0.000000e+00,0.000000e+00,0.000000e+00,0.000000e+00,0.000000e+00
7.600000e+01,10,5.000000e-01,5.000000e-01,5.000000e-01,5.000000e-01,5.000000e-01,5.000000e-01,5.000000e-01,5.000000e-01,5.000000e-01,5.000000e-01,9.790182e-04,5.000000e-01,5.000000e-01,5.000000e-01,5.000000e-01,5.000000e-01,5.000000e-01,5.000000e-01,5.000000e-01,5.000000e-01,5.000000e-01,5.000000e-01,5.000000e-01,5.000000e-01,5.000000e-01,5.000000e-01,5.000000e-01,5.000000e-01,0.000000e+00,0.000000e+00,0.000000e+00,0.000000e+00,0.000000e+00,0.000000e+00,0.000000e+00,0.000000e+00,0.000000e+00,0.000000e+00,1.370279e-01,0.000000e+00,0.000000e+00,0.000000e+00,0.000000e+00,0.000000e+00,0.000000e+00,0.000000e+00,0.000000e+00,0.000000e+00,0.000000e+00,0.000000e+00,0.000000e+00,0.000000e+00,0.000000e+00,0.000000e+00,0.000000e+00,0.000000e+00
7.610000e+01,-1,5.000000e-01,5.000000e-01,5.000000e-01,5.000000e-01,5.000000e-01,5.000000e-01,5.000000e-01,5.000000e-01,5.000000e-01,5.000000e-01,5.000000e-01,5.000000e-01,5.000000e-01,5.000000e-01,5.000000e-01,5.000000e-01,5.000000e-01,5.000000e-01,5.000000e-01,5.000000e-01,5.000000e-01,5.000000e-01,5.000000e-01,5.000000e-01,5.000000e-01,5.000000e-01,5.000000e-01,5.000000e-01,0.000000e+00,0.000000e+00,0.000000e+00,0.000000e+00,0.000000e+00,0.000000e+00,0.000000e+00,0.000000e+00,0.000000e+00,0.000000e+00,0.000000e+00,0.000000e+00,0.000000e+00,0.000000e+00,0.000000e+00,0.000000e+00,0.000000e+00,0.000000e+00,0.000000e+00,0.000000e+00,0.000000e+00,0.000000e+00,0.000000e+00,0.000000e+00,0.000000e+00,0.000000e+00,0.000000e+00,0.000000e+00
7.620000e+01,4,5.000000e-01,5.000000e-01,5.000000e-01,5.000000e-01,1.301013e-02,5.000000e-01,5.000000e-01,5.000000e-01,5.000000e-01,5.000000e-01,5.000000e-01,5.000000e-01,5.000000e-01,5.000000e-01,5.000000e-01,5.000000e-01,5.000000e-01,5.000000e-01,5.000000e-01,5.000000e-01,5.000000e-01,5.000000e-01,5.000000e-01,5.000000e-01,5.000000e-01,5.000000e-01,5.000000e-01,5.000000e-01,0.000000e+00,0.000000e+00,0.000000e+00,0.000000e+00,8.458202e-06,0.000000e+00,0.000000e+00,0.000000e+00,0.000000e+00,0.000000e+00,0.000000e+00,0.000000e+00,0.000000e+00,0.000000e+00,0.000000e+00,0.000000e+00,0.000000e+00,0.000000e+00,0.000000e+00,0.000000e+00,0.000000e+00,0.000000e+00,0.000000e+00,0.000000e+00,0.000000e+00,0.000000e+00,0.000000e+00,0.000000e+00
7.630000e+01,4,5.000000e-01,5.000000e-01,5.000000e-01,5.000000e-01,1.326060e-03,5.000000e-01,5.000000e-01,5.000000e-01,5.000000e-01,5.000000e-01,5.000000e-01,5.000000e-01,5.000000e-01,5.000000e-01,5.000000e-01,5.000000e-01,5.000000e-01,5.000000e-01,5.000000e-01,5.000000e-01,5.000000e-01,5.000000e-01,5.000000e-01,5.000000e-01,5.000000e-01,5.000000e-01,5.000000e-01,5.000000e-01,0.000000e+00,0.000000e+00,0.000000e+00,0.000000e+00,1.037756e-01,0.000000e+00,0.000000e+00,0.000000e+00,0.000000e+00,0.000000e+00,0.000000e+00,0.000000e+00,0.000000e+00,0.000000e+00,0.000000e+00,0.000000e+00,0.000000e+00,0.000000e+00,0.000000e+00,0.000000e+00,0.000000e+00,0.000000e+00,0.000000e+00,0.000000e+00,0.000000e+00,0.000000e+00,0.000000e+00,0.000000e+00
7.640000e+01,4,5.000000e-01,5.000000e-01,5.000000e-01,5.000000e-01,5.117185e-04,5.000000e-01,5.000000e-01,5.000000e-01,5.000000e-01,5.000000e-01,5.000000e-01,5.000000e-01,5.000000e-01,5.000000e-01,5.000000e-01,5.000000e-01,5.000000e-01,5.000000e-01,5.000000e-01,5.000000e-01,5.000000e-01,5.000000e-01,5.000000e-01,5.000000e-01,5.000000e-01,5.000000e-01,5.000000e-01,5.000000e-01,0.000000e+00,0.000000e+00,0.000000e+00,0.000000e+00,1.991987e-01,0.000000e+00,0.000000e+00,0.000000e+00,0.000000e+00,0.000000e+00,0.000000e+00,0.000000e+00,0.000000e+00,0.000000e+00,0.000000e+00,0.000000e+00,0.000000e+00,0.000000e+00,0.000000e+00,0.000000e+00,0.000000e+00,0.000000e+00,0.000000e+00,0.000000e+00,0.000000e+00,0.000000e+00,0.000000e+00,0.000000e+00
7.650000e+01,5,5.000000e-01,5.000000e-01,5.000000e-01,5.000000e-01,3.136538e-02,4.105127e-04,5.000000e-01,5.000000e-01,5.000000e-01,5.000000e-01,5.000000e-01,5.000000e-01,5.000000e-01,5.000000e-01,5.000000e-01,5.000000e-01,5.000000e-01,5.000000e-01,5.000000e-01,5.000000e-01,5.000000e-01,5.000000e-01,5.000000e-01,5.000000e-01,5.000000e-01,5.000000e-01,5.000000e-01,5.000000e-01,0.000000e+00,0.000000e+00,0.000000e+00,0.000000e+00,2.541600e-12,2.160057e-01,0.000000e+00,0.000000e+00,0.000000e+00,0.000000e+00,0.000000e+00,0.000000e+00,0.000000e+00,0.000000e+00,0.000000e+00,0.000000e+00,0.000000e+00,0.000000e+00,0.000000e+00,0.000000e+00,0.000000e+00,0.000000e+00,0.000000e+00,0.000000e+00,0.000000e+00,0.000000e+00,0.000000e+00,0.000000e+00
7.660000e+01,5,5.000000e-01,5.000000e-01,5.000000e-01,5.000000e-01,5.000000e-01,6.961862e-28,5.000000e-01,5.000000e-01,5.000000e-01,5.000000e-01,5.000000e-01,5.000000e-01,5.000000e-01,5.000000e-01,5.000000e-01,5.000000e-01,5.000000e-01,5.000000e-01,5.000000e-01,5.000000e-01,5.000000e-01,5.000000e-01,5.000000e-01,5.000000e-01,5.000000e-01,5.000000e-01,5.000000e-01,5.000000e-01,0.000000e+00,0.000000e+00,0.000000e+00,0.000000e+00,0.000000e+00,3.000000e-01,0.000000e+00,0.000000e+00,0.000000e+00,0.000000e+00,0.000000e+00,0.000000e+00,0.000000e+00,0.000000e+00,0.000000e+00,0.000000e+00,0.000000e+00,0.000000e+00,0.000000e+00,0.000000e+00,0.000000e+00,0.000000e+00,0.000000e+00,0.000000e+00,0.000000e+00,0.000000e+00,0.000000e+00,0.000000e+00
7.670000e+01,5,5.000000e-01,5.000000e-01,5.000000e-01,5.000000e-01,5.000000e-01,7.156315e-49,5.000000e-01,5.000000e-01,5.000000e-01,5.000000e-01,5.000000e-01,5.000000e-01,5.000000e-01,5.000000e-01,5.000000e-01,5.000000e-01,5.000000e-01,5.000000e-01,5.000000e-01,5.000000e-01,5.000000e-01,5.000000e-01,5.000000e-01,5.000000e-01,5.000000e-01,5.000000e-01,5.000000e-01,5.000000e-01,0.000000e+00,0.000000e+00,0.000000e+00,0.000000e+00,0.000000e+00,3.000000e-01,0.000000e+00,0.000000e+00,0.000000e+00,0.000000e+00,0.000000e+00,0.000000e+00,0.000000e+00,0.000000e+00,0.000000e+00,0.000000e+00,0.000000e+00,0.000000e+00,0.000000e+00,0.000000e+00,0.000000e+00,0.000000e+00,0.000000e+00,0.000000e+00,0.000000e+00,0.000000e+00,0.000000e+00,0.000000e+00
7.680000e+01,5,5.000000e-01,5.000000e-01,5.000000e-01,5.000000e-01,5.000000e-01,2.277774e-11,5.000000e-01,5.000000e-01,5.000000e-01,5.000000e-01,5.000000e-01,5.000000e-01,5.000000e-01,5.000000e-01,5.000000e-01,5.000000e-01,5.000000e-01,5.000000e-01,5.000000e-01,5.000000e-01,5.000000e-01,5.000000e-01,5.000000e-01,5.000000e-01,5.000000e-01,5.000000e-01,5.000000e-01,5.000000e-01,0.000000e+00,0.000000e+00,0.000000e+00,0.000000e+00,0.000000e+00,3.000000e-01,0.000000e+00,0.000000e+00,0.000000e+00,0.000000e+00,0.000000e+00,0.000000e+00,0.000000e+00,0.000000e+00,0.000000e+00,0.000000e+00,0.000000e+00,0.000000e+00,0.000000e+00,0.000000e+00,0.000000e+00,0.000000e+00,0.000000e+00,0.000000e+00,0.000000e+00,0.000000e+00,0.000000e+00,0.000000e+00
7.690000e+01,5,5.000000e-01,5.000000e-01,5.000000e-01,5.000000e-01,5.000000e-01,3.572055e-03,5.000000e-01,5.000000e-01,5.000000e-01,5.000000e-01,5.000000e-01,5.000000e-01,5.000000e-01,5.000000e-01,5.000000e-01,5.000000e-01,5.000000e-01,5.000000e-01,5.000000e-01,5.000000e-01,5.000000e-01,5.000000e-01,5.000000e-01,5.000000e-01,5.000000e-01,5.000000e-01,5.000000e-01,5.000000e-01,0.000000e+00,0.000000e+00,0.000000e+00,0.000000e+00,0.000000e+00,1.713328e-02,0.000000e+00,0.000000e+00,0.000000e+00,0.000000e+00,0.000000e+00,0.000000e+00,0.000000e+00,0.000000e+00,0.000000e+00,0.000000e+00,0.000000e+00,0.000000e+00,0.000000e+00,0.000000e+00,0.000000e+00,0.000000e+00,0.000000e+00,0.000000e+00,0.000000e+00,0.000000e+00,0.000000e+00,0.000000e+00
7.700000e+01,5,5.000000e-01,5.000000e-01,5.000000e-01,5.000000e-01,5.000000e-01,4.543662e-03,5.000000e-01,5.000000e-01,5.000000e-01,5.000000e-01,5.000000e-01,5.000000e-01,5.000000e-01,5.000000e-01,5.000000e-01,5.000000e-01,5.000000e-01,5.000000e-01,5.000000e-01,5.000000e-01,5.000000e-01,5.000000e-01,5.000000e-01,5.000000e-01,5.000000e-01,5.000000e-01,5.000000e-01,5.000000e-01,0.000000e+00,0.000000e+00,0.000000e+00,0.000000e+00,0.000000e+00,7.850443e-03,0.000000e+00,0.000000e+00,0.000000e+00,0.000000e+00,0.000000e+00,0.000000e+00,0.000000e+00,0.000000e+00,0.000000e+00,0.000000e+00,0.000000e+00,0.000000e+00,0.000000e+00,0.000000e+00,0.000000e+00,0.000000e+00,0.000000e+00,0.000000e+00,0.000000e+00,0.000000e+00,0.000000e+00,0.000000e+00
7.710000e+01,4,5.000000e-01,5.000000e-01,5.000000e-01,5.000000e-01,5.175462e-04,2.547384e-02,5.000000e-01,5.000000e-01,5.000000e-01,5.000000e-01,5.000000e-01,5.000000e-01,5.000000e-01,5.000000e-01,5.000000e-01,5.000000e-01,5.000000e-01,5.000000e-01,5.000000e-01,5.000000e-01,5.000000e-01,5.000000e-01,5.000000e-01,5.000000e-01,5.000000e-01,5.000000e-01,5.000000e-01,5.000000e-01,0.000000e+00,0.000000e+00,0.000000e+00,0.000000e+00,1.982717e-01,3.250293e-10,0.000000e+00,0.000000e+00,0.000000e+00,0.000000e+00,0.000000e+00,0.000000e+00,0.000000e+00,0.000000e+00,0.000000e+00,0.000000e+00,0.000000e+00,0.000000e+00,0.000000e+00,0.000000e+00,0.000000e+00,0.000000e+00,0.000000e+00,0.000000e+00,0.000000e+00,0.000000e+00,0.000000e+00,0.000000e+00
7.720000e+01,4,5.000000e-01,5.000000e-01,5.000000e-01,5.000000e-01,4.042917e-17,5.000000e-01,5.000000e-01,5.000000e-01,5.000000e-01,5.000000e-01,5.000000e-01,5.000000e-01,5.000000e-01,5.000000e-01,5.000000e-01,5.000000e-01,5.000000e-01,5.000000e-01,5.000000e-01,5.000000e-01,5.000000e-01,5.000000e-01,5.000000e-01,5.000000e-01,5.000000e-01,5.000000e-01,5.000000e-01,5.000000e-01,0.000000e+00,0.000000e+00,0.000000e+00,0.000000e+00,3.000000e-01,0.000000e+00,0.000000e+00,0.000000e+00,0.000000e+00,0.000000e+00,0.000000e+00,0.000000e+00,0.000000e+00,0.000000e+00,0.000000e+00,0.000000e+00,0.000000e+00,0.000000e+00,0.000000e+00,0.000000e+00,0.000000e+00,0.000000e+00,0.000000e+00,0.000000e+00,0.000000e+00,0.000000e+00,0.000000e+00,0.000000e+00
7.730000e+01,4,5.000000e-01,5.000000e-01,5.000000e-01,5.000000e-01,9.609418e-43,5.000000e-01,5.000000e-01,5.000000e-01,5.000000e-01,5.000000e-01,5.000000e-01,5.000000e-01,5.000000e-01,5.000000e-01,5.000000e-01,5.000000e-01,5.000000e-01,5.000000e-01,5.000000e-01,5.000000e-01,5.000000e-01,5.000000e-01,5.000000e-01,5.000000e-01,5.000000e-01,5.000000e-01,5.000000e-01,5.000000e-01,0.000000e+00,0.000000e+00,0.000000e+00,0.000000e+00,3.000000e-01,0.000000e+00,0.000000e+00,0.000000e+00,0.000000e+00,0.000000e+00,0.000000e+00,0.000000e+00,0.000000e+00,0.000000e+00,0.000000e+00,0.000000e+00,0.000000e+00,0.000000e+00,0.000000e+00,0.000000e+00,0.000000e+00,0.000000e+00,0.000000e+00,0.000000e+00,0.000000e+00,0.000000e+00,0.000000e+00,0.000000e+00
7.740000e+01,4,5.000000e-01,5.000000e-01,5.000000e-01,5.000000e-01,3.654461e-30,5.000000e-01,5.000000e-01,5.000000e-01,5.000000e-01,5.000000e-01,5.000000e-01,5.000000e-01,5.000000e-01,5.000000e-01,5.000000e-01,5.000000e-01,5.000000e-01,5.000000e-01,5.000000e-01,5.000000e-01,5.000000e-01,5.000000e-01,5.000000e-01,5.000000e-01,5.000000e-01,5.000000e-01,5.000000e-01,5.000000e-01,0.000000e+00,0.000000e+00,0.000000e+00,0.000000e+00,3.000000e-01,0.000000e+00,0.000000e+00,0.000000e+00,0.000000e+00,0.000000e+00,0.000000e+00,0.000000e+00,0.000000e+00,0.000000e+00,0.000000e+00,0.000000e+00,0.000000e+00,0.000000e+00,0.000000e+00,0.000000e+00,0.000000e+00,0.000000e+00,0.000000e+00,0.000000e+00,0.000000e+00,0.000000e+00,0.000000e+00,0.000000e+00
7.750000e+01,4,5.000000e-01,5.000000e-01,5.000000e-01,5.000000e-01,8.009846e-17,5.000000e-01,5.000000e-01,5.000000e-01,5.000000e-01,5.000000e-01,5.000000e-01,5.000000e-01,5.000000e-01,5.000000e-01,5.000000e-01,5.000000e-01,5.000000e-01,5.000000e-01,5.000000e-01,5.000000e-01,5.000000e-01,5.000000e-01,5.000000e-01,5.000000e-01,5.000000e-01,5.000000e-01,5.000000e-01,5.000000e-01,0.000000e+00,0.000000e+00,0.000000e+00,0.000000e+00,3.000000e-01,0.000000e+00,0.000000e+00,0.000000e+00,0.000000e+00,0.000000e+00,0.000000e+00,0.000000e+00,0.000000e+00,0.000000e+00,0.000000e+00,0.000000e+00,0.000000e+00,0.000000e+00,0.000000e+00,0.000000e+00,0.000000e+00,0.000000e+00,0.000000e+00,0.000000e+00,0.000000e+00,0.000000e+00,0.000000e+00,0.000000e+00
7.760000e+01,4,5.000000e-01,5.000000e-01,5.000000e-01,5.000000e-01,3.078654e-05,5.000000e-01,5.000000e-01,5.000000e-01,5.000000e-01,5.000000e-01,5.000000e-01,5.000000e-01,5.000000e-01,5.000000e-01,5.000000e-01,5.000000e-01,5.000000e-01,5.000000e-01,5.000000e-01,5.000000e-01,5.000000e-01,5.000000e-01,5.000000e-01,5.000000e-01,5.000000e-01,5.000000e-01,5.000000e-01,5.000000e-01,0.000000e+00,0.000000e+00,0.000000e+00,0.000000e+00,2.927014e-01,0.000000e+00,0.000000e+00,0.000000e+00,0.000000e+00,0.000000e+00,0.000000e+00,0.000000e+00,0.000000e+00,0.000000e+00,0.000000e+00,0.000000e+00,0.000000e+00,0.000000e+00,0.000000e+00,0.000000e+00,0.000000e+00,0.000000e+00,0.000000e+00,0.000000e+00,0.000000e+00,0.000000e+00,0.000000e+00,0.000000e+00
7.770000e+01,11,5.000000e-01,5.000000e-01,5.000000e-01,5.000000e-01,5.000000e-01,5.000000e-01,5.000000e-01,5.000000e-01,5.000000e-01,5.000000e-01,5.000000e-01,2.616923e-02,5.000000e-01,5.000000e-01,5.000000e-01,5.000000e-01,5.000000e-01,5.000000e-01,5.000000e-01,5.000000e-01,5.000000e-01,5.000000e-01,5.000000e-01,5.000000e-01,5.000000e-01,5.000000e-01,5.000000e-01,5.000000e-01,0.000000e+00,0.000000e+00,0.000000e+00,0.000000e+00,0.000000e+00,0.000000e+00,0.000000e+00,0.000000e+00,0.000000e+00,0.000000e+00,0.000000e+00,1.836174e-10,0.000000e+00,0.000000e+00,0.000000e+00,0.000000e+00,0.000000e+00,0.000000e+00,0.000000e+00,0.000000e+00,0.000000e+00,0.000000e+00,0.000000e+00,0.000000e+00,0.000000e+00,0.000000e+00,0.000000e+00,0.000000e+00
7.780000e+01,11,5.000000e-01,5.000000e-01,5.000000e-01,5.000000e-01,5.000000e-01,5.000000e-01,5.000000e-01,5.000000e-01,5.000000e-01,5.000000e-01,2.448643e-02,6.140498e-05,5.000000e-01,5.000000e-01,5.000000e-01,5.000000e-01,5.000000e-01,5.000000e-01,5.000000e-01,5.000000e-01,5.000000e-01,5.000000e-01,5.000000e-01,5.000000e-01,5.000000e-01,5.000000e-01,5.000000e-01,5.000000e-01,0.000000e+00,0.000000e+00,0.000000e+00,0.000000e+00,0.000000e+00,0.000000e+00,0.000000e+00,0.000000e+00,0.000000e+00,0.000000e+00,7.307546e-10,2.856185e-01,0.000000e+00,0.000000e+00,0.000000e+00,0.000000e+00,0.000000e+00,0.000000e+00,0.000000e+00,0.000000e+00,0.000000e+00,0.000000e+00,0.000000e+00,0.000000e+00,0.000000e+00,0.000000e+00,0.000000e+00,0.000000e+00
7.790000e+01,-1,5.000000e-01,5.000000e-01,5.000000e-01,5.000000e-01,5.000000e-01,5.000000e-01,5.000000e-01,5.000000e-01,5.000000e-01,5.000000e-01,5.000000e-01,5.000000e-01,5.000000e-01,5.000000e-01,5.000000e-01,5.000000e-01,5.000000e-01,5.000000e-01,5.000000e-01,5.000000e-01,5.000000e-01,5.000000e-01,5.000000e-01,5.000000e-01,5.000000e-01,5.000000e-01,5.000000e-01,5.000000e-01,0.000000e+00,0.000000e+00,0.000000e+00,0.000000e+00,0.000000e+00,0.000000e+00,0.000000e+00,0.000000e+00,0.000000e+00,0.000000e+00,0.000000e+00,0.000000e+00,0.000000e+00,0.000000e+00,0.000000e+00,0.000000e+00,0.000000e+00,0.000000e+00,0.000000e+00,0.000000e+00,0.000000e+00,0.000000e+00,0.000000e+00,0.000000e+00,0.000000e+00,0.000000e+00,0.000000e+00,0.000000e+00
7.800000e+01,3,5.000000e-01,5.000000e-01,5.000000e-01,1.732874e-02,5.000000e-01,5.000000e-01,5.000000e-01,5.000000e-01,5.000000e-01,5.000000e-01,5.000000e-01,5.000000e-01,5.000000e-01,5.000000e-01,5.000000e-01,5.000000e-01,5.000000e-01,5.000000e-01,5.000000e-01,5.000000e-01,5.000000e-01,5.000000e-01,5.000000e-01,5.000000e-01,5.000000e-01,5.000000e-01,5.000000e-01,5.000000e-01,0.000000e+00,0.000000e+00,0.000000e+00,2.533515e-07,0.000000e+00,0.000000e+00,0.000000e+00,0.000000e+00,0.000000e+00,0.000000e+00,0.000000e+00,0.000000e+00,0.000000e+00,0.000000e+00,0.000000e+00,0.000000e+00,0.000000e+00,0.000000e+00,0.000000e+00,0.000000e+00,0.000000e+00,0.000000e+00,0.000000e+00,0.000000e+00,0.000000e+00,0.000000e+00,0.000000e+00,0.000000e+00
7.810000e+01,3,5.000000e-01,5.000000e-01,5.000000e-01,4.009324e-05,4.506860e-03,5.000000e-01,5.000000e-01,5.000000e-01,5.000000e-01,5.000000e-01,5.000000e-01,5.000000e-01,5.000000e-01,5.000000e-01,5.000000e-01,5.000000e-01,5.000000e-01,5.000000e-01,5.000000e-01,5.000000e-01,5.000000e-01,5.000000e-01,5.000000e-01,5.000000e-01,5.000000e-01,5.000000e-01,5.000000e-01,5.000000e-01,0.000000e+00,0.000000e+00,0.000000e+00,2.905301e-01,8.086090e-03,0.000000e+00,0.000000e+00,0.000000e+00,0.000000e+00,0.000000e+00,0.000000e+00,0.000000e+00,0.000000e+00,0.000000e+00,0.000000e+00,0.000000e+00,0.000000e+00,0.000000e+00,0.000000e+00,0.000000e+00,0.000000e+00,0.000000e+00,0.000000e+00,0.000000e+00,0.000000e+00,0.000000e+00,0.000000e+00,0.000000e+00
7.820000e+01,3,5.000000e-01,5.000000e-01,5.000000e-01,2.045092e-05,2.794913e-04,5.000000e-01,5.000000e-01,5.000000e-01,5.000000e-01,5.000000e-01,5.000000e-01,5.000000e-01,5.000000e-01,5.000000e-01,5.000000e-01,5.000000e-01,5.000000e-01,5.000000e-01,5.000000e-01,5.000000e-01,5.000000e-01,5.000000e-01,5.000000e-01,5.000000e-01,5.000000e-01,5.000000e-01,5.000000e-01,5.000000e-01,0.000000e+00,0.000000e+00,0.000000e+00,2.951317e-01,2.398846e-01,0.000000e+00,0.000000e+00,0.000000e+00,0.000000e+00,0.000000e+00,0.000000e+00,0.000000e+00,0.000000e+00,0.000000e+00,0.000000e+00,0.000000e+00,0.000000e+00,0.000000e+00,0.000000e+00,0.000000e+00,0.000000e+00,0.000000e+00,0.000000e+00,0.000000e+00,0.000000e+00,0.000000e+00,0.000000e+00,0.000000e+00
7.830000e+01,3,5.000000e-01,5.000000e-01,5.000000e-01,3.114867e-13,5.000000e-01,5.000000e-01,5.000000e-01,5.000000e-01,5.000000e-01,5.000000e-01,5.000000e-01,5.000000e-01,5.000000e-01,5.000000e-01,5.000000e-01,5.000000e-01,5.000000e-01,5.000000e-01,5.000000e-01,5.000000e-01,5.000000e-01,5.000000e-01,5.000000e-01,5.000000e-01,5.000000e-01,5.000000e-01,5.000000e-01,5.000000e-01,0.000000e+00,0.000000e+00,0.000000e+00,3.000000e-01,0.000000e+00,0.000000e+00,0.000000e+00,0.000000e+00,0.000000e+00,0.000000e+00,0.000000e+00,0.000000e+00,0.000000e+00,0.000000e+00,0.000000e+00,0.000000e+00,0.000000e+00,0.000000e+00,0.000000e+00,0.000000e+00,0.000000e+00,0.000000e+00,0.000000e+00,0.000000e+00,0.000000e+00,0.000000e+00,0.000000e+00,0.000000e+00
7.840000e+01,3,5.000000e-01,5.000000e-01,5.000000e-01,1.343083e-11,5.000000e-01,5.000000e-01,5.000000e-01,5.000000e-01,5.000000e-01,5.000000e-01,5.000000e-01,5.000000e-01,5.000000e-01,5.000000e-01,5.000000e-01,5.000000e-01,5.000000e-01,5.000000e-01,5.000000e-01,5.000000e-01,5.000000e-01,5.000000e-01,5.000000e-01,5.000000e-01,5.000000e-01,5.000000e-01,5.000000e-01,5.000000e-01,0.000000e+00,0.000000e+00,0.000000e+00,3.000000e-01,0.000000e+00,0.000000e+00,0.000000e+00,0.000000e+00,0.000000e+00,0.000000e+00,0.000000e+00,0.000000e+00,0.000000e+00,0.000000e+00,0.000000e+00,0.000000e+00,0.000000e+00,0.000000e+00,0.000000e+00,0.000000e+00,0.000000e+00,0.000000e+00,0.000000e+00,0.000000e+00,0.000000e+00,0.000000e+00,0.000000e+00,0.000000e+00
7.850000e+01,3,5.000000e-01,5.000000e-01,5.000000e-01,2.672539e-09,5.000000e-01,5.000000e-01,5.000000e-01,5.000000e-01,5.000000e-01,5.000000e-01,5.000000e-01,5.000000e-01,5.000000e-01,5.000000e-01,5.000000e-01,5.000000e-01,5.000000e-01,5.000000e-01,5.000000e-01,5.000000e-01,5.000000e-01,5.000000e-01,5.000000e-01,5.000000e-01,5.000000e-01,5.000000e-01,5.000000e-01,5.000000e-01,0.000000e+00,0.000000e+00,0.000000e+00,2.999994e-01,0.000000e+00,0.000000e+00,0.000000e+00,0.000000e+00,0.000000e+00,0.000000e+00,0.000000e+00,0.000000e+00,0.000000e+00,0.000000e+00,0.000000e+00,0.000000e+00,0.000000e+00,0.000000e+00,0.000000e+00,0.000000e+00,0.000000e+00,0.000000e+00,0.000000e+00,0.000000e+00,0.000000e+00,0.000000e+00,0.000000e+00,0.000000e+00
7.860000e+01,2,5.000000e-01,5.000000e-01,1.812936e-03,3.708178e-03,5.000000e-01,5.000000e-01,5.000000e-01,5.000000e-01,5.000000e-01,5.000000e-01,5.000000e-01,5.000000e-01,5.000000e-01,5.000000e-01,5.000000e-01,5.000000e-01,5.000000e-01,5.000000e-01,5.000000e-01,5.000000e-01,5.000000e-01,5.000000e-01,5.000000e-01,5.000000e-01,5.000000e-01,5.000000e-01,5.000000e-01,5.000000e-01,0.000000e+00,0.000000e+00,7.025398e-02,1.535938e-02,0.000000e+00,0.000000e+00,0.000000e+00,0.000000e+00,0.000000e+00,0.000000e+00,0.000000e+00,0.000000e+00,0.000000e+00,0.000000e+00,0.000000e+00,0.000000e+00,0.000000e+00,0.000000e+00,0.000000e+00,0.000000e+00,0.000000e+00,0.000000e+00,0.000000e+00,0.000000e+00,0.000000e+00,0.000000e+00,0.000000e+00,0.000000e+00
7.870000e+01,2,5.000000e-01,5.000000e-01,3.440404e-24,5.000000e-01,5.000000e-01,5.000000e-01,5.000000e-01,5.000000e-01,5.000000e-01,5.000000e-01,5.000000e-01,5.000000e-01,5.000000e-01,5.000000e-01,5.000000e-01,5.000000e-01,5.000000e-01,5.000000e-01,5.000000e-01,5.000000e-01,5.000000e-01,5.000000e-01,5.000000e-01,5.000000e-01,5.000000e-01,5.000000e-01,5.000000e-01,5.000000e-01,0.000000e+00,0.000000e+00,3.000000e-01,0.000000e+00,0.000000e+00,0.000000e+00,0.000000e+00,0.000000e+00,0.000000e+00,0.000000e+00,0.000000e+00,0.000000e+00,0.000000e+00,0.000000e+00,0.000000e+00,0.000000e+00,0.000000e+00,0.000000e+00,0.000000e+00,0.000000e+00,0.000000e+00,0.000000e+00,0.000000e+00,0.000000e+00,0.000000e+00,0.000000e+00,0.000000e+00,0.000000e+00
7.880000e+01,2,5.000000e-01,5.000000e-01,1.325117e-34,5.000000e-01,5.000000e-01,5.000000e-01,5.000000e-01,5.000000e-01,5.000000e-01,5.000000e-01,5.000000e-01,5.000000e-01,5.000000e-01,5.000000e-01,5.000000e-01,5.000000e-01,5.000000e-01,5.000000e-01,5.000000e-01,5.000000e-01,5.000000e-01,5.000000e-01,5.000000e-01,5.000000e-01,5.000000e-01,5.000000e-01,5.000000e-01,5.000000e-01,0.000000e+00,0.000000e+00,3.000000e-01,0.000000e+00,0.000000e+00,0.000000e+00,0.000000e+00,0.000000e+00,0.000000e+00,0.000000e+00,0.000000e+00,0.000000e+00,0.000000e+00,0.000000e+00,0.000000e+00,0.000000e+00,0.000000e+00,0.000000e+00,0.000000e+00,0.000000e+00,0.000000e+00,0.000000e+00,0.000000e+00,0.000000e+00,0.000000e+00,0.000000e+00,0.000000e+00,0.000000e+00
7.890000e+01,2,5.000000e-01,5.000000e-01,6.387304e-06,5.000000e-01,5.000000e-01,5.000000e-01,5.000000e-01,5.000000e-01,5.000000e-01,5.000000e-01,5.000000e-01,5.000000e-01,5.000000e-01,5.000000e-01,5.000000e-01,5.000000e-01,5.000000e-01,5.000000e-01,5.000000e-01,5.000000e-01,5.000000e-01,5.000000e-01,5.000000e-01,5.000000e-01,5.000000e-01,5.000000e-01,5.000000e-01,5.000000e-01,0.000000e+00,0.000000e+00,2.984710e-01,0.000000e+00,0.000000e+00,0.000000e+00,0.000000e+00,0.000000e+00,0.000000e+00,0.000000e+00,0.000000e+00,0.000000e+00,0.000000e+00,0.000000e+00,0.000000e+00,0.000000e+00,0.000000e+00,0.000000e+00,0.000000e+00,0.000000e+00,0.000000e+00,0.000000e+00,0.000000e+00,0.000000e+00,0.000000e+00,0.000000e+00,0.000000e+00,0.000000e+00
7.900000e+01,3,5.000000e-01,5.000000e-01,5.000000e-01,1.581005e-03,5.000000e-01,5.000000e-01,5.000000e-01,5.000000e-01,5.000000e-01,5.000000e-01,5.000000e-01,5.000000e-01,5.000000e-01,5.000000e-01,5.000000e-01,5.000000e-01,5.000000e-01,5.000000e-01,5.000000e-01,5.000000e-01,5.000000e-01,5.000000e-01,5.000000e-01,5.000000e-01,5.000000e-01,5.000000e-01,5.000000e-01,5.000000e-01,0.000000e+00,0.000000e+00,0.000000e+00,8.460367e-02,0.000000e+00,0.000000e+00,0.000000e+00,0.000000e+00,0.000000e+00,0.000000e+00,0.000000e+00,0.000000e+00,0.000000e+00,0.000000e+00,0.000000e+00,0.000000e+00,0.000000e+00,0.000000e+00,0.000000e+00,0.000000e+00,0.000000e+00,0.000000e+00,0.000000e+00,0.000000e+00,0.000000e+00,0.000000e+00,0.000000e+00,0.000000e+00
7.910000e+01,3,5.000000e-01,5.000000e-01,5.000000e-01,1.129845e-14,5.000000e-01,5.000000e-01,5.000000e-01,5.000000e-01,5.000000e-01,5.000000e-01,5.000000e-01,5.000000e-01,5.000000e-01,5.000000e-01,5.000000e-01,5.000000e-01,5.000000e-01,5.000000e-01,5.000000e-01,5.000000e-01,5.000000e-01,5.000000e-01,5.000000e-01,5.000000e-01,5.000000e-01,5.000000e-01,5.000000e-01,5.000000e-01,0.000000e+00,0.000000e+00,0.000000e+00,3.000000e-01,0.000000e+00,0.000000e+00,0.000000e+00,0.000000e+00,0.000000e+00,0.000000e+00,0.000000e+00,0.000000e+00,0.000000e+00,0.000000e+00,0.000000e+00,0.000000e+00,0.000000e+00,0.000000e+00,0.000000e+00,0.000000e+00,0.000000e+00,0.000000e+00,0.000000e+00,0.000000e+00,0.000000e+00,0.000000e+00,0.000000e+00,0.000000e+00
7.920000e+01,3,5.000000e-01,5.000000e-01,5.000000e-01,9.125431e-51,5.000000e-01,5.000000e-01,5.000000e-01,5.000000e-01,5.000000e-01,5.000000e-01,5.000000e-01,5.000000e-01,5.000000e-01,5.000000e-01,5.000000e-01,5.000000e-01,5.000000e-01,5.000000e-01,5.000000e-01,5.000000e-01,5.000000e-01,5.000000e-01,5.000000e-01,5.000000e-01,5.000000e-01,5.000000e-01,5.000000e-01,5.000000e-01,0.000000e+00,0.000000e+00,0.000000e+00,3.000000e-01,0.000000e+00,0.000000e+00,0.000000e+00,0.000000e+00,0.000000e+00,0.000000e+00,0.000000e+00,0.000000e+00,0.000000e+00,0.000000e+00,0.000000e+00,0.000000e+00,0.000000e+00,0.000000e+00,0.000000e+00,0.000000e+00,0.000000e+00,0.000000e+00,0.000000e+00,0.000000e+00,0.000000e+00,0.000000e+00,0.000000e+00,0.000000e+00
7.930000e+01,3,5.000000e-01,5.000000e-01,5.000000e-01,1.663929e-29,5.000000e-01,5.000000e-01,5.000000e-01,5.000000e-01,5.000000e-01,5.000000e-01,5.000000e-01,5.000000e-01,5.000000e-01,5.000000e-01,5.000000e-01,5.000000e-01,5.000000e-01,5.000000e-01,5.000000e-01,5.000000e-01,5.000000e-01,5.000000e-01,5.000000e-01,5.000000e-01,5.000000e-01,5.000000e-01,5.000000e-01,5.000000e-01,0.000000e+00,0.000000e+00,0.000000e+00,3.000000e-01,0.000000e+00,0.000000e+00,0.000000e+00,0.000000e+00,0.000000e+00,0.000000e+00,0.000000e+00,0.000000e+00,0.000000e+00,0.000000e+00,0.000000e+00,0.000000e+00,0.000000e+00,0.000000e+00,0.000000e+00,0.000000e+00,0.000000e+00,0.000000e+00,0.000000e+00,0.000000e+00,0.000000e+00,0.000000e+00,0.000000e+00,0.000000e+00
7.940000e+01,3,5.000000e-01,5.000000e-01,5.000000e-01,4.445231e-05,5.000000e-01,5.000000e-01,5.000000e-01,5.000000e-01,5.000000e-01,5.000000e-01,5.000000e-01,5.000000e-01,5.000000e-01,5.000000e-01,5.000000e-01,5.000000e-01,5.000000e-01,5.000000e-01,5.000000e-01,5.000000e-01,5.000000e-01,5.000000e-01,5.000000e-01,5.000000e-01,5.000000e-01,5.000000e-01,5.000000e-01,5.000000e-01,0.000000e+00,0.000000e+00,0.000000e+00,2.895187e-01,0.000000e+00,0.000000e+00,0.000000e+00,0.000000e+00,0.000000e+00,0.000000e+00,0.000000e+00,0.000000e+00,0.000000e+00,0.000000e+00,0.000000e+00,0.000000e+00,0.000000e+00,0.000000e+00,0.000000e+00,0.000000e+00,0.000000e+00,0.000000e+00,0.000000e+00,0.000000e+00,0.000000e+00,0.000000e+00,0.000000e+00,0.000000e+00
7.950000e+01,-1,5.000000e-01,5.000000e-01,5.000000e-01,5.000000e-01,5.000000e-01,5.000000e-01,5.000000e-01,5.000000e-01,5.000000e-01,5.000000e-01,5.000000e-01,5.000000e-01,5.000000e-01,5.000000e-01,5.000000e-01,5.000000e-01,5.000000e-01,5.000000e-01,5.000000e-01,5.000000e-01,5.000000e-01,5.000000e-01,5.000000e-01,5.000000e-01,5.000000e-01,5.000000e-01,5.000000e-01,5.000000e-01,0.000000e+00,0.000000e+00,0.000000e+00,0.000000e+00,0.000000e+00,0.000000e+00,0.000000e+00,0.000000e+00,0.000000e+00,0.000000e+00,0.000000e+00,0.000000e+00,0.000000e+00,0.000000e+00,0.000000e+00,0.000000e+00,0.000000e+00,0.000000e+00,0.000000e+00,0.000000e+00,0.000000e+00,0.000000e+00,0.000000e+00,0.000000e+00,0.000000e+00,0.000000e+00,0.000000e+00,0.000000e+00
7.960000e+01,-1,5.000000e-01,5.000000e-01,5.000000e-01,5.000000e-01,5.000000e-01,5.000000e-01,5.000000e-01,5.000000e-01,5.000000e-01,5.000000e-01,5.000000e-01,5.000000e-01,5.000000e-01,5.000000e-01,5.000000e-01,5.000000e-01,5.000000e-01,5.000000e-01,5.000000e-01,5.000000e-01,5.000000e-01,5.000000e-01,5.000000e-01,5.000000e-01,5.000000e-01,5.000000e-01,5.000000e-01,5.000000e-01,0.000000e+00,0.000000e+00,0.000000e+00,0.000000e+00,0.000000e+00,0.000000e+00,0.000000e+00,0.000000e+00,0.000000e+00,0.000000e+00,0.000000e+00,0.000000e+00,0.000000e+00,0.000000e+00,0.000000e+00,0.000000e+00,0.000000e+00,0.000000e+00,0.000000e+00,0.000000e+00,0.000000e+00,0.000000e+00,0.000000e+00,0.000000e+00,0.000000e+00,0.000000e+00,0.000000e+00,0.000000e+00
7.970000e+01,4,5.000000e-01,5.000000e-01,5.000000e-01,5.000000e-01,2.930821e-03,5.000000e-01,5.000000e-01,5.000000e-01,5.000000e-01,5.000000e-01,5.000000e-01,5.000000e-01,5.000000e-01,5.000000e-01,5.000000e-01,5.000000e-01,5.000000e-01,5.000000e-01,5.000000e-01,5.000000e-01,5.000000e-01,5.000000e-01,5.000000e-01,5.000000e-01,5.000000e-01,5.000000e-01,5.000000e-01,5.000000e-01,0.000000e+00,0.000000e+00,0.000000e+00,0.000000e+00,2.866517e-02,0.000000e+00,0.000000e+00,0.000000e+00,0.000000e+00,0.000000e+00,0.000000e+00,0.000000e+00,0.000000e+00,0.000000e+00,0.000000e+00,0.000000e+00,0.000000e+00,0.000000e+00,0.000000e+00,0.000000e+00,0.000000e+00,0.000000e+00,0.000000e+00,0.000000e+00,0.000000e+00,0.000000e+00,0.000000e+00,0.000000e+00
7.980000e+01,4,5.000000e-01,5.000000e-01,5.000000e-01,5.000000e-01,1.157759e-09,5.000000e-01,5.000000e-01,5.000000e-01,5.000000e-01,5.000000e-01,5.000000e-01,5.000000e-01,5.000000e-01,5.000000e-01,5.000000e-01,5.000000e-01,5.000000e-01,5.000000e-01,5.000000e-01,5.000000e-01,5.000000e-01,5.000000e-01,5.000000e-01,5.000000e-01,5.000000e-01,5.000000e-01,5.000000e-01,5.000000e-01,0.000000e+00,0.000000e+00,0.000000e+00,0.000000e+00,2.999997e-01,0.000000e+00,0.000000e+00,0.000000e+00,0.000000e+00,0.000000e+00,0.000000e+00,0.000000e+00,0.000000e+00,0.000000e+00,0.000000e+00,0.000000e+00,0.000000e+00,0.000000e+00,0.000000e+00,0.000000e+00,0.000000e+00,0.000000e+00,0.000000e+00,0.000000e+00,0.000000e+00,0.000000e+00,0.000000e+00,0.000000e+00
7.990000e+01,4,5.000000e-01,5.000000e-01,5.000000e-01,5.000000e-01,8.585498e-17,5.000000e-01,5.000000e-01,5.000000e-01,5.000000e-01,5.000000e-01,5.000000e-01,5.000000e-01,5.000000e-01,5.000000e-01,5.000000e-01,5.000000e-01,5.000000e-01,5.000000e-01,5.000000e-01,5.000000e-01,5.000000e-01,5.000000e-01,5.000000e-01,5.000000e-01,5.000000e-01,5.000000e-01,5.000000e-01,5.000000e-01,0.000000e+00,0.000000e+00,0.000000e+00,0.000000e+00,3.000000e-01,0.000000e+00,0.000000e+00,0.000000e+00,0.000000e+00,0.000000e+00,0.000000e+00,0.000000e+00,0.000000e+00,0.000000e+00,0.000000e+00,0.000000e+00,0.000000e+00,0.000000e+00,0.000000e+00,0.000000e+00,0.000000e+00,0.000000e+00,0.000000e+00,0.000000e+00,0.000000e+00,0.000000e+00,0.000000e+00,0.000000e+00
8.000000e+01,4,5.000000e-01,5.000000e-01,5.000000e-01,5.000000e-01,3.061199e-52,5.000000e-01,5.000000e-01,5.000000e-01,5.000000e-01,5.000000e-01,5.000000e-01,5.000000e-01,5.000000e-01,5.000000e-01,5.000000e-01,5.000000e-01,5.000000e-01,5.000000e-01,5.000000e-01,5.000000e-01,5.000000e-01,5.000000e-01,5.000000e-01,5.000000e-01,5.000000e-01,5.000000e-01,5.000000e-01,5.000000e-01,0.000000e+00,0.000000e+00,0.000000e+00,0.000000e+00,3.000000e-01,0.000000e+00,0.000000e+00,0.000000e+00,0.000000e+00,0.000000e+00,0.000000e+00,0.000000e+00,0.000000e+00,0.000000e+00,0.000000e+00,0.000000e+00,0.000000e+00,0.000000e+00,0.000000e+00,0.000000e+00,0.000000e+00,0.000000e+00,0.000000e+00,0.000000e+00,0.000000e+00,0.000000e+00,0.000000e+00,0.000000e+00
8.010000e+01,4,5.000000e-01,5.000000e-01,5.000000e-01,5.000000e-01,8.430553e-45,5.000000e-01,5.000000e-01,5.000000e-01,5.000000e-01,5.000000e-01,5.000000e-01,5.000000e-01,5.000000e-01,5.000000e-01,5.000000e-01,5.000000e-01,5.000000e-01,5.000000e-01,5.000000e-01,5.000000e-01,5.000000e-01,5.000000e-01,5.000000e-01,5.000000e-01,5.000000e-01,5.000000e-01,5.000000e-01,5.000000e-01,0.000000e+00,0.000000e+00,0.000000e+00,0.000000e+00,3.000000e-01,0.000000e+00,0.000000e+00,0.000000e+00,0.000000e+00,0.000000e+00,0.000000e+00,0.000000e+00,0.000000e+00,0.000000e+00,0.000000e+00,0.000000e+00,0.000000e+00,0.000000e+00,0.000000e+00,0.000000e+00,0.000000e+00,0.000000e+00,0.000000e+00,0.000000e+00,0.000000e+00,0.000000e+00,0.000000e+00,0.000000e+00
8.020000e+01,4,5.000000e-01,5.000000e-01,5.000000e-01,5.000000e-01,1.647898e-19,5.000000e-01,5.000000e-01,5.000000e-01,5.000000e-01,5.000000e-01,5.000000e-01,5.000000e-01,5.000000e-01,5.000000e-01,5.000000e-01,5.000000e-01,5.000000e-01,5.000000e-01,5.000000e-01,5.000000e-01,5.000000e-01,5.000000e-01,5.000000e-01,5.000000e-01,5.000000e-01,5.000000e-01,5.000000e-01,5.000000e-01,0.000000e+00,0.000000e+00,0.000000e+00,0.000000e+00,3.000000e-01,0.000000e+00,0.000000e+00,0.000000e+00,0.000000e+00,0.000000e+00,0.000000e+00,0.000000e+00,0.000000e+00,0.000000e+00,0.000000e+00,0.000000e+00,0.000000e+00,0.000000e+00,0.000000e+00,0.000000e+00,0.000000e+00,0.000000e+00,0.000000e+00,0.000000e+00,0.000000e+00,0.000000e+00,0.000000e+00,0.000000e+00
8.030000e+01,4,5.000000e-01,5.000000e-01,5.000000e-01,5.000000e-01,4.945422e-19,5.000000e-01,5.000000e-01,5.000000e-01,5.000000e-01,5.000000e-01,5.000000e-01,5.000000e-01,5.000000e-01,5.000000e-01,5.000000e-01,5.000000e-01,5.000000e-01,5.000000e-01,5.000000e-01,5.000000e-01,5.000000e-01,5.000000e-01,5.000000e-01,5.000000e-01,5.000000e-01,5.000000e-01,5.000000e-01,5.000000e-01,0.000000e+00,0.000000e+00,0.000000e+00,0.000000e+00,3.000000e-01,0.000000e+00,0.000000e+00,0.000000e+00,0.000000e+00,0.000000e+00,0.000000e+00,0.000000e+00,0.000000e+00,0.000000e+00,0.000000e+00,0.000000e+00,0.000000e+00,0.000000e+00,0.000000e+00,0.000000e+00,0.000000e+00,0.000000e+00,0.000000e+00,0.000000e+00,0.000000e+00,0.000000e+00,0.000000e+00,0.000000e+00
8.040000e+01,4,5.000000e-01,5.000000e-01,5.000000e-01,5.000000e-01,5.748071e-41,5.000000e-01,5.000000e-01,5.000000e-01,5.000000e-01,5.000000e-01,5.000000e-01,5.000000e-01,5.000000e-01,5.000000e-01,5.000000e-01,5.000000e-01,5.000000e-01,5.000000e-01,5.000000e-01,5.000000e-01,5.000000e-01,5.000000e-01,5.000000e-01,5.000000e-01,5.000000e-01,5.000000e-01,5.000000e-01,5.000000e-01,0.000000e+00,0.000000e+00,0.000000e+00,0.000000e+00,3.000000e-01,0.000000e+00,0.000000e+00,0.000000e+00,0.000000e+00,0.000000e+00,0.000000e+00,0.000000e+00,0.000000e+00,0.000000e+00,0.000000e+00,0.000000e+00,0.000000e+00,0.000000e+00,0.000000e+00,0.000000e+00,0.000000e+00,0.000000e+00,0.000000e+00,0.000000e+00,0.000000e+00,0.000000e+00,0.000000e+00,0.000000e+00
8.050000e+01,4,5.000000e-01,5.000000e-01,5.000000e-01,5.000000e-01,3.775227e-50,5.000000e-01,5.000000e-01,5.000000e-01,5.000000e-01,5.000000e-01,5.000000e-01,5.000000e-01,5.000000e-01,5.000000e-01,5.000000e-01,5.000000e-01,5.000000e-01,5.000000e-01,5.000000e-01,5.000000e-01,5.000000e-01,5.000000e-01,5.000000e-01,5.000000e-01,5.000000e-01,5.000000e-01,5.000000e-01,5.000000e-01,0.000000e+00,0.000000e+00,0.000000e+00,0.000000e+00,3.000000e-01,0.000000e+00,0.000000e+00,0.000000e+00,0.000000e+00,0.000000e+00,0.000000e+00,0.000000e+00,0.000000e+00,0.000000e+00,0.000000e+00,0.000000e+00,0.000000e+00,0.000000e+00,0.000000e+00,0.000000e+00,0.000000e+00,0.000000e+00,0.000000e+00,0.000000e+00,0.000000e+00,0.000000e+00,0.000000e+00,0.000000e+00
8.060000e+01,4,5.000000e-01,5.000000e-01,5.000000e-01,5.000000e-01,7.327531e-18,5.000000e-01,5.000000e-01,5.000000e-01,5.000000e-01,5.000000e-01,5.000000e-01,5.000000e-01,5.000000e-01,5.000000e-01,5.000000e-01,5.000000e-01,5.000000e-01,5.000000e-01,5.000000e-01,5.000000e-01,5.000000e-01,5.000000e-01,5.000000e-01,5.000000e-01,5.000000e-01,5.000000e-01,5.000000e-01,5.000000e-01,0.000000e+00,0.000000e+00,0.000000e+00,0.000000e+00,3.000000e-01,0.000000e+00,0.000000e+00,0.000000e+00,0.000000e+00,0.000000e+00,0.000000e+00,0.000000e+00,0.000000e+00,0.000000e+00,0.000000e+00,0.000000e+00,0.000000e+00,0.000000e+00,0.000000e+00,0.000000e+00,0.000000e+00,0.000000e+00,0.000000e+00,0.000000e+00,0.000000e+00,0.000000e+00,0.000000e+00,0.000000e+00
8.070000e+01,4,5.000000e-01,5.000000e-01,5.000000e-01,5.000000e-01,6.088420e-03,2.193598e-02,5.000000e-01,5.000000e-01,5.000000e-01,5.000000e-01,5.000000e-01,5.000000e-01,5.000000e-01,5.000000e-01,5.000000e-01,5.000000e-01,5.000000e-01,5.000000e-01,5.000000e-01,5.000000e-01,5.000000e-01,5.000000e-01,5.000000e-01,5.000000e-01,5.000000e-01,5.000000e-01,5.000000e-01,5.000000e-01,0.000000e+00,0.000000e+00,0.000000e+00,0.000000e+00,2.266323e-03,5.901304e-09,0.000000e+00,0.000000e+00,0.000000e+00,0.000000e+00,0.000000e+00,0.000000e+00,0.000000e+00,0.000000e+00,0.000000e+00,0.000000e+00,0.000000e+00,0.000000e+00,0.000000e+00,0.000000e+00,0.000000e+00,0.000000e+00,0.000000e+00,0.000000e+00,0.000000e+00,0.000000e+00,0.000000e+00,0.000000e+00
8.080000e+01,-1,5.000000e-01,5.000000e-01,5.000000e-01,5.000000e-01,5.000000e-01,5.000000e-01,5.000000e-01,5.000000e-01,5.000000e-01,5.000000e-01,5.000000e-01,5.000000e-01,5.000000e-01,5.000000e-01,5.000000e-01,5.000000e-01,5.000000e-01,5.000000e-01,5.000000e-01,5.000000e-01,5.000000e-01,5.000000e-01,5.000000e-01,5.000000e-01,5.000000e-01,5.000000e-01,5.000000e-01,5.000000e-01,0.000000e+00,0.000000e+00,0.000000e+00,0.000000e+00,0.000000e+00,0.000000e+00,0.000000e+00,0.000000e+00,0.000000e+00,0.000000e+00,0.000000e+00,0.000000e+00,0.000000e+00,0.000000e+00,0.000000e+00,0.000000e+00,0.000000e+00,0.000000e+00,0.000000e+00,0.000000e+00,0.000000e+00,0.000000e+00,0.000000e+00,0.000000e+00,0.000000e+00,0.000000e+00,0.000000e+00,0.000000e+00
8.090000e+01,5,5.000000e-01,5.000000e-01,5.000000e-01,5.000000e-01,5.000000e-01,2.256337e-06,5.000000e-01,5.000000e-01,5.000000e-01,5.000000e-01,5.000000e-01,5.000000e-01,5.000000e-01,5.000000e-01,5.000000e-01,5.000000e-01,5.000000e-01,5.000000e-01,5.000000e-01,5.000000e-01,5.000000e-01,5.000000e-01,5.000000e-01,5.000000e-01,5.000000e-01,5.000000e-01,5.000000e-01,5.000000e-01,0.000000e+00,0.000000e+00,0.000000e+00,0.000000e+00,0.000000e+00,2.994590e-01,0.000000e+00,0.000000e+00,0.000000e+00,0.000000e+00,0.000000e+00,0.000000e+00,0.000000e+00,0.000000e+00,0.000000e+00,0.000000e+00,0.000000e+00,0.000000e+00,0.000000e+00,0.000000e+00,0.000000e+00,0.000000e+00,0.000000e+00,0.000000e+00,0.000000e+00,0.000000e+00,0.000000e+00,0.000000e+00
8.100000e+01,5,5.000000e-01,5.000000e-01,5.000000e-01,5.000000e-01,5.000000e-01,5.034932e-28,5.000000e-01,5.000000e-01,5.000000e-01,5.000000e-01,5.000000e-01,5.000000e-01,5.000000e-01,5.000000e-01,5.000000e-01,5.000000e-01,5.000000e-01,5.000000e-01,5.000000e-01,5.000000e-01,5.000000e-01,5.000000e-01,5.000000e-01,5.000000e-01,5.000000e-01,5.000000e-01,5.000000e-01,5.000000e-01,0.000000e+00,0.000000e+00,0.000000e+00,0.000000e+00,0.000000e+00,3.000000e-01,0.000000e+00,0.000000e+00,0.000000e+00,0.000000e+00,0.000000e+00,0.000000e+00,0.000000e+00,0.000000e+00,0.000000e+00,0.000000e+00,0.000000e+00,0.000000e+00,0.000000e+00,0.000000e+00,0.000000e+00,0.000000e+00,0.000000e+00,0.000000e+00,0.000000e+00,0.000000e+00,0.000000e+00,0.000000e+00
8.110000e+01,5,5.000000e-01,5.000000e-01,5.000000e-01,5.000000e-01,5.000000e-01,2.594560e-51,5.000000e-01,5.000000e-01,5.000000e-01,5.000000e-01,5.000000e-01,5.000000e-01,5.000000e-01,5.000000e-01,5.000000e-01,5.000000e-01,5.000000e-01,5.000000e-01,5.000000e-01,5.000000e-01,5.000000e-01,5.000000e-01,5.000000e-01,5.000000e-01,5.000000e-01,5.000000e-01,5.000000e-01,5.000000e-01,0.000000e+00,0.000000e+00,0.000000e+00,0.000000e+00,0.000000e+00,3.000000e-01,0.000000e+00,0.000000e+00,0.000000e+00,0.000000e+00,0.000000e+00,0.000000e+00,0.000000e+00,0.000000e+00,0.000000e+00,0.000000e+00,0.000000e+00,0.000000e+00,0.000000e+00,0.000000e+00,0.000000e+00,0.000000e+00,0.000000e+00,0.000000e+00,0.000000e+00,0.000000e+00,0.000000e+00,0.000000e+00
8.120000e+01,5,5.000000e-01,5.000000e-01,5.000000e-01,5.000000e-01,5.000000e-01,2.742641e-13,3.111878e-02,5.000000e-01,5.000000e-01,5.000000e-01,5.000000e-01,5.000000e-01,5.000000e-01,5.000000e-01,5.000000e-01,5.000000e-01,5.000000e-01,5.000000e-01,5.000000e-01,5.000000e-01,5.000000e-01,5.000000e-01,5.000000e-01,5.000000e-01,5.000000e-01,5.000000e-01,5.000000e-01,5.000000e-01,0.000000e+00,0.000000e+00,0.000000e+00,0.000000e+00,0.000000e+00,3.000000e-01,3.115674e-12,0.000000e+00,0.000000e+00,0.000000e+00,0.000000e+00,0.000000e+00,0.000000e+00,0.000000e+00,0.000000e+00,0.000000e+00,0.000000e+00,0.000000e+00,0.000000e+00,0.000000e+00,0.000000e+00,0.000000e+00,0.000000e+00,0.000000e+00,0.000000e+00,0.000000e+00,0.000000e+00,0.000000e+00
8.130000e+01,6,5.000000e-01,5.000000e-01,5.000000e-01,5.000000e-01,5.000000e-01,2.289877e-03,1.112242e-03,5.000000e-01,5.000000e-01,5.000000e-01,5.000000e-01,5.000000e-01,5.000000e-01,5.000000e-01,5.000000e-01,5.000000e-01,5.000000e-01,5.000000e-01,5.000000e-01,5.000000e-01,5.000000e-01,5.000000e-01,5.000000e-01,5.000000e-01,5.000000e-01,5.000000e-01,5.000000e-01,5.000000e-01,0.000000e+00,0.000000e+00,0.000000e+00,0.000000e+00,0.000000e+00,4.793185e-02,1.231611e-01,0.000000e+00,0.000000e+00,0.000000e+00,0.000000e+00,0.000000e+00,0.000000e+00,0.000000e+00,0.000000e+00,0.000000e+00,0.000000e+00,0.000000e+00,0.000000e+00,0.000000e+00,0.000000e+00,0.000000e+00,0.000000e+00,0.000000e+00,0.000000e+00,0.000000e+00,0.000000e+00,0.000000e+00
8.140000e+01,6,5.000000e-01,5.000000e-01,5.000000e-01,5.000000e-01,5.000000e-01,5.000000e-01,6.498892e-05,5.000000e-01,5.000000e-01,5.000000e-01,5.000000e-01,5.000000e-01,5.000000e-01,5.000000e-01,5.000000e-01,5.000000e-01,5.000000e-01,5.000000e-01,5.000000e-01,5.000000e-01,5.000000e-01,5.000000e-01,5.000000e-01,5.000000e-01,5.000000e-01,5.000000e-01,5.000000e-01,5.000000e-01,0.000000e+00,0.000000e+00,0.000000e+00,0.000000e+00,0.000000e+00,0.000000e+00,2.848007e-01,0.000000e+00,0.000000e+00,0.000000e+00,0.000000e+00,0.000000e+00,0.000000e+00,0.000000e+00,0.000000e+00,0.000000e+00,0.000000e+00,0.000000e+00,0.000000e+00,0.000000e+00,0.000000e+00,0.000000e+00,0.000000e+00,0.000000e+00,0.000000e+00,0.000000e+00,0.000000e+00,0.000000e+00
8.150000e+01,6,5.000000e-01,5.000000e-01,5.000000e-01,5.000000e-01,5.000000e-01,5.000000e-01,5.601519e-26,5.000000e-01,5.000000e-01,5.000000e-01,5.000000e-01,5.000000e-01,5.000000e-01,5.000000e-01,5.000000e-01,5.000000e-01,5.000000e-01,5.000000e-01,5.000000e-01,5.000000e-01,5.000000e-01,5.000000e-01,5.000000e-01,5.000000e-01,5.000000e-01,5.000000e-01,5.000000e-01,5.000000e-01,0.000000e+00,0.000000e+00,0.000000e+00,0.000000e+00,0.000000e+00,0.000000e+00,3.000000e-01,0.000000e+00,0.000000e+00,0.000000e+00,0.000000e+00,0.000000e+00,0.000000e+00,0.000000e+00,0.000000e+00,0.000000e+00,0.000000e+00,0.000000e+00,0.000000e+00,0.000000e+00,0.000000e+00,0.000000e+00,0.000000e+00,0.000000e+00,0.000000e+00,0.000000e+00,0.000000e+00,0.000000e+00
8.160000e+01,6,5.000000e-01,5.000000e-01,5.000000e-01,5.000000e-01,5.000000e-01,5.000000e-01,1.203806e-33,5.000000e-01,5.000000e-01,5.000000e-01,5.000000e-01,5.000000e-01,5.000000e-01,5.000000e-01,5.000000e-01,5.000000e-01,5.000000e-01,5.000000e-01,5.000000e-01,5.000000e-01,5.000000e-01,5.000000e-01,5.000000e-01,5.000000e-01,5.000000e-01,5.000000e-01,5.000000e-01,5.000000e-01,0.000000e+00,0.000000e+00,0.000000e+00,0.000000e+00,0.000000e+00,0.000000e+00,3.000000e-01,0.000000e+00,0.000000e+00,0.000000e+00,0.000000e+00,0.000000e+00,0.000000e+00,0.000000e+00,0.000000e+00,0.000000e+00,0.000000e+00,0.000000e+00,0.000000e+00,0.000000e+00,0.000000e+00,0.000000e+00,0.000000e+00,0.000000e+00,0.000000e+00,0.000000e+00,0.000000e+00,0.000000e+00
8.170000e+01,6,5.000000e-01,5.000000e-01,5.000000e-01,5.000000e-01,5.000000e-01,5.000000e-01,2.152786e-08,5.000000e-01,5.000000e-01,5.000000e-01,5.000000e-01,5.000000e-01,5.000000e-01,5.000000e-01,5.000000e-01,5.000000e-01,5.000000e-01,5.000000e-01,5.000000e-01,5.000000e-01,5.000000e-01,5.000000e-01,5.000000e-01,5.000000e-01,5.000000e-01,5.000000e-01,5.000000e-01,5.000000e-01,0.000000e+00,0.000000e+00,0.000000e+00,0.000000e+00,0.000000e+00,0.000000e+00,2.999948e-01,0.000000e+00,0.000000e+00,0.000000e+00,0.000000e+00,0.000000e+00,0.000000e+00,0.000000e+00,0.000000e+00,0.000000e+00,0.000000e+00,0.000000e+00,0.000000e+00,0.000000e+00,0.000000e+00,0.000000e+00,0.000000e+00,0.000000e+00,0.000000e+00,0.000000e+00,0.000000e+00,0.000000e+00
8.180000e+01,6,5.000000e-01,5.000000e-01,5.000000e-01,5.000000e-01,5.000000e-01,5.000000e-01,7.599493e-09,5.000000e-01,5.000000e-01,5.000000e-01,5.000000e-01,5.000000e-01,5.000000e-01,5.000000e-01,5.000000e-01,5.000000e-01,5.000000e-01,5.000000e-01,5.000000e-01,5.000000e-01,5.000000e-01,5.000000e-01,5.000000e-01,5.000000e-01,5.000000e-01,5.000000e-01,5.000000e-01,5.000000e-01,0.000000e+00,0.000000e+00,0.000000e+00,0.000000e+00,0.000000e+00,0.000000e+00,2.999982e-01,0.000000e+00,0.000000e+00,0.000000e+00,0.000000e+00,0.000000e+00,0.000000e+00,0.000000e+00,0.000000e+00,0.000000e+00,0.000000e+00,0.000000e+00,0.000000e+00,0.000000e+00,0.000000e+00,0.000000e+00,0.000000e+00,0.000000e+00,0.000000e+00,0.000000e+00,0.000000e+00,0.000000e+00
8.190000e+01,6,5.000000e-01,5.000000e-01,5.000000e-01,5.000000e-01,5.000000e-01,5.000000e-01,9.492805e-43,5.000000e-01,5.000000e-01,5.000000e-01,5.000000e-01,5.000000e-01,5.000000e-01,5.000000e-01,5.000000e-01,5.000000e-01,5.000000e-01,5.000000e-01,5.000000e-01,5.000000e-01,5.000000e-01,5.000000e-01,5.000000e-01,5.000000e-01,5.000000e-01,5.000000e-01,5.000000e-01,5.000000e-01,0.000000e+00,0.000000e+00,0.000000e+00,0.000000e+00,0.000000e+00,0.000000e+00,3.000000e-01,0.000000e+00,0.000000e+00,0.000000e+00,0.000000e+00,0.000000e+00,0.000000e+00,0.000000e+00,0.000000e+00,0.000000e+00,0.000000e+00,0.000000e+00,0.000000e+00,0.000000e+00,0.000000e+00,0.000000e+00,0.000000e+00,0.000000e+00,0.000000e+00,0.000000e+00,0.000000e+00,0.000000e+00
8.200000e+01,6,5.000000e-01,5.000000e-01,5.000000e-01,5.000000e-01,5.000000e-01,5.000000e-01,4.395679e-24,5.000000e-01,5.000000e-01,5.000000e-01,5.000000e-01,5.000000e-01,5.000000e-01,5.000000e-01,5.000000e-01,5.000000e-01,5.000000e-01,5.000000e-01,5.000000e-01,5.000000e-01,5.000000e-01,5.000000e-01,5.000000e-01,5.000000e-01,5.000000e-01,5.000000e-01,5.000000e-01,5.000000e-01,0.000000e+00,0.000000e+00,0.000000e+00,0.000000e+00,0.000000e+00,0.000000e+00,3.000000e-01,0.000000e+00,0.000000e+00,0.000000e+00,0.000000e+00,0.000000e+00,0.000000e+00,0.000000e+00,0.000000e+00,0.000000e+00,0.000000e+00,0.000000e+00,0.000000e+00,0.000000e+00,0.000000e+00,0.000000e+00,0.000000e+00,0.000000e+00,0.000000e+00,0.000000e+00,0.000000e+00,0.000000e+00
8.210000e+01,6,5.000000e-01,5.000000e-01,5.000000e-01,5.000000e-01,5.000000e-01,5.000000e-01,1.350994e-03,5.000000e-01,5.000000e-01,5.000000e-01,5.000000e-01,5.000000e-01,5.000000e-01,5.000000e-01,5.000000e-01,5.000000e-01,5.000000e-01,5.000000e-01,5.000000e-01,5.000000e-01,5.000000e-01,5.000000e-01,5.000000e-01,5.000000e-01,5.000000e-01,5.000000e-01,5.000000e-01,5.000000e-01,0.000000e+00,0.000000e+00,0.000000e+00,0.000000e+00,0.000000e+00,0.000000e+00,1.017233e-01,0.000000e+00,0.000000e+00,0.000000e+00,0.000000e+00,0.000000e+00,0.000000e+00,0.000000e+00,0.000000e+00,0.000000e+00,0.000000e+00,0.000000e+00,0.000000e+00,0.000000e+00,0.000000e+00,0.000000e+00,0.000000e+00,0.000000e+00,0.000000e+00,0.000000e+00,0.000000e+00,0.000000e+00
8.220000e+01,6,5.000000e-01,5.000000e-01,5.000000e-01,5.000000e-01,5.000000e-01,5.000000e-01,2.208697e-07,5.000000e-01,5.000000e-01,5.000000e-01,5.000000e-01,5.000000e-01,5.000000e-01,5.000000e-01,5.000000e-01,5.000000e-01,5.000000e-01,5.000000e-01,5.000000e-01,5.000000e-01,5.000000e-01,5.000000e-01,5.000000e-01,5.000000e-01,5.000000e-01,5.000000e-01,5.000000e-01,5.000000e-01,0.000000e+00,0.000000e+00,0.000000e+00,0.000000e+00,0.000000e+00,0.000000e+00,2.999470e-01,0.000000e+00,0.000000e+00,0.000000e+00,0.000000e+00,0.000000e+00,0.000000e+00,0.000000e+00,0.000000e+00,0.000000e+00,0.000000e+00,0.000000e+00,0.000000e+00,0.000000e+00,0.000000e+00,0.000000e+00,0.000000e+00,0.000000e+00,0.000000e+00,0.000000e+00,0.000000e+00,0.000000e+00
8.230000e+01,6,5.000000e-01,5.000000e-01,5.000000e-01,5.000000e-01,5.000000e-01,5.000000e-01,1.896843e-20,5.000000e-01,5.000000e-01,5.000000e-01,5.000000e-01,5.000000e-01,5.000000e-01,5.000000e-01,5.000000e-01,5.000000e-01,5.000000e-01,5.000000e-01,5.000000e-01,5.000000e-01,5.000000e-01,5.000000e-01,5.000000e-01,5.000000e-01,5.000000e-01,5.000000e-01,5.000000e-01,5.000000e-01,0.000000e+00,0.000000e+00,0.000000e+00,0.000000e+00,0.000000e+00,0.000000e+00,3.000000e-01,0.000000e+00,0.000000e+00,0.000000e+00,0.000000e+00,0.000000e+00,0.000000e+00,0.000000e+00,0.000000e+00,0.000000e+00,0.000000e+00,0.000000e+00,0.000000e+00,0.000000e+00,0.000000e+00,0.000000e+00,0.000000e+00,0.000000e+00,0.000000e+00,0.000000e+00,0.000000e+00,0.000000e+00
8.240000e+01,6,5.000000e-01,5.000000e-01,5.000000e-01,5.000000e-01,5.000000e-01,4.140862e-03,1.495694e-07,5.000000e-01,5.000000e-01,5.000000e-01,5.000000e-01,5.000000e-01,5.000000e-01,5.000000e-01,5.000000e-01,5.000000e-01,5.000000e-01,5.000000e-01,5.000000e-01,5.000000e-01,5.000000e-01,5.000000e-01,5.000000e-01,5.000000e-01,5.000000e-01,5.000000e-01,5.000000e-01,5.000000e-01,0.000000e+00,0.000000e+00,0.000000e+00,0.000000e+00,0.000000e+00,1.085054e-02,2.999641e-01,0.000000e+00,0.000000e+00,0.000000e+00,0.000000e+00,0.000000e+00,0.000000e+00,0.000000e+00,0.000000e+00,0.000000e+00,0.000000e+00,0.000000e+00,0.000000e+00,0.000000e+00,0.000000e+00,0.000000e+00,0.000000e+00,0.000000e+00,0.000000e+00,0.000000e+00,0.000000e+00,0.000000e+00
8.250000e+01,5,5.000000e-01,5.000000e-01,5.000000e-01,5.000000e-01,5.000000e-01,1.190198e-05,5.000000e-01,5.000000e-01,5.000000e-01,5.000000e-01,5.000000e-01,5.000000e-01,5.000000e-01,5.000000e-01,5.000000e-01,5.000000e-01,5.000000e-01,5.000000e-01,5.000000e-01,5.000000e-01,5.000000e-01,5.000000e-01,5.000000e-01,5.000000e-01,5.000000e-01,5.000000e-01,5.000000e-01,5.000000e-01,0.000000e+00,0.000000e+00,0.000000e+00,0.000000e+00,0.000000e+00,2.971571e-01,0.000000e+00,0.000000e+00,0.000000e+00,0.000000e+00,0.000000e+00,0.000000e+00,0.000000e+00,0.000000e+00,0.000000e+00,0.000000e+00,0.000000e+00,0.000000e+00,0.000000e+00,0.000000e+00,0.000000e+00,0.000000e+00,0.000000e+00,0.000000e+00,0.000000e+00,0.000000e+00,0.000000e+00,0.000000e+00
8.260000e+01,5,5.000000e-01,5.000000e-01,5.000000e-01,5.000000e-01,5.000000e-01,3.276601e-15,4.477700e-02,5.000000e-01,5.000000e-01,5.000000e-01,5.000000e-01,5.000000e-01,5.000000e-01,5.000000e-01,5.000000e-01,5.000000e-01,5.000000e-01,5.000000e-01,5.000000e-01,5.000000e-01,5.000000e-01,5.000000e-01,5.000000e-01,5.000000e-01,5.000000e-01,5.000000e-01,5.000000e-01,5.000000e-01,0.000000e+00,0.000000e+00,0.000000e+00,0.000000e+00,0.000000e+00,3.000000e-01,3.330669e-17,0.000000e+00,0.000000e+00,0.000000e+00,0.000000e+00,0.000000e+00,0.000000e+00,0.000000e+00,0.000000e+00,0.000000e+00,0.000000e+00,0.000000e+00,0.000000e+00,0.000000e+00,0.000000e+00,0.000000e+00,0.000000e+00,0.000000e+00,0.000000e+00,0.000000e+00,0.000000e+00,0.000000e+00
8.270000e+01,5,5.000000e-01,5.000000e-01,5.000000e-01,5.000000e-01,5.000000e-01,4.924838e-12,5.000000e-01,5.000000e-01,5.000000e-01,5.000000e-01,5.000000e-01,5.000000e-01,5.000000e-01,5.000000e-01,5.000000e-01,5.000000e-01,5.000000e-01,5.000000e-01,5.000000e-01,5.000000e-01,5.000000e-01,5.000000e-01,5.000000e-01,5.000000e-01,5.000000e-01,5.000000e-01,5.000000e-01,5.000000e-01,0.000000e+00,0.000000e+00,0.000000e+00,0.000000e+00,0.000000e+00,3.000000e-01,0.000000e+00,0.000000e+00,0.000000e+00,0.000000e+00,0.000000e+00,0.000000e+00,0.000000e+00,0.000000e+00,0.000000e+00,0.000000e+00,0.000000e+00,0.000000e+00,0.000000e+00,0.000000e+00,0.000000e+00,0.000000e+00,0.000000e+00,0.000000e+00,0.000000e+00,0.000000e+00,0.000000e+00,0.000000e+00
8.280000e+01,5,5.000000e-01,5.000000e-01,5.000000e-01,5.000000e-01,5.000000e-01,1.309947e-23,5.000000e-01,5.000000e-01,5.000000e-01,5.000000e-01,5.000000e-01,5.000000e-01,5.000000e-01,5.000000e-01,5.000000e-01,5.000000e-01,5.000000e-01,5.000000e-01,5.000000e-01,5.000000e-01,5.000000e-01,5.000000e-01,5.000000e-01,5.000000e-01,5.000000e-01,5.000000e-01,5.000000e-01,5.000000e-01,0.000000e+00,0.000000e+00,0.000000e+00,0.000000e+00,0.000000e+00,3.000000e-01,0.000000e+00,0.000000e+00,0.000000e+00,0.000000e+00,0.000000e+00,0.000000e+00,0.000000e+00,0.000000e+00,0.000000e+00,0.000000e+00,0.000000e+00,0.000000e+00,0.000000e+00,0.000000e+00,0.000000e+00,0.000000e+00,0.000000e+00,0.000000e+00,0.000000e+00,0.000000e+00,0.000000e+00,0.000000e+00
8.290000e+01,5,5.000000e-01,5.000000e-01,5.000000e-01,5.000000e-01,5.000000e-01,2.348508e-07,5.000000e-01,5.000000e-01,5.000000e-01,5.000000e-01,5.000000e-01,5.000000e-01,5.000000e-01,5.000000e-01,5.000000e-01,5.000000e-01,5.000000e-01,5.000000e-01,5.000000e-01,5.000000e-01,5.000000e-01,5.000000e-01,5.000000e-01,5.000000e-01,5.000000e-01,5.000000e-01,5.000000e-01,5.000000e-01,0.000000e+00,0.000000e+00,0.000000e+00,0.000000e+00,0.000000e+00,2.999436e-01,0.000000e+00,0.000000e+00,0.000000e+00,0.000000e+00,0.000000e+00,0.000000e+00,0.000000e+00,0.000000e+00,0.000000e+00,0.000000e+00,0.000000e+00,0.000000e+00,0.000000e+00,0.000000e+00,0.000000e+00,0.000000e+00,0.000000e+00,0.000000e+00,0.000000e+00,0.000000e+00,0.000000e+00,0.000000e+00
8.300000e+01,12,5.000000e-01,5.000000e-01,5.000000e-01,5.000000e-01,5.000000e-01,5.000000e-01,5.000000e-01,5.000000e-01,5.000000e-01,5.000000e-01,5.000000e-01,5.000000e-01,2.298301e-02,5.000000e-01,5.000000e-01,5.000000e-01,5.000000e-01,5.000000e-01,5.000000e-01,5.000000e-01,5.000000e-01,5.000000e-01,5.000000e-01,5.000000e-01,5.000000e-01,5.000000e-01,5.000000e-01,5.000000e-01,0.000000e+00,0.000000e+00,0.000000e+00,0.000000e+00,0.000000e+00,0.000000e+00,0.000000e+00,0.000000e+00,0.000000e+00,0.000000e+00,0.000000e+00,0.000000e+00,2.505031e-09,0.000000e+00,0.000000e+00,0.000000e+00,0.000000e+00,0.000000e+00,0.000000e+00,0.000000e+00,0.000000e+00,0.000000e+00,0.000000e+00,0.000000e+00,0.000000e+00,0.000000e+00,0.000000e+00,0.000000e+00
8.310000e+01,12,5.000000e-01,5.000000e-01,5.000000e-01,5.000000e-01,5.000000e-01,5.000000e-01,5.000000e-01,5.000000e-01,5.000000e-01,5.000000e-01,5.000000e-01,5.000000e-01,3.062149e-09,5.000000e-01,5.000000e-01,5.000000e-01,5.000000e-01,5.000000e-01,5.000000e-01,5.000000e-01,5.000000e-01,5.000000e-01,5.000000e-01,5.000000e-01,5.000000e-01,5.000000e-01,5.000000e-01,5.000000e-01,0.000000e+00,0.000000e+00,0.000000e+00,0.000000e+00,0.000000e+00,0.000000e+00,0.000000e+00,0.000000e+00,0.000000e+00,0.000000e+00,0.000000e+00,0.000000e+00,2.999993e-01,0.000000e+00,0.000000e+00,0.000000e+00,0.000000e+00,0.000000e+00,0.000000e+00,0.000000e+00,0.000000e+00,0.000000e+00,0.000000e+00,0.000000e+00,0.000000e+00,0.000000e+00,0.000000e+00,0.000000e+00
8.320000e+01,12,5.000000e-01,5.000000e-01,5.000000e-01,5.000000e-01,5.000000e-01,5.000000e-01,5.000000e-01,5.000000e-01,5.000000e-01,5.000000e-01,5.000000e-01,5.000000e-01,1.087359e-16,5.000000e-01,5.000000e-01,5.000000e-01,5.000000e-01,5.000000e-01,5.000000e-01,5.000000e-01,5.000000e-01,5.000000e-01,5.000000e-01,5.000000e-01,5.000000e-01,5.000000e-01,5.000000e-01,5.000000e-01,0.000000e+00,0.000000e+00,0.000000e+00,0.000000e+00,0.000000e+00,0.000000e+00,0.000000e+00,0.000000e+00,0.000000e+00,0.000000e+00,0.000000e+00,0.000000e+00,3.000000e-01,0.000000e+00,0.000000e+00,0.000000e+00,0.000000e+00,0.000000e+00,0.000000e+00,0.000000e+00,0.000000e+00,0.000000e+00,0.000000e+00,0.000000e+00,0.000000e+00,0.000000e+00,0.000000e+00,0.000000e+00
8.330000e+01,12,5.000000e-01,5.000000e-01,5.000000e-01,5.000000e-01,5.000000e-01,5.000000e-01,5.000000e-01,5.000000e-01,5.000000e-01,5.000000e-01,5.000000e-01,5.000000e-01,6.489649e-29,5.000000e-01,5.000000e-01,5.000000e-01,5.000000e-01,5.000000e-01,5.000000e-01,5.000000e-01,5.000000e-01,5.000000e-01,5.000000e-01,5.000000e-01,5.000000e-01,5.000000e-01,5.000000e-01,5.000000e-01,0.000000e+00,0.000000e+00,0.000000e+00,0.000000e+00,0.000000e+00,0.000000e+00,0.000000e+00,0.000000e+00,0.000000e+00,0.000000e+00,0.000000e+00,0.000000e+00,3.000000e-01,0.000000e+00,0.000000e+00,0.000000e+00,0.000000e+00,0.000000e+00,0.000000e+00,0.000000e+00,0.000000e+00,0.000000e+00,0.000000e+00,0.000000e+00,0.000000e+00,0.000000e+00,0.000000e+00,0.000000e+00
8.340000e+01,12,5.000000e-01,5.000000e-01,5.000000e-01,5.000000e-01,5.000000e-01,5.000000e-01,5.000000e-01,5.000000e-01,5.000000e-01,5.000000e-01,5.000000e-01,5.000000e-01,1.863266e-45,5.000000e-01,5.000000e-01,5.000000e-01,5.000000e-01,5.000000e-01,5.000000e-01,5.000000e-01,5.000000e-01,5.000000e-01,5.000000e-01,5.000000e-01,5.000000e-01,5.000000e-01,5.000000e-01,5.000000e-01,0.000000e+00,0.000000e+00,0.000000e+00,0.000000e+00,0.000000e+00,0.000000e+00,0.000000e+00,0.000000e+00,0.000000e+00,0.000000e+00,0.000000e+00,0.000000e+00,3.000000e-01,0.000000e+00,0.000000e+00,0.000000e+00,0.000000e+00,0.000000e+00,0.000000e+00,0.000000e+00,0.000000e+00,0.000000e+00,0.000000e+00,0.000000e+00,0.000000e+00,0.000000e+00,0.000000e+00,0.000000e+00
8.350000e+01,12,5.000000e-01,5.000000e-01,5.000000e-01,5.000000e-01,5.000000e-01,5.000000e-01,5.000000e-01,5.000000e-01,5.000000e-01,5.000000e-01,5.000000e-01,5.000000e-01,5.649225e-40,5.000000e-01,5.000000e-01,5.000000e-01,5.000000e-01,5.000000e-01,5.000000e-01,5.000000e-01,5.000000e-01,5.000000e-01,5.000000e-01,5.000000e-01,5.000000e-01,5.000000e-01,5.000000e-01,5.000000e-01,0.000000e+00,0.000000e+00,0.000000e+00,0.000000e+00,0.000000e+00,0.000000e+00,0.000000e+00,0.000000e+00,0.000000e+00,0.000000e+00,0.000000e+00,0.000000e+00,3.000000e-01,0.000000e+00,0.000000e+00,0.000000e+00,0.000000e+00,0.000000e+00,0.000000e+00,0.000000e+00,0.000000e+00,0.000000e+00,0.000000e+00,0.000000e+00,0.000000e+00,0.000000e+00,0.000000e+00,0.000000e+00
8.360000e+01,12,5.000000e-01,5.000000e-01,5.000000e-01,5.000000e-01,5.000000e-01,5.000000e-01,5.000000e-01,5.000000e-01,5.000000e-01,5.000000e-01,5.000000e-01,2.536554e-02,6.134881e-12,5.000000e-01,5.000000e-01,5.000000e-01,5.000000e-01,5.000000e-01,5.000000e-01,5.000000e-01,5.000000e-01,5.000000e-01,5.000000e-01,5.000000e-01,5.000000e-01,5.000000e-01,5.000000e-01,5.000000e-01,0.000000e+00,0.000000e+00,0.000000e+00,0.000000e+00,0.000000e+00,0.000000e+00,0.000000e+00,0.000000e+00,0.000000e+00,0.000000e+00,0.000000e+00,3.552487e-10,3.000000e-01,0.000000e+00,0.000000e+00,0.000000e+00,0.000000e+00,0.000000e+00,0.000000e+00,0.000000e+00,0.000000e+00,0.000000e+00,0.000000e+00,0.000000e+00,0.000000e+00,0.000000e+00,0.000000e+00,0.000000e+00
8.370000e+01,11,5.000000e-01,5.000000e-01,5.000000e-01,5.000000e-01,5.000000e-01,5.000000e-01,5.000000e-01,5.000000e-01,5.000000e-01,5.000000e-01,5.000000e-01,1.025042e-10,1.517298e-02,5.000000e-01,5.000000e-01,5.000000e-01,5.000000e-01,5.000000e-01,5.000000e-01,5.000000e-01,5.000000e-01,5.000000e-01,5.000000e-01,5.000000e-01,5.000000e-01,5.000000e-01,5.000000e-01,5.000000e-01,0.000000e+00,0.000000e+00,0.000000e+00,0.000000e+00,0.000000e+00,0.000000e+00,0.000000e+00,0.000000e+00,0.000000e+00,0.000000e+00,0.000000e+00,3.000000e-01,1.462461e-06,0.000000e+00,0.000000e+00,0.000000e+00,0.000000e+00,0.000000e+00,0.000000e+00,0.000000e+00,0.000000e+00,0.000000e+00,0.000000e+00,0.000000e+00,0.000000e+00,0.000000e+00,0.000000e+00,0.000000e+00
8.380000e+01,11,5.000000e-01,5.000000e-01,5.000000e-01,5.000000e-01,5.000000e-01,5.000000e-01,5.000000e-01,5.000000e-01,5.000000e-01,5.000000e-01,5.000000e-01,2.050582e-31,5.000000e-01,5.000000e-01,5.000000e-01,5.000000e-01,5.000000e-01,5.000000e-01,5.000000e-01,5.000000e-01,5.000000e-01,5.000000e-01,5.000000e-01,5.000000e-01,5.000000e-01,5.000000e-01,5.000000e-01,5.000000e-01,0.000000e+00,0.000000e+00,0.000000e+00,0.000000e+00,0.000000e+00,0.000000e+00,0.000000e+00,0.000000e+00,0.000000e+00,0.000000e+00,0.000000e+00,3.000000e-01,0.000000e+00,0.000000e+00,0.000000e+00,0.000000e+00,0.000000e+00,0.000000e+00,0.000000e+00,0.000000e+00,0.000000e+00,0.000000e+00,0.000000e+00,0.000000e+00,0.000000e+00,0.000000e+00,0.000000e+00,0.000000e+00
8.390000e+01,11,5.000000e-01,5.000000e-01,5.000000e-01,5.000000e-01,5.000000e-01,5.000000e-01,5.000000e-01,5.000000e-01,5.000000e-01,5.000000e-01,5.000000e-01,2.139130e-16,5.000000e-01,5.000000e-01,5.000000e-01,5.000000e-01,5.000000e-01,5.000000e-01,5.000000e-01,5.000000e-01,5.000000e-01,5.000000e-01,5.000000e-01,5.000000e-01,5.000000e-01,5.000000e-01,5.000000e-01,5.000000e-01,0.000000e+00,0.000000e+00,0.000000e+00,0.000000e+00,0.000000e+00,0.000000e+00,0.000000e+00,0.000000e+00,0.000000e+00,0.000000e+00,0.000000e+00,3.000000e-01,0.000000e+00,0.000000e+00,0.000000e+00,0.000000e+00,0.000000e+00,0.000000e+00,0.000000e+00,0.000000e+00,0.000000e+00,0.000000e+00,0.000000e+00,0.000000e+00,0.000000e+00,0.000000e+00,0.000000e+00,0.000000e+00
8.400000e+01,11,5.000000e-01,5.000000e-01,5.000000e-01,5.000000e-01,5.000000e-01,5.000000e-01,5.000000e-01,5.000000e-01,5.000000e-01,5.000000e-01,5.000000e-01,4.631056e-03,5.000000e-01,5.000000e-01,5.000000e-01,5.000000e-01,5.000000e-01,5.000000e-01,5.000000e-01,5.000000e-01,5.000000e-01,5.000000e-01,5.000000e-01,5.000000e-01,5.000000e-01,5.000000e-01,5.000000e-01,5.000000e-01,0.000000e+00,0.000000e+00,0.000000e+00,0.000000e+00,0.000000e+00,0.000000e+00,0.000000e+00,0.000000e+00,0.000000e+00,0.000000e+00,0.000000e+00,7.317966e-03,0.000000e+00,0.000000e+00,0.000000e+00,0.000000e+00,0.000000e+00,0.000000e+00,0.000000e+00,0.000000e+00,0.000000e+00,0.000000e+00,0.000000e+00,0.000000e+00,0.000000e+00,0.000000e+00,0.000000e+00,0.000000e+00
8.410000e+01,11,5.000000e-01,5.000000e-01,5.000000e-01,5.000000e-01,5.000000e-01,5.000000e-01,5.000000e-01,5.000000e-01,5.000000e-01,5.000000e-01,5.000000e-01,8.603951e-21,5.000000e-01,5.000000e-01,5.000000e-01,5.000000e-01,5.000000e-01,5.000000e-01,5.000000e-01,5.000000e-01,5.000000e-01,5.000000e-01,5.000000e-01,5.000000e-01,5.000000e-01,5.000000e-01,5.000000e-01,5.000000e-01,0.000000e+00,0.000000e+00,0.000000e+00,0.000000e+00,0.000000e+00,0.000000e+00,0.000000e+00,0.000000e+00,0.000000e+00,0.000000e+00,0.000000e+00,3.000000e-01,0.000000e+00,0.000000e+00,0.000000e+00,0.000000e+00,0.000000e+00,0.000000e+00,0.000000e+00,0.000000e+00,0.000000e+00,0.000000e+00,0.000000e+00,0.000000e+00,0.000000e+00,0.000000e+00,0.000000e+00,0.000000e+00
8.420000e+01,11,5.000000e-01,5.000000e-01,5.000000e-01,5.000000e-01,5.000000e-01,5.000000e-01,5.000000e-01,5.000000e-01,5.000000e-01,5.000000e-01,5.000000e-01,1.581499e-50,5.000000e-01,5.000000e-01,5.000000e-01,5.000000e-01,5.000000e-01,5.000000e-01,5.000000e-01,5.000000e-01,5.000000e-01,5.000000e-01,5.000000e-01,5.000000e-01,5.000000e-01,5.000000e-01,5.000000e-01,5.000000e-01,0.000000e+00,0.000000e+00,0.000000e+00,0.000000e+00,0.000000e+00,0.000000e+00,0.000000e+00,0.000000e+00,0.000000e+00,0.000000e+00,0.000000e+00,3.000000e-01,0.000000e+00,0.000000e+00,0.000000e+00,0.000000e+00,0.000000e+00,0.000000e+00,0.000000e+00,0.000000e+00,0.000000e+00,0.000000e+00,0.000000e+00,0.000000e+00,0.000000e+00,0.000000e+00,0.000000e+00,0.000000e+00
8.430000e+01,11,5.000000e-01,5.000000e-01,5.000000e-01,5.000000e-01,5.000000e-01,5.000000e-01,5.000000e-01,5.000000e-01,5.000000e-01,5.000000e-01,5.000000e-01,9.235611e-11,5.000000e-01,5.000000e-01,5.000000e-01,5.000000e-01,5.000000e-01,5.000000e-01,5.000000e-01,5.000000e-01,5.000000e-01,5.000000e-01,5.000000e-01,5.000000e-01,5.000000e-01,5.000000e-01,5.000000e-01,5.000000e-01,0.000000e+00,0.000000e+00,0.000000e+00,0.000000e+00,0.000000e+00,0.000000e+00,0.000000e+00,0.000000e+00,0.000000e+00,0.000000e+00,0.000000e+00,3.000000e-01,0.000000e+00,0.000000e+00,0.000000e+00,0.000000e+00,0.000000e+00,0.000000e+00,0.000000e+00,0.000000e+00,0.000000e+00,0.000000e+00,0.000000e+00,0.000000e+00,0.000000e+00,0.000000e+00,0.000000e+00,0.000000e+00
8.440000e+01,10,5.000000e-01,5.000000e-01,5.000000e-01,5.000000e-01,5.000000e-01,5.000000e-01,5.000000e-01,5.000000e-01,5.000000e-01,5.000000e-01,4.229295e-04,1.154614e-03,5.000000e-01,5.000000e-01,5.000000e-01,5.000000e-01,5.000000e-01,5.000000e-01,5.000000e-01,5.000000e-01,5.000000e-01,5.000000e-01,5.000000e-01,5.000000e-01,5.000000e-01,5.000000e-01,5.000000e-01,5.000000e-01,0.000000e+00,0.000000e+00,0.000000e+00,0.000000e+00,0.000000e+00,0.000000e+00,0.000000e+00,0.000000e+00,0.000000e+00,0.000000e+00,2.138698e-01,1.190517e-01,0.000000e+00,0.000000e+00,0.000000e+00,0.000000e+00,0.000000e+00,0.000000e+00,0.000000e+00,0.000000e+00,0.000000e+00,0.000000e+00,0.000000e+00,0.000000e+00,0.000000e+00,0.000000e+00,0.000000e+00,0.000000e+00
8.450000e+01,11,5.000000e-01,5.000000e-01,5.000000e-01,5.000000e-01,5.000000e-01,5.000000e-01,5.000000e-01,5.000000e-01,5.000000e-01,5.000000e-01,2.376183e-02,1.858572e-11,5.000000e-01,5.000000e-01,5.000000e-01,5.000000e-01,5.000000e-01,5.000000e-01,5.000000e-01,5.000000e-01,5.000000e-01,5.000000e-01,5.000000e-01,5.000000e-01,5.000000e-01,5.000000e-01,5.000000e-01,5.000000e-01,0.000000e+00,0.000000e+00,0.000000e+00,0.000000e+00,0.000000e+00,0.000000e+00,0.000000e+00,0.000000e+00,0.000000e+00,0.000000e+00,1.323579e-09,3.000000e-01,0.000000e+00,0.000000e+00,0.000000e+00,0.000000e+00,0.000000e+00,0.000000e+00,0.000000e+00,0.000000e+00,0.000000e+00,0.000000e+00,0.000000e+00,0.000000e+00,0.000000e+00,0.000000e+00,0.000000e+00,0.000000e+00
8.460000e+01,11,5.000000e-01,5.000000e-01,5.000000e-01,5.000000e-01,5.000000e-01,5.000000e-01,5.000000e-01,5.000000e-01,5.000000e-01,5.000000e-01,5.000000e-01,1.284383e-07,5.000000e-01,5.000000e-01,5.000000e-01,5.000000e-01,5.000000e-01,5.000000e-01,5.000000e-01,5.000000e-01,5.000000e-01,5.000000e-01,5.000000e-01,5.000000e-01,5.000000e-01,5.000000e-01,5.000000e-01,5.000000e-01,0.000000e+00,0.000000e+00,0.000000e+00,0.000000e+00,0.000000e+00,0.000000e+00,0.000000e+00,0.000000e+00,0.000000e+00,0.000000e+00,0.000000e+00,2.999692e-01,0.000000e+00,0.000000e+00,0.000000e+00,0.000000e+00,0.000000e+00,0.000000e+00,0.000000e+00,0.000000e+00,0.000000e+00,0.000000e+00,0.000000e+00,0.000000e+00,0.000000e+00,0.000000e+00,0.000000e+00,0.000000e+00
8.470000e+01,18,5.000000e-01,5.000000e-01,5.000000e-01,5.000000e-01,5.000000e-01,5.000000e-01,5.000000e-01,5.000000e-01,5.000000e-01,5.000000e-01,5.000000e-01,5.000000e-01,5.000000e-01,5.000000e-01,5.000000e-01,5.000000e-01,5.000000e-01,5.000000e-01,3.097567e-02,5.000000e-01,5.000000e-01,5.000000e-01,5.000000e-01,5.000000e-01,5.000000e-01,5.000000e-01,5.000000e-01,5.000000e-01,0.000000e+00,0.000000e+00,0.000000e+00,0.000000e+00,0.000000e+00,0.000000e+00,0.000000e+00,0.000000e+00,0.000000e+00,0.000000e+00,0.000000e+00,0.000000e+00,0.000000e+00,0.000000e+00,0.000000e+00,0.000000e+00,0.000000e+00,0.000000e+00,3.506428e-12,0.000000e+00,0.000000e+00,0.000000e+00,0.000000e+00,0.000000e+00,0.000000e+00,0.000000e+00,0.000000e+00,0.000000e+00
8.480000e+01,18,5.000000e-01,5.000000e-01,5.000000e-01,5.000000e-01,5.000000e-01,5.000000e-01,5.000000e-01,5.000000e-01,5.000000e-01,5.000000e-01,5.000000e-01,5.000000e-01,5.000000e-01,5.000000e-01,5.000000e-01,5.000000e-01,5.000000e-01,5.000000e-01,7.328986e-03,5.000000e-01,5.000000e-01,5.000000e-01,5.000000e-01,5.000000e-01,5.000000e-01,5.000000e-01,5.000000e-01,5.000000e-01,0.000000e+00,0.000000e+00,0.000000e+00,0.000000e+00,0.000000e+00,0.000000e+00,0.000000e+00,0.000000e+00,0.000000e+00,0.000000e+00,0.000000e+00,0.000000e+00,0.000000e+00,0.000000e+00,0.000000e+00,0.000000e+00,0.000000e+00,0.000000e+00,8.344377e-04,0.000000e+00,0.000000e+00,0.000000e+00,0.000000e+00,0.000000e+00,0.000000e+00,0.000000e+00,0.000000e+00,0.000000e+00
8.490000e+01,17,5.000000e-01,5.000000e-01,5.000000e-01,5.000000e-01,5.000000e-01,5.000000e-01,5.000000e-01,5.000000e-01,5.000000e-01,5.000000e-01,5.000000e-01,5.000000e-01,5.000000e-01,5.000000e-01,5.000000e-01,5.000000e-01,5.000000e-01,1.192367e-02,5.000000e-01,5.000000e-01,5.000000e-01,5.000000e-01,5.000000e-01,5.000000e-01,5.000000e-01,5.000000e-01,5.000000e-01,5.000000e-01,0.000000e+00,0.000000e+00,0.000000e+00,0.000000e+00,0.000000e+00,0.000000e+00,0.000000e+00,0.000000e+00,0.000000e+00,0.000000e+00,0.000000e+00,0.000000e+00,0.000000e+00,0.000000e+00,0.000000e+00,0.000000e+00,0.000000e+00,2.039471e-05,0.000000e+00,0.000000e+00,0.000000e+00,0.000000e+00,0.000000e+00,0.000000e+00,0.000000e+00,0.000000e+00,0.000000e+00,0.000000e+00
8.500000e+01,-1,5.000000e-01,5.000000e-01,5.000000e-01,5.000000e-01,5.000000e-01,5.000000e-01,5.000000e-01,5.000000e-01,5.000000e-01,5.000000e-01,5.000000e-01,5.000000e-01,5.000000e-01,5.000000e-01,5.000000e-01,5.000000e-01,5.000000e-01,5.000000e-01,5.000000e-01,5.000000e-01,5.000000e-01,5.000000e-01,5.000000e-01,5.000000e-01,5.000000e-01,5.000000e-01,5.000000e-01,5.000000e-01,0.000000e+00,0.000000e+00,0.000000e+00,0.000000e+00,0.000000e+00,0.000000e+00,0.000000e+00,0.000000e+00,0.000000e+00,0.000000e+00,0.000000e+00,0.000000e+00,0.000000e+00,0.000000e+00,0.000000e+00,0.000000e+00,0.000000e+00,0.000000e+00,0.000000e+00,0.000000e+00,0.000000e+00,0.000000e+00,0.000000e+00,0.000000e+00,0.000000e+00,0.000000e+00,0.000000e+00,0.000000e+00
8.510000e+01,11,5.000000e-01,5.000000e-01,5.000000e-01,5.000000e-01,5.000000e-01,5.000000e-01,5.000000e-01,5.000000e-01,5.000000e-01,5.000000e-01,5.000000e-01,5.916584e-03,5.000000e-01,5.000000e-01,5.000000e-01,5.000000e-01,5.000000e-01,5.000000e-01,5.000000e-01,5.000000e-01,5.000000e-01,5.000000e-01,5.000000e-01,5.000000e-01,5.000000e-01,5.000000e-01,5.000000e-01,5.000000e-01,0.000000e+00,0.000000e+00,0.000000e+00,0.000000e+00,0.000000e+00,0.000000e+00,0.000000e+00,0.000000e+00,0.000000e+00,0.000000e+00,0.000000e+00,2.602461e-03,0.000000e+00,0.000000e+00,0.000000e+00,0.000000e+00,0.000000e+00,0.000000e+00,0.000000e+00,0.000000e+00,0.000000e+00,0.000000e+00,0.000000e+00,0.000000e+00,0.000000e+00,0.000000e+00,0.000000e+00,0.000000e+00
8.520000e+01,11,5.000000e-01,5.000000e-01,5.000000e-01,5.000000e-01,5.000000e-01,5.000000e-01,5.000000e-01,5.000000e-01,5.000000e-01,5.000000e-01,1.190688e-02,6.208869e-05,5.000000e-01,5.000000e-01,5.000000e-01,5.000000e-01,5.000000e-01,5.000000e-01,5.000000e-01,5.000000e-01,5.000000e-01,5.000000e-01,5.000000e-01,5.000000e-01,5.000000e-01,5.000000e-01,5.000000e-01,5.000000e-01,0.000000e+00,0.000000e+00,0.000000e+00,0.000000e+00,0.000000e+00,0.000000e+00,0.000000e+00,0.000000e+00,0.000000e+00,0.000000e+00,2.067384e-05,2.854623e-01,0.000000e+00,0.000000e+00,0.000000e+00,0.000000e+00,0.000000e+00,0.000000e+00,0.000000e+00,0.000000e+00,0.000000e+00,0.000000e+00,0.000000e+00,0.000000e+00,0.000000e+00,0.000000e+00,0.000000e+00,0.000000e+00
8.530000e+01,10,5.000000e-01,5.000000e-01,5.000000e-01,5.000000e-01,5.000000e-01,5.000000e-01,5.000000e-01,5.000000e-01,5.000000e-01,5.000000e-01,1.576024e-10,1.395476e-02,5.000000e-01,5.000000e-01,5.000000e-01,5.000000e-01,5.000000e-01,5.000000e-01,5.000000e-01,5.000000e-01,5.000000e-01,5.000000e-01,5.000000e-01,5.000000e-01,5.000000e-01,5.000000e-01,5.000000e-01,5.000000e-01,0.000000e+00,0.000000e+00,0.000000e+00,0.000000e+00,0.000000e+00,0.000000e+00,0.000000e+00,0.000000e+00,0.000000e+00,0.000000e+00,3.000000e-01,3.931816e-06,0.000000e+00,0.000000e+00,0.000000e+00,0.000000e+00,0.000000e+00,0.000000e+00,0.000000e+00,0.000000e+00,0.000000e+00,0.000000e+00,0.000000e+00,0.000000e+00,0.000000e+00,0.000000e+00,0.000000e+00,0.000000e+00
8.540000e+01,10,5.000000e-01,5.000000e-01,5.000000e-01,5.000000e-01,5.000000e-01,5.000000e-01,5.000000e-01,5.000000e-01,5.000000e-01,5.000000e-01,1.713806e-05,5.000000e-01,5.000000e-01,5.000000e-01,5.000000e-01,5.000000e-01,5.000000e-01,5.000000e-01,5.000000e-01,5.000000e-01,5.000000e-01,5.000000e-01,5.000000e-01,5.000000e-01,5.000000e-01,5.000000e-01,5.000000e-01,5.000000e-01,0.000000e+00,0.000000e+00,0.000000e+00,0.000000e+00,0.000000e+00,0.000000e+00,0.000000e+00,0.000000e+00,0.000000e+00,0.000000e+00,2.959149e-01,0.000000e+00,0.000000e+00,0.000000e+00,0.000000e+00,0.000000e+00,0.000000e+00,0.000000e+00,0.000000e+00,0.000000e+00,0.000000e+00,0.000000e+00,0.000000e+00,0.000000e+00,0.000000e+00,0.000000e+00,0.000000e+00,0.000000e+00
8.550000e+01,-1,5.000000e-01,5.000000e-01,5.000000e-01,5.000000e-01,5.000000e-01,5.000000e-01,5.000000e-01,5.000000e-01,5.000000e-01,5.000000e-01,5.000000e-01,5.000000e-01,5.000000e-01,5.000000e-01,5.000000e-01,5.000000e-01,5.000000e-01,5.000000e-01,5.000000e-01,5.000000e-01,5.000000e-01,5.000000e-01,5.000000e-01,5.000000e-01,5.000000e-01,5.000000e-01,5.000000e-01,5.000000e-01,0.000000e+00,0.000000e+00,0.000000e+00,0.000000e+00,0.000000e+00,0.000000e+00,0.000000e+00,0.000000e+00,0.000000e+00,0.000000e+00,0.000000e+00,0.000000e+00,0.000000e+00,0.000000e+00,0.000000e+00,0.000000e+00,0.000000e+00,0.000000e+00,0.000000e+00,0.000000e+00,0.000000e+00,0.000000e+00,0.000000e+00,0.000000e+00,0.000000e+00,0.000000e+00,0.000000e+00,0.000000e+00
8.560000e+01,11,5.000000e-01,5.000000e-01,5.000000e-01,5.000000e-01,5.000000e-01,5.000000e-01,5.000000e-01,5.000000e-01,5.000000e-01,5.000000e-01,5.000000e-01,1.421212e-03,5.000000e-01,5.000000e-01,5.000000e-01,5.000000e-01,5.000000e-01,5.000000e-01,5.000000e-01,5.000000e-01,5.000000e-01,5.000000e-01,5.000000e-01,5.000000e-01,5.000000e-01,5.000000e-01,5.000000e-01,5.000000e-01,0.000000e+00,0.000000e+00,0.000000e+00,0.000000e+00,0.000000e+00,0.000000e+00,0.000000e+00,0.000000e+00,0.000000e+00,0.000000e+00,0.000000e+00,9.615910e-02,0.000000e+00,0.000000e+00,0.000000e+00,0.000000e+00,0.000000e+00,0.000000e+00,0.000000e+00,0.000000e+00,0.000000e+00,0.000000e+00,0.000000e+00,0.000000e+00,0.000000e+00,0.000000e+00,0.000000e+00,0.000000e+00
8.570000e+01,11,5.000000e-01,5.000000e-01,5.000000e-01,5.000000e-01,5.000000e-01,5.000000e-01,5.000000e-01,5.000000e-01,5.000000e-01,5.000000e-01,5.000000e-01,3.972628e-16,5.000000e-01,5.000000e-01,5.000000e-01,5.000000e-01,5.000000e-01,5.000000e-01,5.000000e-01,5.000000e-01,5.000000e-01,5.000000e-01,5.000000e-01,5.000000e-01,5.000000e-01,5.000000e-01,5.000000e-01,5.000000e-01,0.000000e+00,0.000000e+00,0.000000e+00,0.000000e+00,0.000000e+00,0.000000e+00,0.000000e+00,0.000000e+00,0.000000e+00,0.000000e+00,0.000000e+00,3.000000e-01,0.000000e+00,0.000000e+00,0.000000e+00,0.000000e+00,0.000000e+00,0.000000e+00,0.000000e+00,0.000000e+00,0.000000e+00,0.000000e+00,0.000000e+00,0.000000e+00,0.000000e+00,0.000000e+00,0.000000e+00,0.000000e+00
8.580000e+01,11,5.000000e-01,5.000000e-01,5.000000e-01,5.000000e-01,5.000000e-01,5.000000e-01,5.000000e-01,5.000000e-01,5.000000e-01,5.000000e-01,5.000000e-01,7.007025e-03,5.000000e-01,5.000000e-01,5.000000e-01,5.000000e-01,5.000000e-01,5.000000e-01,5.000000e-01,5.000000e-01,5.000000e-01,5.000000e-01,5.000000e-01,5.000000e-01,5.000000e-01,5.000000e-01,5.000000e-01,5.000000e-01,0.000000e+00,0.000000e+00,0.000000e+00,0.000000e+00,0.000000e+00,0.000000e+00,0.000000e+00,0.000000e+00,0.000000e+00,0.000000e+00,0.000000e+00,1.081588e-03,0.000000e+00,0.000000e+00,0.000000e+00,0.000000e+00,0.000000e+00,0.000000e+00,0.000000e+00,0.000000e+00,0.000000e+00,0.000000e+00,0.000000e+00,0.000000e+00,0.000000e+00,0.000000e+00,0.000000e+00,0.000000e+00
8.590000e+01,4,5.000000e-01,5.000000e-01,5.000000e-01,5.000000e-01,1.409654e-08,5.000000e-01,5.000000e-01,5.000000e-01,5.000000e-01,5.000000e-01,5.000000e-01,5.000000e-01,5.000000e-01,5.000000e-01,5.000000e-01,5.000000e-01,5.000000e-01,5.000000e-01,5.000000e-01,5.000000e-01,5.000000e-01,5.000000e-01,5.000000e-01,5.000000e-01,5.000000e-01,5.000000e-01,5.000000e-01,5.000000e-01,0.000000e+00,0.000000e+00,0.000000e+00,0.000000e+00,2.999966e-01,0.000000e+00,0.000000e+00,0.000000e+00,0.000000e+00,0.000000e+00,0.000000e+00,0.000000e+00,0.000000e+00,0.000000e+00,0.000000e+00,0.000000e+00,0.000000e+00,0.000000e+00,0.000000e+00,0.000000e+00,0.000000e+00,0.000000e+00,0.000000e+00,0.000000e+00,0.000000e+00,0.000000e+00,0.000000e+00,0.000000e+00
8.600000e+01,4,5.000000e-01,5.000000e-01,5.000000e-01,5.000000e-01,1.808177e-39,5.000000e-01,5.000000e-01,5.000000e-01,5.000000e-01,5.000000e-01,5.000000e-01,5.000000e-01,5.000000e-01,5.000000e-01,5.000000e-01,5.000000e-01,5.000000e-01,5.000000e-01,5.000000e-01,5.000000e-01,5.000000e-01,5.000000e-01,5.000000e-01,5.000000e-01,5.000000e-01,5.000000e-01,5.000000e-01,5.000000e-01,0.000000e+00,0.000000e+00,0.000000e+00,0.000000e+00,3.000000e-01,0.000000e+00,0.000000e+00,0.000000e+00,0.000000e+00,0.000000e+00,0.000000e+00,0.000000e+00,0.000000e+00,0.000000e+00,0.000000e+00,0.000000e+00,0.000000e+00,0.000000e+00,0.000000e+00,0.000000e+00,0.000000e+00,0.000000e+00,0.000000e+00,0.000000e+00,0.000000e+00,0.000000e+00,0.000000e+00,0.000000e+00
8.610000e+01,4,5.000000e-01,5.000000e-01,5.000000e-01,5.000000e-01,4.362646e-31,5.000000e-01,5.000000e-01,5.000000e-01,5.000000e-01,5.000000e-01,5.000000e-01,5.000000e-01,5.000000e-01,5.000000e-01,5.000000e-01,5.000000e-01,5.000000e-01,5.000000e-01,5.000000e-01,5.000000e-01,5.000000e-01,5.000000e-01,5.000000e-01,5.000000e-01,5.000000e-01,5.000000e-01,5.000000e-01,5.000000e-01,0.000000e+00,0.000000e+00,0.000000e+00,0.000000e+00,3.000000e-01,0.000000e+00,0.000000e+00,0.000000e+00,0.000000e+00,0.000000e+00,0.000000e+00,0.000000e+00,0.000000e+00,0.000000e+00,0.000000e+00,0.000000e+00,0.000000e+00,0.000000e+00,0.000000e+00,0.000000e+00,0.000000e+00,0.000000e+00,0.000000e+00,0.000000e+00,0.000000e+00,0.000000e+00,0.000000e+00,0.000000e+00
8.620000e+01,4,5.000000e-01,5.000000e-01,5.000000e-01,5.000000e-01,5.944372e-06,5.000000e-01,5.000000e-01,5.000000e-01,5.000000e-01,5.000000e-01,5.000000e-01,5.000000e-01,5.000000e-01,5.000000e-01,5.000000e-01,5.000000e-01,5.000000e-01,5.000000e-01,5.000000e-01,5.000000e-01,5.000000e-01,5.000000e-01,5.000000e-01,5.000000e-01,5.000000e-01,5.000000e-01,5.000000e-01,5.000000e-01,0.000000e+00,0.000000e+00,0.000000e+00,0.000000e+00,2.985767e-01,0.000000e+00,0.000000e+00,0.000000e+00,0.000000e+00,0.000000e+00,0.000000e+00,0.000000e+00,0.000000e+00,0.000000e+00,0.000000e+00,0.000000e+00,0.000000e+00,0.000000e+00,0.000000e+00,0.000000e+00,0.000000e+00,0.000000e+00,0.000000e+00,0.000000e+00,0.000000e+00,0.000000e+00,0.000000e+00,0.000000e+00
8.630000e+01,4,5.000000e-01,5.000000e-01,5.000000e-01,5.000000e-01,3.711064e-03,5.000000e-01,5.000000e-01,5.000000e-01,5.000000e-01,5.000000e-01,5.000000e-01,5.000000e-01,5.000000e-01,5.000000e-01,5.000000e-01,5.000000e-01,5.000000e-01,5.000000e-01,5.000000e-01,5.000000e-01,5.000000e-01,5.000000e-01,5.000000e-01,5.000000e-01,5.000000e-01,5.000000e-01,5.000000e-01,5.000000e-01,0.000000e+00,0.000000e+00,0.000000e+00,0.000000e+00,1.532383e-02,0.000000e+00,0.000000e+00,0.000000e+00,0.000000e+00,0.000000e+00,0.000000e+00,0.000000e+00,0.000000e+00,0.000000e+00,0.000000e+00,0.000000e+00,0.000000e+00,0.000000e+00,0.000000e+00,0.000000e+00,0.000000e+00,0.000000e+00,0.000000e+00,0.000000e+00,0.000000e+00,0.000000e+00,0.000000e+00,0.000000e+00
8.640000e+01,5,5.000000e-01,5.000000e-01,5.000000e-01,5.000000e-01,1.330422e-02,4.042388e-03,5.000000e-01,5.000000e-01,5.000000e-01,5.000000e-01,5.000000e-01,5.000000e-01,5.000000e-01,5.000000e-01,5.000000e-01,5.000000e-01,5.000000e-01,5.000000e-01,5.000000e-01,5.000000e-01,5.000000e-01,5.000000e-01,5.000000e-01,5.000000e-01,5.000000e-01,5.000000e-01,5.000000e-01,5.000000e-01,0.000000e+00,0.000000e+00,0.000000e+00,0.000000e+00,6.664070e-06,1.174372e-02,0.000000e+00,0.000000e+00,0.000000e+00,0.000000e+00,0.000000e+00,0.000000e+00,0.000000e+00,0.000000e+00,0.000000e+00,0.000000e+00,0.000000e+00,0.000000e+00,0.000000e+00,0.000000e+00,0.000000e+00,0.000000e+00,0.000000e+00,0.000000e+00,0.000000e+00,0.000000e+00,0.000000e+00,0.000000e+00
8.650000e+01,4,5.000000e-01,5.000000e-01,5.000000e-01,5.000000e-01,9.778885e-05,2.207758e-02,5.000000e-01,5.000000e-01,5.000000e-01,5.000000e-01,5.000000e-01,5.000000e-01,5.000000e-01,5.000000e-01,5.000000e-01,5.000000e-01,5.000000e-01,5.000000e-01,5.000000e-01,5.000000e-01,5.000000e-01,5.000000e-01,5.000000e-01,5.000000e-01,5.000000e-01,5.000000e-01,5.000000e-01,5.000000e-01,0.000000e+00,0.000000e+00,0.000000e+00,0.000000e+00,2.774242e-01,5.255850e-09,0.000000e+00,0.000000e+00,0.000000e+00,0.000000e+00,0.000000e+00,0.000000e+00,0.000000e+00,0.000000e+00,0.000000e+00,0.000000e+00,0.000000e+00,0.000000e+00,0.000000e+00,0.000000e+00,0.000000e+00,0.000000e+00,0.000000e+00,0.000000e+00,0.000000e+00,0.000000e+00,0.000000e+00,0.000000e+00
8.660000e+01,4,5.000000e-01,5.000000e-01,5.000000e-01,5.000000e-01,1.179609e-16,5.000000e-01,5.000000e-01,5.000000e-01,5.000000e-01,5.000000e-01,5.000000e-01,5.000000e-01,5.000000e-01,5.000000e-01,5.000000e-01,5.000000e-01,5.000000e-01,5.000000e-01,5.000000e-01,5.000000e-01,5.000000e-01,5.000000e-01,5.000000e-01,5.000000e-01,5.000000e-01,5.000000e-01,5.000000e-01,5.000000e-01,0.000000e+00,0.000000e+00,0.000000e+00,0.000000e+00,3.000000e-01,0.000000e+00,0.000000e+00,0.000000e+00,0.000000e+00,0.000000e+00,0.000000e+00,0.000000e+00,0.000000e+00,0.000000e+00,0.000000e+00,0.000000e+00,0.000000e+00,0.000000e+00,0.000000e+00,0.000000e+00,0.000000e+00,0.000000e+00,0.000000e+00,0.000000e+00,0.000000e+00,0.000000e+00,0.000000e+00,0.000000e+00
8.670000e+01,4,5.000000e-01,5.000000e-01,5.000000e-01,5.000000e-01,2.703801e-12,5.000000e-01,5.000000e-01,5.000000e-01,5.000000e-01,5.000000e-01,5.000000e-01,5.000000e-01,5.000000e-01,5.000000e-01,5.000000e-01,5.000000e-01,5.000000e-01,5.000000e-01,5.000000e-01,5.000000e-01,5.000000e-01,5.000000e-01,5.000000e-01,5.000000e-01,5.000000e-01,5.000000e-01,5.000000e-01,5.000000e-01,0.000000e+00,0.000000e+00,0.000000e+00,0.000000e+00,3.000000e-01,0.000000e+00,0.000000e+00,0.000000e+00,0.000000e+00,0.000000e+00,0.000000e+00,0.000000e+00,0.000000e+00,0.000000e+00,0.000000e+00,0.000000e+00,0.000000e+00,0.000000e+00,0.000000e+00,0.000000e+00,0.000000e+00,0.000000e+00,0.000000e+00,0.000000e+00,0.000000e+00,0.000000e+00,0.000000e+00,0.000000e+00
8.680000e+01,4,5.000000e-01,5.000000e-01,5.000000e-01,2.177028e-02,5.561059e-03,5.000000e-01,5.000000e-01,5.000000e-01,5.000000e-01,5.000000e-01,5.000000e-01,5.000000e-01,5.000000e-01,5.000000e-01,5.000000e-01,5.000000e-01,5.000000e-01,5.000000e-01,5.000000e-01,5.000000e-01,5.000000e-01,5.000000e-01,5.000000e-01,5.000000e-01,5.000000e-01,5.000000e-01,5.000000e-01,5.000000e-01,0.000000e+00,0.000000e+00,0.000000e+00,6.757769e-09,3.464328e-03,0.000000e+00,0.000000e+00,0.000000e+00,0.000000e+00,0.000000e+00,0.000000e+00,0.000000e+00,0.000000e+00,0.000000e+00,0.000000e+00,0.000000e+00,0.000000e+00,0.000000e+00,0.000000e+00,0.000000e+00,0.000000e+00,0.000000e+00,0.000000e+00,0.000000e+00,0.000000e+00,0.000000e+00,0.000000e+00,0.000000e+00
8.690000e+01,3,5.000000e-01,5.000000e-01,5.000000e-01,8.911625e-05,1.863180e-04,5.000000e-01,5.000000e-01,5.000000e-01,5.000000e-01,5.000000e-01,5.000000e-01,5.000000e-01,5.000000e-01,5.000000e-01,5.000000e-01,5.000000e-01,5.000000e-01,5.000000e-01,5.000000e-01,5.000000e-01,5.000000e-01,5.000000e-01,5.000000e-01,5.000000e-01,5.000000e-01,5.000000e-01,5.000000e-01,5.000000e-01,0.000000e+00,0.000000e+00,0.000000e+00,2.793558e-01,2.584531e-01,0.000000e+00,0.000000e+00,0.000000e+00,0.000000e+00,0.000000e+00,0.000000e+00,0.000000e+00,0.000000e+00,0.000000e+00,0.000000e+00,0.000000e+00,0.000000e+00,0.000000e+00,0.000000e+00,0.000000e+00,0.000000e+00,0.000000e+00,0.000000e+00,0.000000e+00,0.000000e+00,0.000000e+00,0.000000e+00,0.000000e+00
8.700000e+01,3,5.000000e-01,5.000000e-01,5.000000e-01,8.075715e-04,1.070778e-03,5.000000e-01,5.000000e-01,5.000000e-01,5.000000e-01,5.000000e-01,5.000000e-01,5.000000e-01,5.000000e-01,5.000000e-01,5.000000e-01,5.000000e-01,5.000000e-01,5.000000e-01,5.000000e-01,5.000000e-01,5.000000e-01,5.000000e-01,5.000000e-01,5.000000e-01,5.000000e-01,5.000000e-01,5.000000e-01,5.000000e-01,0.000000e+00,0.000000e+00,0.000000e+00,1.571914e-01,1.273197e-01,0.000000e+00,0.000000e+00,0.000000e+00,0.000000e+00,0.000000e+00,0.000000e+00,0.000000e+00,0.000000e+00,0.000000e+00,0.000000e+00,0.000000e+00,0.000000e+00,0.000000e+00,0.000000e+00,0.000000e+00,0.000000e+00,0.000000e+00,0.000000e+00,0.000000e+00,0.000000e+00,0.000000e+00,0.000000e+00,0.000000e+00
8.710000e+01,3,5.000000e-01,5.000000e-01,5.000000e-01,1.129325e-05,8.274834e-04,5.000000e-01,5.000000e-01,5.000000e-01,5.000000e-01,5.000000e-01,5.000000e-01,5.000000e-01,5.000000e-01,5.000000e-01,5.000000e-01,5.000000e-01,5.000000e-01,5.000000e-01,5.000000e-01,5.000000e-01,5.000000e-01,5.000000e-01,5.000000e-01,5.000000e-01,5.000000e-01,5.000000e-01,5.000000e-01,5.000000e-01,0.000000e+00,0.000000e+00,0.000000e+00,2.973018e-01,1.547052e-01,0.000000e+00,0.000000e+00,0.000000e+00,0.000000e+00,0.000000e+00,0.000000e+00,0.000000e+00,0.000000e+00,0.000000e+00,0.000000e+00,0.000000e+00,0.000000e+00,0.000000e+00,0.000000e+00,0.000000e+00,0.000000e+00,0.000000e+00,0.000000e+00,0.000000e+00,0.000000e+00,0.000000e+00,0.000000e+00,0.000000e+00
8.720000e+01,3,5.000000e-01,5.000000e-01,5.000000e-01,1.021501e-03,2.294352e-02,5.000000e-01,5.000000e-01,5.000000e-01,5.000000e-01,5.000000e-01,5.000000e-01,5.000000e-01,5.000000e-01,5.000000e-01,5.000000e-01,5.000000e-01,5.000000e-01,5.000000e-01,5.000000e-01,5.000000e-01,5.000000e-01,5.000000e-01,5.000000e-01,5.000000e-01,5.000000e-01,5.000000e-01,5.000000e-01,5.000000e-01,0.000000e+00,0.000000e+00,0.000000e+00,1.324446e-01,2.587358e-09,0.000000e+00,0.000000e+00,0.000000e+00,0.000000e+00,0.000000e+00,0.000000e+00,0.000000e+00,0.000000e+00,0.000000e+00,0.000000e+00,0.000000e+00,0.000000e+00,0.000000e+00,0.000000e+00,0.000000e+00,0.000000e+00,0.000000e+00,0.000000e+00,0.000000e+00,0.000000e+00,0.000000e+00,0.000000e+00,0.000000e+00
8.730000e+01,3,5.000000e-01,5.000000e-01,5.000000e-01,2.438703e-05,2.118701e-04,5.000000e-01,5.000000e-01,5.000000e-01,5.000000e-01,5.000000e-01,5.000000e-01,5.000000e-01,5.000000e-01,5.000000e-01,5.000000e-01,5.000000e-01,5.000000e-01,5.000000e-01,5.000000e-01,5.000000e-01,5.000000e-01,5.000000e-01,5.000000e-01,5.000000e-01,5.000000e-01,5.000000e-01,5.000000e-01,5.000000e-01,0.000000e+00,0.000000e+00,0.000000e+00,2.942038e-01,2.532225e-01,0.000000e+00,0.000000e+00,0.000000e+00,0.000000e+00,0.000000e+00,0.000000e+00,0.000000e+00,0.000000e+00,0.000000e+00,0.000000e+00,0.000000e+00,0.000000e+00,0.000000e+00,0.000000e+00,0.000000e+00,0.000000e+00,0.000000e+00,0.000000e+00,0.000000e+00,0.000000e+00,0.000000e+00,0.000000e+00,0.000000e+00
8.740000e+01,3,5.000000e-01,5.000000e-01,5.000000e-01,3.221185e-03,4.088031e-03,5.000000e-01,5.000000e-01,5.000000e-01,5.000000e-01,5.000000e-01,5.000000e-01,5.000000e-01,5.000000e-01,5.000000e-01,5.000000e-01,5.000000e-01,5.000000e-01,5.000000e-01,5.000000e-01,5.000000e-01,5.000000e-01,5.000000e-01,5.000000e-01,5.000000e-01,5.000000e-01,5.000000e-01,5.000000e-01,5.000000e-01,0.000000e+00,0.000000e+00,0.000000e+00,2.270705e-02,1.132094e-02,0.000000e+00,0.000000e+00,0.000000e+00,0.000000e+00,0.000000e+00,0.000000e+00,0.000000e+00,0.000000e+00,0.000000e+00,0.000000e+00,0.000000e+00,0.000000e+00,0.000000e+00,0.000000e+00,0.000000e+00,0.000000e+00,0.000000e+00,0.000000e+00,0.000000e+00,0.000000e+00,0.000000e+00,0.000000e+00,0.000000e+00
8.750000e+01,-1,5.000000e-01,5.000000e-01,5.000000e-01,5.000000e-01,5.000000e-01,5.000000e-01,5.000000e-01,5.000000e-01,5.000000e-01,5.000000e-01,5.000000e-01,5.000000e-01,5.000000e-01,5.000000e-01,5.000000e-01,5.000000e-01,5.000000e-01,5.000000e-01,5.000000e-01,5.000000e-01,5.000000e-01,5.000000e-01,5.000000e-01,5.000000e-01,5.000000e-01,5.000000e-01,5.000000e-01,5.000000e-01,0.000000e+00,0.000000e+00,0.000000e+00,0.000000e+00,0.000000e+00,0.000000e+00,0.000000e+00,0.000000e+00,0.000000e+00,0.000000e+00,0.000000e+00,0.000000e+00,0.000000e+00,0.000000e+00,0.000000e+00,0.000000e+00,0.000000e+00,0.000000e+00,0.000000e+00,0.000000e+00,0.000000e+00,0.000000e+00,0.000000e+00,0.000000e+00,0.000000e+00,0.000000e+00,0.000000e+00,0.000000e+00
8.760000e+01,-1,5.000000e-01,5.000000e-01,5.000000e-01,5.000000e-01,5.000000e-01,5.000000e-01,5.000000e-01,5.000000e-01,5.000000e-01,5.000000e-01,5.000000e-01,5.000000e-01,5.000000e-01,5.000000e-01,5.000000e-01,5.000000e-01,5.000000e-01,5.000000e-01,5.000000e-01,5.000000e-01,5.000000e-01,5.000000e-01,5.000000e-01,5.000000e-01,5.000000e-01,5.000000e-01,5.000000e-01,5.000000e-01,0.000000e+00,0.000000e+00,0.000000e+00,0.000000e+00,0.000000e+00,0.000000e+00,0.000000e+00,0.000000e+00,0.000000e+00,0.000000e+00,0.000000e+00,0.000000e+00,0.000000e+00,0.000000e+00,0.000000e+00,0.000000e+00,0.000000e+00,0.000000e+00,0.000000e+00,0.000000e+00,0.000000e+00,0.000000e+00,0.000000e+00,0.000000e+00,0.000000e+00,0.000000e+00,0.000000e+00,0.000000e+00
8.770000e+01,4,5.000000e-01,5.000000e-01,5.000000e-01,5.000000e-01,3.545646e-02,5.000000e-01,5.000000e-01,5.000000e-01,5.000000e-01,5.000000e-01,5.000000e-01,4.713111e-02,5.000000e-01,5.000000e-01,5.000000e-01,5.000000e-01,5.000000e-01,5.000000e-01,5.000000e-01,5.000000e-01,5.000000e-01,5.000000e-01,5.000000e-01,5.000000e-01,5.000000e-01,5.000000e-01,5.000000e-01,5.000000e-01,0.000000e+00,0.000000e+00,0.000000e+00,0.000000e+00,8.603118e-14,0.000000e+00,0.000000e+00,0.000000e+00,0.000000e+00,0.000000e+00,0.000000e+00,0.000000e+00,0.000000e+00,0.000000e+00,0.000000e+00,0.000000e+00,0.000000e+00,0.000000e+00,0.000000e+00,0.000000e+00,0.000000e+00,0.000000e+00,0.000000e+00,0.000000e+00,0.000000e+00,0.000000e+00,0.000000e+00,0.000000e+00
8.780000e+01,4,5.000000e-01,5.000000e-01,5.000000e-01,5.000000e-01,3.049742e-03,5.000000e-01,5.000000e-01,5.000000e-01,5.000000e-01,5.000000e-01,5.000000e-01,5.000000e-01,5.000000e-01,5.000000e-01,5.000000e-01,5.000000e-01,5.000000e-01,5.000000e-01,5.000000e-01,5.000000e-01,5.000000e-01,5.000000e-01,5.000000e-01,5.000000e-01,5.000000e-01,5.000000e-01,5.000000e-01,5.000000e-01,0.000000e+00,0.000000e+00,0.000000e+00,0.000000e+00,2.605634e-02,0.000000e+00,0.000000e+00,0.000000e+00,0.000000e+00,0.000000e+00,0.000000e+00,0.000000e+00,0.000000e+00,0.000000e+00,0.000000e+00,0.000000e+00,0.000000e+00,0.000000e+00,0.000000e+00,0.000000e+00,0.000000e+00,0.000000e+00,0.000000e+00,0.000000e+00,0.000000e+00,0.000000e+00,0.000000e+00,0.000000e+00
8.790000e+01,3,5.000000e-01,5.000000e-01,5.000000e-01,3.075920e-02,4.704116e-02,5.000000e-01,5.000000e-01,5.000000e-01,5.000000e-01,5.000000e-01,5.000000e-01,5.000000e-01,5.000000e-01,5.000000e-01,5.000000e-01,5.000000e-01,5.000000e-01,5.000000e-01,5.000000e-01,5.000000e-01,5.000000e-01,5.000000e-01,5.000000e-01,5.000000e-01,5.000000e-01,5.000000e-01,5.000000e-01,5.000000e-01,0.000000e+00,0.000000e+00,0.000000e+00,4.192480e-12,0.000000e+00,0.000000e+00,0.000000e+00,0.000000e+00,0.000000e+00,0.000000e+00,0.000000e+00,0.000000e+00,0.000000e+00,0.000000e+00,0.000000e+00,0.000000e+00,0.000000e+00,0.000000e+00,0.000000e+00,0.000000e+00,0.000000e+00,0.000000e+00,0.000000e+00,0.000000e+00,0.000000e+00,0.000000e+00,0.000000e+00,0.000000e+00
8.800000e+01,3,5.000000e-01,5.000000e-01,5.000000e-01,1.160933e-11,5.000000e-01,5.000000e-01,5.000000e-01,5.000000e-01,5.000000e-01,5.000000e-01,5.000000e-01,5.000000e-01,5.000000e-01,5.000000e-01,5.000000e-01,5.000000e-01,5.000000e-01,5.000000e-01,5.000000e-01,5.000000e-01,5.000000e-01,5.000000e-01,5.000000e-01,5.000000e-01,5.000000e-01,5.000000e-01,5.000000e-01,5.000000e-01,0.000000e+00,0.000000e+00,0.000000e+00,3.000000e-01,0.000000e+00,0.000000e+00,0.000000e+00,0.000000e+00,0.000000e+00,0.000000e+00,0.000000e+00,0.000000e+00,0.000000e+00,0.000000e+00,0.000000e+00,0.000000e+00,0.000000e+00,0.000000e+00,0.000000e+00,0.000000e+00,0.000000e+00,0.000000e+00,0.000000e+00,0.000000e+00,0.000000e+00,0.000000e+00,0.000000e+00,0.000000e+00
8.810000e+01,3,5.000000e-01,5.000000e-01,5.000000e-01,3.528283e-43,5.000000e-01,5.000000e-01,5.000000e-01,5.000000e-01,5.000000e-01,5.000000e-01,5.000000e-01,5.000000e-01,5.000000e-01,5.000000e-01,5.000000e-01,5.000000e-01,5.000000e-01,5.000000e-01,5.000000e-01,5.000000e-01,5.000000e-01,5.000000e-01,5.000000e-01,5.000000e-01,5.000000e-01,5.000000e-01,5.000000e-01,5.000000e-01,0.000000e+00,0.000000e+00,0.000000e+00,3.000000e-01,0.000000e+00,0.000000e+00,0.000000e+00,0.000000e+00,0.000000e+00,0.000000e+00,0.000000e+00,0.000000e+00,0.000000e+00,0.000000e+00,0.000000e+00,0.000000e+00,0.000000e+00,0.000000e+00,0.000000e+00,0.000000e+00,0.000000e+00,0.000000e+00,0.000000e+00,0.000000e+00,0.000000e+00,0.000000e+00,0.000000e+00,0.000000e+00
8.820000e+01,3,5.000000e-01,5.000000e-01,5.000000e-01,6.380703e-13,5.000000e-01,5.000000e-01,5.000000e-01,5.000000e-01,5.000000e-01,5.000000e-01,5.000000e-01,5.000000e-01,5.000000e-01,5.000000e-01,5.000000e-01,5.000000e-01,5.000000e-01,5.000000e-01,5.000000e-01,5.000000e-01,5.000000e-01,5.000000e-01,5.000000e-01,5.000000e-01,5.000000e-01,5.000000e-01,5.000000e-01,5.000000e-01,0.000000e+00,0.000000e+00,0.000000e+00,3.000000e-01,0.000000e+00,0.000000e+00,0.000000e+00,0.000000e+00,0.000000e+00,0.000000e+00,0.000000e+00,0.000000e+00,0.000000e+00,0.000000e+00,0.000000e+00,0.000000e+00,0.000000e+00,0.000000e+00,0.000000e+00,0.000000e+00,0.000000e+00,0.000000e+00,0.000000e+00,0.000000e+00,0.000000e+00,0.000000e+00,0.000000e+00,0.000000e+00
8.830000e+01,3,5.000000e-01,5.000000e-01,5.000000e-01,3.362558e-02,5.000000e-01,5.000000e-01,5.000000e-01,5.000000e-01,5.000000e-01,5.000000e-01,5.000000e-01,5.000000e-01,5.000000e-01,5.000000e-01,5.000000e-01,5.000000e-01,5.000000e-01,5.000000e-01,5.000000e-01,5.000000e-01,5.000000e-01,5.000000e-01,5.000000e-01,5.000000e-01,5.000000e-01,5.000000e-01,5.000000e-01,5.000000e-01,0.000000e+00,0.000000e+00,0.000000e+00,3.921530e-13,0.000000e+00,0.000000e+00,0.000000e+00,0.000000e+00,0.000000e+00,0.000000e+00,0.000000e+00,0.000000e+00,0.000000e+00,0.000000e+00,0.000000e+00,0.000000e+00,0.000000e+00,0.000000e+00,0.000000e+00,0.000000e+00,0.000000e+00,0.000000e+00,0.000000e+00,0.000000e+00,0.000000e+00,0.000000e+00,0.000000e+00,0.000000e+00
8.840000e+01,10,5.000000e-01,5.000000e-01,5.000000e-01,5.000000e-01,5.000000e-01,5.000000e-01,5.000000e-01,5.000000e-01,5.000000e-01,5.000000e-01,4.337937e-03,5.000000e-01,5.000000e-01,5.000000e-01,5.000000e-01,5.000000e-01,5.000000e-01,5.000000e-01,5.000000e-01,5.000000e-01,5.000000e-01,5.000000e-01,5.000000e-01,5.000000e-01,5.000000e-01,5.000000e-01,5.000000e-01,5.000000e-01,0.000000e+00,0.000000e+00,0.000000e+00,0.000000e+00,0.000000e+00,0.000000e+00,0.000000e+00,0.000000e+00,0.000000e+00,0.000000e+00,9.261668e-03,0.000000e+00,0.000000e+00,0.000000e+00,0.000000e+00,0.000000e+00,0.000000e+00,0.000000e+00,0.000000e+00,0.000000e+00,0.000000e+00,0.000000e+00,0.000000e+00,0.000000e+00,0.000000e+00,0.000000e+00,0.000000e+00,0.000000e+00
8.850000e+01,10,5.000000e-01,5.000000e-01,5.000000e-01,5.000000e-01,5.000000e-01,5.000000e-01,5.000000e-01,5.000000e-01,5.000000e-01,5.000000e-01,7.109939e-20,5.000000e-01,5.000000e-01,5.000000e-01,5.000000e-01,5.000000e-01,5.000000e-01,5.000000e-01,5.000000e-01,5.000000e-01,5.000000e-01,5.000000e-01,5.000000e-01,5.000000e-01,5.000000e-01,5.000000e-01,5.000000e-01,5.000000e-01,0.000000e+00,0.000000e+00,0.000000e+00,0.000000e+00,0.000000e+00,0.000000e+00,0.000000e+00,0.000000e+00,0.000000e+00,0.000000e+00,3.000000e-01,0.000000e+00,0.000000e+00,0.000000e+00,0.000000e+00,0.000000e+00,0.000000e+00,0.000000e+00,0.000000e+00,0.000000e+00,0.000000e+00,0.000000e+00,0.000000e+00,0.000000e+00,0.000000e+00,0.000000e+00,0.000000e+00,0.000000e+00
8.860000e+01,10,5.000000e-01,5.000000e-01,5.000000e-01,5.000000e-01,5.000000e-01,5.000000e-01,5.000000e-01,5.000000e-01,5.000000e-01,5.000000e-01,6.040101e-03,5.000000e-01,5.000000e-01,5.000000e-01,5.000000e-01,5.000000e-01,5.000000e-01,5.000000e-01,5.000000e-01,5.000000e-01,5.000000e-01,5.000000e-01,5.000000e-01,5.000000e-01,5.000000e-01,5.000000e-01,5.000000e-01,5.000000e-01,0.000000e+00,0.000000e+00,0.000000e+00,0.000000e+00,0.000000e+00,0.000000e+00,0.000000e+00,0.000000e+00,0.000000e+00,0.000000e+00,2.356198e-03,0.000000e+00,0.000000e+00,0.000000e+00,0.000000e+00,0.000000e+00,0.000000e+00,0.000000e+00,0.000000e+00,0.000000e+00,0.000000e+00,0.000000e+00,0.000000e+00,0.000000e+00,0.000000e+00,0.000000e+00,0.000000e+00,0.000000e+00
8.870000e+01,3,5.000000e-01,5.000000e-01,5.000000e-01,2.933325e-04,5.000000e-01,5.000000e-01,5.000000e-01,5.000000e-01,5.000000e-01,5.000000e-01,5.000000e-01,5.000000e-01,5.000000e-01,5.000000e-01,5.000000e-01,5.000000e-01,5.000000e-01,5.000000e-01,5.000000e-01,5.000000e-01,5.000000e-01,5.000000e-01,5.000000e-01,5.000000e-01,5.000000e-01,5.000000e-01,5.000000e-01,5.000000e-01,0.000000e+00,0.000000e+00,0.000000e+00,2.372423e-01,0.000000e+00,0.000000e+00,0.000000e+00,0.000000e+00,0.000000e+00,0.000000e+00,0.000000e+00,0.000000e+00,0.000000e+00,0.000000e+00,0.000000e+00,0.000000e+00,0.000000e+00,0.000000e+00,0.000000e+00,0.000000e+00,0.000000e+00,0.000000e+00,0.000000e+00,0.000000e+00,0.000000e+00,0.000000e+00,0.000000e+00,0.000000e+00
8.880000e+01,3,5.000000e-01,5.000000e-01,5.000000e-01,6.993759e-28,5.000000e-01,5.000000e-01,5.000000e-01,5.000000e-01,5.000000e-01,5.000000e-01,5.000000e-01,5.000000e-01,5.000000e-01,5.000000e-01,5.000000e-01,5.000000e-01,5.000000e-01,5.000000e-01,5.000000e-01,5.000000e-01,5.000000e-01,5.000000e-01,5.000000e-01,5.000000e-01,5.000000e-01,5.000000e-01,5.000000e-01,5.000000e-01,0.000000e+00,0.000000e+00,0.000000e+00,3.000000e-01,0.000000e+00,0.000000e+00,0.000000e+00,0.000000e+00,0.000000e+00,0.000000e+00,0.000000e+00,0.000000e+00,0.000000e+00,0.000000e+00,0.000000e+00,0.000000e+00,0.000000e+00,0.000000e+00,0.000000e+00,0.000000e+00,0.000000e+00,0.000000e+00,0.000000e+00,0.000000e+00,0.000000e+00,0.000000e+00,0.000000e+00,0.000000e+00
8.890000e+01,3,5.000000e-01,5.000000e-01,5.000000e-01,1.112004e-41,5.000000e-01,5.000000e-01,5.000000e-01,5.000000e-01,5.000000e-01,5.000000e-01,5.000000e-01,5.000000e-01,5.000000e-01,5.000000e-01,5.000000e-01,5.000000e-01,5.000000e-01,5.000000e-01,5.000000e-01,5.000000e-01,5.000000e-01,5.000000e-01,5.000000e-01,5.000000e-01,5.000000e-01,5.000000e-01,5.000000e-01,5.000000e-01,0.000000e+00,0.000000e+00,0.000000e+00,3.000000e-01,0.000000e+00,0.000000e+00,0.000000e+00,0.000000e+00,0.000000e+00,0.000000e+00,0.000000e+00,0.000000e+00,0.000000e+00,0.000000e+00,0.000000e+00,0.000000e+00,0.000000e+00,0.000000e+00,0.000000e+00,0.000000e+00,0.000000e+00,0.000000e+00,0.000000e+00,0.000000e+00,0.000000e+00,0.000000e+00,0.000000e+00,0.000000e+00
8.900000e+01,3,5.000000e-01,5.000000e-01,5.999310e-03,1.021621e-07,5.000000e-01,5.000000e-01,5.000000e-01,5.000000e-01,5.000000e-01,5.000000e-01,5.000000e-01,5.000000e-01,5.000000e-01,5.000000e-01,5.000000e-01,5.000000e-01,5.000000e-01,5.000000e-01,5.000000e-01,5.000000e-01,5.000000e-01,5.000000e-01,5.000000e-01,5.000000e-01,5.000000e-01,5.000000e-01,5.000000e-01,5.000000e-01,0.000000e+00,0.000000e+00,2.434837e-03,2.999755e-01,0.000000e+00,0.000000e+00,0.000000e+00,0.000000e+00,0.000000e+00,0.000000e+00,0.000000e+00,0.000000e+00,0.000000e+00,0.000000e+00,0.000000e+00,0.000000e+00,0.000000e+00,0.000000e+00,0.000000e+00,0.000000e+00,0.000000e+00,0.000000e+00,0.000000e+00,0.000000e+00,0.000000e+00,0.000000e+00,0.000000e+00,0.000000e+00
8.910000e+01,2,5.000000e-01,5.000000e-01,4.016303e-10,5.000000e-01,5.000000e-01,5.000000e-01,5.000000e-01,5.000000e-01,5.000000e-01,5.000000e-01,5.000000e-01,5.000000e-01,5.000000e-01,5.000000e-01,5.000000e-01,5.000000e-01,5.000000e-01,5.000000e-01,5.000000e-01,5.000000e-01,5.000000e-01,5.000000e-01,5.000000e-01,5.000000e-01,5.000000e-01,5.000000e-01,5.000000e-01,5.000000e-01,0.000000e+00,0.000000e+00,2.999999e-01,0.000000e+00,0.000000e+00,0.000000e+00,0.000000e+00,0.000000e+00,0.000000e+00,0.000000e+00,0.000000e+00,0.000000e+00,0.000000e+00,0.000000e+00,0.000000e+00,0.000000e+00,0.000000e+00,0.000000e+00,0.000000e+00,0.000000e+00,0.000000e+00,0.000000e+00,0.000000e+00,0.000000e+00,0.000000e+00,0.000000e+00,0.000000e+00,0.000000e+00
8.920000e+01,2,5.000000e-01,5.000000e-01,4.464087e-09,5.000000e-01,5.000000e-01,5.000000e-01,5.000000e-01,5.000000e-01,5.000000e-01,5.000000e-01,5.000000e-01,5.000000e-01,5.000000e-01,5.000000e-01,5.000000e-01,5.000000e-01,5.000000e-01,5.000000e-01,5.000000e-01,5.000000e-01,5.000000e-01,5.000000e-01,5.000000e-01,5.000000e-01,5.000000e-01,5.000000e-01,5.000000e-01,5.000000e-01,0.000000e+00,0.000000e+00,2.999989e-01,0.000000e+00,0.000000e+00,0.000000e+00,0.000000e+00,0.000000e+00,0.000000e+00,0.000000e+00,0.000000e+00,0.000000e+00,0.000000e+00,0.000000e+00,0.000000e+00,0.000000e+00,0.000000e+00,0.000000e+00,0.000000e+00,0.000000e+00,0.000000e+00,0.000000e+00,0.000000e+00,0.000000e+00,0.000000e+00,0.000000e+00,0.000000e+00,0.000000e+00
8.930000e+01,2,5.000000e-01,5.000000e-01,7.070738e-03,5.000000e-01,5.000000e-01,5.000000e-01,5.000000e-01,5.000000e-01,5.000000e-01,3.877880e-02,5.000000e-01,5.000000e-01,5.000000e-01,5.000000e-01,5.000000e-01,5.000000e-01,5.000000e-01,5.000000e-01,5.000000e-01,5.000000e-01,5.000000e-01,5.000000e-01,5.000000e-01,5.000000e-01,5.000000e-01,5.000000e-01,5.000000e-01,5.000000e-01,0.000000e+00,0.000000e+00,1.027470e-03,0.000000e+00,0.000000e+00,0.000000e+00,0.000000e+00,0.000000e+00,0.000000e+00,5.428991e-15,0.000000e+00,0.000000e+00,0.000000e+00,0.000000e+00,0.000000e+00,0.000000e+00,0.000000e+00,0.000000e+00,0.000000e+00,0.000000e+00,0.000000e+00,0.000000e+00,0.000000e+00,0.000000e+00,0.000000e+00,0.000000e+00,0.000000e+00,0.000000e+00
8.940000e+01,9,5.000000e-01,5.000000e-01,5.000000e-01,5.000000e-01,5.000000e-01,5.000000e-01,5.000000e-01,5.000000e-01,5.000000e-01,3.130997e-04,5.000000e-01,5.000000e-01,5.000000e-01,5.000000e-01,5.000000e-01,5.000000e-01,5.000000e-01,5.000000e-01,5.000000e-01,5.000000e-01,5.000000e-01,5.000000e-01,5.000000e-01,5.000000e-01,5.000000e-01,5.000000e-01,5.000000e-01,5.000000e-01,0.000000e+00,0.000000e+00,0.000000e+00,0.000000e+00,0.000000e+00,0.000000e+00,0.000000e+00,0.000000e+00,0.000000e+00,2.335190e-01,0.000000e+00,0.000000e+00,0.000000e+00,0.000000e+00,0.000000e+00,0.000000e+00,0.000000e+00,0.000000e+00,0.000000e+00,0.000000e+00,0.000000e+00,0.000000e+00,0.000000e+00,0.000000e+00,0.000000e+00,0.000000e+00,0.000000e+00,0.000000e+00
8.950000e+01,9,5.000000e-01,5.000000e-01,5.000000e-01,5.000000e-01,5.000000e-01,5.000000e-01,5.000000e-01,5.000000e-01,5.000000e-01,6.297115e-03,5.000000e-01,5.000000e-01,5.000000e-01,5.000000e-01,5.000000e-01,5.000000e-01,5.000000e-01,5.000000e-01,5.000000e-01,5.000000e-01,5.000000e-01,5.000000e-01,5.000000e-01,5.000000e-01,5.000000e-01,5.000000e-01,5.000000e-01,5.000000e-01,0.000000e+00,0.000000e+00,0.000000e+00,0.000000e+00,0.000000e+00,0.000000e+00,0.000000e+00,0.000000e+00,0.000000e+00,1.915851e-03,0.000000e+00,0.000000e+00,0.000000e+00,0.000000e+00,0.000000e+00,0.000000e+00,0.000000e+00,0.000000e+00,0.000000e+00,0.000000e+00,0.000000e+00,0.000000e+00,0.000000e+00,0.000000e+00,0.000000e+00,0.000000e+00,0.000000e+00,0.000000e+00
8.960000e+01,2,5.000000e-01,5.000000e-01,6.573991e-06,5.000000e-01,5.000000e-01,5.000000e-01,5.000000e-01,5.000000e-01,5.000000e-01,5.000000e-01,5.000000e-01,5.000000e-01,5.000000e-01,5.000000e-01,5.000000e-01,5.000000e-01,5.000000e-01,5.000000e-01,5.000000e-01,5.000000e-01,5.000000e-01,5.000000e-01,5.000000e-01,5.000000e-01,5.000000e-01,5.000000e-01,5.000000e-01,5.000000e-01,0.000000e+00,0.000000e+00,2.984264e-01,0.000000e+00,0.000000e+00,0.000000e+00,0.000000e+00,0.000000e+00,0.000000e+00,0.000000e+00,0.000000e+00,0.000000e+00,0.000000e+00,0.000000e+00,0.000000e+00,0.000000e+00,0.000000e+00,0.000000e+00,0.000000e+00,0.000000e+00,0.000000e+00,0.000000e+00,0.000000e+00,0.000000e+00,0.000000e+00,0.000000e+00,0.000000e+00,0.000000e+00
8.970000e+01,2,5.000000e-01,5.000000e-01,1.682655e-02,5.000000e-01,5.000000e-01,5.000000e-01,5.000000e-01,5.000000e-01,5.000000e-01,2.404731e-02,5.000000e-01,5.000000e-01,5.000000e-01,5.000000e-01,5.000000e-01,5.000000e-01,5.000000e-01,5.000000e-01,5.000000e-01,5.000000e-01,5.000000e-01,5.000000e-01,5.000000e-01,5.000000e-01,5.000000e-01,5.000000e-01,5.000000e-01,5.000000e-01,0.000000e+00,0.000000e+00,3.812725e-07,0.000000e+00,0.000000e+00,0.000000e+00,0.000000e+00,0.000000e+00,0.000000e+00,1.047453e-09,0.000000e+00,0.000000e+00,0.000000e+00,0.000000e+00,0.000000e+00,0.000000e+00,0.000000e+00,0.000000e+00,0.000000e+00,0.000000e+00,0.000000e+00,0.000000e+00,0.000000e+00,0.000000e+00,0.000000e+00,0.000000e+00,0.000000e+00,0.000000e+00
8.980000e+01,9,5.000000e-01,5.000000e-01,5.000000e-01,5.000000e-01,5.000000e-01,5.000000e-01,5.000000e-01,5.000000e-01,5.000000e-01,3.095788e-13,5.000000e-01,5.000000e-01,5.000000e-01,5.000000e-01,5.000000e-01,5.000000e-01,5.000000e-01,5.000000e-01,5.000000e-01,5.000000e-01,5.000000e-01,5.000000e-01,5.000000e-01,5.000000e-01,5.000000e-01,5.000000e-01,5.000000e-01,5.000000e-01,0.000000e+00,0.000000e+00,0.000000e+00,0.000000e+00,0.000000e+00,0.000000e+00,0.000000e+00,0.000000e+00,0.000000e+00,3.000000e-01,0.000000e+00,0.000000e+00,0.000000e+00,0.000000e+00,0.000000e+00,0.000000e+00,0.000000e+00,0.000000e+00,0.000000e+00,0.000000e+00,0.000000e+00,0.000000e+00,0.000000e+00,0.000000e+00,0.000000e+00,0.000000e+00,0.000000e+00,0.000000e+00
8.990000e+01,9,5.000000e-01,5.000000e-01,5.000000e-01,5.000000e-01,5.000000e-01,5.000000e-01,5.000000e-01,5.000000e-01,5.000000e-01,1.426796e-03,5.000000e-01,5.000000e-01,5.000000e-01,5.000000e-01,5.000000e-01,5.000000e-01,5.000000e-01,5.000000e-01,5.000000e-01,5.000000e-01,5.000000e-01,5.000000e-01,5.000000e-01,5.000000e-01,5.000000e-01,5.000000e-01,5.000000e-01,5.000000e-01,0.000000e+00,0.000000e+00,0.000000e+00,0.000000e+00,0.000000e+00,0.000000e+00,0.000000e+00,0.000000e+00,0.000000e+00,9.572992e-02,0.000000e+00,0.000000e+00,0.000000e+00,0.000000e+00,0.000000e+00,0.000000e+00,0.000000e+00,0.000000e+00,0.000000e+00,0.000000e+00,0.000000e+00,0.000000e+00,0.000000e+00,0.000000e+00,0.000000e+00,0.000000e+00,0.000000e+00,0.000000e+00
9.000000e+01,2,5.000000e-01,5.000000e-01,1.092397e-08,5.000000e-01,5.000000e-01,5.000000e-01,5.000000e-01,5.000000e-01,5.000000e-01,5.000000e-01,5.000000e-01,5.000000e-01,5.000000e-01,5.000000e-01,5.000000e-01,5.000000e-01,5.000000e-01,5.000000e-01,5.000000e-01,5.000000e-01,5.000000e-01,5.000000e-01,5.000000e-01,5.000000e-01,5.000000e-01,5.000000e-01,5.000000e-01,5.000000e-01,0.000000e+00,0.000000e+00,2.999974e-01,0.000000e+00,0.000000e+00,0.000000e+00,0.000000e+00,0.000000e+00,0.000000e+00,0.000000e+00,0.000000e+00,0.000000e+00,0.000000e+00,0.000000e+00,0.000000e+00,0.000000e+00,0.000000e+00,0.000000e+00,0.000000e+00,0.000000e+00,0.000000e+00,0.000000e+00,0.000000e+00,0.000000e+00,0.000000e+00,0.000000e+00,0.000000e+00,0.000000e+00
9.010000e+01,2,5.000000e-01,5.000000e-01,1.791309e-25,5.000000e-01,5.000000e-01,5.000000e-01,5.000000e-01,5.000000e-01,5.000000e-01,5.000000e-01,5.000000e-01,5.000000e-01,5.000000e-01,5.000000e-01,5.000000e-01,5.000000e-01,5.000000e-01,5.000000e-01,5.000000e-01,5.000000e-01,5.000000e-01,5.000000e-01,5.000000e-01,5.000000e-01,5.000000e-01,5.000000e-01,5.000000e-01,5.000000e-01,0.000000e+00,0.000000e+00,3.000000e-01,0.000000e+00,0.000000e+00,0.000000e+00,0.000000e+00,0.000000e+00,0.000000e+00,0.000000e+00,0.000000e+00,0.000000e+00,0.000000e+00,0.000000e+00,0.000000e+00,0.000000e+00,0.000000e+00,0.000000e+00,0.000000e+00,0.000000e+00,0.000000e+00,0.000000e+00,0.000000e+00,0.000000e+00,0.000000e+00,0.000000e+00,0.000000e+00,0.000000e+00
9.020000e+01,2,5.000000e-01,3.072244e-02,5.026705e-13,5.000000e-01,5.000000e-01,5.000000e-01,5.000000e-01,5.000000e-01,5.000000e-01,5.000000e-01,5.000000e-01,5.000000e-01,5.000000e-01,5.000000e-01,5.000000e-01,5.000000e-01,5.000000e-01,5.000000e-01,5.000000e-01,5.000000e-01,5.000000e-01,5.000000e-01,5.000000e-01,5.000000e-01,5.000000e-01,5.000000e-01,5.000000e-01,5.000000e-01,0.000000e+00,4.321643e-12,3.000000e-01,0.000000e+00,0.000000e+00,0.000000e+00,0.000000e+00,0.000000e+00,0.000000e+00,0.000000e+00,0.000000e+00,0.000000e+00,0.000000e+00,0.000000e+00,0.000000e+00,0.000000e+00,0.000000e+00,0.000000e+00,0.000000e+00,0.000000e+00,0.000000e+00,0.000000e+00,0.000000e+00,0.000000e+00,0.000000e+00,0.000000e+00,0.000000e+00,0.000000e+00
9.030000e+01,1,5.000000e-01,5.556680e-04,1.855280e-03,5.000000e-01,5.000000e-01,5.000000e-01,5.000000e-01,5.000000e-01,5.000000e-01,5.000000e-01,5.000000e-01,5.000000e-01,5.000000e-01,5.000000e-01,5.000000e-01,5.000000e-01,5.000000e-01,5.000000e-01,5.000000e-01,5.000000e-01,5.000000e-01,5.000000e-01,5.000000e-01,5.000000e-01,5.000000e-01,5.000000e-01,5.000000e-01,5.000000e-01,0.000000e+00,1.923131e-01,6.790975e-02,0.000000e+00,0.000000e+00,0.000000e+00,0.000000e+00,0.000000e+00,0.000000e+00,0.000000e+00,0.000000e+00,0.000000e+00,0.000000e+00,0.000000e+00,0.000000e+00,0.000000e+00,0.000000e+00,0.000000e+00,0.000000e+00,0.000000e+00,0.000000e+00,0.000000e+00,0.000000e+00,0.000000e+00,0.000000e+00,0.000000e+00,0.000000e+00,0.000000e+00
9.040000e+01,1,5.000000e-01,1.550831e-04,5.000000e-01,5.000000e-01,5.000000e-01,5.000000e-01,5.000000e-01,5.000000e-01,5.000000e-01,5.000000e-01,5.000000e-01,5.000000e-01,5.000000e-01,5.000000e-01,5.000000e-01,5.000000e-01,5.000000e-01,5.000000e-01,5.000000e-01,5.000000e-01,5.000000e-01,5.000000e-01,5.000000e-01,5.000000e-01,5.000000e-01,5.000000e-01,5.000000e-01,5.000000e-01,0.000000e+00,2.649938e-01,0.000000e+00,0.000000e+00,0.000000e+00,0.000000e+00,0.000000e+00,0.000000e+00,0.000000e+00,0.000000e+00,0.000000e+00,0.000000e+00,0.000000e+00,0.000000e+00,0.000000e+00,0.000000e+00,0.000000e+00,0.000000e+00,0.000000e+00,0.000000e+00,0.000000e+00,0.000000e+00,0.000000e+00,0.000000e+00,0.000000e+00,0.000000e+00,0.000000e+00,0.000000e+00
9.050000e+01,1,5.000000e-01,1.079321e-05,4.734920e-04,5.000000e-01,5.000000e-01,5.000000e-01,5.000000e-01,5.000000e-01,5.000000e-01,5.000000e-01,5.000000e-01,5.000000e-01,5.000000e-01,5.000000e-01,5.000000e-01,5.000000e-01,5.000000e-01,5.000000e-01,5.000000e-01,5.000000e-01,5.000000e-01,5.000000e-01,5.000000e-01,5.000000e-01,5.000000e-01,5.000000e-01,5.000000e-01,5.000000e-01,0.000000e+00,2.974208e-01,2.053876e-01,0.000000e+00,0.000000e+00,0.000000e+00,0.000000e+00,0.000000e+00,0.000000e+00,0.000000e+00,0.000000e+00,0.000000e+00,0.000000e+00,0.000000e+00,0.000000e+00,0.000000e+00,0.000000e+00,0.000000e+00,0.000000e+00,0.000000e+00,0.000000e+00,0.000000e+00,0.000000e+00,0.000000e+00,0.000000e+00,0.000000e+00,0.000000e+00,0.000000e+00
9.060000e+01,2,5.000000e-01,3.441080e-02,2.964624e-09,5.000000e-01,5.000000e-01,5.000000e-01,5.000000e-01,5.000000e-01,5.000000e-01,5.000000e-01,5.000000e-01,5.000000e-01,5.000000e-01,5.000000e-01,5.000000e-01,5.000000e-01,5.000000e-01,5.000000e-01,5.000000e-01,5.000000e-01,5.000000e-01,5.000000e-01,5.000000e-01,5.000000e-01,5.000000e-01,5.000000e-01,5.000000e-01,5.000000e-01,0.000000e+00,2.046696e-13,2.999993e-01,0.000000e+00,0.000000e+00,0.000000e+00,0.000000e+00,0.000000e+00,0.000000e+00,0.000000e+00,0.000000e+00,0.000000e+00,0.000000e+00,0.000000e+00,0.000000e+00,0.000000e+00,0.000000e+00,0.000000e+00,0.000000e+00,0.000000e+00,0.000000e+00,0.000000e+00,0.000000e+00,0.000000e+00,0.000000e+00,0.000000e+00,0.000000e+00,0.000000e+00
9.070000e+01,2,5.000000e-01,5.000000e-01,4.372793e-22,5.000000e-01,5.000000e-01,5.000000e-01,5.000000e-01,5.000000e-01,5.000000e-01,5.000000e-01,5.000000e-01,5.000000e-01,5.000000e-01,5.000000e-01,5.000000e-01,5.000000e-01,5.000000e-01,5.000000e-01,5.000000e-01,5.000000e-01,5.000000e-01,5.000000e-01,5.000000e-01,5.000000e-01,5.000000e-01,5.000000e-01,5.000000e-01,5.000000e-01,0.000000e+00,0.000000e+00,3.000000e-01,0.000000e+00,0.000000e+00,0.000000e+00,0.000000e+00,0.000000e+00,0.000000e+00,0.000000e+00,0.000000e+00,0.000000e+00,0.000000e+00,0.000000e+00,0.000000e+00,0.000000e+00,0.000000e+00,0.000000e+00,0.000000e+00,0.000000e+00,0.000000e+00,0.000000e+00,0.000000e+00,0.000000e+00,0.000000e+00,0.000000e+00,0.000000e+00,0.000000e+00
9.080000e+01,2,5.000000e-01,5.000000e-01,7.222363e-12,5.000000e-01,5.000000e-01,5.000000e-01,5.000000e-01,5.000000e-01,5.000000e-01,5.000000e-01,5.000000e-01,5.000000e-01,5.000000e-01,5.000000e-01,5.000000e-01,5.000000e-01,5.000000e-01,5.000000e-01,5.000000e-01,5.000000e-01,5.000000e-01,5.000000e-01,5.000000e-01,5.000000e-01,5.000000e-01,5.000000e-01,5.000000e-01,5.000000e-01,0.000000e+00,0.000000e+00,3.000000e-01,0.000000e+00,0.000000e+00,0.000000e+00,0.000000e+00,0.000000e+00,0.000000e+00,0.000000e+00,0.000000e+00,0.000000e+00,0.000000e+00,0.000000e+00,0.000000e+00,0.000000e+00,0.000000e+00,0.000000e+00,0.000000e+00,0.000000e+00,0.000000e+00,0.000000e+00,0.000000e+00,0.000000e+00,0.000000e+00,0.000000e+00,0.000000e+00,0.000000e+00
9.090000e+01,2,5.000000e-01,5.000000e-01,5.786867e-03,5.000000e-01,5.000000e-01,5.000000e-01,5.000000e-01,5.000000e-01,5.000000e-01,5.000000e-01,5.000000e-01,5.000000e-01,5.000000e-01,5.000000e-01,5.000000e-01,5.000000e-01,5.000000e-01,5.000000e-01,5.000000e-01,5.000000e-01,5.000000e-01,5.000000e-01,5.000000e-01,5.000000e-01,5.000000e-01,5.000000e-01,5.000000e-01,5.000000e-01,0.000000e+00,0.000000e+00,2.888803e-03,0.000000e+00,0.000000e+00,0.000000e+00,0.000000e+00,0.000000e+00,0.000000e+00,0.000000e+00,0.000000e+00,0.000000e+00,0.000000e+00,0.000000e+00,0.000000e+00,0.000000e+00,0.000000e+00,0.000000e+00,0.000000e+00,0.000000e+00,0.000000e+00,0.000000e+00,0.000000e+00,0.000000e+00,0.000000e+00,0.000000e+00,0.000000e+00,0.000000e+00
9.100000e+01,1,5.000000e-01,1.347650e-02,5.000000e-01,5.000000e-01,5.000000e-01,5.000000e-01,5.000000e-01,5.000000e-01,5.000000e-01,5.000000e-01,5.000000e-01,5.000000e-01,5.000000e-01,5.000000e-01,5.000000e-01,5.000000e-01,5.000000e-01,5.000000e-01,5.000000e-01,5.000000e-01,5.000000e-01,5.000000e-01,5.000000e-01,5.000000e-01,5.000000e-01,5.000000e-01,5.000000e-01,5.000000e-01,0.000000e+00,5.795230e-06,0.000000e+00,0.000000e+00,0.000000e+00,0.000000e+00,0.000000e+00,0.000000e+00,0.000000e+00,0.000000e+00,0.000000e+00,0.000000e+00,0.000000e+00,0.000000e+00,0.000000e+00,0.000000e+00,0.000000e+00,0.000000e+00,0.000000e+00,0.000000e+00,0.000000e+00,0.000000e+00,0.000000e+00,0.000000e+00,0.000000e+00,0.000000e+00,0.000000e+00,0.000000e+00
9.110000e+01,1,5.000000e-01,2.034068e-04,5.000000e-01,5.000000e-01,5.000000e-01,5.000000e-01,5.000000e-01,5.000000e-01,5.000000e-01,5.000000e-01,5.000000e-01,5.000000e-01,5.000000e-01,5.000000e-01,5.000000e-01,5.000000e-01,5.000000e-01,5.000000e-01,5.000000e-01,5.000000e-01,5.000000e-01,5.000000e-01,5.000000e-01,5.000000e-01,5.000000e-01,5.000000e-01,5.000000e-01,5.000000e-01,0.000000e+00,2.549431e-01,0.000000e+00,0.000000e+00,0.000000e+00,0.000000e+00,0.000000e+00,0.000000e+00,0.000000e+00,0.000000e+00,0.000000e+00,0.000000e+00,0.000000e+00,0.000000e+00,0.000000e+00,0.000000e+00,0.000000e+00,0.000000e+00,0.000000e+00,0.000000e+00,0.000000e+00,0.000000e+00,0.000000e+00,0.000000e+00,0.000000e+00,0.000000e+00,0.000000e+00,0.000000e+00
9.120000e+01,1,5.000000e-01,3.318510e-02,5.000000e-01,5.000000e-01,5.000000e-01,5.000000e-01,5.000000e-01,5.000000e-01,5.000000e-01,5.000000e-01,5.000000e-01,5.000000e-01,5.000000e-01,5.000000e-01,5.000000e-01,5.000000e-01,5.000000e-01,5.000000e-01,5.000000e-01,5.000000e-01,5.000000e-01,5.000000e-01,5.000000e-01,5.000000e-01,5.000000e-01,5.000000e-01,5.000000e-01,5.000000e-01,0.000000e+00,5.646483e-13,0.000000e+00,0.000000e+00,0.000000e+00,0.000000e+00,0.000000e+00,0.000000e+00,0.000000e+00,0.000000e+00,0.000000e+00,0.000000e+00,0.000000e+00,0.000000e+00,0.000000e+00,0.000000e+00,0.000000e+00,0.000000e+00,0.000000e+00,0.000000e+00,0.000000e+00,0.000000e+00,0.000000e+00,0.000000e+00,0.000000e+00,0.000000e+00,0.000000e+00,0.000000e+00
9.130000e+01,-1,5.000000e-01,5.000000e-01,5.000000e-01,5.000000e-01,5.000000e-01,5.000000e-01,5.000000e-01,5.000000e-01,5.000000e-01,5.000000e-01,5.000000e-01,5.000000e-01,5.000000e-01,5.000000e-01,5.000000e-01,5.000000e-01,5.000000e-01,5.000000e-01,5.000000e-01,5.000000e-01,5.000000e-01,5.000000e-01,5.000000e-01,5.000000e-01,5.000000e-01,5.000000e-01,5.000000e-01,5.000000e-01,0.000000e+00,0.000000e+00,0.000000e+00,0.000000e+00,0.000000e+00,0.000000e+00,0.000000e+00,0.000000e+00,0.000000e+00,0.000000e+00,0.000000e+00,0.000000e+00,0.000000e+00,0.000000e+00,0.000000e+00,0.000000e+00,0.000000e+00,0.000000e+00,0.000000e+00,0.000000e+00,0.000000e+00,0.000000e+00,0.000000e+00,0.000000e+00,0.000000e+00,0.000000e+00,0.000000e+00,0.000000e+00
9.140000e+01,8,5.000000e-01,5.000000e-01,5.000000e-01,5.000000e-01,5.000000e-01,5.000000e-01,5.000000e-01,5.000000e-01,4.664610e-02,5.000000e-01,5.000000e-01,5.000000e-01,5.000000e-01,5.000000e-01,5.000000e-01,5.000000e-01,5.000000e-01,5.000000e-01,5.000000e-01,5.000000e-01,5.000000e-01,5.000000e-01,5.000000e-01,5.000000e-01,5.000000e-01,5.000000e-01,5.000000e-01,5.000000e-01,0.000000e+00,0.000000e+00,0.000000e+00,0.000000e+00,0.000000e+00,0.000000e+00,0.000000e+00,0.000000e+00,0.000000e+00,0.000000e+00,0.000000e+00,0.000000e+00,0.000000e+00,0.000000e+00,0.000000e+00,0.000000e+00,0.000000e+00,0.000000e+00,0.000000e+00,0.000000e+00,0.000000e+00,0.000000e+00,0.000000e+00,0.000000e+00,0.000000e+00,0.000000e+00,0.000000e+00,0.000000e+00
9.150000e+01,1,5.000000e-01,2.958388e-04,5.000000e-01,5.000000e-01,5.000000e-01,5.000000e-01,5.000000e-01,5.000000e-01,5.000000e-01,5.000000e-01,5.000000e-01,5.000000e-01,5.000000e-01,5.000000e-01,5.000000e-01,5.000000e-01,5.000000e-01,5.000000e-01,5.000000e-01,5.000000e-01,5.000000e-01,5.000000e-01,5.000000e-01,5.000000e-01,5.000000e-01,5.000000e-01,5.000000e-01,5.000000e-01,0.000000e+00,2.367670e-01,0.000000e+00,0.000000e+00,0.000000e+00,0.000000e+00,0.000000e+00,0.000000e+00,0.000000e+00,0.000000e+00,0.000000e+00,0.000000e+00,0.000000e+00,0.000000e+00,0.000000e+00,0.000000e+00,0.000000e+00,0.000000e+00,0.000000e+00,0.000000e+00,0.000000e+00,0.000000e+00,0.000000e+00,0.000000e+00,0.000000e+00,0.000000e+00,0.000000e+00,0.000000e+00
9.160000e+01,1,5.000000e-01,7.812461e-28,5.000000e-01,5.000000e-01,5.000000e-01,5.000000e-01,5.000000e-01,5.000000e-01,5.000000e-01,5.000000e-01,5.000000e-01,5.000000e-01,5.000000e-01,5.000000e-01,5.000000e-01,5.000000e-01,5.000000e-01,5.000000e-01,5.000000e-01,5.000000e-01,5.000000e-01,5.000000e-01,5.000000e-01,5.000000e-01,5.000000e-01,5.000000e-01,5.000000e-01,5.000000e-01,0.000000e+00,3.000000e-01,0.000000e+00,0.000000e+00,0.000000e+00,0.000000e+00,0.000000e+00,0.000000e+00,0.000000e+00,0.000000e+00,0.000000e+00,0.000000e+00,0.000000e+00,0.000000e+00,0.000000e+00,0.000000e+00,0.000000e+00,0.000000e+00,0.000000e+00,0.000000e+00,0.000000e+00,0.000000e+00,0.000000e+00,0.000000e+00,0.000000e+00,0.000000e+00,0.000000e+00,0.000000e+00
9.170000e+01,1,5.000000e-01,2.325066e-42,5.000000e-01,5.000000e-01,5.000000e-01,5.000000e-01,5.000000e-01,5.000000e-01,5.000000e-01,5.000000e-01,5.000000e-01,5.000000e-01,5.000000e-01,5.000000e-01,5.000000e-01,5.000000e-01,5.000000e-01,5.000000e-01,5.000000e-01,5.000000e-01,5.000000e-01,5.000000e-01,5.000000e-01,5.000000e-01,5.000000e-01,5.000000e-01,5.000000e-01,5.000000e-01,0.000000e+00,3.000000e-01,0.000000e+00,0.000000e+00,0.000000e+00,0.000000e+00,0.000000e+00,0.000000e+00,0.000000e+00,0.000000e+00,0.000000e+00,0.000000e+00,0.000000e+00,0.000000e+00,0.000000e+00,0.000000e+00,0.000000e+00,0.000000e+00,0.000000e+00,0.000000e+00,0.000000e+00,0.000000e+00,0.000000e+00,0.000000e+00,0.000000e+00,0.000000e+00,0.000000e+00,0.000000e+00
9.180000e+01,1,5.000000e-01,3.252753e-07,2.279389e-03,5.000000e-01,5.000000e-01,5.000000e-01,5.000000e-01,5.000000e-01,5.000000e-01,5.000000e-01,5.000000e-01,5.000000e-01,5.000000e-01,5.000000e-01,5.000000e-01,5.000000e-01,5.000000e-01,5.000000e-01,5.000000e-01,5.000000e-01,5.000000e-01,5.000000e-01,5.000000e-01,5.000000e-01,5.000000e-01,5.000000e-01,5.000000e-01,5.000000e-01,0.000000e+00,2.999219e-01,4.833664e-02,0.000000e+00,0.000000e+00,0.000000e+00,0.000000e+00,0.000000e+00,0.000000e+00,0.000000e+00,0.000000e+00,0.000000e+00,0.000000e+00,0.000000e+00,0.000000e+00,0.000000e+00,0.000000e+00,0.000000e+00,0.000000e+00,0.000000e+00,0.000000e+00,0.000000e+00,0.000000e+00,0.000000e+00,0.000000e+00,0.000000e+00,0.000000e+00,0.000000e+00
9.190000e+01,2,5.000000e-01,5.000000e-01,2.235042e-22,5.000000e-01,5.000000e-01,5.000000e-01,5.000000e-01,5.000000e-01,5.000000e-01,5.000000e-01,5.000000e-01,5.000000e-01,5.000000e-01,5.000000e-01,5.000000e-01,5.000000e-01,5.000000e-01,5.000000e-01,5.000000e-01,5.000000e-01,5.000000e-01,5.000000e-01,5.000000e-01,5.000000e-01,5.000000e-01,5.000000e-01,5.000000e-01,5.000000e-01,0.000000e+00,0.000000e+00,3.000000e-01,0.000000e+00,0.000000e+00,0.000000e+00,0.000000e+00,0.000000e+00,0.000000e+00,0.000000e+00,0.000000e+00,0.000000e+00,0.000000e+00,0.000000e+00,0.000000e+00,0.000000e+00,0.000000e+00,0.000000e+00,0.000000e+00,0.000000e+00,0.000000e+00,0.000000e+00,0.000000e+00,0.000000e+00,0.000000e+00,0.000000e+00,0.000000e+00,0.000000e+00
9.200000e+01,2,5.000000e-01,5.000000e-01,8.898351e-42,5.000000e-01,5.000000e-01,5.000000e-01,5.000000e-01,5.000000e-01,5.000000e-01,5.000000e-01,5.000000e-01,5.000000e-01,5.000000e-01,5.000000e-01,5.000000e-01,5.000000e-01,5.000000e-01,5.000000e-01,5.000000e-01,5.000000e-01,5.000000e-01,5.000000e-01,5.000000e-01,5.000000e-01,5.000000e-01,5.000000e-01,5.000000e-01,5.000000e-01,0.000000e+00,0.000000e+00,3.000000e-01,0.000000e+00,0.000000e+00,0.000000e+00,0.000000e+00,0.000000e+00,0.000000e+00,0.000000e+00,0.000000e+00,0.000000e+00,0.000000e+00,0.000000e+00,0.000000e+00,0.000000e+00,0.000000e+00,0.000000e+00,0.000000e+00,0.000000e+00,0.000000e+00,0.000000e+00,0.000000e+00,0.000000e+00,0.000000e+00,0.000000e+00,0.000000e+00,0.000000e+00
9.210000e+01,2,5.000000e-01,5.000000e-01,4.463858e-33,5.000000e-01,5.000000e-01,5.000000e-01,5.000000e-01,5.000000e-01,5.000000e-01,5.000000e-01,5.000000e-01,5.000000e-01,5.000000e-01,5.000000e-01,5.000000e-01,5.000000e-01,5.000000e-01,5.000000e-01,5.000000e-01,5.000000e-01,5.000000e-01,5.000000e-01,5.000000e-01,5.000000e-01,5.000000e-01,5.000000e-01,5.000000e-01,5.000000e-01,0.000000e+00,0.000000e+00,3.000000e-01,0.000000e+00,0.000000e+00,0.000000e+00,0.000000e+00,0.000000e+00,0.000000e+00,0.000000e+00,0.000000e+00,0.000000e+00,0.000000e+00,0.000000e+00,0.000000e+00,0.000000e+00,0.000000e+00,0.000000e+00,0.000000e+00,0.000000e+00,0.000000e+00,0.000000e+00,0.000000e+00,0.000000e+00,0.000000e+00,0.000000e+00,0.000000e+00,0.000000e+00
9.220000e+01,2,5.000000e-01,5.000000e-01,2.301786e-27,5.000000e-01,5.000000e-01,5.000000e-01,5.000000e-01,5.000000e-01,5.000000e-01,5.000000e-01,5.000000e-01,5.000000e-01,5.000000e-01,5.000000e-01,5.000000e-01,5.000000e-01,5.000000e-01,5.000000e-01,5.000000e-01,5.000000e-01,5.000000e-01,5.000000e-01,5.000000e-01,5.000000e-01,5.000000e-01,5.000000e-01,5.000000e-01,5.000000e-01,0.000000e+00,0.000000e+00,3.000000e-01,0.000000e+00,0.000000e+00,0.000000e+00,0.000000e+00,0.000000e+00,0.000000e+00,0.000000e+00,0.000000e+00,0.000000e+00,0.000000e+00,0.000000e+00,0.000000e+00,0.000000e+00,0.000000e+00,0.000000e+00,0.000000e+00,0.000000e+00,0.000000e+00,0.000000e+00,0.000000e+00,0.000000e+00,0.000000e+00,0.000000e+00,0.000000e+00,0.000000e+00
9.230000e+01,2,5.000000e-01,5.000000e-01,2.216386e-30,5.000000e-01,5.000000e-01,5.000000e-01,5.000000e-01,5.000000e-01,5.000000e-01,5.000000e-01,5.000000e-01,5.000000e-01,5.000000e-01,5.000000e-01,5.000000e-01,5.000000e-01,5.000000e-01,5.000000e-01,5.000000e-01,5.000000e-01,5.000000e-01,5.000000e-01,5.000000e-01,5.000000e-01,5.000000e-01,5.000000e-01,5.000000e-01,5.000000e-01,0.000000e+00,0.000000e+00,3.000000e-01,0.000000e+00,0.000000e+00,0.000000e+00,0.000000e+00,0.000000e+00,0.000000e+00,0.000000e+00,0.000000e+00,0.000000e+00,0.000000e+00,0.000000e+00,0.000000e+00,0.000000e+00,0.000000e+00,0.000000e+00,0.000000e+00,0.000000e+00,0.000000e+00,0.000000e+00,0.000000e+00,0.000000e+00,0.000000e+00,0.000000e+00,0.000000e+00,0.000000e+00
9.240000e+01,2,5.000000e-01,5.000000e-01,2.946321e-46,5.000000e-01,5.000000e-01,5.000000e-01,5.000000e-01,5.000000e-01,5.000000e-01,5.000000e-01,5.000000e-01,5.000000e-01,5.000000e-01,5.000000e-01,5.000000e-01,5.000000e-01,5.000000e-01,5.000000e-01,5.000000e-01,5.000000e-01,5.000000e-01,5.000000e-01,5.000000e-01,5.000000e-01,5.000000e-01,5.000000e-01,5.000000e-01,5.000000e-01,0.000000e+00,0.000000e+00,3.000000e-01,0.000000e+00,0.000000e+00,0.000000e+00,0.000000e+00,0.000000e+00,0.000000e+00,0.000000e+00,0.000000e+00,0.000000e+00,0.000000e+00,0.000000e+00,0.000000e+00,0.000000e+00,0.000000e+00,0.000000e+00,0.000000e+00,0.000000e+00,0.000000e+00,0.000000e+00,0.000000e+00,0.000000e+00,0.000000e+00,0.000000e+00,0.000000e+00,0.000000e+00
9.250000e+01,2,5.000000e-01,5.000000e-01,3.003007e-09,5.000000e-01,5.000000e-01,5.000000e-01,5.000000e-01,5.000000e-01,5.000000e-01,5.000000e-01,5.000000e-01,5.000000e-01,5.000000e-01,5.000000e-01,5.000000e-01,5.000000e-01,5.000000e-01,5.000000e-01,5.000000e-01,5.000000e-01,5.000000e-01,5.000000e-01,5.000000e-01,5.000000e-01,5.000000e-01,5.000000e-01,5.000000e-01,5.000000e-01,0.000000e+00,0.000000e+00,2.999993e-01,0.000000e+00,0.000000e+00,0.000000e+00,0.000000e+00,0.000000e+00,0.000000e+00,0.000000e+00,0.000000e+00,0.000000e+00,0.000000e+00,0.000000e+00,0.000000e+00,0.000000e+00,0.000000e+00,0.000000e+00,0.000000e+00,0.000000e+00,0.000000e+00,0.000000e+00,0.000000e+00,0.000000e+00,0.000000e+00,0.000000e+00,0.000000e+00,0.000000e+00
9.260000e+01,-1,5.000000e-01,5.000000e-01,5.000000e-01,5.000000e-01,5.000000e-01,5.000000e-01,5.000000e-01,5.000000e-01,5.000000e-01,5.000000e-01,5.000000e-01,5.000000e-01,5.000000e-01,5.000000e-01,5.000000e-01,5.000000e-01,5.000000e-01,5.000000e-01,5.000000e-01,5.000000e-01,5.000000e-01,5.000000e-01,5.000000e-01,5.000000e-01,5.000000e-01,5.000000e-01,5.000000e-01,5.000000e-01,0.000000e+00,0.000000e+00,0.000000e+00,0.000000e+00,0.000000e+00,0.000000e+00,0.000000e+00,0.000000e+00,0.000000e+00,0.000000e+00,0.000000e+00,0.000000e+00,0.000000e+00,0.000000e+00,0.000000e+00,0.000000e+00,0.000000e+00,0.000000e+00,0.000000e+00,0.000000e+00,0.000000e+00,0.000000e+00,0.000000e+00,0.000000e+00,0.000000e+00,0.000000e+00,0.000000e+00,0.000000e+00
9.270000e+01,9,5.000000e-01,5.000000e-01,5.000000e-01,5.000000e-01,5.000000e-01,5.000000e-01,5.000000e-01,5.000000e-01,5.000000e-01,1.074807e-03,5.000000e-01,5.000000e-01,5.000000e-01,5.000000e-01,5.000000e-01,5.000000e-01,5.000000e-01,5.000000e-01,5.000000e-01,5.000000e-01,5.000000e-01,5.000000e-01,5.000000e-01,5.000000e-01,5.000000e-01,5.000000e-01,5.000000e-01,5.000000e-01,0.000000e+00,0.000000e+00,0.000000e+00,0.000000e+00,0.000000e+00,0.000000e+00,0.000000e+00,0.000000e+00,0.000000e+00,1.269095e-01,0.000000e+00,0.000000e+00,0.000000e+00,0.000000e+00,0.000000e+00,0.000000e+00,0.000000e+00,0.000000e+00,0.000000e+00,0.000000e+00,0.000000e+00,0.000000e+00,0.000000e+00,0.000000e+00,0.000000e+00,0.000000e+00,0.000000e+00,0.000000e+00
9.280000e+01,9,5.000000e-01,5.000000e-01,5.000000e-01,5.000000e-01,5.000000e-01,5.000000e-01,5.000000e-01,5.000000e-01,5.000000e-01,7.026382e-22,5.000000e-01,5.000000e-01,5.000000e-01,5.000000e-01,5.000000e-01,5.000000e-01,5.000000e-01,5.000000e-01,5.000000e-01,5.000000e-01,5.000000e-01,5.000000e-01,5.000000e-01,5.000000e-01,5.000000e-01,5.000000e-01,5.000000e-01,5.000000e-01,0.000000e+00,0.000000e+00,0.000000e+00,0.000000e+00,0.000000e+00,0.000000e+00,0.000000e+00,0.000000e+00,0.000000e+00,3.000000e-01,0.000000e+00,0.000000e+00,0.000000e+00,0.000000e+00,0.000000e+00,0.000000e+00,0.000000e+00,0.000000e+00,0.000000e+00,0.000000e+00,0.000000e+00,0.000000e+00,0.000000e+00,0.000000e+00,0.000000e+00,0.000000e+00,0.000000e+00,0.000000e+00
9.290000e+01,9,5.000000e-01,5.000000e-01,5.000000e-01,5.000000e-01,5.000000e-01,5.000000e-01,5.000000e-01,5.000000e-01,5.000000e-01,9.433810e-53,5.000000e-01,5.000000e-01,5.000000e-01,5.000000e-01,5.000000e-01,5.000000e-01,5.000000e-01,5.000000e-01,5.000000e-01,5.000000e-01,5.000000e-01,5.000000e-01,5.000000e-01,5.000000e-01,5.000000e-01,5.000000e-01,5.000000e-01,5.000000e-01,0.000000e+00,0.000000e+00,0.000000e+00,0.000000e+00,0.000000e+00,0.000000e+00,0.000000e+00,0.000000e+00,0.000000e+00,3.000000e-01,0.000000e+00,0.000000e+00,0.000000e+00,0.000000e+00,0.000000e+00,0.000000e+00,0.000000e+00,0.000000e+00,0.000000e+00,0.000000e+00,0.000000e+00,0.000000e+00,0.000000e+00,0.000000e+00,0.000000e+00,0.000000e+00,0.000000e+00,0.000000e+00
9.300000e+01,9,5.000000e-01,5.000000e-01,5.000000e-01,5.000000e-01,5.000000e-01,5.000000e-01,5.000000e-01,5.000000e-01,5.000000e-01,2.094390e-15,5.000000e-01,5.000000e-01,5.000000e-01,5.000000e-01,5.000000e-01,5.000000e-01,5.000000e-01,5.000000e-01,5.000000e-01,5.000000e-01,5.000000e-01,5.000000e-01,5.000000e-01,5.000000e-01,5.000000e-01,5.000000e-01,5.000000e-01,5.000000e-01,0.000000e+00,0.000000e+00,0.000000e+00,0.000000e+00,0.000000e+00,0.000000e+00,0.000000e+00,0.000000e+00,0.000000e+00,3.000000e-01,0.000000e+00,0.000000e+00,0.000000e+00,0.000000e+00,0.000000e+00,0.000000e+00,0.000000e+00,0.000000e+00,0.000000e+00,0.000000e+00,0.000000e+00,0.000000e+00,0.000000e+00,0.000000e+00,0.000000e+00,0.000000e+00,0.000000e+00,0.000000e+00
9.310000e+01,9,5.000000e-01,5.000000e-01,5.000000e-01,5.000000e-01,5.000000e-01,5.000000e-01,5.000000e-01,5.000000e-01,5.000000e-01,6.432622e-26,5.000000e-01,5.000000e-01,5.000000e-01,5.000000e-01,5.000000e-01,5.000000e-01,5.000000e-01,5.000000e-01,5.000000e-01,5.000000e-01,5.000000e-01,5.000000e-01,5.000000e-01,5.000000e-01,5.000000e-01,5.000000e-01,5.000000e-01,5.000000e-01,0.000000e+00,0.000000e+00,0.000000e+00,0.000000e+00,0.000000e+00,0.000000e+00,0.000000e+00,0.000000e+00,0.000000e+00,3.000000e-01,0.000000e+00,0.000000e+00,0.000000e+00,0.000000e+00,0.000000e+00,0.000000e+00,0.000000e+00,0.000000e+00,0.000000e+00,0.000000e+00,0.000000e+00,0.000000e+00,0.000000e+00,0.000000e+00,0.000000e+00,0.000000e+00,0.000000e+00,0.000000e+00
9.320000e+01,9,5.000000e-01,5.000000e-01,5.000000e-01,5.000000e-01,5.000000e-01,5.000000e-01,5.000000e-01,5.000000e-01,5.000000e-01,3.245273e-07,5.000000e-01,5.000000e-01,5.000000e-01,5.000000e-01,5.000000e-01,5.000000e-01,5.000000e-01,5.000000e-01,5.000000e-01,5.000000e-01,5.000000e-01,5.000000e-01,5.000000e-01,5.000000e-01,5.000000e-01,5.000000e-01,5.000000e-01,5.000000e-01,0.000000e+00,0.000000e+00,0.000000e+00,0.000000e+00,0.000000e+00,0.000000e+00,0.000000e+00,0.000000e+00,0.000000e+00,2.999221e-01,0.000000e+00,0.000000e+00,0.000000e+00,0.000000e+00,0.000000e+00,0.000000e+00,0.000000e+00,0.000000e+00,0.000000e+00,0.000000e+00,0.000000e+00,0.000000e+00,0.000000e+00,0.000000e+00,0.000000e+00,0.000000e+00,0.000000e+00,0.000000e+00
9.330000e+01,10,5.000000e-01,5.000000e-01,5.000000e-01,5.000000e-01,5.000000e-01,5.000000e-01,5.000000e-01,5.000000e-01,5.000000e-01,5.000000e-01,7.991150e-07,5.000000e-01,5.000000e-01,5.000000e-01,5.000000e-01,5.000000e-01,5.000000e-01,5.000000e-01,5.000000e-01,5.000000e-01,5.000000e-01,5.000000e-01,5.000000e-01,5.000000e-01,5.000000e-01,5.000000e-01,5.000000e-01,5.000000e-01,0.000000e+00,0.000000e+00,0.000000e+00,0.000000e+00,0.000000e+00,0.000000e+00,0.000000e+00,0.000000e+00,0.000000e+00,0.000000e+00,2.998083e-01,0.000000e+00,0.000000e+00,0.000000e+00,0.000000e+00,0.000000e+00,0.000000e+00,0.000000e+00,0.000000e+00,0.000000e+00,0.000000e+00,0.000000e+00,0.000000e+00,0.000000e+00,0.000000e+00,0.000000e+00,0.000000e+00,0.000000e+00
9.340000e+01,10,5.000000e-01,5.000000e-01,5.000000e-01,5.000000e-01,5.000000e-01,5.000000e-01,5.000000e-01,5.000000e-01,5.000000e-01,5.000000e-01,1.389445e-09,5.000000e-01,5.000000e-01,5.000000e-01,5.000000e-01,5.000000e-01,5.000000e-01,5.000000e-01,5.000000e-01,5.000000e-01,5.000000e-01,5.000000e-01,5.000000e-01,5.000000e-01,5.000000e-01,5.000000e-01,5.000000e-01,5.000000e-01,0.000000e+00,0.000000e+00,0.000000e+00,0.000000e+00,0.000000e+00,0.000000e+00,0.000000e+00,0.000000e+00,0.000000e+00,0.000000e+00,2.999997e-01,0.000000e+00,0.000000e+00,0.000000e+00,0.000000e+00,0.000000e+00,0.000000e+00,0.000000e+00,0.000000e+00,0.000000e+00,0.000000e+00,0.000000e+00,0.000000e+00,0.000000e+00,0.000000e+00,0.000000e+00,0.000000e+00,0.000000e+00
9.350000e+01,3,5.000000e-01,5.000000e-01,5.000000e-01,3.658533e-03,5.000000e-01,5.000000e-01,5.000000e-01,5.000000e-01,5.000000e-01,5.000000e-01,5.000000e-01,5.000000e-01,5.000000e-01,5.000000e-01,5.000000e-01,5.000000e-01,5.000000e-01,5.000000e-01,5.000000e-01,5.000000e-01,5.000000e-01,5.000000e-01,5.000000e-01,5.000000e-01,5.000000e-01,5.000000e-01,5.000000e-01,5.000000e-01,0.000000e+00,0.000000e+00,0.000000e+00,1.598402e-02,0.000000e+00,0.000000e+00,0.000000e+00,0.000000e+00,0.000000e+00,0.000000e+00,0.000000e+00,0.000000e+00,0.000000e+00,0.000000e+00,0.000000e+00,0.000000e+00,0.000000e+00,0.000000e+00,0.000000e+00,0.000000e+00,0.000000e+00,0.000000e+00,0.000000e+00,0.000000e+00,0.000000e+00,0.000000e+00,0.000000e+00,0.000000e+00
9.360000e+01,3,5.000000e-01,5.000000e-01,5.000000e-01,5.425639e-05,5.000000e-01,5.000000e-01,5.000000e-01,5.000000e-01,5.000000e-01,5.000000e-01,5.000000e-01,5.000000e-01,5.000000e-01,5.000000e-01,5.000000e-01,5.000000e-01,5.000000e-01,5.000000e-01,5.000000e-01,5.000000e-01,5.000000e-01,5.000000e-01,5.000000e-01,5.000000e-01,5.000000e-01,5.000000e-01,5.000000e-01,5.000000e-01,0.000000e+00,0.000000e+00,0.000000e+00,2.872567e-01,0.000000e+00,0.000000e+00,0.000000e+00,0.000000e+00,0.000000e+00,0.000000e+00,0.000000e+00,0.000000e+00,0.000000e+00,0.000000e+00,0.000000e+00,0.000000e+00,0.000000e+00,0.000000e+00,0.000000e+00,0.000000e+00,0.000000e+00,0.000000e+00,0.000000e+00,0.000000e+00,0.000000e+00,0.000000e+00,0.000000e+00,0.000000e+00
9.370000e+01,10,5.000000e-01,5.000000e-01,5.000000e-01,5.000000e-01,5.000000e-01,5.000000e-01,5.000000e-01,5.000000e-01,5.000000e-01,5.000000e-01,1.284730e-04,5.000000e-01,5.000000e-01,5.000000e-01,5.000000e-01,5.000000e-01,5.000000e-01,5.000000e-01,5.000000e-01,5.000000e-01,5.000000e-01,5.000000e-01,5.000000e-01,5.000000e-01,5.000000e-01,5.000000e-01,5.000000e-01,5.000000e-01,0.000000e+00,0.000000e+00,0.000000e+00,0.000000e+00,0.000000e+00,0.000000e+00,0.000000e+00,0.000000e+00,0.000000e+00,0.000000e+00,2.706963e-01,0.000000e+00,0.000000e+00,0.000000e+00,0.000000e+00,0.000000e+00,0.000000e+00,0.000000e+00,0.000000e+00,0.000000e+00,0.000000e+00,0.000000e+00,0.000000e+00,0.000000e+00,0.000000e+00,0.000000e+00,0.000000e+00,0.000000e+00
9.380000e+01,10,5.000000e-01,5.000000e-01,5.000000e-01,5.000000e-01,5.000000e-01,5.000000e-01,5.000000e-01,5.000000e-01,5.000000e-01,5.000000e-01,6.653583e-09,5.000000e-01,5.000000e-01,5.000000e-01,5.000000e-01,5.000000e-01,5.000000e-01,5.000000e-01,5.000000e-01,5.000000e-01,5.000000e-01,5.000000e-01,5.000000e-01,5.000000e-01,5.000000e-01,5.000000e-01,5.000000e-01,5.000000e-01,0.000000e+00,0.000000e+00,0.000000e+00,0.000000e+00,0.000000e+00,0.000000e+00,0.000000e+00,0.000000e+00,0.000000e+00,0.000000e+00,2.999984e-01,0.000000e+00,0.000000e+00,0.000000e+00,0.000000e+00,0.000000e+00,0.000000e+00,0.000000e+00,0.000000e+00,0.000000e+00,0.000000e+00,0.000000e+00,0.000000e+00,0.000000e+00,0.000000e+00,0.000000e+00,0.000000e+00,0.000000e+00
9.390000e+01,9,5.000000e-01,5.000000e-01,5.000000e-01,5.000000e-01,5.000000e-01,5.000000e-01,5.000000e-01,5.000000e-01,5.000000e-01,1.022811e-06,1.472880e-03,5.000000e-01,5.000000e-01,5.000000e-01,5.000000e-01,5.000000e-01,5.000000e-01,5.000000e-01,5.000000e-01,5.000000e-01,5.000000e-01,5.000000e-01,5.000000e-01,5.000000e-01,5.000000e-01,5.000000e-01,5.000000e-01,5.000000e-01,0.000000e+00,0.000000e+00,0.000000e+00,0.000000e+00,0.000000e+00,0.000000e+00,0.000000e+00,0.000000e+00,0.000000e+00,2.997546e-01,9.225993e-02,0.000000e+00,0.000000e+00,0.000000e+00,0.000000e+00,0.000000e+00,0.000000e+00,0.000000e+00,0.000000e+00,0.000000e+00,0.000000e+00,0.000000e+00,0.000000e+00,0.000000e+00,0.000000e+00,0.000000e+00,0.000000e+00,0.000000e+00
9.400000e+01,10,5.000000e-01,5.000000e-01,5.000000e-01,5.000000e-01,5.000000e-01,5.000000e-01,5.000000e-01,5.000000e-01,5.000000e-01,1.231811e-03,3.068695e-05,5.000000e-01,5.000000e-01,5.000000e-01,5.000000e-01,5.000000e-01,5.000000e-01,5.000000e-01,5.000000e-01,5.000000e-01,5.000000e-01,5.000000e-01,5.000000e-01,5.000000e-01,5.000000e-01,5.000000e-01,5.000000e-01,5.000000e-01,0.000000e+00,0.000000e+00,0.000000e+00,0.000000e+00,0.000000e+00,0.000000e+00,0.000000e+00,0.000000e+00,0.000000e+00,1.119135e-01,2.927247e-01,0.000000e+00,0.000000e+00,0.000000e+00,0.000000e+00,0.000000e+00,0.000000e+00,0.000000e+00,0.000000e+00,0.000000e+00,0.000000e+00,0.000000e+00,0.000000e+00,0.000000e+00,0.000000e+00,0.000000e+00,0.000000e+00,0.000000e+00
9.410000e+01,10,5.000000e-01,5.000000e-01,5.000000e-01,5.000000e-01,5.000000e-01,5.000000e-01,5.000000e-01,5.000000e-01,5.000000e-01,5.000000e-01,1.189581e-13,5.000000e-01,5.000000e-01,5.000000e-01,5.000000e-01,5.000000e-01,5.000000e-01,5.000000e-01,5.000000e-01,5.000000e-01,5.000000e-01,5.000000e-01,5.000000e-01,5.000000e-01,5.000000e-01,5.000000e-01,5.000000e-01,5.000000e-01,0.000000e+00,0.000000e+00,0.000000e+00,0.000000e+00,0.000000e+00,0.000000e+00,0.000000e+00,0.000000e+00,0.000000e+00,0.000000e+00,3.000000e-01,0.000000e+00,0.000000e+00,0.000000e+00,0.000000e+00,0.000000e+00,0.000000e+00,0.000000e+00,0.000000e+00,0.000000e+00,0.000000e+00,0.000000e+00,0.000000e+00,0.000000e+00,0.000000e+00,0.000000e+00,0.000000e+00,0.000000e+00
9.420000e+01,10,5.000000e-01,5.000000e-01,5.000000e-01,5.000000e-01,5.000000e-01,5.000000e-01,5.000000e-01,5.000000e-01,5.000000e-01,5.000000e-01,2.817798e-04,5.000000e-01,5.000000e-01,5.000000e-01,5.000000e-01,5.000000e-01,5.000000e-01,5.000000e-01,5.000000e-01,5.000000e-01,5.000000e-01,5.000000e-01,5.000000e-01,5.000000e-01,5.000000e-01,5.000000e-01,5.000000e-01,5.000000e-01,0.000000e+00,0.000000e+00,0.000000e+00,0.000000e+00,0.000000e+00,0.000000e+00,0.000000e+00,0.000000e+00,0.000000e+00,0.000000e+00,2.394458e-01,0.000000e+00,0.000000e+00,0.000000e+00,0.000000e+00,0.000000e+00,0.000000e+00,0.000000e+00,0.000000e+00,0.000000e+00,0.000000e+00,0.000000e+00,0.000000e+00,0.000000e+00,0.000000e+00,0.000000e+00,0.000000e+00,0.000000e+00
9.430000e+01,9,5.000000e-01,5.000000e-01,5.000000e-01,5.000000e-01,5.000000e-01,5.000000e-01,5.000000e-01,5.000000e-01,5.000000e-01,6.473706e-03,5.000000e-01,5.000000e-01,5.000000e-01,5.000000e-01,5.000000e-01,5.000000e-01,5.000000e-01,5.000000e-01,5.000000e-01,5.000000e-01,5.000000e-01,5.000000e-01,5.000000e-01,5.000000e-01,5.000000e-01,5.000000e-01,5.000000e-01,5.000000e-01,0.000000e+00,0.000000e+00,0.000000e+00,0.000000e+00,0.000000e+00,0.000000e+00,0.000000e+00,0.000000e+00,0.000000e+00,1.661933e-03,0.000000e+00,0.000000e+00,0.000000e+00,0.000000e+00,0.000000e+00,0.000000e+00,0.000000e+00,0.000000e+00,0.000000e+00,0.000000e+00,0.000000e+00,0.000000e+00,0.000000e+00,0.000000e+00,0.000000e+00,0.000000e+00,0.000000e+00,0.000000e+00
9.440000e+01,16,5.000000e-01,5.000000e-01,5.000000e-01,5.000000e-01,5.000000e-01,5.000000e-01,5.000000e-01,5.000000e-01,5.000000e-01,5.000000e-01,5.000000e-01,5.000000e-01,5.000000e-01,5.000000e-01,5.000000e-01,5.000000e-01,5.571697e-03,5.000000e-01,5.000000e-01,5.000000e-01,5.000000e-01,5.000000e-01,5.000000e-01,5.000000e-01,5.000000e-01,5.000000e-01,5.000000e-01,5.000000e-01,0.000000e+00,0.000000e+00,0.000000e+00,0.000000e+00,0.000000e+00,0.000000e+00,0.000000e+00,0.000000e+00,0.000000e+00,0.000000e+00,0.000000e+00,0.000000e+00,0.000000e+00,0.000000e+00,0.000000e+00,0.000000e+00,3.434809e-03,0.000000e+00,0.000000e+00,0.000000e+00,0.000000e+00,0.000000e+00,0.000000e+00,0.000000e+00,0.000000e+00,0.000000e+00,0.000000e+00,0.000000e+00
9.450000e+01,16,5.000000e-01,5.000000e-01,5.000000e-01,5.000000e-01,5.000000e-01,5.000000e-01,5.000000e-01,5.000000e-01,5.000000e-01,5.000000e-01,5.000000e-01,5.000000e-01,5.000000e-01,5.000000e-01,5.000000e-01,5.000000e-01,1.270386e-15,5.000000e-01,5.000000e-01,5.000000e-01,5.000000e-01,5.000000e-01,5.000000e-01,5.000000e-01,5.000000e-01,5.000000e-01,5.000000e-01,5.000000e-01,0.000000e+00,0.000000e+00,0.000000e+00,0.000000e+00,0.000000e+00,0.000000e+00,0.000000e+00,0.000000e+00,0.000000e+00,0.000000e+00,0.000000e+00,0.000000e+00,0.000000e+00,0.000000e+00,0.000000e+00,0.000000e+00,3.000000e-01,0.000000e+00,0.000000e+00,0.000000e+00,0.000000e+00,0.000000e+00,0.000000e+00,0.000000e+00,0.000000e+00,0.000000e+00,0.000000e+00,0.000000e+00
9.460000e+01,16,5.000000e-01,5.000000e-01,5.000000e-01,5.000000e-01,5.000000e-01,5.000000e-01,5.000000e-01,5.000000e-01,5.000000e-01,4.011280e-02,5.000000e-01,5.000000e-01,5.000000e-01,5.000000e-01,5.000000e-01,5.000000e-01,1.456359e-02,5.000000e-01,5.000000e-01,5.000000e-01,5.000000e-01,5.000000e-01,5.000000e-01,5.000000e-01,5.000000e-01,5.000000e-01,5.000000e-01,5.000000e-01,0.000000e+00,0.000000e+00,0.000000e+00,0.000000e+00,0.000000e+00,0.000000e+00,0.000000e+00,0.000000e+00,0.000000e+00,1.798561e-15,0.000000e+00,0.000000e+00,0.000000e+00,0.000000e+00,0.000000e+00,0.000000e+00,2.398864e-06,0.000000e+00,0.000000e+00,0.000000e+00,0.000000e+00,0.000000e+00,0.000000e+00,0.000000e+00,0.000000e+00,0.000000e+00,0.000000e+00,0.000000e+00
9.470000e+01,9,5.000000e-01,5.000000e-01,5.000000e-01,5.000000e-01,5.000000e-01,5.000000e-01,5.000000e-01,5.000000e-01,5.000000e-01,5.228186e-07,5.000000e-01,5.000000e-01,5.000000e-01,5.000000e-01,5.000000e-01,5.000000e-01,5.000000e-01,5.000000e-01,5.000000e-01,5.000000e-01,5.000000e-01,5.000000e-01,5.000000e-01,5.000000e-01,5.000000e-01,5.000000e-01,5.000000e-01,5.000000e-01,0.000000e+00,0.000000e+00,0.000000e+00,0.000000e+00,0.000000e+00,0.000000e+00,0.000000e+00,0.000000e+00,0.000000e+00,2.998745e-01,0.000000e+00,0.000000e+00,0.000000e+00,0.000000e+00,0.000000e+00,0.000000e+00,0.000000e+00,0.000000e+00,0.000000e+00,0.000000e+00,0.000000e+00,0.000000e+00,0.000000e+00,0.000000e+00,0.000000e+00,0.000000e+00,0.000000e+00,0.000000e+00
9.480000e+01,9,5.000000e-01,5.000000e-01,5.000000e-01,5.000000e-01,5.000000e-01,5.000000e-01,5.000000e-01,5.000000e-01,5.000000e-01,3.296227e-22,5.000000e-01,5.000000e-01,5.000000e-01,5.000000e-01,5.000000e-01,5.000000e-01,5.000000e-01,5.000000e-01,5.000000e-01,5.000000e-01,5.000000e-01,5.000000e-01,5.000000e-01,5.000000e-01,5.000000e-01,5.000000e-01,5.000000e-01,5.000000e-01,0.000000e+00,0.000000e+00,0.000000e+00,0.000000e+00,0.000000e+00,0.000000e+00,0.000000e+00,0.000000e+00,0.000000e+00,3.000000e-01,0.000000e+00,0.000000e+00,0.000000e+00,0.000000e+00,0.000000e+00,0.000000e+00,0.000000e+00,0.000000e+00,0.000000e+00,0.000000e+00,0.000000e+00,0.000000e+00,0.000000e+00,0.000000e+00,0.000000e+00,0.000000e+00,0.000000e+00,0.000000e+00
9.490000e+01,9,5.000000e-01,5.000000e-01,5.000000e-01,5.000000e-01,5.000000e-01,5.000000e-01,5.000000e-01,5.000000e-01,4.867698e-02,2.687478e-10,5.000000e-01,5.000000e-01,5.000000e-01,5.000000e-01,5.000000e-01,5.000000e-01,5.000000e-01,5.000000e-01,5.000000e-01,5.000000e-01,5.000000e-01,5.000000e-01,5.000000e-01,5.000000e-01,5.000000e-01,5.000000e-01,5.000000e-01,5.000000e-01,0.000000e+00,0.000000e+00,0.000000e+00,0.000000e+00,0.000000e+00,0.000000e+00,0.000000e+00,0.000000e+00,0.000000e+00,2.999999e-01,0.000000e+00,0.000000e+00,0.000000e+00,0.000000e+00,0.000000e+00,0.000000e+00,0.000000e+00,0.000000e+00,0.000000e+00,0.000000e+00,0.000000e+00,0.000000e+00,0.000000e+00,0.000000e+00,0.000000e+00,0.000000e+00,0.000000e+00,0.000000e+00
9.500000e+01,8,5.000000e-01,5.000000e-01,5.000000e-01,5.000000e-01,5.000000e-01,5.000000e-01,5.000000e-01,5.000000e-01,1.644942e-07,5.000000e-01,5.000000e-01,5.000000e-01,5.000000e-01,5.000000e-01,5.000000e-01,5.000000e-01,5.000000e-01,5.000000e-01,5.000000e-01,5.000000e-01,5.000000e-01,5.000000e-01,5.000000e-01,5.000000e-01,5.000000e-01,5.000000e-01,5.000000e-01,5.000000e-01,0.000000e+00,0.000000e+00,0.000000e+00,0.000000e+00,0.000000e+00,0.000000e+00,0.000000e+00,0.000000e+00,2.999605e-01,0.000000e+00,0.000000e+00,0.000000e+00,0.000000e+00,0.000000e+00,0.000000e+00,0.000000e+00,0.000000e+00,0.000000e+00,0.000000e+00,0.000000e+00,0.000000e+00,0.000000e+00,0.000000e+00,0.000000e+00,0.000000e+00,0.000000e+00,0.000000e+00,0.000000e+00
9.510000e+01,8,5.000000e-01,5.000000e-01,5.000000e-01,5.000000e-01,5.000000e-01,5.000000e-01,5.000000e-01,5.000000e-01,4.484503e-10,5.000000e-01,5.000000e-01,5.000000e-01,5.000000e-01,5.000000e-01,5.000000e-01,5.000000e-01,5.000000e-01,5.000000e-01,5.000000e-01,5.000000e-01,5.000000e-01,5.000000e-01,5.000000e-01,5.000000e-01,5.000000e-01,5.000000e-01,5.000000e-01,5.000000e-01,0.000000e+00,0.000000e+00,0.000000e+00,0.000000e+00,0.000000e+00,0.000000e+00,0.000000e+00,0.000000e+00,2.999999e-01,0.000000e+00,0.000000e+00,0.000000e+00,0.000000e+00,0.000000e+00,0.000000e+00,0.000000e+00,0.000000e+00,0.000000e+00,0.000000e+00,0.000000e+00,0.000000e+00,0.000000e+00,0.000000e+00,0.000000e+00,0.000000e+00,0.000000e+00,0.000000e+00,0.000000e+00
9.520000e+01,9,5.000000e-01,5.000000e-01,5.000000e-01,5.000000e-01,5.000000e-01,5.000000e-01,5.000000e-01,5.000000e-01,1.557437e-02,4.778247e-06,5.000000e-01,5.000000e-01,5.000000e-01,5.000000e-01,5.000000e-01,5.000000e-01,5.000000e-01,5.000000e-01,5.000000e-01,5.000000e-01,5.000000e-01,5.000000e-01,5.000000e-01,5.000000e-01,5.000000e-01,5.000000e-01,5.000000e-01,5.000000e-01,0.000000e+00,0.000000e+00,0.000000e+00,0.000000e+00,0.000000e+00,0.000000e+00,0.000000e+00,0.000000e+00,1.055486e-06,2.988554e-01,0.000000e+00,0.000000e+00,0.000000e+00,0.000000e+00,0.000000e+00,0.000000e+00,0.000000e+00,0.000000e+00,0.000000e+00,0.000000e+00,0.000000e+00,0.000000e+00,0.000000e+00,0.000000e+00,0.000000e+00,0.000000e+00,0.000000e+00,0.000000e+00
9.530000e+01,9,5.000000e-01,5.000000e-01,5.000000e-01,5.000000e-01,5.000000e-01,5.000000e-01,5.000000e-01,5.000000e-01,5.000000e-01,1.778358e-36,5.000000e-01,5.000000e-01,5.000000e-01,5.000000e-01,5.000000e-01,5.000000e-01,5.000000e-01,5.000000e-01,5.000000e-01,5.000000e-01,5.000000e-01,5.000000e-01,5.000000e-01,5.000000e-01,5.000000e-01,5.000000e-01,5.000000e-01,5.000000e-01,0.000000e+00,0.000000e+00,0.000000e+00,0.000000e+00,0.000000e+00,0.000000e+00,0.000000e+00,0.000000e+00,0.000000e+00,3.000000e-01,0.000000e+00,0.000000e+00,0.000000e+00,0.000000e+00,0.000000e+00,0.000000e+00,0.000000e+00,0.000000e+00,0.000000e+00,0.000000e+00,0.000000e+00,0.000000e+00,0.000000e+00,0.000000e+00,0.000000e+00,0.000000e+00,0.000000e+00,0.000000e+00
9.540000e+01,9,5.000000e-01,5.000000e-01,5.000000e-01,5.000000e-01,5.000000e-01,5.000000e-01,5.000000e-01,5.000000e-01,5.000000e-01,1.599863e-42,5.000000e-01,5.000000e-01,5.000000e-01,5.000000e-01,5.000000e-01,5.000000e-01,5.000000e-01,5.000000e-01,5.000000e-01,5.000000e-01,5.000000e-01,5.000000e-01,5.000000e-01,5.000000e-01,5.000000e-01,5.000000e-01,5.000000e-01,5.000000e-01,0.000000e+00,0.000000e+00,0.000000e+00,0.000000e+00,0.000000e+00,0.000000e+00,0.000000e+00,0.000000e+00,0.000000e+00,3.000000e-01,0.000000e+00,0.000000e+00,0.000000e+00,0.000000e+00,0.000000e+00,0.000000e+00,0.000000e+00,0.000000e+00,0.000000e+00,0.000000e+00,0.000000e+00,0.000000e+00,0.000000e+00,0.000000e+00,0.000000e+00,0.000000e+00,0.000000e+00,0.000000e+00
9.550000e+01,9,5.000000e-01,5.000000e-01,5.000000e-01,5.000000e-01,5.000000e-01,5.000000e-01,5.000000e-01,5.000000e-01,5.000000e-01,2.770813e-08,5.000000e-01,5.000000e-01,5.000000e-01,5.000000e-01,5.000000e-01,5.000000e-01,5.000000e-01,5.000000e-01,5.000000e-01,5.000000e-01,5.000000e-01,5.000000e-01,5.000000e-01,5.000000e-01,5.000000e-01,5.000000e-01,5.000000e-01,5.000000e-01,0.000000e+00,0.000000e+00,0.000000e+00,0.000000e+00,0.000000e+00,0.000000e+00,0.000000e+00,0.000000e+00,0.000000e+00,2.999934e-01,0.000000e+00,0.000000e+00,0.000000e+00,0.000000e+00,0.000000e+00,0.000000e+00,0.000000e+00,0.000000e+00,0.000000e+00,0.000000e+00,0.000000e+00,0.000000e+00,0.000000e+00,0.000000e+00,0.000000e+00,0.000000e+00,0.000000e+00,0.000000e+00
9.560000e+01,16,5.000000e-01,5.000000e-01,5.000000e-01,5.000000e-01,5.000000e-01,5.000000e-01,5.000000e-01,5.000000e-01,5.000000e-01,5.000000e-01,5.000000e-01,5.000000e-01,5.000000e-01,5.000000e-01,5.000000e-01,5.000000e-01,4.725382e-03,5.000000e-01,5.000000e-01,5.000000e-01,5.000000e-01,5.000000e-01,5.000000e-01,5.000000e-01,5.000000e-01,5.000000e-01,5.000000e-01,5.000000e-01,0.000000e+00,0.000000e+00,0.000000e+00,0.000000e+00,0.000000e+00,0.000000e+00,0.000000e+00,0.000000e+00,0.000000e+00,0.000000e+00,0.000000e+00,0.000000e+00,0.000000e+00,0.000000e+00,0.000000e+00,0.000000e+00,6.783661e-03,0.000000e+00,0.000000e+00,0.000000e+00,0.000000e+00,0.000000e+00,0.000000e+00,0.000000e+00,0.000000e+00,0.000000e+00,0.000000e+00,0.000000e+00
9.570000e+01,16,5.000000e-01,5.000000e-01,5.000000e-01,5.000000e-01,5.000000e-01,5.000000e-01,5.000000e-01,5.000000e-01,5.000000e-01,5.000000e-01,5.000000e-01,5.000000e-01,5.000000e-01,5.000000e-01,5.000000e-01,5.000000e-01,4.038678e-05,5.000000e-01,5.000000e-01,5.000000e-01,5.000000e-01,5.000000e-01,5.000000e-01,5.000000e-01,5.000000e-01,5.000000e-01,5.000000e-01,5.000000e-01,0.000000e+00,0.000000e+00,0.000000e+00,0.000000e+00,0.000000e+00,0.000000e+00,0.000000e+00,0.000000e+00,0.000000e+00,0.000000e+00,0.000000e+00,0.000000e+00,0.000000e+00,0.000000e+00,0.000000e+00,0.000000e+00,2.904619e-01,0.000000e+00,0.000000e+00,0.000000e+00,0.000000e+00,0.000000e+00,0.000000e+00,0.000000e+00,0.000000e+00,0.000000e+00,0.000000e+00,0.000000e+00
9.580000e+01,17,5.000000e-01,5.000000e-01,5.000000e-01,5.000000e-01,5.000000e-01,5.000000e-01,5.000000e-01,5.000000e-01,5.000000e-01,5.000000e-01,5.000000e-01,5.000000e-01,5.000000e-01,5.000000e-01,5.000000e-01,5.000000e-01,1.229643e-02,8.105753e-07,5.000000e-01,5.000000e-01,5.000000e-01,5.000000e-01,5.000000e-01,5.000000e-01,5.000000e-01,5.000000e-01,5.000000e-01,5.000000e-01,0.000000e+00,0.000000e+00,0.000000e+00,0.000000e+00,0.000000e+00,0.000000e+00,0.000000e+00,0.000000e+00,0.000000e+00,0.000000e+00,0.000000e+00,0.000000e+00,0.000000e+00,0.000000e+00,0.000000e+00,0.000000e+00,1.508063e-05,2.998055e-01,0.000000e+00,0.000000e+00,0.000000e+00,0.000000e+00,0.000000e+00,0.000000e+00,0.000000e+00,0.000000e+00,0.000000e+00,0.000000e+00
9.590000e+01,17,5.000000e-01,5.000000e-01,5.000000e-01,5.000000e-01,5.000000e-01,5.000000e-01,5.000000e-01,5.000000e-01,5.000000e-01,5.000000e-01,5.000000e-01,5.000000e-01,5.000000e-01,5.000000e-01,5.000000e-01,5.000000e-01,5.000000e-01,6.846082e-34,5.000000e-01,5.000000e-01,5.000000e-01,5.000000e-01,5.000000e-01,5.000000e-01,5.000000e-01,5.000000e-01,5.000000e-01,5.000000e-01,0.000000e+00,0.000000e+00,0.000000e+00,0.000000e+00,0.000000e+00,0.000000e+00,0.000000e+00,0.000000e+00,0.000000e+00,0.000000e+00,0.000000e+00,0.000000e+00,0.000000e+00,0.000000e+00,0.000000e+00,0.000000e+00,0.000000e+00,3.000000e-01,0.000000e+00,0.000000e+00,0.000000e+00,0.000000e+00,0.000000e+00,0.000000e+00,0.000000e+00,0.000000e+00,0.000000e+00,0.000000e+00
9.600000e+01,17,5.000000e-01,5.000000e-01,5.000000e-01,5.000000e-01,5.000000e-01,5.000000e-01,5.000000e-01,5.000000e-01,5.000000e-01,5.000000e-01,5.000000e-01,5.000000e-01,5.000000e-01,5.000000e-01,5.000000e-01,5.000000e-01,5.000000e-01,3.413055e-27,5.000000e-01,5.000000e-01,5.000000e-01,5.000000e-01,5.000000e-01,5.000000e-01,5.000000e-01,5.000000e-01,5.000000e-01,5.000000e-01,0.000000e+00,0.000000e+00,0.000000e+00,0.000000e+00,0.000000e+00,0.000000e+00,0.000000e+00,0.000000e+00,0.000000e+00,0.000000e+00,0.000000e+00,0.000000e+00,0.000000e+00,0.000000e+00,0.000000e+00,0.000000e+00,0.000000e+00,3.000000e-01,0.000000e+00,0.000000e+00,0.000000e+00,0.000000e+00,0.000000e+00,0.000000e+00,0.000000e+00,0.000000e+00,0.000000e+00,0.000000e+00
9.610000e+01,17,5.000000e-01,5.000000e-01,5.000000e-01,5.000000e-01,5.000000e-01,5.000000e-01,5.000000e-01,5.000000e-01,5.000000e-01,5.000000e-01,5.000000e-01,5.000000e-01,5.000000e-01,5.000000e-01,5.000000e-01,5.000000e-01,5.000000e-01,2.514183e-51,5.000000e-01,5.000000e-01,5.000000e-01,5.000000e-01,5.000000e-01,5.000000e-01,5.000000e-01,5.000000e-01,5.000000e-01,5.000000e-01,0.000000e+00,0.000000e+00,0.000000e+00,0.000000e+00,0.000000e+00,0.000000e+00,0.000000e+00,0.000000e+00,0.000000e+00,0.000000e+00,0.000000e+00,0.000000e+00,0.000000e+00,0.000000e+00,0.000000e+00,0.000000e+00,0.000000e+00,3.000000e-01,0.000000e+00,0.000000e+00,0.000000e+00,0.000000e+00,0.000000e+00,0.000000e+00,0.000000e+00,0.000000e+00,0.000000e+00,0.000000e+00
9.620000e+01,17,5.000000e-01,5.000000e-01,5.000000e-01,5.000000e-01,5.000000e-01,5.000000e-01,5.000000e-01,5.000000e-01,5.000000e-01,5.000000e-01,5.000000e-01,5.000000e-01,5.000000e-01,5.000000e-01,5.000000e-01,5.000000e-01,5.000000e-01,6.311319e-12,5.000000e-01,5.000000e-01,5.000000e-01,5.000000e-01,5.000000e-01,5.000000e-01,5.000000e-01,5.000000e-01,5.000000e-01,5.000000e-01,0.000000e+00,0.000000e+00,0.000000e+00,0.000000e+00,0.000000e+00,0.000000e+00,0.000000e+00,0.000000e+00,0.000000e+00,0.000000e+00,0.000000e+00,0.000000e+00,0.000000e+00,0.000000e+00,0.000000e+00,0.000000e+00,0.000000e+00,3.000000e-01,0.000000e+00,0.000000e+00,0.000000e+00,0.000000e+00,0.000000e+00,0.000000e+00,0.000000e+00,0.000000e+00,0.000000e+00,0.000000e+00
9.630000e+01,17,5.000000e-01,5.000000e-01,5.000000e-01,5.000000e-01,5.000000e-01,5.000000e-01,5.000000e-01,5.000000e-01,5.000000e-01,5.000000e-01,5.000000e-01,5.000000e-01,5.000000e-01,5.000000e-01,5.000000e-01,5.000000e-01,5.000000e-01,3.805522e-02,5.000000e-01,5.000000e-01,5.000000e-01,5.000000e-01,5.000000e-01,5.000000e-01,5.000000e-01,5.000000e-01,5.000000e-01,5.000000e-01,0.000000e+00,0.000000e+00,0.000000e+00,0.000000e+00,0.000000e+00,0.000000e+00,0.000000e+00,0.000000e+00,0.000000e+00,0.000000e+00,0.000000e+00,0.000000e+00,0.000000e+00,0.000000e+00,0.000000e+00,0.000000e+00,0.000000e+00,9.925394e-15,0.000000e+00,0.000000e+00,0.000000e+00,0.000000e+00,0.000000e+00,0.000000e+00,0.000000e+00,0.000000e+00,0.000000e+00,0.000000e+00
9.640000e+01,24,5.000000e-01,5.000000e-01,5.000000e-01,5.000000e-01,5.000000e-01,5.000000e-01,5.000000e-01,5.000000e-01,5.000000e-01,5.000000e-01,5.000000e-01,5.000000e-01,5.000000e-01,5.000000e-01,5.000000e-01,5.000000e-01,5.000000e-01,5.000000e-01,5.000000e-01,5.000000e-01,5.000000e-01,5.000000e-01,5.000000e-01,5.000000e-01,1.479181e-02,5.000000e-01,5.000000e-01,5.000000e-01,0.000000e+00,0.000000e+00,0.000000e+00,0.000000e+00,0.000000e+00,0.000000e+00,0.000000e+00,0.000000e+00,0.000000e+00,0.000000e+00,0.000000e+00,0.000000e+00,0.000000e+00,0.000000e+00,0.000000e+00,0.000000e+00,0.000000e+00,0.000000e+00,0.000000e+00,0.000000e+00,0.000000e+00,0.000000e+00,0.000000e+00,0.000000e+00,1.993117e-06,0.000000e+00,0.000000e+00,0.000000e+00
9.650000e+01,23,5.000000e-01,5.000000e-01,5.000000e-01,5.000000e-01,5.000000e-01,5.000000e-01,5.000000e-01,5.000000e-01,5.000000e-01,5.000000e-01,5.000000e-01,5.000000e-01,5.000000e-01,5.000000e-01,5.000000e-01,5.000000e-01,5.000000e-01,5.000000e-01,5.000000e-01,5.000000e-01,5.000000e-01,5.000000e-01,5.000000e-01,6.025947e-08,5.000000e-01,5.000000e-01,5.000000e-01,5.000000e-01,0.000000e+00,0.000000e+00,0.000000e+00,0.000000e+00,0.000000e+00,0.000000e+00,0.000000e+00,0.000000e+00,0.000000e+00,0.000000e+00,0.000000e+00,0.000000e+00,0.000000e+00,0.000000e+00,0.000000e+00,0.000000e+00,0.000000e+00,0.000000e+00,0.000000e+00,0.000000e+00,0.000000e+00,0.000000e+00,0.000000e+00,2.999855e-01,0.000000e+00,0.000000e+00,0.000000e+00,0.000000e+00
9.660000e+01,23,5.000000e-01,5.000000e-01,5.000000e-01,5.000000e-01,5.000000e-01,5.000000e-01,5.000000e-01,5.000000e-01,5.000000e-01,5.000000e-01,5.000000e-01,5.000000e-01,5.000000e-01,5.000000e-01,5.000000e-01,5.000000e-01,5.000000e-01,5.000000e-01,5.000000e-01,5.000000e-01,5.000000e-01,5.000000e-01,5.000000e-01,4.941724e-11,5.000000e-01,5.000000e-01,5.000000e-01,5.000000e-01,0.000000e+00,0.000000e+00,0.000000e+00,0.000000e+00,0.000000e+00,0.000000e+00,0.000000e+00,0.000000e+00,0.000000e+00,0.000000e+00,0.000000e+00,0.000000e+00,0.000000e+00,0.000000e+00,0.000000e+00,0.000000e+00,0.000000e+00,0.000000e+00,0.000000e+00,0.000000e+00,0.000000e+00,0.000000e+00,0.000000e+00,3.000000e-01,0.000000e+00,0.000000e+00,0.000000e+00,0.000000e+00
9.670000e+01,16,5.000000e-01,5.000000e-01,5.000000e-01,5.000000e-01,5.000000e-01,5.000000e-01,5.000000e-01,5.000000e-01,5.000000e-01,5.000000e-01,5.000000e-01,5.000000e-01,5.000000e-01,5.000000e-01,5.000000e-01,5.000000e-01,8.710357e-03,5.000000e-01,5.000000e-01,5.000000e-01,5.000000e-01,5.000000e-01,5.000000e-01,3.507635e-02,5.000000e-01,5.000000e-01,5.000000e-01,5.000000e-01,0.000000e+00,0.000000e+00,0.000000e+00,0.000000e+00,0.000000e+00,0.000000e+00,0.000000e+00,0.000000e+00,0.000000e+00,0.000000e+00,0.000000e+00,0.000000e+00,0.000000e+00,0.000000e+00,0.000000e+00,0.000000e+00,2.738900e-04,0.000000e+00,0.000000e+00,0.000000e+00,0.000000e+00,0.000000e+00,0.000000e+00,1.179057e-13,0.000000e+00,0.000000e+00,0.000000e+00,0.000000e+00
9.680000e+01,16,5.000000e-01,5.000000e-01,5.000000e-01,5.000000e-01,5.000000e-01,5.000000e-01,5.000000e-01,5.000000e-01,5.000000e-01,5.000000e-01,5.000000e-01,5.000000e-01,5.000000e-01,5.000000e-01,5.000000e-01,5.000000e-01,1.235812e-06,5.000000e-01,5.000000e-01,5.000000e-01,5.000000e-01,5.000000e-01,5.000000e-01,5.000000e-01,5.000000e-01,5.000000e-01,5.000000e-01,5.000000e-01,0.000000e+00,0.000000e+00,0.000000e+00,0.000000e+00,0.000000e+00,0.000000e+00,0.000000e+00,0.000000e+00,0.000000e+00,0.000000e+00,0.000000e+00,0.000000e+00,0.000000e+00,0.000000e+00,0.000000e+00,0.000000e+00,2.997036e-01,0.000000e+00,0.000000e+00,0.000000e+00,0.000000e+00,0.000000e+00,0.000000e+00,0.000000e+00,0.000000e+00,0.000000e+00,0.000000e+00,0.000000e+00
9.690000e+01,15,5.000000e-01,5.000000e-01,5.000000e-01,5.000000e-01,5.000000e-01,5.000000e-01,5.000000e-01,5.000000e-01,5.000000e-01,5.000000e-01,5.000000e-01,5.000000e-01,5.000000e-01,5.000000e-01,5.000000e-01,1.222510e-03,1.432183e-03,5.000000e-01,5.000000e-01,5.000000e-01,5.000000e-01,5.000000e-01,5.000000e-01,5.000000e-01,5.000000e-01,5.000000e-01,5.000000e-01,5.000000e-01,0.000000e+00,0.000000e+00,0.000000e+00,0.000000e+00,0.000000e+00,0.000000e+00,0.000000e+00,0.000000e+00,0.000000e+00,0.000000e+00,0.000000e+00,0.000000e+00,0.000000e+00,0.000000e+00,0.000000e+00,1.127503e-01,9.531760e-02,0.000000e+00,0.000000e+00,0.000000e+00,0.000000e+00,0.000000e+00,0.000000e+00,0.000000e+00,0.000000e+00,0.000000e+00,0.000000e+00,0.000000e+00
9.700000e+01,15,5.000000e-01,5.000000e-01,5.000000e-01,5.000000e-01,5.000000e-01,5.000000e-01,5.000000e-01,5.000000e-01,5.000000e-01,5.000000e-01,5.000000e-01,5.000000e-01,5.000000e-01,5.000000e-01,5.000000e-01,2.157470e-12,2.495761e-02,5.000000e-01,5.000000e-01,5.000000e-01,5.000000e-01,5.000000e-01,5.000000e-01,5.000000e-01,5.000000e-01,5.000000e-01,5.000000e-01,5.000000e-01,0.000000e+00,0.000000e+00,0.000000e+00,0.000000e+00,0.000000e+00,0.000000e+00,0.000000e+00,0.000000e+00,0.000000e+00,0.000000e+00,0.000000e+00,0.000000e+00,0.000000e+00,0.000000e+00,0.000000e+00,3.000000e-01,4.964977e-10,0.000000e+00,0.000000e+00,0.000000e+00,0.000000e+00,0.000000e+00,0.000000e+00,0.000000e+00,0.000000e+00,0.000000e+00,0.000000e+00,0.000000e+00
9.710000e+01,15,5.000000e-01,5.000000e-01,5.000000e-01,5.000000e-01,5.000000e-01,5.000000e-01,5.000000e-01,5.000000e-01,5.000000e-01,5.000000e-01,5.000000e-01,5.000000e-01,5.000000e-01,5.000000e-01,5.000000e-01,5.137349e-08,5.000000e-01,5.000000e-01,5.000000e-01,5.000000e-01,5.000000e-01,5.000000e-01,5.000000e-01,5.000000e-01,5.000000e-01,5.000000e-01,5.000000e-01,5.000000e-01,0.000000e+00,0.000000e+00,0.000000e+00,0.000000e+00,0.000000e+00,0.000000e+00,0.000000e+00,0.000000e+00,0.000000e+00,0.000000e+00,0.000000e+00,0.000000e+00,0.000000e+00,0.000000e+00,0.000000e+00,2.999877e-01,0.000000e+00,0.000000e+00,0.000000e+00,0.000000e+00,0.000000e+00,0.000000e+00,0.000000e+00,0.000000e+00,0.000000e+00,0.000000e+00,0.000000e+00,0.000000e+00
9.720000e+01,15,5.000000e-01,5.000000e-01,5.000000e-01,5.000000e-01,5.000000e-01,5.000000e-01,5.000000e-01,5.000000e-01,5.000000e-01,5.000000e-01,5.000000e-01,5.000000e-01,5.000000e-01,5.000000e-01,5.000000e-01,3.376599e-02,5.000000e-01,5.000000e-01,5.000000e-01,5.000000e-01,5.000000e-01,5.000000e-01,5.000000e-01,5.000000e-01,5.000000e-01,5.000000e-01,5.000000e-01,5.000000e-01,0.000000e+00,0.000000e+00,0.000000e+00,0.000000e+00,0.000000e+00,0.000000e+00,0.000000e+00,0.000000e+00,0.000000e+00,0.000000e+00,0.000000e+00,0.000000e+00,0.000000e+00,0.000000e+00,0.000000e+00,3.491207e-13,0.000000e+00,0.000000e+00,0.000000e+00,0.000000e+00,0.000000e+00,0.000000e+00,0.000000e+00,0.000000e+00,0.000000e+00,0.000000e+00,0.000000e+00,0.000000e+00
9.730000e+01,8,5.000000e-01,5.000000e-01,5.000000e-01,5.000000e-01,5.000000e-01,5.000000e-01,5.000000e-01,5.000000e-01,2.557909e-08,5.000000e-01,5.000000e-01,5.000000e-01,5.000000e-01,5.000000e-01,5.000000e-01,5.000000e-01,5.000000e-01,5.000000e-01,5.000000e-01,5.000000e-01,5.000000e-01,5.000000e-01,5.000000e-01,5.000000e-01,5.000000e-01,5.000000e-01,5.000000e-01,5.000000e-01,0.000000e+00,0.000000e+00,0.000000e+00,0.000000e+00,0.000000e+00,0.000000e+00,0.000000e+00,0.000000e+00,2.999939e-01,0.000000e+00,0.000000e+00,0.000000e+00,0.000000e+00,0.000000e+00,0.000000e+00,0.000000e+00,0.000000e+00,0.000000e+00,0.000000e+00,0.000000e+00,0.000000e+00,0.000000e+00,0.000000e+00,0.000000e+00,0.000000e+00,0.000000e+00,0.000000e+00,0.000000e+00
9.740000e+01,8,5.000000e-01,5.000000e-01,5.000000e-01,5.000000e-01,5.000000e-01,5.000000e-01,5.000000e-01,5.000000e-01,2.669625e-04,3.430638e-03,5.000000e-01,5.000000e-01,5.000000e-01,5.000000e-01,5.000000e-01,5.000000e-01,5.000000e-01,5.000000e-01,5.000000e-01,5.000000e-01,5.000000e-01,5.000000e-01,5.000000e-01,5.000000e-01,5.000000e-01,5.000000e-01,5.000000e-01,5.000000e-01,0.000000e+00,0.000000e+00,0.000000e+00,0.000000e+00,0.000000e+00,0.000000e+00,0.000000e+00,0.000000e+00,2.423018e-01,1.919315e-02,0.000000e+00,0.000000e+00,0.000000e+00,0.000000e+00,0.000000e+00,0.000000e+00,0.000000e+00,0.000000e+00,0.000000e+00,0.000000e+00,0.000000e+00,0.000000e+00,0.000000e+00,0.000000e+00,0.000000e+00,0.000000e+00,0.000000e+00,0.000000e+00
9.750000e+01,9,5.000000e-01,5.000000e-01,5.000000e-01,5.000000e-01,5.000000e-01,5.000000e-01,5.000000e-01,5.000000e-01,5.000000e-01,5.082358e-22,5.000000e-01,5.000000e-01,5.000000e-01,5.000000e-01,5.000000e-01,5.000000e-01,5.000000e-01,5.000000e-01,5.000000e-01,5.000000e-01,5.000000e-01,5.000000e-01,5.000000e-01,5.000000e-01,5.000000e-01,5.000000e-01,5.000000e-01,5.000000e-01,0.000000e+00,0.000000e+00,0.000000e+00,0.000000e+00,0.000000e+00,0.000000e+00,0.000000e+00,0.000000e+00,0.000000e+00,3.000000e-01,0.000000e+00,0.000000e+00,0.000000e+00,0.000000e+00,0.000000e+00,0.000000e+00,0.000000e+00,0.000000e+00,0.000000e+00,0.000000e+00,0.000000e+00,0.000000e+00,0.000000e+00,0.000000e+00,0.000000e+00,0.000000e+00,0.000000e+00,0.000000e+00
9.760000e+01,9,5.000000e-01,5.000000e-01,5.000000e-01,5.000000e-01,5.000000e-01,5.000000e-01,5.000000e-01,5.000000e-01,5.000000e-01,2.547031e-36,5.000000e-01,5.000000e-01,5.000000e-01,5.000000e-01,5.000000e-01,5.000000e-01,5.000000e-01,5.000000e-01,5.000000e-01,5.000000e-01,5.000000e-01,5.000000e-01,5.000000e-01,5.000000e-01,5.000000e-01,5.000000e-01,5.000000e-01,5.000000e-01,0.000000e+00,0.000000e+00,0.000000e+00,0.000000e+00,0.000000e+00,0.000000e+00,0.000000e+00,0.000000e+00,0.000000e+00,3.000000e-01,0.000000e+00,0.000000e+00,0.000000e+00,0.000000e+00,0.000000e+00,0.000000e+00,0.000000e+00,0.000000e+00,0.000000e+00,0.000000e+00,0.000000e+00,0.000000e+00,0.000000e+00,0.000000e+00,0.000000e+00,0.000000e+00,0.000000e+00,0.000000e+00
9.770000e+01,9,5.000000e-01,5.000000e-01,5.000000e-01,5.000000e-01,5.000000e-01,5.000000e-01,5.000000e-01,5.000000e-01,5.000000e-01,9.746834e-09,5.000000e-01,5.000000e-01,5.000000e-01,5.000000e-01,5.000000e-01,5.000000e-01,5.000000e-01,5.000000e-01,5.000000e-01,5.000000e-01,5.000000e-01,5.000000e-01,5.000000e-01,5.000000e-01,5.000000e-01,5.000000e-01,5.000000e-01,5.000000e-01,0.000000e+00,0.000000e+00,0.000000e+00,0.000000e+00,0.000000e+00,0.000000e+00,0.000000e+00,0.000000e+00,0.000000e+00,2.999977e-01,0.000000e+00,0.000000e+00,0.000000e+00,0.000000e+00,0.000000e+00,0.000000e+00,0.000000e+00,0.000000e+00,0.000000e+00,0.000000e+00,0.000000e+00,0.000000e+00,0.000000e+00,0.000000e+00,0.000000e+00,0.000000e+00,0.000000e+00,0.000000e+00
9.780000e+01,-1,5.000000e-01,5.000000e-01,5.000000e-01,5.000000e-01,5.000000e-01,5.000000e-01,5.000000e-01,5.000000e-01,5.000000e-01,5.000000e-01,5.000000e-01,5.000000e-01,5.000000e-01,5.000000e-01,5.000000e-01,5.000000e-01,5.000000e-01,5.000000e-01,5.000000e-01,5.000000e-01,5.000000e-01,5.000000e-01,5.000000e-01,5.000000e-01,5.000000e-01,5.000000e-01,5.000000e-01,5.000000e-01,0.000000e+00,0.000000e+00,0.000000e+00,0.000000e+00,0.000000e+00,0.000000e+00,0.000000e+00,0.000000e+00,0.000000e+00,0.000000e+00,0.000000e+00,0.000000e+00,0.000000e+00,0.000000e+00,0.000000e+00,0.000000e+00,0.000000e+00,0.000000e+00,0.000000e+00,0.000000e+00,0.000000e+00,0.000000e+00,0.000000e+00,0.000000e+00,0.000000e+00,0.000000e+00,0.000000e+00,0.000000e+00
9.790000e+01,16,5.000000e-01,5.000000e-01,5.000000e-01,5.000000e-01,5.000000e-01,5.000000e-01,5.000000e-01,5.000000e-01,5.000000e-01,5.000000e-01,5.000000e-01,5.000000e-01,5.000000e-01,5.000000e-01,5.000000e-01,5.000000e-01,4.746291e-02,5.000000e-01,5.000000e-01,5.000000e-01,5.000000e-01,5.000000e-01,5.000000e-01,5.000000e-01,5.000000e-01,5.000000e-01,5.000000e-01,5.000000e-01,0.000000e+00,0.000000e+00,0.000000e+00,0.000000e+00,0.000000e+00,0.000000e+00,0.000000e+00,0.000000e+00,0.000000e+00,0.000000e+00,0.000000e+00,0.000000e+00,0.000000e+00,0.000000e+00,0.000000e+00,0.000000e+00,0.000000e+00,0.000000e+00,0.000000e+00,0.000000e+00,0.000000e+00,0.000000e+00,0.000000e+00,0.000000e+00,0.000000e+00,0.000000e+00,0.000000e+00,0.000000e+00
9.800000e+01,16,5.000000e-01,5.000000e-01,5.000000e-01,5.000000e-01,5.000000e-01,5.000000e-01,5.000000e-01,5.000000e-01,5.000000e-01,5.000000e-01,5.000000e-01,5.000000e-01,5.000000e-01,5.000000e-01,5.000000e-01,5.000000e-01,5.444467e-11,5.000000e-01,5.000000e-01,5.000000e-01,5.000000e-01,5.000000e-01,5.000000e-01,5.000000e-01,5.000000e-01,5.000000e-01,5.000000e-01,5.000000e-01,0.000000e+00,0.000000e+00,0.000000e+00,0.000000e+00,0.000000e+00,0.000000e+00,0.000000e+00,0.000000e+00,0.000000e+00,0.000000e+00,0.000000e+00,0.000000e+00,0.000000e+00,0.000000e+00,0.000000e+00,0.000000e+00,3.000000e-01,0.000000e+00,0.000000e+00,0.000000e+00,0.000000e+00,0.000000e+00,0.000000e+00,0.000000e+00,0.000000e+00,0.000000e+00,0.000000e+00,0.000000e+00
9.810000e+01,16,5.000000e-01,5.000000e-01,5.000000e-01,5.000000e-01,5.000000e-01,5.000000e-01,5.000000e-01,5.000000e-01,5.000000e-01,5.000000e-01,5.000000e-01,5.000000e-01,5.000000e-01,5.000000e-01,5.000000e-01,5.000000e-01,1.154988e-48,5.000000e-01,5.000000e-01,5.000000e-01,5.000000e-01,5.000000e-01,5.000000e-01,5.000000e-01,5.000000e-01,5.000000e-01,5.000000e-01,5.000000e-01,0.000000e+00,0.000000e+00,0.000000e+00,0.000000e+00,0.000000e+00,0.000000e+00,0.000000e+00,0.000000e+00,0.000000e+00,0.000000e+00,0.000000e+00,0.000000e+00,0.000000e+00,0.000000e+00,0.000000e+00,0.000000e+00,3.000000e-01,0.000000e+00,0.000000e+00,0.000000e+00,0.000000e+00,0.000000e+00,0.000000e+00,0.000000e+00,0.000000e+00,0.000000e+00,0.000000e+00,0.000000e+00
9.820000e+01,16,5.000000e-01,5.000000e-01,5.000000e-01,5.000000e-01,5.000000e-01,5.000000e-01,5.000000e-01,5.000000e-01,5.000000e-01,5.000000e-01,5.000000e-01,5.000000e-01,5.000000e-01,5.000000e-01,5.000000e-01,5.000000e-01,5.100540e-29,5.000000e-01,5.000000e-01,5.000000e-01,5.000000e-01,5.000000e-01,5.000000e-01,5.000000e-01,5.000000e-01,5.000000e-01,5.000000e-01,5.000000e-01,0.000000e+00,0.000000e+00,0.000000e+00,0.000000e+00,0.000000e+00,0.000000e+00,0.000000e+00,0.000000e+00,0.000000e+00,0.000000e+00,0.000000e+00,0.000000e+00,0.000000e+00,0.000000e+00,0.000000e+00,0.000000e+00,3.000000e-01,0.000000e+00,0.000000e+00,0.000000e+00,0.000000e+00,0.000000e+00,0.000000e+00,0.000000e+00,0.000000e+00,0.000000e+00,0.000000e+00,0.000000e+00
9.830000e+01,15,5.000000e-01,5.000000e-01,5.000000e-01,5.000000e-01,5.000000e-01,5.000000e-01,5.000000e-01,5.000000e-01,5.000000e-01,5.000000e-01,5.000000e-01,5.000000e-01,5.000000e-01,5.000000e-01,5.000000e-01,1.463168e-05,3.070241e-04,5.000000e-01,5.000000e-01,5.000000e-01,5.000000e-01,5.000000e-01,5.000000e-01,5.000000e-01,5.000000e-01,5.000000e-01,5.000000e-01,5.000000e-01,0.000000e+00,0.000000e+00,0.000000e+00,0.000000e+00,0.000000e+00,0.000000e+00,0.000000e+00,0.000000e+00,0.000000e+00,0.000000e+00,0.000000e+00,0.000000e+00,0.000000e+00,0.000000e+00,0.000000e+00,2.965088e-01,2.346571e-01,0.000000e+00,0.000000e+00,0.000000e+00,0.000000e+00,0.000000e+00,0.000000e+00,0.000000e+00,0.000000e+00,0.000000e+00,0.000000e+00,0.000000e+00
9.840000e+01,15,5.000000e-01,5.000000e-01,5.000000e-01,5.000000e-01,5.000000e-01,5.000000e-01,5.000000e-01,5.000000e-01,5.000000e-01,5.000000e-01,5.000000e-01,5.000000e-01,5.000000e-01,5.000000e-01,5.000000e-01,5.926197e-36,5.000000e-01,5.000000e-01,5.000000e-01,5.000000e-01,5.000000e-01,5.000000e-01,5.000000e-01,5.000000e-01,5.000000e-01,5.000000e-01,5.000000e-01,5.000000e-01,0.000000e+00,0.000000e+00,0.000000e+00,0.000000e+00,0.000000e+00,0.000000e+00,0.000000e+00,0.000000e+00,0.000000e+00,0.000000e+00,0.000000e+00,0.000000e+00,0.000000e+00,0.000000e+00,0.000000e+00,3.000000e-01,0.000000e+00,0.000000e+00,0.000000e+00,0.000000e+00,0.000000e+00,0.000000e+00,0.000000e+00,0.000000e+00,0.000000e+00,0.000000e+00,0.000000e+00,0.000000e+00
9.850000e+01,15,5.000000e-01,5.000000e-01,5.000000e-01,5.000000e-01,5.000000e-01,5.000000e-01,5.000000e-01,5.000000e-01,5.000000e-01,5.000000e-01,5.000000e-01,5.000000e-01,5.000000e-01,5.000000e-01,5.000000e-01,3.624022e-34,5.000000e-01,5.000000e-01,5.000000e-01,5.000000e-01,5.000000e-01,5.000000e-01,5.000000e-01,5.000000e-01,5.000000e-01,5.000000e-01,5.000000e-01,5.000000e-01,0.000000e+00,0.000000e+00,0.000000e+00,0.000000e+00,0.000000e+00,0.000000e+00,0.000000e+00,0.000000e+00,0.000000e+00,0.000000e+00,0.000000e+00,0.000000e+00,0.000000e+00,0.000000e+00,0.000000e+00,3.000000e-01,0.000000e+00,0.000000e+00,0.000000e+00,0.000000e+00,0.000000e+00,0.000000e+00,0.000000e+00,0.000000e+00,0.000000e+00,0.000000e+00,0.000000e+00,0.000000e+00
9.860000e+01,15,5.000000e-01,5.000000e-01,5.000000e-01,5.000000e-01,5.000000e-01,5.000000e-01,5.000000e-01,5.000000e-01,5.000000e-01,5.000000e-01,5.000000e-01,5.000000e-01,5.000000e-01,5.000000e-01,5.000000e-01,2.091785e-05,5.000000e-01,5.000000e-01,5.000000e-01,5.000000e-01,5.000000e-01,5.000000e-01,5.000000e-01,5.000000e-01,5.000000e-01,5.000000e-01,5.000000e-01,5.000000e-01,0.000000e+00,0.000000e+00,0.000000e+00,0.000000e+00,0.000000e+00,0.000000e+00,0.000000e+00,0.000000e+00,0.000000e+00,0.000000e+00,0.000000e+00,0.000000e+00,0.000000e+00,0.000000e+00,0.000000e+00,2.950214e-01,0.000000e+00,0.000000e+00,0.000000e+00,0.000000e+00,0.000000e+00,0.000000e+00,0.000000e+00,0.000000e+00,0.000000e+00,0.000000e+00,0.000000e+00,0.000000e+00
9.870000e+01,15,5.000000e-01,5.000000e-01,5.000000e-01,5.000000e-01,5.000000e-01,5.000000e-01,5.000000e-01,5.000000e-01,5.000000e-01,5.000000e-01,5.000000e-01,5.000000e-01,5.000000e-01,5.000000e-01,5.000000e-01,3.942232e-10,5.000000e-01,5.000000e-01,5.000000e-01,5.000000e-01,5.000000e-01,5.000000e-01,5.000000e-01,5.000000e-01,5.000000e-01,5.000000e-01,5.000000e-01,5.000000e-01,0.000000e+00,0.000000e+00,0.000000e+00,0.000000e+00,0.000000e+00,0.000000e+00,0.000000e+00,0.000000e+00,0.000000e+00,0.000000e+00,0.000000e+00,0.000000e+00,0.000000e+00,0.000000e+00,0.000000e+00,2.999999e-01,0.000000e+00,0.000000e+00,0.000000e+00,0.000000e+00,0.000000e+00,0.000000e+00,0.000000e+00,0.000000e+00,0.000000e+00,0.000000e+00,0.000000e+00,0.000000e+00
9.880000e+01,15,5.000000e-01,5.000000e-01,5.000000e-01,5.000000e-01,5.000000e-01,5.000000e-01,5.000000e-01,5.000000e-01,5.000000e-01,5.000000e-01,5.000000e-01,5.000000e-01,5.000000e-01,5.000000e-01,5.000000e-01,5.745387e-17,5.000000e-01,5.000000e-01,5.000000e-01,5.000000e-01,5.000000e-01,5.000000e-01,5.000000e-01,5.000000e-01,5.000000e-01,5.000000e-01,5.000000e-01,5.000000e-01,0.000000e+00,0.000000e+00,0.000000e+00,0.000000e+00,0.000000e+00,0.000000e+00,0.000000e+00,0.000000e+00,0.000000e+00,0.000000e+00,0.000000e+00,0.000000e+00,0.000000e+00,0.000000e+00,0.000000e+00,3.000000e-01,0.000000e+00,0.000000e+00,0.000000e+00,0.000000e+00,0.000000e+00,0.000000e+00,0.000000e+00,0.000000e+00,0.000000e+00,0.000000e+00,0.000000e+00,0.000000e+00
9.890000e+01,14,5.000000e-01,5.000000e-01,5.000000e-01,5.000000e-01,5.000000e-01,5.000000e-01,5.000000e-01,5.000000e-01,5.000000e-01,5.000000e-01,5.000000e-01,5.000000e-01,5.000000e-01,5.000000e-01,1.466115e-04,4.079486e-03,5.000000e-01,5.000000e-01,5.000000e-01,5.000000e-01,5.000000e-01,5.000000e-01,5.000000e-01,5.000000e-01,5.000000e-01,5.000000e-01,5.000000e-01,5.000000e-01,0.000000e+00,0.000000e+00,0.000000e+00,0.000000e+00,0.000000e+00,0.000000e+00,0.000000e+00,0.000000e+00,0.000000e+00,0.000000e+00,0.000000e+00,0.000000e+00,0.000000e+00,0.000000e+00,2.667961e-01,1.139892e-02,0.000000e+00,0.000000e+00,0.000000e+00,0.000000e+00,0.000000e+00,0.000000e+00,0.000000e+00,0.000000e+00,0.000000e+00,0.000000e+00,0.000000e+00,0.000000e+00
9.900000e+01,14,5.000000e-01,5.000000e-01,5.000000e-01,5.000000e-01,5.000000e-01,5.000000e-01,5.000000e-01,5.000000e-01,5.000000e-01,5.000000e-01,5.000000e-01,5.000000e-01,5.000000e-01,5.000000e-01,9.690803e-08,5.000000e-01,5.000000e-01,5.000000e-01,5.000000e-01,5.000000e-01,5.000000e-01,5.000000e-01,5.000000e-01,5.000000e-01,5.000000e-01,5.000000e-01,5.000000e-01,5.000000e-01,0.000000e+00,0.000000e+00,0.000000e+00,0.000000e+00,0.000000e+00,0.000000e+00,0.000000e+00,0.000000e+00,0.000000e+00,0.000000e+00,0.000000e+00,0.000000e+00,0.000000e+00,0.000000e+00,2.999767e-01,0.000000e+00,0.000000e+00,0.000000e+00,0.000000e+00,0.000000e+00,0.000000e+00,0.000000e+00,0.000000e+00,0.000000e+00,0.000000e+00,0.000000e+00,0.000000e+00,0.000000e+00
9.910000e+01,7,5.000000e-01,5.000000e-01,5.000000e-01,5.000000e-01,5.000000e-01,5.000000e-01,5.000000e-01,9.274127e-03,5.000000e-01,5.000000e-01,5.000000e-01,5.000000e-01,5.000000e-01,5.000000e-01,5.000000e-01,5.000000e-01,5.000000e-01,5.000000e-01,5.000000e-01,5.000000e-01,5.000000e-01,5.000000e-01,5.000000e-01,5.000000e-01,5.000000e-01,5.000000e-01,5.000000e-01,5.000000e-01,0.000000e+00,0.000000e+00,0.000000e+00,0.000000e+00,0.000000e+00,0.000000e+00,0.000000e+00,1.737501e-04,0.000000e+00,0.000000e+00,0.000000e+00,0.000000e+00,0.000000e+00,0.000000e+00,0.000000e+00,0.000000e+00,0.000000e+00,0.000000e+00,0.000000e+00,0.000000e+00,0.000000e+00,0.000000e+00,0.000000e+00,0.000000e+00,0.000000e+00,0.000000e+00,0.000000e+00,0.000000e+00
9.920000e+01,7,5.000000e-01,5.000000e-01,5.000000e-01,5.000000e-01,5.000000e-01,5.000000e-01,5.000000e-01,2.724972e-12,5.000000e-01,5.000000e-01,5.000000e-01,5.000000e-01,5.000000e-01,5.000000e-01,5.000000e-01,5.000000e-01,5.000000e-01,5.000000e-01,5.000000e-01,5.000000e-01,5.000000e-01,5.000000e-01,5.000000e-01,5.000000e-01,5.000000e-01,5.000000e-01,5.000000e-01,5.000000e-01,0.000000e+00,0.000000e+00,0.000000e+00,0.000000e+00,0.000000e+00,0.000000e+00,0.000000e+00,3.000000e-01,0.000000e+00,0.000000e+00,0.000000e+00,0.000000e+00,0.000000e+00,0.000000e+00,0.000000e+00,0.000000e+00,0.000000e+00,0.000000e+00,0.000000e+00,0.000000e+00,0.000000e+00,0.000000e+00,0.000000e+00,0.000000e+00,0.000000e+00,0.000000e+00,0.000000e+00,0.000000e+00
9.930000e+01,7,5.000000e-01,5.000000e-01,5.000000e-01,5.000000e-01,5.000000e-01,5.000000e-01,5.000000e-01,8.681426e-03,5.000000e-01,5.000000e-01,5.000000e-01,5.000000e-01,5.000000e-01,5.000000e-01,5.000000e-01,5.000000e-01,5.000000e-01,5.000000e-01,5.000000e-01,5.000000e-01,5.000000e-01,5.000000e-01,5.000000e-01,5.000000e-01,5.000000e-01,5.000000e-01,5.000000e-01,5.000000e-01,0.000000e+00,0.000000e+00,0.000000e+00,0.000000e+00,0.000000e+00,0.000000e+00,0.000000e+00,2.803599e-04,0.000000e+00,0.000000e+00,0.000000e+00,0.000000e+00,0.000000e+00,0.000000e+00,0.000000e+00,0.000000e+00,0.000000e+00,0.000000e+00,0.000000e+00,0.000000e+00,0.000000e+00,0.000000e+00,0.000000e+00,0.000000e+00,0.000000e+00,0.000000e+00,0.000000e+00,0.000000e+00
9.940000e+01,-1,5.000000e-01,5.000000e-01,5.000000e-01,5.000000e-01,5.000000e-01,5.000000e-01,5.000000e-01,5.000000e-01,5.000000e-01,5.000000e-01,5.000000e-01,5.000000e-01,5.000000e-01,5.000000e-01,5.000000e-01,5.000000e-01,5.000000e-01,5.000000e-01,5.000000e-01,5.000000e-01,5.000000e-01,5.000000e-01,5.000000e-01,5.000000e-01,5.000000e-01,5.000000e-01,5.000000e-01,5.000000e-01,0.000000e+00,0.000000e+00,0.000000e+00,0.000000e+00,0.000000e+00,0.000000e+00,0.000000e+00,0.000000e+00,0.000000e+00,0.000000e+00,0.000000e+00,0.000000e+00,0.000000e+00,0.000000e+00,0.000000e+00,0.000000e+00,0.000000e+00,0.000000e+00,0.000000e+00,0.000000e+00,0.000000e+00,0.000000e+00,0.000000e+00,0.000000e+00,0.000000e+00,0.000000e+00,0.000000e+00,0.000000e+00
9.950000e+01,15,5.000000e-01,5.000000e-01,5.000000e-01,5.000000e-01,5.000000e-01,5.000000e-01,5.000000e-01,5.000000e-01,5.000000e-01,5.000000e-01,5.000000e-01,5.000000e-01,5.000000e-01,5.000000e-01,5.000000e-01,2.495959e-05,5.000000e-01,5.000000e-01,5.000000e-01,5.000000e-01,5.000000e-01,5.000000e-01,5.000000e-01,5.000000e-01,5.000000e-01,5.000000e-01,5.000000e-01,5.000000e-01,0.000000e+00,0.000000e+00,0.000000e+00,0.000000e+00,0.000000e+00,0.000000e+00,0.000000e+00,0.000000e+00,0.000000e+00,0.000000e+00,0.000000e+00,0.000000e+00,0.000000e+00,0.000000e+00,0.000000e+00,2.940690e-01,0.000000e+00,0.000000e+00,0.000000e+00,0.000000e+00,0.000000e+00,0.000000e+00,0.000000e+00,0.000000e+00,0.000000e+00,0.000000e+00,0.000000e+00,0.000000e+00
9.960000e+01,15,5.000000e-01,5.000000e-01,5.000000e-01,5.000000e-01,5.000000e-01,5.000000e-01,5.000000e-01,5.000000e-01,5.000000e-01,5.000000e-01,5.000000e-01,5.000000e-01,5.000000e-01,5.000000e-01,5.000000e-01,7.033177e-19,5.000000e-01,5.000000e-01,5.000000e-01,5.000000e-01,5.000000e-01,5.000000e-01,5.000000e-01,5.000000e-01,5.000000e-01,5.000000e-01,5.000000e-01,5.000000e-01,0.000000e+00,0.000000e+00,0.000000e+00,0.000000e+00,0.000000e+00,0.000000e+00,0.000000e+00,0.000000e+00,0.000000e+00,0.000000e+00,0.000000e+00,0.000000e+00,0.000000e+00,0.000000e+00,0.000000e+00,3.000000e-01,0.000000e+00,0.000000e+00,0.000000e+00,0.000000e+00,0.000000e+00,0.000000e+00,0.000000e+00,0.000000e+00,0.000000e+00,0.000000e+00,0.000000e+00,0.000000e+00
9.970000e+01,15,5.000000e-01,5.000000e-01,5.000000e-01,5.000000e-01,5.000000e-01,5.000000e-01,5.000000e-01,5.000000e-01,5.000000e-01,5.000000e-01,5.000000e-01,5.000000e-01,5.000000e-01,5.000000e-01,5.000000e-01,6.536078e-11,5.000000e-01,5.000000e-01,5.000000e-01,5.000000e-01,5.000000e-01,5.000000e-01,5.000000e-01,5.000000e-01,5.000000e-01,5.000000e-01,5.000000e-01,5.000000e-01,0.000000e+00,0.000000e+00,0.000000e+00,0.000000e+00,0.000000e+00,0.000000e+00,0.000000e+00,0.000000e+00,0.000000e+00,0.000000e+00,0.000000e+00,0.000000e+00,0.000000e+00,0.000000e+00,0.000000e+00,3.000000e-01,0.000000e+00,0.000000e+00,0.000000e+00,0.000000e+00,0.000000e+00,0.000000e+00,0.000000e+00,0.000000e+00,0.000000e+00,0.000000e+00,0.000000e+00,0.000000e+00
9.980000e+01,15,5.000000e-01,5.000000e-01,5.000000e-01,5.000000e-01,5.000000e-01,5.000000e-01,5.000000e-01,5.000000e-01,5.000000e-01,5.000000e-01,5.000000e-01,5.000000e-01,5.000000e-01,5.000000e-01,5.000000e-01,6.989524e-14,5.000000e-01,5.000000e-01,5.000000e-01,5.000000e-01,5.000000e-01,5.000000e-01,5.000000e-01,5.000000e-01,5.000000e-01,5.000000e-01,5.000000e-01,5.000000e-01,0.000000e+00,0.000000e+00,0.000000e+00,0.000000e+00,0.000000e+00,0.000000e+00,0.000000e+00,0.000000e+00,0.000000e+00,0.000000e+00,0.000000e+00,0.000000e+00,0.000000e+00,0.000000e+00,0.000000e+00,3.000000e-01,0.000000e+00,0.000000e+00,0.000000e+00,0.000000e+00,0.000000e+00,0.000000e+00,0.000000e+00,0.000000e+00,0.000000e+00,0.000000e+00,0.000000e+00,0.000000e+00
9.990000e+01,15,5.000000e-01,5.000000e-01,5.000000e-01,5.000000e-01,5.000000e-01,5.000000e-01,5.000000e-01,5.000000e-01,5.000000e-01,5.000000e-01,5.000000e-01,5.000000e-01,5.000000e-01,5.000000e-01,5.000000e-01,4.534605e-47,5.000000e-01,5.000000e-01,5.000000e-01,5.000000e-01,5.000000e-01,5.000000e-01,5.000000e-01,5.000000e-01,5.000000e-01,5.000000e-01,5.000000e-01,5.000000e-01,0.000000e+00,0.000000e+00,0.000000e+00,0.000000e+00,0.000000e+00,0.000000e+00,0.000000e+00,0.000000e+00,0.000000e+00,0.000000e+00,0.000000e+00,0.000000e+00,0.000000e+00,0.000000e+00,0.000000e+00,3.000000e-01,0.000000e+00,0.000000e+00,0.000000e+00,0.000000e+00,0.000000e+00,0.000000e+00,0.000000e+00,0.000000e+00,0.000000e+00,0.000000e+00,0.000000e+00,0.000000e+00
1.000000e+02,15,5.000000e-01,5.000000e-01,5.000000e-01,5.000000e-01,5.000000e-01,5.000000e-01,5.000000e-01,5.000000e-01,5.000000e-01,5.000000e-01,5.000000e-01,5.000000e-01,5.000000e-01,5.000000e-01,5.000000e-01,1.259731e-41,5.000000e-01,5.000000e-01,5.000000e-01,5.000000e-01,5.000000e-01,5.000000e-01,5.000000e-01,5.000000e-01,5.000000e-01,5.000000e-01,5.000000e-01,5.000000e-01,0.000000e+00,0.000000e+00,0.000000e+00,0.000000e+00,0.000000e+00,0.000000e+00,0.000000e+00,0.000000e+00,0.000000e+00,0.000000e+00,0.000000e+00,0.000000e+00,0.000000e+00,0.000000e+00,0.000000e+00,3.000000e-01,0.000000e+00,0.000000e+00,0.000000e+00,0.000000e+00,0.000000e+00,0.000000e+00,0.000000e+00,0.000000e+00,0.000000e+00,0.000000e+00,0.000000e+00,0.000000e+00
1.001000e+02,15,5.000000e-01,5.000000e-01,5.000000e-01,5.000000e-01,5.000000e-01,5.000000e-01,5.000000e-01,5.000000e-01,5.000000e-01,5.000000e-01,5.000000e-01,5.000000e-01,5.000000e-01,5.000000e-01,5.000000e-01,1.590567e-08,5.000000e-01,5.000000e-01,5.000000e-01,5.000000e-01,5.000000e-01,5.000000e-01,5.000000e-01,5.000000e-01,5.000000e-01,5.000000e-01,5.000000e-01,5.000000e-01,0.000000e+00,0.000000e+00,0.000000e+00,0.000000e+00,0.000000e+00,0.000000e+00,0.000000e+00,0.000000e+00,0.000000e+00,0.000000e+00,0.000000e+00,0.000000e+00,0.000000e+00,0.000000e+00,0.000000e+00,2.999962e-01,0.000000e+00,0.000000e+00,0.000000e+00,0.000000e+00,0.000000e+00,0.000000e+00,0.000000e+00,0.000000e+00,0.000000e+00,0.000000e+00,0.000000e+00,0.000000e+00
1.002000e+02,15,5.000000e-01,5.000000e-01,5.000000e-01,5.000000e-01,5.000000e-01,5.000000e-01,5.000000e-01,5.000000e-01,4.583962e-02,5.000000e-01,5.000000e-01,5.000000e-01,5.000000e-01,5.000000e-01,5.000000e-01,4.873504e-03,5.000000e-01,5.000000e-01,5.000000e-01,5.000000e-01,5.000000e-01,5.000000e-01,5.000000e-01,5.000000e-01,5.000000e-01,5.000000e-01,5.000000e-01,5.000000e-01,0.000000e+00,0.000000e+00,0.000000e+00,0.000000e+00,0.000000e+00,0.000000e+00,0.000000e+00,0.000000e+00,0.000000e+00,0.000000e+00,0.000000e+00,0.000000e+00,0.000000e+00,0.000000e+00,0.000000e+00,6.022171e-03,0.000000e+00,0.000000e+00,0.000000e+00,0.000000e+00,0.000000e+00,0.000000e+00,0.000000e+00,0.000000e+00,0.000000e+00,0.000000e+00,0.000000e+00,0.000000e+00
1.003000e+02,8,5.000000e-01,5.000000e-01,5.000000e-01,5.000000e-01,5.000000e-01,5.000000e-01,5.000000e-01,5.000000e-01,2.059106e-04,5.000000e-01,5.000000e-01,5.000000e-01,5.000000e-01,5.000000e-01,5.000000e-01,5.000000e-01,5.000000e-01,5.000000e-01,5.000000e-01,5.000000e-01,5.000000e-01,5.000000e-01,5.000000e-01,5.000000e-01,5.000000e-01,5.000000e-01,5.000000e-01,5.000000e-01,0.000000e+00,0.000000e+00,0.000000e+00,0.000000e+00,0.000000e+00,0.000000e+00,0.000000e+00,0.000000e+00,2.544329e-01,0.000000e+00,0.000000e+00,0.000000e+00,0.000000e+00,0.000000e+00,0.000000e+00,0.000000e+00,0.000000e+00,0.000000e+00,0.000000e+00,0.000000e+00,0.000000e+00,0.000000e+00,0.000000e+00,0.000000e+00,0.000000e+00,0.000000e+00,0.000000e+00,0.000000e+00
1.004000e+02,8,5.000000e-01,5.000000e-01,5.000000e-01,5.000000e-01,5.000000e-01,5.000000e-01,5.000000e-01,5.000000e-01,1.872382e-08,5.000000e-01,5.000000e-01,5.000000e-01,5.000000e-01,5.000000e-01,5.000000e-01,5.000000e-01,5.000000e-01,5.000000e-01,5.000000e-01,5.000000e-01,5.000000e-01,5.000000e-01,5.000000e-01,5.000000e-01,5.000000e-01,5.000000e-01,5.000000e-01,5.000000e-01,0.000000e+00,0.000000e+00,0.000000e+00,0.000000e+00,0.000000e+00,0.000000e+00,0.000000e+00,0.000000e+00,2.999955e-01,0.000000e+00,0.000000e+00,0.000000e+00,0.000000e+00,0.000000e+00,0.000000e+00,0.000000e+00,0.000000e+00,0.000000e+00,0.000000e+00,0.000000e+00,0.000000e+00,0.000000e+00,0.000000e+00,0.000000e+00,0.000000e+00,0.000000e+00,0.000000e+00,0.000000e+00
1.005000e+02,8,5.000000e-01,5.000000e-01,5.000000e-01,5.000000e-01,5.000000e-01,5.000000e-01,5.000000e-01,5.000000e-01,6.784350e-05,5.000000e-01,5.000000e-01,5.000000e-01,5.000000e-01,5.000000e-01,5.000000e-01,5.000000e-01,5.000000e-01,5.000000e-01,5.000000e-01,5.000000e-01,5.000000e-01,5.000000e-01,5.000000e-01,5.000000e-01,5.000000e-01,5.000000e-01,5.000000e-01,5.000000e-01,0.000000e+00,0.000000e+00,0.000000e+00,0.000000e+00,0.000000e+00,0.000000e+00,0.000000e+00,0.000000e+00,2.841510e-01,0.000000e+00,0.000000e+00,0.000000e+00,0.000000e+00,0.000000e+00,0.000000e+00,0.000000e+00,0.000000e+00,0.000000e+00,0.000000e+00,0.000000e+00,0.000000e+00,0.000000e+00,0.000000e+00,0.000000e+00,0.000000e+00,0.000000e+00,0.000000e+00,0.000000e+00
1.006000e+02,9,5.000000e-01,5.000000e-01,5.000000e-01,5.000000e-01,5.000000e-01,5.000000e-01,5.000000e-01,5.000000e-01,3.954957e-02,2.866507e-06,5.000000e-01,5.000000e-01,5.000000e-01,5.000000e-01,5.000000e-01,5.000000e-01,5.000000e-01,5.000000e-01,5.000000e-01,5.000000e-01,5.000000e-01,5.000000e-01,5.000000e-01,5.000000e-01,5.000000e-01,5.000000e-01,5.000000e-01,5.000000e-01,0.000000e+00,0.000000e+00,0.000000e+00,0.000000e+00,0.000000e+00,0.000000e+00,0.000000e+00,0.000000e+00,2.864375e-15,2.993128e-01,0.000000e+00,0.000000e+00,0.000000e+00,0.000000e+00,0.000000e+00,0.000000e+00,0.000000e+00,0.000000e+00,0.000000e+00,0.000000e+00,0.000000e+00,0.000000e+00,0.000000e+00,0.000000e+00,0.000000e+00,0.000000e+00,0.000000e+00,0.000000e+00
1.007000e+02,9,5.000000e-01,5.000000e-01,5.000000e-01,5.000000e-01,5.000000e-01,5.000000e-01,5.000000e-01,5.000000e-01,5.000000e-01,3.557319e-26,5.000000e-01,5.000000e-01,5.000000e-01,5.000000e-01,5.000000e-01,5.000000e-01,5.000000e-01,5.000000e-01,5.000000e-01,5.000000e-01,5.000000e-01,5.000000e-01,5.000000e-01,5.000000e-01,5.000000e-01,5.000000e-01,5.000000e-01,5.000000e-01,0.000000e+00,0.000000e+00,0.000000e+00,0.000000e+00,0.000000e+00,0.000000e+00,0.000000e+00,0.000000e+00,0.000000e+00,3.000000e-01,0.000000e+00,0.000000e+00,0.000000e+00,0.000000e+00,0.000000e+00,0.000000e+00,0.000000e+00,0.000000e+00,0.000000e+00,0.000000e+00,0.000000e+00,0.000000e+00,0.000000e+00,0.000000e+00,0.000000e+00,0.000000e+00,0.000000e+00,0.000000e+00
1.008000e+02,9,5.000000e-01,5.000000e-01,5.000000e-01,5.000000e-01,5.000000e-01,5.000000e-01,5.000000e-01,5.000000e-01,2.778647e-02,7.985269e-04,5.000000e-01,5.000000e-01,5.000000e-01,5.000000e-01,5.000000e-01,5.000000e-01,5.000000e-01,5.000000e-01,5.000000e-01,5.000000e-01,5.000000e-01,5.000000e-01,5.000000e-01,5.000000e-01,5.000000e-01,5.000000e-01,5.000000e-01,5.000000e-01,0.000000e+00,0.000000e+00,0.000000e+00,0.000000e+00,0.000000e+00,0.000000e+00,0.000000e+00,0.000000e+00,4.857897e-11,1.583338e-01,0.000000e+00,0.000000e+00,0.000000e+00,0.000000e+00,0.000000e+00,0.000000e+00,0.000000e+00,0.000000e+00,0.000000e+00,0.000000e+00,0.000000e+00,0.000000e+00,0.000000e+00,0.000000e+00,0.000000e+00,0.000000e+00,0.000000e+00,0.000000e+00
1.009000e+02,8,5.000000e-01,5.000000e-01,5.000000e-01,5.000000e-01,5.000000e-01,5.000000e-01,5.000000e-01,5.000000e-01,2.803042e-04,5.000000e-01,5.000000e-01,5.000000e-01,5.000000e-01,5.000000e-01,5.000000e-01,5.000000e-01,5.000000e-01,5.000000e-01,5.000000e-01,5.000000e-01,5.000000e-01,5.000000e-01,5.000000e-01,5.000000e-01,5.000000e-01,5.000000e-01,5.000000e-01,5.000000e-01,0.000000e+00,0.000000e+00,0.000000e+00,0.000000e+00,0.000000e+00,0.000000e+00,0.000000e+00,0.000000e+00,2.397287e-01,0.000000e+00,0.000000e+00,0.000000e+00,0.000000e+00,0.000000e+00,0.000000e+00,0.000000e+00,0.000000e+00,0.000000e+00,0.000000e+00,0.000000e+00,0.000000e+00,0.000000e+00,0.000000e+00,0.000000e+00,0.000000e+00,0.000000e+00,0.000000e+00,0.000000e+00
1.010000e+02,8,5.000000e-01,5.000000e-01,5.000000e-01,5.000000e-01,5.000000e-01,5.000000e-01,5.000000e-01,5.000000e-01,6.762834e-07,2.185043e-03,5.000000e-01,5.000000e-01,5.000000e-01,5.000000e-01,5.000000e-01,5.000000e-01,5.000000e-01,5.000000e-01,5.000000e-01,5.000000e-01,5.000000e-01,5.000000e-01,5.000000e-01,5.000000e-01,5.000000e-01,5.000000e-01,5.000000e-01,5.000000e-01,0.000000e+00,0.000000e+00,0.000000e+00,0.000000e+00,0.000000e+00,0.000000e+00,0.000000e+00,0.000000e+00,2.998377e-01,5.213495e-02,0.000000e+00,0.000000e+00,0.000000e+00,0.000000e+00,0.000000e+00,0.000000e+00,0.000000e+00,0.000000e+00,0.000000e+00,0.000000e+00,0.000000e+00,0.000000e+00,0.000000e+00,0.000000e+00,0.000000e+00,0.000000e+00,0.000000e+00,0.000000e+00
1.011000e+02,8,5.000000e-01,5.000000e-01,5.000000e-01,5.000000e-01,5.000000e-01,5.000000e-01,5.000000e-01,5.000000e-01,2.418957e-07,2.451368e-02,5.000000e-01,5.000000e-01,5.000000e-01,5.000000e-01,5.000000e-01,5.000000e-01,5.000000e-01,5.000000e-01,5.000000e-01,5.000000e-01,5.000000e-01,5.000000e-01,5.000000e-01,5.000000e-01,5.000000e-01,5.000000e-01,5.000000e-01,5.000000e-01,0.000000e+00,0.000000e+00,0.000000e+00,0.000000e+00,0.000000e+00,0.000000e+00,0.000000e+00,0.000000e+00,2.999420e-01,7.146055e-10,0.000000e+00,0.000000e+00,0.000000e+00,0.000000e+00,0.000000e+00,0.000000e+00,0.000000e+00,0.000000e+00,0.000000e+00,0.000000e+00,0.000000e+00,0.000000e+00,0.000000e+00,0.000000e+00,0.000000e+00,0.000000e+00,0.000000e+00,0.000000e+00
1.012000e+02,8,5.000000e-01,5.000000e-01,5.000000e-01,5.000000e-01,5.000000e-01,5.000000e-01,5.000000e-01,5.000000e-01,8.759825e-09,5.000000e-01,5.000000e-01,5.000000e-01,5.000000e-01,5.000000e-01,5.000000e-01,5.000000e-01,5.000000e-01,5.000000e-01,5.000000e-01,5.000000e-01,5.000000e-01,5.000000e-01,5.000000e-01,5.000000e-01,5.000000e-01,5.000000e-01,5.000000e-01,5.000000e-01,0.000000e+00,0.000000e+00,0.000000e+00,0.000000e+00,0.000000e+00,0.000000e+00,0.000000e+00,0.000000e+00,2.999979e-01,0.000000e+00,0.000000e+00,0.000000e+00,0.000000e+00,0.000000e+00,0.000000e+00,0.000000e+00,0.000000e+00,0.000000e+00,0.000000e+00,0.000000e+00,0.000000e+00,0.000000e+00,0.000000e+00,0.000000e+00,0.000000e+00,0.000000e+00,0.000000e+00,0.000000e+00
1.013000e+02,8,5.000000e-01,5.000000e-01,5.000000e-01,5.000000e-01,5.000000e-01,5.000000e-01,5.000000e-01,5.000000e-01,1.916332e-09,5.000000e-01,5.000000e-01,5.000000e-01,5.000000e-01,5.000000e-01,5.000000e-01,5.000000e-01,5.000000e-01,5.000000e-01,5.000000e-01,5.000000e-01,5.000000e-01,5.000000e-01,5.000000e-01,5.000000e-01,5.000000e-01,5.000000e-01,5.000000e-01,5.000000e-01,0.000000e+00,0.000000e+00,0.000000e+00,0.000000e+00,0.000000e+00,0.000000e+00,0.000000e+00,0.000000e+00,2.999995e-01,0.000000e+00,0.000000e+00,0.000000e+00,0.000000e+00,0.000000e+00,0.000000e+00,0.000000e+00,0.000000e+00,0.000000e+00,0.000000e+00,0.000000e+00,0.000000e+00,0.000000e+00,0.000000e+00,0.000000e+00,0.000000e+00,0.000000e+00,0.000000e+00,0.000000e+00
1.014000e+02,8,5.000000e-01,5.000000e-01,5.000000e-01,5.000000e-01,5.000000e-01,5.000000e-01,5.000000e-01,5.000000e-01,4.878372e-09,3.254552e-02,5.000000e-01,5.000000e-01,5.000000e-01,5.000000e-01,5.000000e-01,5.000000e-01,5.000000e-01,5.000000e-01,5.000000e-01,5.000000e-01,5.000000e-01,5.000000e-01,5.000000e-01,5.000000e-01,5.000000e-01,5.000000e-01,5.000000e-01,5.000000e-01,0.000000e+00,0.000000e+00,0.000000e+00,0.000000e+00,0.000000e+00,0.000000e+00,0.000000e+00,0.000000e+00,2.999988e-01,9.584333e-13,0.000000e+00,0.000000e+00,0.000000e+00,0.000000e+00,0.000000e+00,0.000000e+00,0.000000e+00,0.000000e+00,0.000000e+00,0.000000e+00,0.000000e+00,0.000000e+00,0.000000e+00,0.000000e+00,0.000000e+00,0.000000e+00,0.000000e+00,0.000000e+00
1.015000e+02,9,5.000000e-01,5.000000e-01,5.000000e-01,5.000000e-01,5.000000e-01,5.000000e-01,5.000000e-01,5.000000e-01,2.601111e-02,1.325043e-07,5.000000e-01,5.000000e-01,5.000000e-01,5.000000e-01,5.000000e-01,5.000000e-01,5.000000e-01,5.000000e-01,5.000000e-01,5.000000e-01,5.000000e-01,5.000000e-01,5.000000e-01,5.000000e-01,5.000000e-01,5.000000e-01,5.000000e-01,5.000000e-01,0.000000e+00,0.000000e+00,0.000000e+00,0.000000e+00,0.000000e+00,0.000000e+00,0.000000e+00,0.000000e+00,2.090852e-10,2.999682e-01,0.000000e+00,0.000000e+00,0.000000e+00,0.000000e+00,0.000000e+00,0.000000e+00,0.000000e+00,0.000000e+00,0.000000e+00,0.000000e+00,0.000000e+00,0.000000e+00,0.000000e+00,0.000000e+00,0.000000e+00,0.000000e+00,0.000000e+00,0.000000e+00
1.016000e+02,9,5.000000e-01,5.000000e-01,5.000000e-01,5.000000e-01,5.000000e-01,5.000000e-01,5.000000e-01,5.000000e-01,5.000000e-01,1.506610e-11,5.000000e-01,5.000000e-01,5.000000e-01,5.000000e-01,5.000000e-01,5.000000e-01,5.000000e-01,5.000000e-01,5.000000e-01,5.000000e-01,5.000000e-01,5.000000e-01,5.000000e-01,5.000000e-01,5.000000e-01,5.000000e-01,5.000000e-01,5.000000e-01,0.000000e+00,0.000000e+00,0.000000e+00,0.000000e+00,0.000000e+00,0.000000e+00,0.000000e+00,0.000000e+00,0.000000e+00,3.000000e-01,0.000000e+00,0.000000e+00,0.000000e+00,0.000000e+00,0.000000e+00,0.000000e+00,0.000000e+00,0.000000e+00,0.000000e+00,0.000000e+00,0.000000e+00,0.000000e+00,0.000000e+00,0.000000e+00,0.000000e+00,0.000000e+00,0.000000e+00,0.000000e+00
1.017000e+02,9,5.000000e-01,5.000000e-01,5.000000e-01,5.000000e-01,5.000000e-01,5.000000e-01,5.000000e-01,5.000000e-01,5.000000e-01,1.069500e-16,5.000000e-01,5.000000e-01,5.000000e-01,5.000000e-01,5.000000e-01,5.000000e-01,5.000000e-01,5.000000e-01,5.000000e-01,5.000000e-01,5.000000e-01,5.000000e-01,5.000000e-01,5.000000e-01,5.000000e-01,5.000000e-01,5.000000e-01,5.000000e-01,0.000000e+00,0.000000e+00,0.000000e+00,0.000000e+00,0.000000e+00,0.000000e+00,0.000000e+00,0.000000e+00,0.000000e+00,3.000000e-01,0.000000e+00,0.000000e+00,0.000000e+00,0.000000e+00,0.000000e+00,0.000000e+00,0.000000e+00,0.000000e+00,0.000000e+00,0.000000e+00,0.000000e+00,0.000000e+00,0.000000e+00,0.000000e+00,0.000000e+00,0.000000e+00,0.000000e+00,0.000000e+00
1.018000e+02,9,5.000000e-01,5.000000e-01,5.000000e-01,5.000000e-01,5.000000e-01,5.000000e-01,5.000000e-01,5.000000e-01,2.981748e-03,1.295505e-07,5.000000e-01,5.000000e-01,5.000000e-01,5.000000e-01,5.000000e-01,5.000000e-01,5.000000e-01,5.000000e-01,5.000000e-01,5.000000e-01,5.000000e-01,5.000000e-01,5.000000e-01,5.000000e-01,5.000000e-01,5.000000e-01,5.000000e-01,5.000000e-01,0.000000e+00,0.000000e+00,0.000000e+00,0.000000e+00,0.000000e+00,0.000000e+00,0.000000e+00,0.000000e+00,2.751746e-02,2.999689e-01,0.000000e+00,0.000000e+00,0.000000e+00,0.000000e+00,0.000000e+00,0.000000e+00,0.000000e+00,0.000000e+00,0.000000e+00,0.000000e+00,0.000000e+00,0.000000e+00,0.000000e+00,0.000000e+00,0.000000e+00,0.000000e+00,0.000000e+00,0.000000e+00
1.019000e+02,9,5.000000e-01,5.000000e-01,5.000000e-01,5.000000e-01,5.000000e-01,5.000000e-01,5.000000e-01,5.000000e-01,5.000000e-01,2.568231e-06,5.000000e-01,5.000000e-01,5.000000e-01,5.000000e-01,5.000000e-01,5.000000e-01,5.000000e-01,5.000000e-01,5.000000e-01,5.000000e-01,5.000000e-01,5.000000e-01,5.000000e-01,5.000000e-01,5.000000e-01,5.000000e-01,5.000000e-01,5.000000e-01,0.000000e+00,0.000000e+00,0.000000e+00,0.000000e+00,0.000000e+00,0.000000e+00,0.000000e+00,0.000000e+00,0.000000e+00,2.993843e-01,0.000000e+00,0.000000e+00,0.000000e+00,0.000000e+00,0.000000e+00,0.000000e+00,0.000000e+00,0.000000e+00,0.000000e+00,0.000000e+00,0.000000e+00,0.000000e+00,0.000000e+00,0.000000e+00,0.000000e+00,0.000000e+00,0.000000e+00,0.000000e+00
1.020000e+02,9,5.000000e-01,5.000000e-01,5.000000e-01,5.000000e-01,5.000000e-01,5.000000e-01,5.000000e-01,5.000000e-01,5.000000e-01,1.449793e-02,5.000000e-01,5.000000e-01,5.000000e-01,5.000000e-01,5.000000e-01,5.000000e-01,5.000000e-01,5.000000e-01,5.000000e-01,5.000000e-01,5.000000e-01,5.000000e-01,5.000000e-01,5.000000e-01,5.000000e-01,5.000000e-01,5.000000e-01,5.000000e-01,0.000000e+00,0.000000e+00,0.000000e+00,0.000000e+00,0.000000e+00,0.000000e+00,0.000000e+00,0.000000e+00,0.000000e+00,2.530203e-06,0.000000e+00,0.000000e+00,0.000000e+00,0.000000e+00,0.000000e+00,0.000000e+00,0.000000e+00,0.000000e+00,0.000000e+00,0.000000e+00,0.000000e+00,0.000000e+00,0.000000e+00,0.000000e+00,0.000000e+00,0.000000e+00,0.000000e+00,0.000000e+00
1.021000e+02,16,5.000000e-01,5.000000e-01,5.000000e-01,5.000000e-01,5.000000e-01,5.000000e-01,5.000000e-01,5.000000e-01,5.000000e-01,5.000000e-01,5.000000e-01,5.000000e-01,5.000000e-01,5.000000e-01,5.000000e-01,5.000000e-01,3.405121e-04,5.000000e-01,5.000000e-01,5.000000e-01,5.000000e-01,5.000000e-01,5.000000e-01,5.000000e-01,5.000000e-01,5.000000e-01,5.000000e-01,5.000000e-01,0.000000e+00,0.000000e+00,0.000000e+00,0.000000e+00,0.000000e+00,0.000000e+00,0.000000e+00,0.000000e+00,0.000000e+00,0.000000e+00,0.000000e+00,0.000000e+00,0.000000e+00,0.000000e+00,0.000000e+00,0.000000e+00,2.284521e-01,0.000000e+00,0.000000e+00,0.000000e+00,0.000000e+00,0.000000e+00,0.000000e+00,0.000000e+00,0.000000e+00,0.000000e+00,0.000000e+00,0.000000e+00
1.022000e+02,16,5.000000e-01,5.000000e-01,5.000000e-01,5.000000e-01,5.000000e-01,5.000000e-01,5.000000e-01,5.000000e-01,5.000000e-01,5.000000e-01,5.000000e-01,5.000000e-01,5.000000e-01,5.000000e-01,5.000000e-01,4.309276e-02,6.025543e-10,5.000000e-01,5.000000e-01,5.000000e-01,5.000000e-01,5.000000e-01,5.000000e-01,5.000000e-01,5.000000e-01,5.000000e-01,5.000000e-01,5.000000e-01,0.000000e+00,0.000000e+00,0.000000e+00,0.000000e+00,0.000000e+00,0.000000e+00,0.000000e+00,0.000000e+00,0.000000e+00,0.000000e+00,0.000000e+00,0.000000e+00,0.000000e+00,0.000000e+00,0.000000e+00,1.332268e-16,2.999999e-01,0.000000e+00,0.000000e+00,0.000000e+00,0.000000e+00,0.000000e+00,0.000000e+00,0.000000e+00,0.000000e+00,0.000000e+00,0.000000e+00,0.000000e+00
1.023000e+02,16,5.000000e-01,5.000000e-01,5.000000e-01,5.000000e-01,5.000000e-01,5.000000e-01,5.000000e-01,5.000000e-01,5.000000e-01,5.000000e-01,5.000000e-01,5.000000e-01,5.000000e-01,5.000000e-01,5.000000e-01,5.000000e-01,2.517413e-11,5.000000e-01,5.000000e-01,5.000000e-01,5.000000e-01,5.000000e-01,5.000000e-01,5.000000e-01,5.000000e-01,5.000000e-01,5.000000e-01,5.000000e-01,0.000000e+00,0.000000e+00,0.000000e+00,0.000000e+00,0.000000e+00,0.000000e+00,0.000000e+00,0.000000e+00,0.000000e+00,0.000000e+00,0.000000e+00,0.000000e+00,0.000000e+00,0.000000e+00,0.000000e+00,0.000000e+00,3.000000e-01,0.000000e+00,0.000000e+00,0.000000e+00,0.000000e+00,0.000000e+00,0.000000e+00,0.000000e+00,0.000000e+00,0.000000e+00,0.000000e+00,0.000000e+00
1.024000e+02,16,5.000000e-01,5.000000e-01,5.000000e-01,5.000000e-01,5.000000e-01,5.000000e-01,5.000000e-01,5.000000e-01,5.000000e-01,5.000000e-01,5.000000e-01,5.000000e-01,5.000000e-01,5.000000e-01,5.000000e-01,5.000000e-01,1.178402e-07,5.000000e-01,5.000000e-01,5.000000e-01,5.000000e-01,5.000000e-01,5.000000e-01,5.000000e-01,5.000000e-01,5.000000e-01,5.000000e-01,5.000000e-01,0.000000e+00,0.000000e+00,0.000000e+00,0.000000e+00,0.000000e+00,0.000000e+00,0.000000e+00,0.000000e+00,0.000000e+00,0.000000e+00,0.000000e+00,0.000000e+00,0.000000e+00,0.000000e+00,0.000000e+00,0.000000e+00,2.999717e-01,0.000000e+00,0.000000e+00,0.000000e+00,0.000000e+00,0.000000e+00,0.000000e+00,0.000000e+00,0.000000e+00,0.000000e+00,0.000000e+00,0.000000e+00
1.025000e+02,16,5.000000e-01,5.000000e-01,5.000000e-01,5.000000e-01,5.000000e-01,5.000000e-01,5.000000e-01,5.000000e-01,5.000000e-01,5.000000e-01,5.000000e-01,5.000000e-01,5.000000e-01,5.000000e-01,5.000000e-01,5.000000e-01,1.683239e-28,5.000000e-01,5.000000e-01,5.000000e-01,5.000000e-01,5.000000e-01,5.000000e-01,5.000000e-01,5.000000e-01,5.000000e-01,5.000000e-01,5.000000e-01,0.000000e+00,0.000000e+00,0.000000e+00,0.000000e+00,0.000000e+00,0.000000e+00,0.000000e+00,0.000000e+00,0.000000e+00,0.000000e+00,0.000000e+00,0.000000e+00,0.000000e+00,0.000000e+00,0.000000e+00,0.000000e+00,3.000000e-01,0.000000e+00,0.000000e+00,0.000000e+00,0.000000e+00,0.000000e+00,0.000000e+00,0.000000e+00,0.000000e+00,0.000000e+00,0.000000e+00,0.000000e+00
1.026000e+02,16,5.000000e-01,5.000000e-01,5.000000e-01,5.000000e-01,5.000000e-01,5.000000e-01,5.000000e-01,5.000000e-01,5.000000e-01,5.000000e-01,5.000000e-01,5.000000e-01,5.000000e-01,5.000000e-01,5.000000e-01,5.000000e-01,4.425601e-20,5.000000e-01,5.000000e-01,5.000000e-01,5.000000e-01,5.000000e-01,5.000000e-01,5.000000e-01,5.000000e-01,5.000000e-01,5.000000e-01,5.000000e-01,0.000000e+00,0.000000e+00,0.000000e+00,0.000000e+00,0.000000e+00,0.000000e+00,0.000000e+00,0.000000e+00,0.000000e+00,0.000000e+00,0.000000e+00,0.000000e+00,0.000000e+00,0.000000e+00,0.000000e+00,0.000000e+00,3.000000e-01,0.000000e+00,0.000000e+00,0.000000e+00,0.000000e+00,0.000000e+00,0.000000e+00,0.000000e+00,0.000000e+00,0.000000e+00,0.000000e+00,0.000000e+00
1.027000e+02,16,5.000000e-01,5.000000e-01,5.000000e-01,5.000000e-01,5.000000e-01,5.000000e-01,5.000000e-01,5.000000e-01,5.000000e-01,5.000000e-01,5.000000e-01,5.000000e-01,5.000000e-01,5.000000e-01,5.000000e-01,5.000000e-01,2.290351e-04,5.000000e-01,5.000000e-01,5.000000e-01,5.000000e-01,5.000000e-01,5.000000e-01,5.000000e-01,5.000000e-01,5.000000e-01,5.000000e-01,5.000000e-01,0.000000e+00,0.000000e+00,0.000000e+00,0.000000e+00,0.000000e+00,0.000000e+00,0.000000e+00,0.000000e+00,0.000000e+00,0.000000e+00,0.000000e+00,0.000000e+00,0.000000e+00,0.000000e+00,0.000000e+00,0.000000e+00,2.497682e-01,0.000000e+00,0.000000e+00,0.000000e+00,0.000000e+00,0.000000e+00,0.000000e+00,0.000000e+00,0.000000e+00,0.000000e+00,0.000000e+00,0.000000e+00
1.028000e+02,-1,5.000000e-01,5.000000e-01,5.000000e-01,5.000000e-01,5.000000e-01,5.000000e-01,5.000000e-01,5.000000e-01,5.000000e-01,5.000000e-01,5.000000e-01,5.000000e-01,5.000000e-01,5.000000e-01,5.000000e-01,5.000000e-01,5.000000e-01,5.000000e-01,5.000000e-01,5.000000e-01,5.000000e-01,5.000000e-01,5.000000e-01,5.000000e-01,5.000000e-01,5.000000e-01,5.000000e-01,5.000000e-01,0.000000e+00,0.000000e+00,0.000000e+00,0.000000e+00,0.000000e+00,0.000000e+00,0.000000e+00,0.000000e+00,0.000000e+00,0.000000e+00,0.000000e+00,0.000000e+00,0.000000e+00,0.000000e+00,0.000000e+00,0.000000e+00,0.000000e+00,0.000000e+00,0.000000e+00,0.000000e+00,0.000000e+00,0.000000e+00,0.000000e+00,0.000000e+00,0.000000e+00,0.000000e+00,0.000000e+00,0.000000e+00
1.029000e+02,9,5.000000e-01,5.000000e-01,5.000000e-01,5.000000e-01,5.000000e-01,5.000000e-01,5.000000e-01,5.000000e-01,5.000000e-01,4.338877e-04,3.093749e-02,5.000000e-01,5.000000e-01,5.000000e-01,5.000000e-01,5.000000e-01,5.000000e-01,5.000000e-01,5.000000e-01,5.000000e-01,5.000000e-01,5.000000e-01,5.000000e-01,5.000000e-01,5.000000e-01,5.000000e-01,5.000000e-01,5.000000e-01,0.000000e+00,0.000000e+00,0.000000e+00,0.000000e+00,0.000000e+00,0.000000e+00,0.000000e+00,0.000000e+00,0.000000e+00,2.120023e-01,3.618739e-12,0.000000e+00,0.000000e+00,0.000000e+00,0.000000e+00,0.000000e+00,0.000000e+00,0.000000e+00,0.000000e+00,0.000000e+00,0.000000e+00,0.000000e+00,0.000000e+00,0.000000e+00,0.000000e+00,0.000000e+00,0.000000e+00,0.000000e+00
1.030000e+02,10,5.000000e-01,5.000000e-01,5.000000e-01,5.000000e-01,5.000000e-01,5.000000e-01,5.000000e-01,5.000000e-01,5.000000e-01,2.665644e-02,3.403779e-03,5.000000e-01,5.000000e-01,5.000000e-01,5.000000e-01,5.000000e-01,5.000000e-01,5.000000e-01,5.000000e-01,5.000000e-01,5.000000e-01,5.000000e-01,5.000000e-01,5.000000e-01,5.000000e-01,5.000000e-01,5.000000e-01,5.000000e-01,0.000000e+00,0.000000e+00,0.000000e+00,0.000000e+00,0.000000e+00,0.000000e+00,0.000000e+00,0.000000e+00,0.000000e+00,1.230410e-10,1.961147e-02,0.000000e+00,0.000000e+00,0.000000e+00,0.000000e+00,0.000000e+00,0.000000e+00,0.000000e+00,0.000000e+00,0.000000e+00,0.000000e+00,0.000000e+00,0.000000e+00,0.000000e+00,0.000000e+00,0.000000e+00,0.000000e+00,0.000000e+00
1.031000e+02,10,5.000000e-01,5.000000e-01,5.000000e-01,5.000000e-01,5.000000e-01,5.000000e-01,5.000000e-01,5.000000e-01,5.000000e-01,5.000000e-01,2.573669e-02,5.000000e-01,5.000000e-01,5.000000e-01,5.000000e-01,5.000000e-01,5.000000e-01,5.000000e-01,5.000000e-01,5.000000e-01,5.000000e-01,5.000000e-01,5.000000e-01,5.000000e-01,5.000000e-01,5.000000e-01,5.000000e-01,5.000000e-01,0.000000e+00,0.000000e+00,0.000000e+00,0.000000e+00,0.000000e+00,0.000000e+00,0.000000e+00,0.000000e+00,0.000000e+00,0.000000e+00,2.619380e-10,0.000000e+00,0.000000e+00,0.000000e+00,0.000000e+00,0.000000e+00,0.000000e+00,0.000000e+00,0.000000e+00,0.000000e+00,0.000000e+00,0.000000e+00,0.000000e+00,0.000000e+00,0.000000e+00,0.000000e+00,0.000000e+00,0.000000e+00
1.032000e+02,10,5.000000e-01,5.000000e-01,5.000000e-01,5.000000e-01,5.000000e-01,5.000000e-01,5.000000e-01,5.000000e-01,5.000000e-01,5.000000e-01,1.469163e-06,5.000000e-01,5.000000e-01,5.000000e-01,5.000000e-01,5.000000e-01,5.000000e-01,5.000000e-01,5.000000e-01,5.000000e-01,5.000000e-01,5.000000e-01,5.000000e-01,5.000000e-01,5.000000e-01,5.000000e-01,5.000000e-01,5.000000e-01,0.000000e+00,0.000000e+00,0.000000e+00,0.000000e+00,0.000000e+00,0.000000e+00,0.000000e+00,0.000000e+00,0.000000e+00,0.000000e+00,2.996476e-01,0.000000e+00,0.000000e+00,0.000000e+00,0.000000e+00,0.000000e+00,0.000000e+00,0.000000e+00,0.000000e+00,0.000000e+00,0.000000e+00,0.000000e+00,0.000000e+00,0.000000e+00,0.000000e+00,0.000000e+00,0.000000e+00,0.000000e+00
1.033000e+02,10,5.000000e-01,5.000000e-01,5.000000e-01,5.000000e-01,5.000000e-01,5.000000e-01,5.000000e-01,5.000000e-01,5.000000e-01,5.000000e-01,2.764237e-40,5.000000e-01,5.000000e-01,5.000000e-01,5.000000e-01,5.000000e-01,5.000000e-01,5.000000e-01,5.000000e-01,5.000000e-01,5.000000e-01,5.000000e-01,5.000000e-01,5.000000e-01,5.000000e-01,5.000000e-01,5.000000e-01,5.000000e-01,0.000000e+00,0.000000e+00,0.000000e+00,0.000000e+00,0.000000e+00,0.000000e+00,0.000000e+00,0.000000e+00,0.000000e+00,0.000000e+00,3.000000e-01,0.000000e+00,0.000000e+00,0.000000e+00,0.000000e+00,0.000000e+00,0.000000e+00,0.000000e+00,0.000000e+00,0.000000e+00,0.000000e+00,0.000000e+00,0.000000e+00,0.000000e+00,0.000000e+00,0.000000e+00,0.000000e+00,0.000000e+00
1.034000e+02,10,5.000000e-01,5.000000e-01,5.000000e-01,5.000000e-01,5.000000e-01,5.000000e-01,5.000000e-01,5.000000e-01,5.000000e-01,5.000000e-01,7.899151e-14,5.000000e-01,5.000000e-01,5.000000e-01,5.000000e-01,5.000000e-01,5.000000e-01,5.000000e-01,5.000000e-01,5.000000e-01,5.000000e-01,5.000000e-01,5.000000e-01,5.000000e-01,5.000000e-01,5.000000e-01,5.000000e-01,5.000000e-01,0.000000e+00,0.000000e+00,0.000000e+00,0.000000e+00,0.000000e+00,0.000000e+00,0.000000e+00,0.000000e+00,0.000000e+00,0.000000e+00,3.000000e-01,0.000000e+00,0.000000e+00,0.000000e+00,0.000000e+00,0.000000e+00,0.000000e+00,0.000000e+00,0.000000e+00,0.000000e+00,0.000000e+00,0.000000e+00,0.000000e+00,0.000000e+00,0.000000e+00,0.000000e+00,0.000000e+00,0.000000e+00
1.035000e+02,10,5.000000e-01,5.000000e-01,5.000000e-01,5.000000e-01,5.000000e-01,5.000000e-01,5.000000e-01,5.000000e-01,5.000000e-01,5.000000e-01,2.411667e-02,5.000000e-01,5.000000e-01,5.000000e-01,5.000000e-01,5.000000e-01,5.000000e-01,5.000000e-01,5.000000e-01,5.000000e-01,5.000000e-01,5.000000e-01,5.000000e-01,5.000000e-01,5.000000e-01,5.000000e-01,5.000000e-01,5.000000e-01,0.000000e+00,0.000000e+00,0.000000e+00,0.000000e+00,0.000000e+00,0.000000e+00,0.000000e+00,0.000000e+00,0.000000e+00,0.000000e+00,9.895554e-10,0.000000e+00,0.000000e+00,0.000000e+00,0.000000e+00,0.000000e+00,0.000000e+00,0.000000e+00,0.000000e+00,0.000000e+00,0.000000e+00,0.000000e+00,0.000000e+00,0.000000e+00,0.000000e+00,0.000000e+00,0.000000e+00,0.000000e+00
1.036000e+02,11,5.000000e-01,5.000000e-01,5.000000e-01,5.000000e-01,5.000000e-01,5.000000e-01,5.000000e-01,5.000000e-01,5.000000e-01,5.000000e-01,1.219358e-02,7.286318e-04,5.000000e-01,5.000000e-01,5.000000e-01,5.000000e-01,5.000000e-01,5.000000e-01,5.000000e-01,5.000000e-01,5.000000e-01,5.000000e-01,5.000000e-01,5.000000e-01,5.000000e-01,5.000000e-01,5.000000e-01,5.000000e-01,0.000000e+00,0.000000e+00,0.000000e+00,0.000000e+00,0.000000e+00,0.000000e+00,0.000000e+00,0.000000e+00,0.000000e+00,0.000000e+00,1.639073e-05,1.674466e-01,0.000000e+00,0.000000e+00,0.000000e+00,0.000000e+00,0.000000e+00,0.000000e+00,0.000000e+00,0.000000e+00,0.000000e+00,0.000000e+00,0.000000e+00,0.000000e+00,0.000000e+00,0.000000e+00,0.000000e+00,0.000000e+00
1.037000e+02,11,5.000000e-01,5.000000e-01,5.000000e-01,5.000000e-01,5.000000e-01,5.000000e-01,5.000000e-01,5.000000e-01,5.000000e-01,5.000000e-01,5.000000e-01,1.640438e-19,5.000000e-01,5.000000e-01,5.000000e-01,5.000000e-01,5.000000e-01,5.000000e-01,5.000000e-01,5.000000e-01,5.000000e-01,5.000000e-01,5.000000e-01,5.000000e-01,5.000000e-01,5.000000e-01,5.000000e-01,5.000000e-01,0.000000e+00,0.000000e+00,0.000000e+00,0.000000e+00,0.000000e+00,0.000000e+00,0.000000e+00,0.000000e+00,0.000000e+00,0.000000e+00,0.000000e+00,3.000000e-01,0.000000e+00,0.000000e+00,0.000000e+00,0.000000e+00,0.000000e+00,0.000000e+00,0.000000e+00,0.000000e+00,0.000000e+00,0.000000e+00,0.000000e+00,0.000000e+00,0.000000e+00,0.000000e+00,0.000000e+00,0.000000e+00
1.038000e+02,11,5.000000e-01,5.000000e-01,5.000000e-01,5.000000e-01,5.000000e-01,5.000000e-01,5.000000e-01,5.000000e-01,5.000000e-01,5.000000e-01,5.000000e-01,2.122260e-17,5.000000e-01,5.000000e-01,5.000000e-01,5.000000e-01,5.000000e-01,5.000000e-01,5.000000e-01,5.000000e-01,5.000000e-01,5.000000e-01,5.000000e-01,5.000000e-01,5.000000e-01,5.000000e-01,5.000000e-01,5.000000e-01,0.000000e+00,0.000000e+00,0.000000e+00,0.000000e+00,0.000000e+00,0.000000e+00,0.000000e+00,0.000000e+00,0.000000e+00,0.000000e+00,0.000000e+00,3.000000e-01,0.000000e+00,0.000000e+00,0.000000e+00,0.000000e+00,0.000000e+00,0.000000e+00,0.000000e+00,0.000000e+00,0.000000e+00,0.000000e+00,0.000000e+00,0.000000e+00,0.000000e+00,0.000000e+00,0.000000e+00,0.000000e+00
1.039000e+02,11,5.000000e-01,5.000000e-01,5.000000e-01,5.000000e-01,5.000000e-01,5.000000e-01,5.000000e-01,5.000000e-01,5.000000e-01,5.000000e-01,5.000000e-01,2.963092e-04,5.000000e-01,5.000000e-01,5.000000e-01,5.000000e-01,5.000000e-01,5.000000e-01,5.000000e-01,5.000000e-01,5.000000e-01,5.000000e-01,5.000000e-01,5.000000e-01,5.000000e-01,5.000000e-01,5.000000e-01,5.000000e-01,0.000000e+00,0.000000e+00,0.000000e+00,0.000000e+00,0.000000e+00,0.000000e+00,0.000000e+00,0.000000e+00,0.000000e+00,0.000000e+00,0.000000e+00,2.366779e-01,0.000000e+00,0.000000e+00,0.000000e+00,0.000000e+00,0.000000e+00,0.000000e+00,0.000000e+00,0.000000e+00,0.000000e+00,0.000000e+00,0.000000e+00,0.000000e+00,0.000000e+00,0.000000e+00,0.000000e+00,0.000000e+00
1.040000e+02,4,5.000000e-01,5.000000e-01,5.000000e-01,5.000000e-01,1.664086e-04,5.000000e-01,5.000000e-01,5.000000e-01,5.000000e-01,5.000000e-01,5.000000e-01,5.000000e-01,5.000000e-01,5.000000e-01,5.000000e-01,5.000000e-01,5.000000e-01,5.000000e-01,5.000000e-01,5.000000e-01,5.000000e-01,5.000000e-01,5.000000e-01,5.000000e-01,5.000000e-01,5.000000e-01,5.000000e-01,5.000000e-01,0.000000e+00,0.000000e+00,0.000000e+00,0.000000e+00,2.626033e-01,0.000000e+00,0.000000e+00,0.000000e+00,0.000000e+00,0.000000e+00,0.000000e+00,0.000000e+00,0.000000e+00,0.000000e+00,0.000000e+00,0.000000e+00,0.000000e+00,0.000000e+00,0.000000e+00,0.000000e+00,0.000000e+00,0.000000e+00,0.000000e+00,0.000000e+00,0.000000e+00,0.000000e+00,0.000000e+00,0.000000e+00
1.041000e+02,4,5.000000e-01,5.000000e-01,5.000000e-01,5.000000e-01,1.128399e-11,5.000000e-01,5.000000e-01,5.000000e-01,5.000000e-01,5.000000e-01,5.000000e-01,5.000000e-01,5.000000e-01,5.000000e-01,5.000000e-01,5.000000e-01,5.000000e-01,5.000000e-01,5.000000e-01,5.000000e-01,5.000000e-01,5.000000e-01,5.000000e-01,5.000000e-01,5.000000e-01,5.000000e-01,5.000000e-01,5.000000e-01,0.000000e+00,0.000000e+00,0.000000e+00,0.000000e+00,3.000000e-01,0.000000e+00,0.000000e+00,0.000000e+00,0.000000e+00,0.000000e+00,0.000000e+00,0.000000e+00,0.000000e+00,0.000000e+00,0.000000e+00,0.000000e+00,0.000000e+00,0.000000e+00,0.000000e+00,0.000000e+00,0.000000e+00,0.000000e+00,0.000000e+00,0.000000e+00,0.000000e+00,0.000000e+00,0.000000e+00,0.000000e+00
1.042000e+02,4,5.000000e-01,5.000000e-01,5.000000e-01,5.000000e-01,1.135710e-10,5.000000e-01,5.000000e-01,5.000000e-01,5.000000e-01,5.000000e-01,5.000000e-01,5.000000e-01,5.000000e-01,5.000000e-01,5.000000e-01,5.000000e-01,5.000000e-01,5.000000e-01,5.000000e-01,5.000000e-01,5.000000e-01,5.000000e-01,5.000000e-01,5.000000e-01,5.000000e-01,5.000000e-01,5.000000e-01,5.000000e-01,0.000000e+00,0.000000e+00,0.000000e+00,0.000000e+00,3.000000e-01,0.000000e+00,0.000000e+00,0.000000e+00,0.000000e+00,0.000000e+00,0.000000e+00,0.000000e+00,0.000000e+00,0.000000e+00,0.000000e+00,0.000000e+00,0.000000e+00,0.000000e+00,0.000000e+00,0.000000e+00,0.000000e+00,0.000000e+00,0.000000e+00,0.000000e+00,0.000000e+00,0.000000e+00,0.000000e+00,0.000000e+00
1.043000e+02,4,5.000000e-01,5.000000e-01,5.000000e-01,5.000000e-01,7.253325e-03,5.000000e-01,5.000000e-01,5.000000e-01,5.000000e-01,5.000000e-01,5.000000e-01,5.000000e-01,5.000000e-01,5.000000e-01,5.000000e-01,5.000000e-01,5.000000e-01,5.000000e-01,5.000000e-01,5.000000e-01,5.000000e-01,5.000000e-01,5.000000e-01,5.000000e-01,5.000000e-01,5.000000e-01,5.000000e-01,5.000000e-01,0.000000e+00,0.000000e+00,0.000000e+00,0.000000e+00,8.868991e-04,0.000000e+00,0.000000e+00,0.000000e+00,0.000000e+00,0.000000e+00,0.000000e+00,0.000000e+00,0.000000e+00,0.000000e+00,0.000000e+00,0.000000e+00,0.000000e+00,0.000000e+00,0.000000e+00,0.000000e+00,0.000000e+00,0.000000e+00,0.000000e+00,0.000000e+00,0.000000e+00,0.000000e+00,0.000000e+00,0.000000e+00
1.044000e+02,11,5.000000e-01,5.000000e-01,5.000000e-01,5.000000e-01,5.000000e-01,5.000000e-01,5.000000e-01,5.000000e-01,5.000000e-01,5.000000e-01,5.000000e-01,8.016226e-03,5.000000e-01,5.000000e-01,5.000000e-01,5.000000e-01,5.000000e-01,5.000000e-01,5.000000e-01,5.000000e-01,5.000000e-01,5.000000e-01,5.000000e-01,5.000000e-01,5.000000e-01,5.000000e-01,5.000000e-01,5.000000e-01,0.000000e+00,0.000000e+00,0.000000e+00,0.000000e+00,0.000000e+00,0.000000e+00,0.000000e+00,0.000000e+00,0.000000e+00,0.000000e+00,0.000000e+00,4.794862e-04,0.000000e+00,0.000000e+00,0.000000e+00,0.000000e+00,0.000000e+00,0.000000e+00,0.000000e+00,0.000000e+00,0.000000e+00,0.000000e+00,0.000000e+00,0.000000e+00,0.000000e+00,0.000000e+00,0.000000e+00,0.000000e+00
1.045000e+02,11,5.000000e-01,5.000000e-01,5.000000e-01,5.000000e-01,5.000000e-01,5.000000e-01,5.000000e-01,5.000000e-01,5.000000e-01,5.000000e-01,1.581993e-02,2.126345e-07,5.000000e-01,5.000000e-01,5.000000e-01,5.000000e-01,5.000000e-01,5.000000e-01,5.000000e-01,5.000000e-01,5.000000e-01,5.000000e-01,5.000000e-01,5.000000e-01,5.000000e-01,5.000000e-01,5.000000e-01,5.000000e-01,0.000000e+00,0.000000e+00,0.000000e+00,0.000000e+00,0.000000e+00,0.000000e+00,0.000000e+00,0.000000e+00,0.000000e+00,0.000000e+00,8.645153e-07,2.999490e-01,0.000000e+00,0.000000e+00,0.000000e+00,0.000000e+00,0.000000e+00,0.000000e+00,0.000000e+00,0.000000e+00,0.000000e+00,0.000000e+00,0.000000e+00,0.000000e+00,0.000000e+00,0.000000e+00,0.000000e+00,0.000000e+00
1.046000e+02,11,5.000000e-01,5.000000e-01,5.000000e-01,5.000000e-01,5.000000e-01,5.000000e-01,5.000000e-01,5.000000e-01,5.000000e-01,5.000000e-01,5.594196e-03,9.353362e-07,5.000000e-01,5.000000e-01,5.000000e-01,5.000000e-01,5.000000e-01,5.000000e-01,5.000000e-01,5.000000e-01,5.000000e-01,5.000000e-01,5.000000e-01,5.000000e-01,5.000000e-01,5.000000e-01,5.000000e-01,5.000000e-01,0.000000e+00,0.000000e+00,0.000000e+00,0.000000e+00,0.000000e+00,0.000000e+00,0.000000e+00,0.000000e+00,0.000000e+00,0.000000e+00,3.373197e-03,2.997756e-01,0.000000e+00,0.000000e+00,0.000000e+00,0.000000e+00,0.000000e+00,0.000000e+00,0.000000e+00,0.000000e+00,0.000000e+00,0.000000e+00,0.000000e+00,0.000000e+00,0.000000e+00,0.000000e+00,0.000000e+00,0.000000e+00
1.047000e+02,10,5.000000e-01,5.000000e-01,5.000000e-01,5.000000e-01,5.000000e-01,5.000000e-01,5.000000e-01,5.000000e-01,5.000000e-01,5.000000e-01,1.979869e-05,2.422846e-04,5.000000e-01,5.000000e-01,5.000000e-01,5.000000e-01,5.000000e-01,5.000000e-01,5.000000e-01,5.000000e-01,5.000000e-01,5.000000e-01,5.000000e-01,5.000000e-01,5.000000e-01,5.000000e-01,5.000000e-01,5.000000e-01,0.000000e+00,0.000000e+00,0.000000e+00,0.000000e+00,0.000000e+00,0.000000e+00,0.000000e+00,0.000000e+00,0.000000e+00,0.000000e+00,2.952857e-01,2.471341e-01,0.000000e+00,0.000000e+00,0.000000e+00,0.000000e+00,0.000000e+00,0.000000e+00,0.000000e+00,0.000000e+00,0.000000e+00,0.000000e+00,0.000000e+00,0.000000e+00,0.000000e+00,0.000000e+00,0.000000e+00,0.000000e+00
1.048000e+02,10,5.000000e-01,5.000000e-01,5.000000e-01,5.000000e-01,5.000000e-01,5.000000e-01,5.000000e-01,5.000000e-01,5.000000e-01,5.000000e-01,5.902332e-06,5.000000e-01,5.000000e-01,5.000000e-01,5.000000e-01,5.000000e-01,5.000000e-01,5.000000e-01,5.000000e-01,5.000000e-01,5.000000e-01,5.000000e-01,5.000000e-01,5.000000e-01,5.000000e-01,5.000000e-01,5.000000e-01,5.000000e-01,0.000000e+00,0.000000e+00,0.000000e+00,0.000000e+00,0.000000e+00,0.000000e+00,0.000000e+00,0.000000e+00,0.000000e+00,0.000000e+00,2.985868e-01,0.000000e+00,0.000000e+00,0.000000e+00,0.000000e+00,0.000000e+00,0.000000e+00,0.000000e+00,0.000000e+00,0.000000e+00,0.000000e+00,0.000000e+00,0.000000e+00,0.000000e+00,0.000000e+00,0.000000e+00,0.000000e+00,0.000000e+00
1.049000e+02,11,5.000000e-01,5.000000e-01,5.000000e-01,5.000000e-01,5.000000e-01,5.000000e-01,5.000000e-01,5.000000e-01,5.000000e-01,5.000000e-01,5.000000e-01,1.647462e-04,5.000000e-01,5.000000e-01,5.000000e-01,5.000000e-01,5.000000e-01,5.000000e-01,5.000000e-01,5.000000e-01,5.000000e-01,5.000000e-01,5.000000e-01,5.000000e-01,5.000000e-01,5.000000e-01,5.000000e-01,5.000000e-01,0.000000e+00,0.000000e+00,0.000000e+00,0.000000e+00,0.000000e+00,0.000000e+00,0.000000e+00,0.000000e+00,0.000000e+00,0.000000e+00,0.000000e+00,2.629528e-01,0.000000e+00,0.000000e+00,0.000000e+00,0.000000e+00,0.000000e+00,0.000000e+00,0.000000e+00,0.000000e+00,0.000000e+00,0.000000e+00,0.000000e+00,0.000000e+00,0.000000e+00,0.000000e+00,0.000000e+00,0.000000e+00
1.050000e+02,11,5.000000e-01,5.000000e-01,5.000000e-01,5.000000e-01,5.000000e-01,5.000000e-01,5.000000e-01,5.000000e-01,5.000000e-01,5.000000e-01,5.000000e-01,9.833041e-11,5.000000e-01,5.000000e-01,5.000000e-01,5.000000e-01,5.000000e-01,5.000000e-01,5.000000e-01,5.000000e-01,5.000000e-01,5.000000e-01,5.000000e-01,5.000000e-01,5.000000e-01,5.000000e-01,5.000000e-01,5.000000e-01,0.000000e+00,0.000000e+00,0.000000e+00,0.000000e+00,0.000000e+00,0.000000e+00,0.000000e+00,0.000000e+00,0.000000e+00,0.000000e+00,0.000000e+00,3.000000e-01,0.000000e+00,0.000000e+00,0.000000e+00,0.000000e+00,0.000000e+00,0.000000e+00,0.000000e+00,0.000000e+00,0.000000e+00,0.000000e+00,0.000000e+00,0.000000e+00,0.000000e+00,0.000000e+00,0.000000e+00,0.000000e+00
1.051000e+02,11,5.000000e-01,5.000000e-01,5.000000e-01,5.000000e-01,5.000000e-01,5.000000e-01,5.000000e-01,5.000000e-01,5.000000e-01,5.000000e-01,5.000000e-01,2.646988e-25,5.000000e-01,5.000000e-01,5.000000e-01,5.000000e-01,5.000000e-01,5.000000e-01,5.000000e-01,5.000000e-01,5.000000e-01,5.000000e-01,5.000000e-01,5.000000e-01,5.000000e-01,5.000000e-01,5.000000e-01,5.000000e-01,0.000000e+00,0.000000e+00,0.000000e+00,0.000000e+00,0.000000e+00,0.000000e+00,0.000000e+00,0.000000e+00,0.000000e+00,0.000000e+00,0.000000e+00,3.000000e-01,0.000000e+00,0.000000e+00,0.000000e+00,0.000000e+00,0.000000e+00,0.000000e+00,0.000000e+00,0.000000e+00,0.000000e+00,0.000000e+00,0.000000e+00,0.000000e+00,0.000000e+00,0.000000e+00,0.000000e+00,0.000000e+00
1.052000e+02,11,5.000000e-01,5.000000e-01,5.000000e-01,5.000000e-01,5.000000e-01,5.000000e-01,5.000000e-01,5.000000e-01,5.000000e-01,5.000000e-01,5.000000e-01,6.644055e-15,4.324064e-02,5.000000e-01,5.000000e-01,5.000000e-01,5.000000e-01,5.000000e-01,5.000000e-01,5.000000e-01,5.000000e-01,5.000000e-01,5.000000e-01,5.000000e-01,5.000000e-01,5.000000e-01,5.000000e-01,5.000000e-01,0.000000e+00,0.000000e+00,0.000000e+00,0.000000e+00,0.000000e+00,0.000000e+00,0.000000e+00,0.000000e+00,0.000000e+00,0.000000e+00,0.000000e+00,3.000000e-01,1.332268e-16,0.000000e+00,0.000000e+00,0.000000e+00,0.000000e+00,0.000000e+00,0.000000e+00,0.000000e+00,0.000000e+00,0.000000e+00,0.000000e+00,0.000000e+00,0.000000e+00,0.000000e+00,0.000000e+00,0.000000e+00
1.053000e+02,11,5.000000e-01,5.000000e-01,5.000000e-01,5.000000e-01,5.000000e-01,5.000000e-01,5.000000e-01,5.000000e-01,5.000000e-01,5.000000e-01,5.000000e-01,2.059069e-49,5.000000e-01,5.000000e-01,5.000000e-01,5.000000e-01,5.000000e-01,5.000000e-01,5.000000e-01,5.000000e-01,5.000000e-01,5.000000e-01,5.000000e-01,5.000000e-01,5.000000e-01,5.000000e-01,5.000000e-01,5.000000e-01,0.000000e+00,0.000000e+00,0.000000e+00,0.000000e+00,0.000000e+00,0.000000e+00,0.000000e+00,0.000000e+00,0.000000e+00,0.000000e+00,0.000000e+00,3.000000e-01,0.000000e+00,0.000000e+00,0.000000e+00,0.000000e+00,0.000000e+00,0.000000e+00,0.000000e+00,0.000000e+00,0.000000e+00,0.000000e+00,0.000000e+00,0.000000e+00,0.000000e+00,0.000000e+00,0.000000e+00,0.000000e+00
1.054000e+02,11,5.000000e-01,5.000000e-01,5.000000e-01,5.000000e-01,5.000000e-01,5.000000e-01,5.000000e-01,5.000000e-01,5.000000e-01,5.000000e-01,5.000000e-01,2.737779e-41,5.000000e-01,5.000000e-01,5.000000e-01,5.000000e-01,5.000000e-01,5.000000e-01,5.000000e-01,5.000000e-01,5.000000e-01,5.000000e-01,5.000000e-01,5.000000e-01,5.000000e-01,5.000000e-01,5.000000e-01,5.000000e-01,0.000000e+00,0.000000e+00,0.000000e+00,0.000000e+00,0.000000e+00,0.000000e+00,0.000000e+00,0.000000e+00,0.000000e+00,0.000000e+00,0.000000e+00,3.000000e-01,0.000000e+00,0.000000e+00,0.000000e+00,0.000000e+00,0.000000e+00,0.000000e+00,0.000000e+00,0.000000e+00,0.000000e+00,0.000000e+00,0.000000e+00,0.000000e+00,0.000000e+00,0.000000e+00,0.000000e+00,0.000000e+00
1.055000e+02,11,5.000000e-01,5.000000e-01,5.000000e-01,5.000000e-01,5.000000e-01,5.000000e-01,5.000000e-01,5.000000e-01,5.000000e-01,5.000000e-01,5.000000e-01,1.389752e-39,5.000000e-01,5.000000e-01,5.000000e-01,5.000000e-01,5.000000e-01,5.000000e-01,5.000000e-01,5.000000e-01,5.000000e-01,5.000000e-01,5.000000e-01,5.000000e-01,5.000000e-01,5.000000e-01,5.000000e-01,5.000000e-01,0.000000e+00,0.000000e+00,0.000000e+00,0.000000e+00,0.000000e+00,0.000000e+00,0.000000e+00,0.000000e+00,0.000000e+00,0.000000e+00,0.000000e+00,3.000000e-01,0.000000e+00,0.000000e+00,0.000000e+00,0.000000e+00,0.000000e+00,0.000000e+00,0.000000e+00,0.000000e+00,0.000000e+00,0.000000e+00,0.000000e+00,0.000000e+00,0.000000e+00,0.000000e+00,0.000000e+00,0.000000e+00
1.056000e+02,11,5.000000e-01,5.000000e-01,5.000000e-01,5.000000e-01,5.000000e-01,5.000000e-01,5.000000e-01,5.000000e-01,5.000000e-01,5.000000e-01,5.000000e-01,1.303888e-06,1.376832e-02,5.000000e-01,5.000000e-01,5.000000e-01,5.000000e-01,5.000000e-01,5.000000e-01,5.000000e-01,5.000000e-01,5.000000e-01,5.000000e-01,5.000000e-01,5.000000e-01,5.000000e-01,5.000000e-01,5.000000e-01,0.000000e+00,0.000000e+00,0.000000e+00,0.000000e+00,0.000000e+00,0.000000e+00,0.000000e+00,0.000000e+00,0.000000e+00,0.000000e+00,0.000000e+00,2.996872e-01,4.573825e-06,0.000000e+00,0.000000e+00,0.000000e+00,0.000000e+00,0.000000e+00,0.000000e+00,0.000000e+00,0.000000e+00,0.000000e+00,0.000000e+00,0.000000e+00,0.000000e+00,0.000000e+00,0.000000e+00,0.000000e+00
1.057000e+02,12,5.000000e-01,5.000000e-01,5.000000e-01,5.000000e-01,5.000000e-01,5.000000e-01,5.000000e-01,5.000000e-01,5.000000e-01,5.000000e-01,5.000000e-01,5.000000e-01,2.542660e-11,5.000000e-01,5.000000e-01,5.000000e-01,5.000000e-01,5.000000e-01,5.000000e-01,5.000000e-01,5.000000e-01,5.000000e-01,5.000000e-01,5.000000e-01,5.000000e-01,5.000000e-01,5.000000e-01,5.000000e-01,0.000000e+00,0.000000e+00,0.000000e+00,0.000000e+00,0.000000e+00,0.000000e+00,0.000000e+00,0.000000e+00,0.000000e+00,0.000000e+00,0.000000e+00,0.000000e+00,3.000000e-01,0.000000e+00,0.000000e+00,0.000000e+00,0.000000e+00,0.000000e+00,0.000000e+00,0.000000e+00,0.000000e+00,0.000000e+00,0.000000e+00,0.000000e+00,0.000000e+00,0.000000e+00,0.000000e+00,0.000000e+00
1.058000e+02,12,5.000000e-01,5.000000e-01,5.000000e-01,5.000000e-01,5.000000e-01,5.000000e-01,5.000000e-01,5.000000e-01,5.000000e-01,5.000000e-01,5.000000e-01,5.000000e-01,8.007571e-36,5.000000e-01,5.000000e-01,5.000000e-01,5.000000e-01,5.000000e-01,5.000000e-01,5.000000e-01,5.000000e-01,5.000000e-01,5.000000e-01,5.000000e-01,5.000000e-01,5.000000e-01,5.000000e-01,5.000000e-01,0.000000e+00,0.000000e+00,0.000000e+00,0.000000e+00,0.000000e+00,0.000000e+00,0.000000e+00,0.000000e+00,0.000000e+00,0.000000e+00,0.000000e+00,0.000000e+00,3.000000e-01,0.000000e+00,0.000000e+00,0.000000e+00,0.000000e+00,0.000000e+00,0.000000e+00,0.000000e+00,0.000000e+00,0.000000e+00,0.000000e+00,0.000000e+00,0.000000e+00,0.000000e+00,0.000000e+00,0.000000e+00
1.059000e+02,12,5.000000e-01,5.000000e-01,5.000000e-01,5.000000e-01,5.000000e-01,5.000000e-01,5.000000e-01,5.000000e-01,5.000000e-01,5.000000e-01,5.000000e-01,5.000000e-01,2.901557e-26,5.000000e-01,5.000000e-01,5.000000e-01,5.000000e-01,5.000000e-01,5.000000e-01,5.000000e-01,5.000000e-01,5.000000e-01,5.000000e-01,5.000000e-01,5.000000e-01,5.000000e-01,5.000000e-01,5.000000e-01,0.000000e+00,0.000000e+00,0.000000e+00,0.000000e+00,0.000000e+00,0.000000e+00,0.000000e+00,0.000000e+00,0.000000e+00,0.000000e+00,0.000000e+00,0.000000e+00,3.000000e-01,0.000000e+00,0.000000e+00,0.000000e+00,0.000000e+00,0.000000e+00,0.000000e+00,0.000000e+00,0.000000e+00,0.000000e+00,0.000000e+00,0.000000e+00,0.000000e+00,0.000000e+00,0.000000e+00,0.000000e+00
1.060000e+02,13,5.000000e-01,5.000000e-01,5.000000e-01,5.000000e-01,5.000000e-01,5.000000e-01,5.000000e-01,5.000000e-01,5.000000e-01,5.000000e-01,5.000000e-01,5.000000e-01,2.286915e-04,2.313096e-05,5.000000e-01,5.000000e-01,5.000000e-01,5.000000e-01,5.000000e-01,5.000000e-01,5.000000e-01,5.000000e-01,5.000000e-01,5.000000e-01,5.000000e-01,5.000000e-01,5.000000e-01,5.000000e-01,0.000000e+00,0.000000e+00,0.000000e+00,0.000000e+00,0.000000e+00,0.000000e+00,0.000000e+00,0.000000e+00,0.000000e+00,0.000000e+00,0.000000e+00,0.000000e+00,2.498369e-01,2.944996e-01,0.000000e+00,0.000000e+00,0.000000e+00,0.000000e+00,0.000000e+00,0.000000e+00,0.000000e+00,0.000000e+00,0.000000e+00,0.000000e+00,0.000000e+00,0.000000e+00,0.000000e+00,0.000000e+00
1.061000e+02,13,5.000000e-01,5.000000e-01,5.000000e-01,5.000000e-01,5.000000e-01,5.000000e-01,5.000000e-01,5.000000e-01,5.000000e-01,5.000000e-01,5.000000e-01,5.000000e-01,5.000000e-01,9.732110e-29,5.000000e-01,5.000000e-01,5.000000e-01,5.000000e-01,5.000000e-01,5.000000e-01,5.000000e-01,5.000000e-01,5.000000e-01,5.000000e-01,5.000000e-01,5.000000e-01,5.000000e-01,5.000000e-01,0.000000e+00,0.000000e+00,0.000000e+00,0.000000e+00,0.000000e+00,0.000000e+00,0.000000e+00,0.000000e+00,0.000000e+00,0.000000e+00,0.000000e+00,0.000000e+00,0.000000e+00,3.000000e-01,0.000000e+00,0.000000e+00,0.000000e+00,0.000000e+00,0.000000e+00,0.000000e+00,0.000000e+00,0.000000e+00,0.000000e+00,0.000000e+00,0.000000e+00,0.000000e+00,0.000000e+00,0.000000e+00
1.062000e+02,13,5.000000e-01,5.000000e-01,5.000000e-01,5.000000e-01,5.000000e-01,5.000000e-01,5.000000e-01,5.000000e-01,5.000000e-01,5.000000e-01,5.000000e-01,5.000000e-01,5.000000e-01,4.983029e-50,5.000000e-01,5.000000e-01,5.000000e-01,5.000000e-01,5.000000e-01,5.000000e-01,5.000000e-01,5.000000e-01,5.000000e-01,5.000000e-01,5.000000e-01,5.000000e-01,5.000000e-01,5.000000e-01,0.000000e+00,0.000000e+00,0.000000e+00,0.000000e+00,0.000000e+00,0.000000e+00,0.000000e+00,0.000000e+00,0.000000e+00,0.000000e+00,0.000000e+00,0.000000e+00,0.000000e+00,3.000000e-01,0.000000e+00,0.000000e+00,0.000000e+00,0.000000e+00,0.000000e+00,0.000000e+00,0.000000e+00,0.000000e+00,0.000000e+00,0.000000e+00,0.000000e+00,0.000000e+00,0.000000e+00,0.000000e+00
1.063000e+02,13,5.000000e-01,5.000000e-01,5.000000e-01,5.000000e-01,5.000000e-01,5.000000e-01,5.000000e-01,5.000000e-01,5.000000e-01,5.000000e-01,5.000000e-01,5.000000e-01,5.000000e-01,2.098885e-12,5.000000e-01,5.000000e-01,5.000000e-01,5.000000e-01,5.000000e-01,5.000000e-01,5.000000e-01,5.000000e-01,5.000000e-01,5.000000e-01,5.000000e-01,5.000000e-01,5.000000e-01,5.000000e-01,0.000000e+00,0.000000e+00,0.000000e+00,0.000000e+00,0.000000e+00,0.000000e+00,0.000000e+00,0.000000e+00,0.000000e+00,0.000000e+00,0.000000e+00,0.000000e+00,0.000000e+00,3.000000e-01,0.000000e+00,0.000000e+00,0.000000e+00,0.000000e+00,0.000000e+00,0.000000e+00,0.000000e+00,0.000000e+00,0.000000e+00,0.000000e+00,0.000000e+00,0.000000e+00,0.000000e+00,0.000000e+00
1.064000e+02,13,5.000000e-01,5.000000e-01,5.000000e-01,5.000000e-01,5.000000e-01,5.000000e-01,5.000000e-01,5.000000e-01,5.000000e-01,5.000000e-01,5.000000e-01,5.000000e-01,5.000000e-01,2.581098e-04,5.000000e-01,5.000000e-01,5.000000e-01,5.000000e-01,5.000000e-01,5.000000e-01,5.000000e-01,5.000000e-01,5.000000e-01,5.000000e-01,5.000000e-01,5.000000e-01,5.000000e-01,5.000000e-01,0.000000e+00,0.000000e+00,0.000000e+00,0.000000e+00,0.000000e+00,0.000000e+00,0.000000e+00,0.000000e+00,0.000000e+00,0.000000e+00,0.000000e+00,0.000000e+00,0.000000e+00,2.440243e-01,0.000000e+00,0.000000e+00,0.000000e+00,0.000000e+00,0.000000e+00,0.000000e+00,0.000000e+00,0.000000e+00,0.000000e+00,0.000000e+00,0.000000e+00,0.000000e+00,0.000000e+00,0.000000e+00
1.065000e+02,-1,5.000000e-01,5.000000e-01,5.000000e-01,5.000000e-01,5.000000e-01,5.000000e-01,5.000000e-01,5.000000e-01,5.000000e-01,5.000000e-01,5.000000e-01,5.000000e-01,5.000000e-01,5.000000e-01,5.000000e-01,5.000000e-01,5.000000e-01,5.000000e-01,5.000000e-01,5.000000e-01,5.000000e-01,5.000000e-01,5.000000e-01,5.000000e-01,5.000000e-01,5.000000e-01,5.000000e-01,5.000000e-01,0.000000e+00,0.000000e+00,0.000000e+00,0.000000e+00,0.000000e+00,0.000000e+00,0.000000e+00,0.000000e+00,0.000000e+00,0.000000e+00,0.000000e+00,0.000000e+00,0.000000e+00,0.000000e+00,0.000000e+00,0.000000e+00,0.000000e+00,0.000000e+00,0.000000e+00,0.000000e+00,0.000000e+00,0.000000e+00,0.000000e+00,0.000000e+00,0.000000e+00,0.000000e+00,0.000000e+00,0.000000e+00
1.066000e+02,20,5.000000e-01,5.000000e-01,5.000000e-01,5.000000e-01,5.000000e-01,5.000000e-01,5.000000e-01,5.000000e-01,5.000000e-01,5.000000e-01,5.000000e-01,5.000000e-01,5.000000e-01,5.000000e-01,5.000000e-01,5.000000e-01,5.000000e-01,5.000000e-01,5.000000e-01,5.000000e-01,1.759946e-04,5.000000e-01,5.000000e-01,5.000000e-01,5.000000e-01,5.000000e-01,5.000000e-01,5.000000e-01,0.000000e+00,0.000000e+00,0.000000e+00,0.000000e+00,0.000000e+00,0.000000e+00,0.000000e+00,0.000000e+00,0.000000e+00,0.000000e+00,0.000000e+00,0.000000e+00,0.000000e+00,0.000000e+00,0.000000e+00,0.000000e+00,0.000000e+00,0.000000e+00,0.000000e+00,0.000000e+00,2.605968e-01,0.000000e+00,0.000000e+00,0.000000e+00,0.000000e+00,0.000000e+00,0.000000e+00,0.000000e+00
1.067000e+02,20,5.000000e-01,5.000000e-01,5.000000e-01,5.000000e-01,5.000000e-01,5.000000e-01,5.000000e-01,5.000000e-01,5.000000e-01,5.000000e-01,5.000000e-01,5.000000e-01,5.000000e-01,5.000000e-01,5.000000e-01,5.000000e-01,5.000000e-01,5.000000e-01,5.000000e-01,5.000000e-01,1.131966e-15,5.000000e-01,5.000000e-01,5.000000e-01,5.000000e-01,5.000000e-01,5.000000e-01,5.000000e-01,0.000000e+00,0.000000e+00,0.000000e+00,0.000000e+00,0.000000e+00,0.000000e+00,0.000000e+00,0.000000e+00,0.000000e+00,0.000000e+00,0.000000e+00,0.000000e+00,0.000000e+00,0.000000e+00,0.000000e+00,0.000000e+00,0.000000e+00,0.000000e+00,0.000000e+00,0.000000e+00,3.000000e-01,0.000000e+00,0.000000e+00,0.000000e+00,0.000000e+00,0.000000e+00,0.000000e+00,0.000000e+00
1.068000e+02,20,5.000000e-01,5.000000e-01,5.000000e-01,5.000000e-01,5.000000e-01,5.000000e-01,5.000000e-01,5.000000e-01,5.000000e-01,5.000000e-01,5.000000e-01,5.000000e-01,5.000000e-01,5.000000e-01,5.000000e-01,5.000000e-01,5.000000e-01,5.000000e-01,5.000000e-01,5.000000e-01,1.631112e-54,5.000000e-01,5.000000e-01,5.000000e-01,5.000000e-01,5.000000e-01,5.000000e-01,5.000000e-01,0.000000e+00,0.000000e+00,0.000000e+00,0.000000e+00,0.000000e+00,0.000000e+00,0.000000e+00,0.000000e+00,0.000000e+00,0.000000e+00,0.000000e+00,0.000000e+00,0.000000e+00,0.000000e+00,0.000000e+00,0.000000e+00,0.000000e+00,0.000000e+00,0.000000e+00,0.000000e+00,3.000000e-01,0.000000e+00,0.000000e+00,0.000000e+00,0.000000e+00,0.000000e+00,0.000000e+00,0.000000e+00
1.069000e+02,20,5.000000e-01,5.000000e-01,5.000000e-01,5.000000e-01,5.000000e-01,5.000000e-01,5.000000e-01,5.000000e-01,5.000000e-01,5.000000e-01,5.000000e-01,5.000000e-01,5.000000e-01,5.000000e-01,5.000000e-01,5.000000e-01,5.000000e-01,5.000000e-01,5.000000e-01,5.000000e-01,2.563916e-30,5.000000e-01,5.000000e-01,5.000000e-01,5.000000e-01,5.000000e-01,5.000000e-01,5.000000e-01,0.000000e+00,0.000000e+00,0.000000e+00,0.000000e+00,0.000000e+00,0.000000e+00,0.000000e+00,0.000000e+00,0.000000e+00,0.000000e+00,0.000000e+00,0.000000e+00,0.000000e+00,0.000000e+00,0.000000e+00,0.000000e+00,0.000000e+00,0.000000e+00,0.000000e+00,0.000000e+00,3.000000e-01,0.000000e+00,0.000000e+00,0.000000e+00,0.000000e+00,0.000000e+00,0.000000e+00,0.000000e+00
1.070000e+02,20,5.000000e-01,5.000000e-01,5.000000e-01,5.000000e-01,5.000000e-01,5.000000e-01,5.000000e-01,5.000000e-01,5.000000e-01,5.000000e-01,5.000000e-01,5.000000e-01,5.000000e-01,5.000000e-01,5.000000e-01,5.000000e-01,5.000000e-01,5.000000e-01,5.000000e-01,5.222573e-03,1.129755e-07,5.000000e-01,5.000000e-01,5.000000e-01,5.000000e-01,5.000000e-01,5.000000e-01,5.000000e-01,0.000000e+00,0.000000e+00,0.000000e+00,0.000000e+00,0.000000e+00,0.000000e+00,0.000000e+00,0.000000e+00,0.000000e+00,0.000000e+00,0.000000e+00,0.000000e+00,0.000000e+00,0.000000e+00,0.000000e+00,0.000000e+00,0.000000e+00,0.000000e+00,0.000000e+00,4.548400e-03,2.999729e-01,0.000000e+00,0.000000e+00,0.000000e+00,0.000000e+00,0.000000e+00,0.000000e+00,0.000000e+00
1.071000e+02,20,5.000000e-01,5.000000e-01,5.000000e-01,5.000000e-01,5.000000e-01,5.000000e-01,5.000000e-01,5.000000e-01,5.000000e-01,5.000000e-01,5.000000e-01,5.000000e-01,5.000000e-01,5.000000e-01,5.000000e-01,5.000000e-01,5.000000e-01,5.000000e-01,5.000000e-01,8.458972e-05,7.011010e-05,5.000000e-01,5.000000e-01,5.000000e-01,5.000000e-01,5.000000e-01,5.000000e-01,5.000000e-01,0.000000e+00,0.000000e+00,0.000000e+00,0.000000e+00,0.000000e+00,0.000000e+00,0.000000e+00,0.000000e+00,0.000000e+00,0.000000e+00,0.000000e+00,0.000000e+00,0.000000e+00,0.000000e+00,0.000000e+00,0.000000e+00,0.000000e+00,0.000000e+00,0.000000e+00,2.803693e-01,2.836362e-01,0.000000e+00,0.000000e+00,0.000000e+00,0.000000e+00,0.000000e+00,0.000000e+00,0.000000e+00
1.072000e+02,20,5.000000e-01,5.000000e-01,5.000000e-01,5.000000e-01,5.000000e-01,5.000000e-01,5.000000e-01,5.000000e-01,5.000000e-01,5.000000e-01,5.000000e-01,5.000000e-01,5.000000e-01,5.000000e-01,5.000000e-01,5.000000e-01,5.000000e-01,5.000000e-01,5.000000e-01,5.000000e-01,1.430631e-23,5.000000e-01,5.000000e-01,5.000000e-01,5.000000e-01,5.000000e-01,5.000000e-01,5.000000e-01,0.000000e+00,0.000000e+00,0.000000e+00,0.000000e+00,0.000000e+00,0.000000e+00,0.000000e+00,0.000000e+00,0.000000e+00,0.000000e+00,0.000000e+00,0.000000e+00,0.000000e+00,0.000000e+00,0.000000e+00,0.000000e+00,0.000000e+00,0.000000e+00,0.000000e+00,0.000000e+00,3.000000e-01,0.000000e+00,0.000000e+00,0.000000e+00,0.000000e+00,0.000000e+00,0.000000e+00,0.000000e+00
1.073000e+02,20,5.000000e-01,5.000000e-01,5.000000e-01,5.000000e-01,5.000000e-01,5.000000e-01,5.000000e-01,5.000000e-01,5.000000e-01,5.000000e-01,5.000000e-01,5.000000e-01,5.000000e-01,5.000000e-01,5.000000e-01,5.000000e-01,5.000000e-01,5.000000e-01,5.000000e-01,5.000000e-01,8.832813e-17,5.000000e-01,5.000000e-01,5.000000e-01,5.000000e-01,5.000000e-01,5.000000e-01,5.000000e-01,0.000000e+00,0.000000e+00,0.000000e+00,0.000000e+00,0.000000e+00,0.000000e+00,0.000000e+00,0.000000e+00,0.000000e+00,0.000000e+00,0.000000e+00,0.000000e+00,0.000000e+00,0.000000e+00,0.000000e+00,0.000000e+00,0.000000e+00,0.000000e+00,0.000000e+00,0.000000e+00,3.000000e-01,0.000000e+00,0.000000e+00,0.000000e+00,0.000000e+00,0.000000e+00,0.000000e+00,0.000000e+00
1.074000e+02,20,5.000000e-01,5.000000e-01,5.000000e-01,5.000000e-01,5.000000e-01,5.000000e-01,5.000000e-01,5.000000e-01,5.000000e-01,5.000000e-01,5.000000e-01,5.000000e-01,5.000000e-01,5.000000e-01,5.000000e-01,5.000000e-01,5.000000e-01,5.000000e-01,5.000000e-01,5.000000e-01,5.533252e-03,5.000000e-01,5.000000e-01,5.000000e-01,5.000000e-01,5.000000e-01,5.000000e-01,5.000000e-01,0.000000e+00,0.000000e+00,0.000000e+00,0.000000e+00,0.000000e+00,0.000000e+00,0.000000e+00,0.000000e+00,0.000000e+00,0.000000e+00,0.000000e+00,0.000000e+00,0.000000e+00,0.000000e+00,0.000000e+00,0.000000e+00,0.000000e+00,0.000000e+00,0.000000e+00,0.000000e+00,3.542699e-03,0.000000e+00,0.000000e+00,0.000000e+00,0.000000e+00,0.000000e+00,0.000000e+00,0.000000e+00
1.075000e+02,13,5.000000e-01,5.000000e-01,5.000000e-01,5.000000e-01,5.000000e-01,5.000000e-01,5.000000e-01,5.000000e-01,5.000000e-01,5.000000e-01,5.000000e-01,5.000000e-01,5.000000e-01,5.876135e-06,5.000000e-01,5.000000e-01,5.000000e-01,5.000000e-01,5.000000e-01,5.000000e-01,5.000000e-01,5.000000e-01,5.000000e-01,5.000000e-01,5.000000e-01,5.000000e-01,5.000000e-01,5.000000e-01,0.000000e+00,0.000000e+00,0.000000e+00,0.000000e+00,0.000000e+00,0.000000e+00,0.000000e+00,0.000000e+00,0.000000e+00,0.000000e+00,0.000000e+00,0.000000e+00,0.000000e+00,2.985930e-01,0.000000e+00,0.000000e+00,0.000000e+00,0.000000e+00,0.000000e+00,0.000000e+00,0.000000e+00,0.000000e+00,0.000000e+00,0.000000e+00,0.000000e+00,0.000000e+00,0.000000e+00,0.000000e+00
1.076000e+02,13,5.000000e-01,5.000000e-01,5.000000e-01,5.000000e-01,5.000000e-01,5.000000e-01,5.000000e-01,5.000000e-01,5.000000e-01,5.000000e-01,5.000000e-01,5.000000e-01,5.000000e-01,1.803931e-35,5.000000e-01,5.000000e-01,5.000000e-01,5.000000e-01,5.000000e-01,5.000000e-01,5.000000e-01,5.000000e-01,5.000000e-01,5.000000e-01,5.000000e-01,5.000000e-01,5.000000e-01,5.000000e-01,0.000000e+00,0.000000e+00,0.000000e+00,0.000000e+00,0.000000e+00,0.000000e+00,0.000000e+00,0.000000e+00,0.000000e+00,0.000000e+00,0.000000e+00,0.000000e+00,0.000000e+00,3.000000e-01,0.000000e+00,0.000000e+00,0.000000e+00,0.000000e+00,0.000000e+00,0.000000e+00,0.000000e+00,0.000000e+00,0.000000e+00,0.000000e+00,0.000000e+00,0.000000e+00,0.000000e+00,0.000000e+00
1.077000e+02,13,5.000000e-01,5.000000e-01,5.000000e-01,5.000000e-01,5.000000e-01,5.000000e-01,5.000000e-01,5.000000e-01,5.000000e-01,5.000000e-01,5.000000e-01,5.000000e-01,5.000000e-01,3.089660e-14,5.000000e-01,5.000000e-01,5.000000e-01,5.000000e-01,5.000000e-01,5.000000e-01,5.000000e-01,5.000000e-01,5.000000e-01,5.000000e-01,5.000000e-01,5.000000e-01,5.000000e-01,5.000000e-01,0.000000e+00,0.000000e+00,0.000000e+00,0.000000e+00,0.000000e+00,0.000000e+00,0.000000e+00,0.000000e+00,0.000000e+00,0.000000e+00,0.000000e+00,0.000000e+00,0.000000e+00,3.000000e-01,0.000000e+00,0.000000e+00,0.000000e+00,0.000000e+00,0.000000e+00,0.000000e+00,0.000000e+00,0.000000e+00,0.000000e+00,0.000000e+00,0.000000e+00,0.000000e+00,0.000000e+00,0.000000e+00
1.078000e+02,13,5.000000e-01,5.000000e-01,5.000000e-01,5.000000e-01,5.000000e-01,5.000000e-01,5.000000e-01,5.000000e-01,5.000000e-01,5.000000e-01,5.000000e-01,5.000000e-01,5.000000e-01,2.378050e-02,5.000000e-01,5.000000e-01,5.000000e-01,5.000000e-01,5.000000e-01,5.000000e-01,5.000000e-01,5.000000e-01,5.000000e-01,5.000000e-01,5.000000e-01,5.000000e-01,5.000000e-01,5.000000e-01,0.000000e+00,0.000000e+00,0.000000e+00,0.000000e+00,0.000000e+00,0.000000e+00,0.000000e+00,0.000000e+00,0.000000e+00,0.000000e+00,0.000000e+00,0.000000e+00,0.000000e+00,1.303481e-09,0.000000e+00,0.000000e+00,0.000000e+00,0.000000e+00,0.000000e+00,0.000000e+00,0.000000e+00,0.000000e+00,0.000000e+00,0.000000e+00,0.000000e+00,0.000000e+00,0.000000e+00,0.000000e+00
1.079000e+02,13,5.000000e-01,5.000000e-01,5.000000e-01,5.000000e-01,5.000000e-01,5.000000e-01,5.000000e-01,5.000000e-01,5.000000e-01,5.000000e-01,5.000000e-01,5.000000e-01,3.592153e-02,3.718105e-06,5.000000e-01,5.000000e-01,5.000000e-01,5.000000e-01,5.000000e-01,5.000000e-01,5.000000e-01,5.000000e-01,5.000000e-01,5.000000e-01,5.000000e-01,5.000000e-01,5.000000e-01,5.000000e-01,0.000000e+00,0.000000e+00,0.000000e+00,0.000000e+00,0.000000e+00,0.000000e+00,0.000000e+00,0.000000e+00,0.000000e+00,0.000000e+00,0.000000e+00,0.000000e+00,5.848655e-14,2.991090e-01,0.000000e+00,0.000000e+00,0.000000e+00,0.000000e+00,0.000000e+00,0.000000e+00,0.000000e+00,0.000000e+00,0.000000e+00,0.000000e+00,0.000000e+00,0.000000e+00,0.000000e+00,0.000000e+00
1.080000e+02,13,5.000000e-01,5.000000e-01,5.000000e-01,5.000000e-01,5.000000e-01,5.000000e-01,5.000000e-01,5.000000e-01,5.000000e-01,5.000000e-01,5.000000e-01,5.000000e-01,5.000000e-01,1.919862e-15,5.000000e-01,5.000000e-01,5.000000e-01,5.000000e-01,5.000000e-01,5.000000e-01,5.000000e-01,5.000000e-01,5.000000e-01,5.000000e-01,5.000000e-01,5.000000e-01,5.000000e-01,5.000000e-01,0.000000e+00,0.000000e+00,0.000000e+00,0.000000e+00,0.000000e+00,0.000000e+00,0.000000e+00,0.000000e+00,0.000000e+00,0.000000e+00,0.000000e+00,0.000000e+00,0.000000e+00,3.000000e-01,0.000000e+00,0.000000e+00,0.000000e+00,0.000000e+00,0.000000e+00,0.000000e+00,0.000000e+00,0.000000e+00,0.000000e+00,0.000000e+00,0.000000e+00,0.000000e+00,0.000000e+00,0.000000e+00
1.081000e+02,12,5.000000e-01,5.000000e-01,5.000000e-01,5.000000e-01,5.000000e-01,5.000000e-01,5.000000e-01,5.000000e-01,5.000000e-01,5.000000e-01,5.000000e-01,5.000000e-01,3.159184e-03,4.578336e-03,5.000000e-01,5.000000e-01,5.000000e-01,5.000000e-01,5.000000e-01,5.000000e-01,5.000000e-01,5.000000e-01,5.000000e-01,5.000000e-01,5.000000e-01,5.000000e-01,5.000000e-01,5.000000e-01,0.000000e+00,0.000000e+00,0.000000e+00,0.000000e+00,0.000000e+00,0.000000e+00,0.000000e+00,0.000000e+00,0.000000e+00,0.000000e+00,0.000000e+00,0.000000e+00,2.386552e-02,7.634699e-03,0.000000e+00,0.000000e+00,0.000000e+00,0.000000e+00,0.000000e+00,0.000000e+00,0.000000e+00,0.000000e+00,0.000000e+00,0.000000e+00,0.000000e+00,0.000000e+00,0.000000e+00,0.000000e+00
1.082000e+02,12,5.000000e-01,5.000000e-01,5.000000e-01,5.000000e-01,5.000000e-01,5.000000e-01,5.000000e-01,5.000000e-01,5.000000e-01,5.000000e-01,5.000000e-01,5.000000e-01,3.118305e-03,5.000000e-01,5.000000e-01,5.000000e-01,5.000000e-01,5.000000e-01,5.000000e-01,5.000000e-01,5.000000e-01,5.000000e-01,5.000000e-01,5.000000e-01,5.000000e-01,5.000000e-01,5.000000e-01,5.000000e-01,0.000000e+00,0.000000e+00,0.000000e+00,0.000000e+00,0.000000e+00,0.000000e+00,0.000000e+00,0.000000e+00,0.000000e+00,0.000000e+00,0.000000e+00,0.000000e+00,2.466144e-02,0.000000e+00,0.000000e+00,0.000000e+00,0.000000e+00,0.000000e+00,0.000000e+00,0.000000e+00,0.000000e+00,0.000000e+00,0.000000e+00,0.000000e+00,0.000000e+00,0.000000e+00,0.000000e+00,0.000000e+00
1.083000e+02,12,5.000000e-01,5.000000e-01,5.000000e-01,5.000000e-01,5.000000e-01,5.000000e-01,5.000000e-01,5.000000e-01,5.000000e-01,5.000000e-01,5.000000e-01,5.000000e-01,1.113461e-08,2.496017e-02,5.000000e-01,5.000000e-01,5.000000e-01,5.000000e-01,5.000000e-01,5.000000e-01,5.000000e-01,5.000000e-01,5.000000e-01,5.000000e-01,5.000000e-01,5.000000e-01,5.000000e-01,5.000000e-01,0.000000e+00,0.000000e+00,0.000000e+00,0.000000e+00,0.000000e+00,0.000000e+00,0.000000e+00,0.000000e+00,0.000000e+00,0.000000e+00,0.000000e+00,0.000000e+00,2.999973e-01,4.954589e-10,0.000000e+00,0.000000e+00,0.000000e+00,0.000000e+00,0.000000e+00,0.000000e+00,0.000000e+00,0.000000e+00,0.000000e+00,0.000000e+00,0.000000e+00,0.000000e+00,0.000000e+00,0.000000e+00
1.084000e+02,12,5.000000e-01,5.000000e-01,5.000000e-01,5.000000e-01,5.000000e-01,5.000000e-01,5.000000e-01,5.000000e-01,5.000000e-01,5.000000e-01,5.000000e-01,5.000000e-01,2.570217e-10,2.843000e-02,5.000000e-01,5.000000e-01,5.000000e-01,5.000000e-01,5.000000e-01,5.000000e-01,5.000000e-01,5.000000e-01,5.000000e-01,5.000000e-01,5.000000e-01,5.000000e-01,5.000000e-01,5.000000e-01,0.000000e+00,0.000000e+00,0.000000e+00,0.000000e+00,0.000000e+00,0.000000e+00,0.000000e+00,0.000000e+00,0.000000e+00,0.000000e+00,0.000000e+00,0.000000e+00,2.999999e-01,2.860222e-11,0.000000e+00,0.000000e+00,0.000000e+00,0.000000e+00,0.000000e+00,0.000000e+00,0.000000e+00,0.000000e+00,0.000000e+00,0.000000e+00,0.000000e+00,0.000000e+00,0.000000e+00,0.000000e+00
1.085000e+02,12,5.000000e-01,5.000000e-01,5.000000e-01,5.000000e-01,5.000000e-01,5.000000e-01,5.000000e-01,5.000000e-01,5.000000e-01,5.000000e-01,5.000000e-01,5.000000e-01,2.145452e-08,5.000000e-01,5.000000e-01,5.000000e-01,5.000000e-01,5.000000e-01,5.000000e-01,5.000000e-01,5.000000e-01,5.000000e-01,5.000000e-01,5.000000e-01,5.000000e-01,5.000000e-01,5.000000e-01,5.000000e-01,0.000000e+00,0.000000e+00,0.000000e+00,0.000000e+00,0.000000e+00,0.000000e+00,0.000000e+00,0.000000e+00,0.000000e+00,0.000000e+00,0.000000e+00,0.000000e+00,2.999949e-01,0.000000e+00,0.000000e+00,0.000000e+00,0.000000e+00,0.000000e+00,0.000000e+00,0.000000e+00,0.000000e+00,0.000000e+00,0.000000e+00,0.000000e+00,0.000000e+00,0.000000e+00,0.000000e+00,0.000000e+00
1.086000e+02,12,5.000000e-01,5.000000e-01,5.000000e-01,5.000000e-01,5.000000e-01,5.000000e-01,5.000000e-01,5.000000e-01,5.000000e-01,5.000000e-01,5.000000e-01,5.000000e-01,2.531959e-03,5.000000e-01,5.000000e-01,5.000000e-01,5.000000e-01,5.000000e-01,5.000000e-01,5.000000e-01,5.000000e-01,5.000000e-01,5.000000e-01,5.000000e-01,5.000000e-01,5.000000e-01,5.000000e-01,5.000000e-01,0.000000e+00,0.000000e+00,0.000000e+00,0.000000e+00,0.000000e+00,0.000000e+00,0.000000e+00,0.000000e+00,0.000000e+00,0.000000e+00,0.000000e+00,0.000000e+00,3.947419e-02,0.000000e+00,0.000000e+00,0.000000e+00,0.000000e+00,0.000000e+00,0.000000e+00,0.000000e+00,0.000000e+00,0.000000e+00,0.000000e+00,0.000000e+00,0.000000e+00,0.000000e+00,0.000000e+00,0.000000e+00
1.087000e+02,19,5.000000e-01,5.000000e-01,5.000000e-01,5.000000e-01,5.000000e-01,5.000000e-01,5.000000e-01,5.000000e-01,5.000000e-01,5.000000e-01,5.000000e-01,5.000000e-01,5.000000e-01,5.000000e-01,5.000000e-01,5.000000e-01,5.000000e-01,5.000000e-01,5.000000e-01,2.986823e-02,5.000000e-01,5.000000e-01,5.000000e-01,5.000000e-01,5.000000e-01,5.000000e-01,5.000000e-01,5.000000e-01,0.000000e+00,0.000000e+00,0.000000e+00,0.000000e+00,0.000000e+00,0.000000e+00,0.000000e+00,0.000000e+00,0.000000e+00,0.000000e+00,0.000000e+00,0.000000e+00,0.000000e+00,0.000000e+00,0.000000e+00,0.000000e+00,0.000000e+00,0.000000e+00,0.000000e+00,8.743839e-12,0.000000e+00,0.000000e+00,0.000000e+00,0.000000e+00,0.000000e+00,0.000000e+00,0.000000e+00,0.000000e+00
1.088000e+02,-1,5.000000e-01,5.000000e-01,5.000000e-01,5.000000e-01,5.000000e-01,5.000000e-01,5.000000e-01,5.000000e-01,5.000000e-01,5.000000e-01,5.000000e-01,5.000000e-01,5.000000e-01,5.000000e-01,5.000000e-01,5.000000e-01,5.000000e-01,5.000000e-01,5.000000e-01,5.000000e-01,5.000000e-01,5.000000e-01,5.000000e-01,5.000000e-01,5.000000e-01,5.000000e-01,5.000000e-01,5.000000e-01,0.000000e+00,0.000000e+00,0.000000e+00,0.000000e+00,0.000000e+00,0.000000e+00,0.000000e+00,0.000000e+00,0.000000e+00,0.000000e+00,0.000000e+00,0.000000e+00,0.000000e+00,0.000000e+00,0.000000e+00,0.000000e+00,0.000000e+00,0.000000e+00,0.000000e+00,0.000000e+00,0.000000e+00,0.000000e+00,0.000000e+00,0.000000e+00,0.000000e+00,0.000000e+00,0.000000e+00,0.000000e+00
1.089000e+02,11,5.000000e-01,5.000000e-01,5.000000e-01,5.000000e-01,5.000000e-01,5.000000e-01,5.000000e-01,5.000000e-01,5.000000e-01,5.000000e-01,5.000000e-01,9.002985e-06,5.000000e-01,5.000000e-01,5.000000e-01,5.000000e-01,5.000000e-01,5.000000e-01,5.000000e-01,5.000000e-01,5.000000e-01,5.000000e-01,5.000000e-01,5.000000e-01,5.000000e-01,5.000000e-01,5.000000e-01,5.000000e-01,0.000000e+00,0.000000e+00,0.000000e+00,0.000000e+00,0.000000e+00,0.000000e+00,0.000000e+00,0.000000e+00,0.000000e+00,0.000000e+00,0.000000e+00,2.978470e-01,0.000000e+00,0.000000e+00,0.000000e+00,0.000000e+00,0.000000e+00,0.000000e+00,0.000000e+00,0.000000e+00,0.000000e+00,0.000000e+00,0.000000e+00,0.000000e+00,0.000000e+00,0.000000e+00,0.000000e+00,0.000000e+00
1.090000e+02,11,5.000000e-01,5.000000e-01,5.000000e-01,5.000000e-01,5.000000e-01,5.000000e-01,5.000000e-01,5.000000e-01,5.000000e-01,5.000000e-01,5.000000e-01,8.871043e-36,5.000000e-01,5.000000e-01,5.000000e-01,5.000000e-01,5.000000e-01,5.000000e-01,5.000000e-01,5.000000e-01,5.000000e-01,5.000000e-01,5.000000e-01,5.000000e-01,5.000000e-01,5.000000e-01,5.000000e-01,5.000000e-01,0.000000e+00,0.000000e+00,0.000000e+00,0.000000e+00,0.000000e+00,0.000000e+00,0.000000e+00,0.000000e+00,0.000000e+00,0.000000e+00,0.000000e+00,3.000000e-01,0.000000e+00,0.000000e+00,0.000000e+00,0.000000e+00,0.000000e+00,0.000000e+00,0.000000e+00,0.000000e+00,0.000000e+00,0.000000e+00,0.000000e+00,0.000000e+00,0.000000e+00,0.000000e+00,0.000000e+00,0.000000e+00
1.091000e+02,11,5.000000e-01,5.000000e-01,5.000000e-01,5.000000e-01,5.000000e-01,5.000000e-01,5.000000e-01,5.000000e-01,5.000000e-01,5.000000e-01,5.000000e-01,2.584882e-40,5.000000e-01,5.000000e-01,5.000000e-01,5.000000e-01,5.000000e-01,5.000000e-01,5.000000e-01,5.000000e-01,5.000000e-01,5.000000e-01,5.000000e-01,5.000000e-01,5.000000e-01,5.000000e-01,5.000000e-01,5.000000e-01,0.000000e+00,0.000000e+00,0.000000e+00,0.000000e+00,0.000000e+00,0.000000e+00,0.000000e+00,0.000000e+00,0.000000e+00,0.000000e+00,0.000000e+00,3.000000e-01,0.000000e+00,0.000000e+00,0.000000e+00,0.000000e+00,0.000000e+00,0.000000e+00,0.000000e+00,0.000000e+00,0.000000e+00,0.000000e+00,0.000000e+00,0.000000e+00,0.000000e+00,0.000000e+00,0.000000e+00,0.000000e+00
1.092000e+02,11,5.000000e-01,5.000000e-01,5.000000e-01,5.000000e-01,5.000000e-01,5.000000e-01,5.000000e-01,5.000000e-01,5.000000e-01,5.000000e-01,5.000000e-01,3.019033e-07,5.000000e-01,5.000000e-01,5.000000e-01,5.000000e-01,5.000000e-01,5.000000e-01,5.000000e-01,5.000000e-01,5.000000e-01,5.000000e-01,5.000000e-01,5.000000e-01,5.000000e-01,5.000000e-01,5.000000e-01,5.000000e-01,0.000000e+00,0.000000e+00,0.000000e+00,0.000000e+00,0.000000e+00,0.000000e+00,0.000000e+00,0.000000e+00,0.000000e+00,0.000000e+00,0.000000e+00,2.999276e-01,0.000000e+00,0.000000e+00,0.000000e+00,0.000000e+00,0.000000e+00,0.000000e+00,0.000000e+00,0.000000e+00,0.000000e+00,0.000000e+00,0.000000e+00,0.000000e+00,0.000000e+00,0.000000e+00,0.000000e+00,0.000000e+00
1.093000e+02,4,5.000000e-01,5.000000e-01,5.000000e-01,5.000000e-01,4.559688e-03,5.000000e-01,5.000000e-01,5.000000e-01,5.000000e-01,5.000000e-01,5.000000e-01,5.000000e-01,5.000000e-01,5.000000e-01,5.000000e-01,5.000000e-01,5.000000e-01,5.000000e-01,5.000000e-01,5.000000e-01,5.000000e-01,5.000000e-01,5.000000e-01,5.000000e-01,5.000000e-01,5.000000e-01,5.000000e-01,5.000000e-01,0.000000e+00,0.000000e+00,0.000000e+00,0.000000e+00,7.749979e-03,0.000000e+00,0.000000e+00,0.000000e+00,0.000000e+00,0.000000e+00,0.000000e+00,0.000000e+00,0.000000e+00,0.000000e+00,0.000000e+00,0.000000e+00,0.000000e+00,0.000000e+00,0.000000e+00,0.000000e+00,0.000000e+00,0.000000e+00,0.000000e+00,0.000000e+00,0.000000e+00,0.000000e+00,0.000000e+00,0.000000e+00
1.094000e+02,4,5.000000e-01,5.000000e-01,5.000000e-01,5.000000e-01,6.154898e-10,5.000000e-01,5.000000e-01,5.000000e-01,5.000000e-01,5.000000e-01,5.000000e-01,5.000000e-01,5.000000e-01,5.000000e-01,5.000000e-01,5.000000e-01,5.000000e-01,5.000000e-01,5.000000e-01,5.000000e-01,5.000000e-01,5.000000e-01,5.000000e-01,5.000000e-01,5.000000e-01,5.000000e-01,5.000000e-01,5.000000e-01,0.000000e+00,0.000000e+00,0.000000e+00,0.000000e+00,2.999999e-01,0.000000e+00,0.000000e+00,0.000000e+00,0.000000e+00,0.000000e+00,0.000000e+00,0.000000e+00,0.000000e+00,0.000000e+00,0.000000e+00,0.000000e+00,0.000000e+00,0.000000e+00,0.000000e+00,0.000000e+00,0.000000e+00,0.000000e+00,0.000000e+00,0.000000e+00,0.000000e+00,0.000000e+00,0.000000e+00,0.000000e+00
1.095000e+02,4,5.000000e-01,5.000000e-01,5.000000e-01,5.000000e-01,2.288322e-10,1.371060e-02,5.000000e-01,5.000000e-01,5.000000e-01,5.000000e-01,5.000000e-01,5.000000e-01,5.000000e-01,5.000000e-01,5.000000e-01,5.000000e-01,5.000000e-01,5.000000e-01,5.000000e-01,5.000000e-01,5.000000e-01,5.000000e-01,5.000000e-01,5.000000e-01,5.000000e-01,5.000000e-01,5.000000e-01,5.000000e-01,0.000000e+00,0.000000e+00,0.000000e+00,0.000000e+00,2.999999e-01,4.793058e-06,0.000000e+00,0.000000e+00,0.000000e+00,0.000000e+00,0.000000e+00,0.000000e+00,0.000000e+00,0.000000e+00,0.000000e+00,0.000000e+00,0.000000e+00,0.000000e+00,0.000000e+00,0.000000e+00,0.000000e+00,0.000000e+00,0.000000e+00,0.000000e+00,0.000000e+00,0.000000e+00,0.000000e+00,0.000000e+00
1.096000e+02,5,5.000000e-01,5.000000e-01,5.000000e-01,5.000000e-01,1.744706e-02,5.718342e-07,5.000000e-01,5.000000e-01,5.000000e-01,5.000000e-01,5.000000e-01,5.000000e-01,5.000000e-01,5.000000e-01,5.000000e-01,5.000000e-01,5.000000e-01,5.000000e-01,5.000000e-01,5.000000e-01,5.000000e-01,5.000000e-01,5.000000e-01,5.000000e-01,5.000000e-01,5.000000e-01,5.000000e-01,5.000000e-01,0.000000e+00,0.000000e+00,0.000000e+00,0.000000e+00,2.300853e-07,2.998628e-01,0.000000e+00,0.000000e+00,0.000000e+00,0.000000e+00,0.000000e+00,0.000000e+00,0.000000e+00,0.000000e+00,0.000000e+00,0.000000e+00,0.000000e+00,0.000000e+00,0.000000e+00,0.000000e+00,0.000000e+00,0.000000e+00,0.000000e+00,0.000000e+00,0.000000e+00,0.000000e+00,0.000000e+00,0.000000e+00
1.097000e+02,5,5.000000e-01,5.000000e-01,5.000000e-01,5.000000e-01,5.000000e-01,1.302558e-06,5.000000e-01,5.000000e-01,5.000000e-01,5.000000e-01,5.000000e-01,5.000000e-01,5.000000e-01,5.000000e-01,5.000000e-01,5.000000e-01,5.000000e-01,5.000000e-01,5.000000e-01,5.000000e-01,5.000000e-01,5.000000e-01,5.000000e-01,5.000000e-01,5.000000e-01,5.000000e-01,5.000000e-01,5.000000e-01,0.000000e+00,0.000000e+00,0.000000e+00,0.000000e+00,0.000000e+00,2.996875e-01,0.000000e+00,0.000000e+00,0.000000e+00,0.000000e+00,0.000000e+00,0.000000e+00,0.000000e+00,0.000000e+00,0.000000e+00,0.000000e+00,0.000000e+00,0.000000e+00,0.000000e+00,0.000000e+00,0.000000e+00,0.000000e+00,0.000000e+00,0.000000e+00,0.000000e+00,0.000000e+00,0.000000e+00,0.000000e+00
1.098000e+02,4,5.000000e-01,5.000000e-01,5.000000e-01,5.000000e-01,4.036614e-03,4.357088e-02,5.000000e-01,5.000000e-01,5.000000e-01,5.000000e-01,5.000000e-01,5.000000e-01,5.000000e-01,5.000000e-01,5.000000e-01,5.000000e-01,5.000000e-01,5.000000e-01,5.000000e-01,5.000000e-01,5.000000e-01,5.000000e-01,5.000000e-01,5.000000e-01,5.000000e-01,5.000000e-01,5.000000e-01,5.000000e-01,0.000000e+00,0.000000e+00,0.000000e+00,0.000000e+00,1.179831e-02,9.992007e-17,0.000000e+00,0.000000e+00,0.000000e+00,0.000000e+00,0.000000e+00,0.000000e+00,0.000000e+00,0.000000e+00,0.000000e+00,0.000000e+00,0.000000e+00,0.000000e+00,0.000000e+00,0.000000e+00,0.000000e+00,0.000000e+00,0.000000e+00,0.000000e+00,0.000000e+00,0.000000e+00,0.000000e+00,0.000000e+00
1.099000e+02,4,5.000000e-01,5.000000e-01,5.000000e-01,5.000000e-01,7.262873e-06,5.000000e-01,5.000000e-01,5.000000e-01,5.000000e-01,5.000000e-01,5.000000e-01,5.000000e-01,5.000000e-01,5.000000e-01,5.000000e-01,5.000000e-01,5.000000e-01,5.000000e-01,5.000000e-01,5.000000e-01,5.000000e-01,5.000000e-01,5.000000e-01,5.000000e-01,5.000000e-01,5.000000e-01,5.000000e-01,5.000000e-01,0.000000e+00,0.000000e+00,0.000000e+00,0.000000e+00,2.982620e-01,0.000000e+00,0.000000e+00,0.000000e+00,0.000000e+00,0.000000e+00,0.000000e+00,0.000000e+00,0.000000e+00,0.000000e+00,0.000000e+00,0.000000e+00,0.000000e+00,0.000000e+00,0.000000e+00,0.000000e+00,0.000000e+00,0.000000e+00,0.000000e+00,0.000000e+00,0.000000e+00,0.000000e+00,0.000000e+00,0.000000e+00
1.100000e+02,11,5.000000e-01,5.000000e-01,5.000000e-01,5.000000e-01,5.000000e-01,5.000000e-01,5.000000e-01,5.000000e-01,5.000000e-01,5.000000e-01,5.000000e-01,1.523183e-03,5.000000e-01,5.000000e-01,5.000000e-01,5.000000e-01,5.000000e-01,5.000000e-01,5.000000e-01,5.000000e-01,5.000000e-01,5.000000e-01,5.000000e-01,5.000000e-01,5.000000e-01,5.000000e-01,5.000000e-01,5.000000e-01,0.000000e+00,0.000000e+00,0.000000e+00,0.000000e+00,0.000000e+00,0.000000e+00,0.000000e+00,0.000000e+00,0.000000e+00,0.000000e+00,0.000000e+00,8.861551e-02,0.000000e+00,0.000000e+00,0.000000e+00,0.000000e+00,0.000000e+00,0.000000e+00,0.000000e+00,0.000000e+00,0.000000e+00,0.000000e+00,0.000000e+00,0.000000e+00,0.000000e+00,0.000000e+00,0.000000e+00,0.000000e+00
1.101000e+02,11,5.000000e-01,5.000000e-01,5.000000e-01,5.000000e-01,5.000000e-01,5.000000e-01,5.000000e-01,5.000000e-01,5.000000e-01,5.000000e-01,5.000000e-01,1.274912e-14,5.000000e-01,5.000000e-01,5.000000e-01,5.000000e-01,5.000000e-01,5.000000e-01,5.000000e-01,5.000000e-01,5.000000e-01,5.000000e-01,5.000000e-01,5.000000e-01,5.000000e-01,5.000000e-01,5.000000e-01,5.000000e-01,0.000000e+00,0.000000e+00,0.000000e+00,0.000000e+00,0.000000e+00,0.000000e+00,0.000000e+00,0.000000e+00,0.000000e+00,0.000000e+00,0.000000e+00,3.000000e-01,0.000000e+00,0.000000e+00,0.000000e+00,0.000000e+00,0.000000e+00,0.000000e+00,0.000000e+00,0.000000e+00,0.000000e+00,0.000000e+00,0.000000e+00,0.000000e+00,0.000000e+00,0.000000e+00,0.000000e+00,0.000000e+00
1.102000e+02,11,5.000000e-01,5.000000e-01,5.000000e-01,5.000000e-01,5.000000e-01,5.000000e-01,5.000000e-01,5.000000e-01,5.000000e-01,5.000000e-01,5.000000e-01,1.626250e-11,5.000000e-01,5.000000e-01,5.000000e-01,5.000000e-01,5.000000e-01,5.000000e-01,5.000000e-01,5.000000e-01,5.000000e-01,5.000000e-01,5.000000e-01,5.000000e-01,5.000000e-01,5.000000e-01,5.000000e-01,5.000000e-01,0.000000e+00,0.000000e+00,0.000000e+00,0.000000e+00,0.000000e+00,0.000000e+00,0.000000e+00,0.000000e+00,0.000000e+00,0.000000e+00,0.000000e+00,3.000000e-01,0.000000e+00,0.000000e+00,0.000000e+00,0.000000e+00,0.000000e+00,0.000000e+00,0.000000e+00,0.000000e+00,0.000000e+00,0.000000e+00,0.000000e+00,0.000000e+00,0.000000e+00,0.000000e+00,0.000000e+00,0.000000e+00
1.103000e+02,12,5.000000e-01,5.000000e-01,5.000000e-01,5.000000e-01,5.000000e-01,5.000000e-01,5.000000e-01,5.000000e-01,5.000000e-01,5.000000e-01,5.000000e-01,5.753621e-03,3.798828e-04,5.000000e-01,5.000000e-01,5.000000e-01,5.000000e-01,5.000000e-01,5.000000e-01,5.000000e-01,5.000000e-01,5.000000e-01,5.000000e-01,5.000000e-01,5.000000e-01,5.000000e-01,5.000000e-01,5.000000e-01,0.000000e+00,0.000000e+00,0.000000e+00,0.000000e+00,0.000000e+00,0.000000e+00,0.000000e+00,0.000000e+00,0.000000e+00,0.000000e+00,0.000000e+00,2.967124e-03,2.213662e-01,0.000000e+00,0.000000e+00,0.000000e+00,0.000000e+00,0.000000e+00,0.000000e+00,0.000000e+00,0.000000e+00,0.000000e+00,0.000000e+00,0.000000e+00,0.000000e+00,0.000000e+00,0.000000e+00,0.000000e+00
1.104000e+02,12,5.000000e-01,5.000000e-01,5.000000e-01,5.000000e-01,5.000000e-01,5.000000e-01,5.000000e-01,5.000000e-01,5.000000e-01,5.000000e-01,5.000000e-01,5.000000e-01,4.324175e-03,5.000000e-01,5.000000e-01,5.000000e-01,5.000000e-01,5.000000e-01,5.000000e-01,5.000000e-01,5.000000e-01,5.000000e-01,5.000000e-01,5.000000e-01,5.000000e-01,5.000000e-01,5.000000e-01,5.000000e-01,0.000000e+00,0.000000e+00,0.000000e+00,0.000000e+00,0.000000e+00,0.000000e+00,0.000000e+00,0.000000e+00,0.000000e+00,0.000000e+00,0.000000e+00,0.000000e+00,9.364647e-03,0.000000e+00,0.000000e+00,0.000000e+00,0.000000e+00,0.000000e+00,0.000000e+00,0.000000e+00,0.000000e+00,0.000000e+00,0.000000e+00,0.000000e+00,0.000000e+00,0.000000e+00,0.000000e+00,0.000000e+00
1.105000e+02,12,5.000000e-01,5.000000e-01,5.000000e-01,5.000000e-01,5.000000e-01,5.000000e-01,5.000000e-01,5.000000e-01,5.000000e-01,5.000000e-01,5.000000e-01,5.000000e-01,9.852346e-07,5.000000e-01,5.000000e-01,5.000000e-01,5.000000e-01,5.000000e-01,5.000000e-01,5.000000e-01,5.000000e-01,5.000000e-01,5.000000e-01,5.000000e-01,5.000000e-01,5.000000e-01,5.000000e-01,5.000000e-01,0.000000e+00,0.000000e+00,0.000000e+00,0.000000e+00,0.000000e+00,0.000000e+00,0.000000e+00,0.000000e+00,0.000000e+00,0.000000e+00,0.000000e+00,0.000000e+00,2.997636e-01,0.000000e+00,0.000000e+00,0.000000e+00,0.000000e+00,0.000000e+00,0.000000e+00,0.000000e+00,0.000000e+00,0.000000e+00,0.000000e+00,0.000000e+00,0.000000e+00,0.000000e+00,0.000000e+00,0.000000e+00
1.106000e+02,12,5.000000e-01,5.000000e-01,5.000000e-01,5.000000e-01,5.000000e-01,5.000000e-01,5.000000e-01,5.000000e-01,5.000000e-01,5.000000e-01,5.000000e-01,5.000000e-01,1.116713e-38,5.000000e-01,5.000000e-01,5.000000e-01,5.000000e-01,5.000000e-01,5.000000e-01,5.000000e-01,5.000000e-01,5.000000e-01,5.000000e-01,5.000000e-01,5.000000e-01,5.000000e-01,5.000000e-01,5.000000e-01,0.000000e+00,0.000000e+00,0.000000e+00,0.000000e+00,0.000000e+00,0.000000e+00,0.000000e+00,0.000000e+00,0.000000e+00,0.000000e+00,0.000000e+00,0.000000e+00,3.000000e-01,0.000000e+00,0.000000e+00,0.000000e+00,0.000000e+00,0.000000e+00,0.000000e+00,0.000000e+00,0.000000e+00,0.000000e+00,0.000000e+00,0.000000e+00,0.000000e+00,0.000000e+00,0.000000e+00,0.000000e+00
1.107000e+02,12,5.000000e-01,5.000000e-01,5.000000e-01,5.000000e-01,5.000000e-01,5.000000e-01,5.000000e-01,5.000000e-01,5.000000e-01,5.000000e-01,5.000000e-01,5.000000e-01,2.078592e-21,5.000000e-01,5.000000e-01,5.000000e-01,5.000000e-01,5.000000e-01,5.000000e-01,5.000000e-01,5.000000e-01,5.000000e-01,5.000000e-01,5.000000e-01,5.000000e-01,5.000000e-01,5.000000e-01,5.000000e-01,0.000000e+00,0.000000e+00,0.000000e+00,0.000000e+00,0.000000e+00,0.000000e+00,0.000000e+00,0.000000e+00,0.000000e+00,0.000000e+00,0.000000e+00,0.000000e+00,3.000000e-01,0.000000e+00,0.000000e+00,0.000000e+00,0.000000e+00,0.000000e+00,0.000000e+00,0.000000e+00,0.000000e+00,0.000000e+00,0.000000e+00,0.000000e+00,0.000000e+00,0.000000e+00,0.000000e+00,0.000000e+00
1.108000e+02,12,5.000000e-01,5.000000e-01,5.000000e-01,5.000000e-01,5.000000e-01,5.000000e-01,5.000000e-01,5.000000e-01,5.000000e-01,5.000000e-01,5.000000e-01,3.171081e-02,2.787315e-03,5.000000e-01,5.000000e-01,5.000000e-01,5.000000e-01,5.000000e-01,5.000000e-01,5.000000e-01,5.000000e-01,5.000000e-01,5.000000e-01,5.000000e-01,5.000000e-01,5.000000e-01,5.000000e-01,5.000000e-01,0.000000e+00,0.000000e+00,0.000000e+00,0.000000e+00,0.000000e+00,0.000000e+00,0.000000e+00,0.000000e+00,0.000000e+00,0.000000e+00,0.000000e+00,1.910672e-12,3.216300e-02,0.000000e+00,0.000000e+00,0.000000e+00,0.000000e+00,0.000000e+00,0.000000e+00,0.000000e+00,0.000000e+00,0.000000e+00,0.000000e+00,0.000000e+00,0.000000e+00,0.000000e+00,0.000000e+00,0.000000e+00
1.109000e+02,-1,5.000000e-01,5.000000e-01,5.000000e-01,5.000000e-01,5.000000e-01,5.000000e-01,5.000000e-01,5.000000e-01,5.000000e-01,5.000000e-01,5.000000e-01,5.000000e-01,5.000000e-01,5.000000e-01,5.000000e-01,5.000000e-01,5.000000e-01,5.000000e-01,5.000000e-01,5.000000e-01,5.000000e-01,5.000000e-01,5.000000e-01,5.000000e-01,5.000000e-01,5.000000e-01,5.000000e-01,5.000000e-01,0.000000e+00,0.000000e+00,0.000000e+00,0.000000e+00,0.000000e+00,0.000000e+00,0.000000e+00,0.000000e+00,0.000000e+00,0.000000e+00,0.000000e+00,0.000000e+00,0.000000e+00,0.000000e+00,0.000000e+00,0.000000e+00,0.000000e+00,0.000000e+00,0.000000e+00,0.000000e+00,0.000000e+00,0.000000e+00,0.000000e+00,0.000000e+00,0.000000e+00,0.000000e+00,0.000000e+00,0.000000e+00
1.110000e+02,19,5.000000e-01,5.000000e-01,5.000000e-01,5.000000e-01,5.000000e-01,5.000000e-01,5.000000e-01,5.000000e-01,5.000000e-01,5.000000e-01,5.000000e-01,5.000000e-01,5.000000e-01,5.000000e-01,5.000000e-01,5.000000e-01,5.000000e-01,5.000000e-01,5.000000e-01,5.096153e-05,5.000000e-01,5.000000e-01,5.000000e-01,5.000000e-01,5.000000e-01,5.000000e-01,5.000000e-01,5.000000e-01,0.000000e+00,0.000000e+00,0.000000e+00,0.000000e+00,0.000000e+00,0.000000e+00,0.000000e+00,0.000000e+00,0.000000e+00,0.000000e+00,0.000000e+00,0.000000e+00,0.000000e+00,0.000000e+00,0.000000e+00,0.000000e+00,0.000000e+00,0.000000e+00,0.000000e+00,2.880149e-01,0.000000e+00,0.000000e+00,0.000000e+00,0.000000e+00,0.000000e+00,0.000000e+00,0.000000e+00,0.000000e+00
1.111000e+02,19,5.000000e-01,5.000000e-01,5.000000e-01,5.000000e-01,5.000000e-01,5.000000e-01,5.000000e-01,5.000000e-01,5.000000e-01,5.000000e-01,5.000000e-01,5.000000e-01,5.000000e-01,5.000000e-01,5.000000e-01,5.000000e-01,5.000000e-01,5.000000e-01,1.025814e-02,1.076156e-09,5.000000e-01,5.000000e-01,5.000000e-01,5.000000e-01,5.000000e-01,5.000000e-01,5.000000e-01,5.000000e-01,0.000000e+00,0.000000e+00,0.000000e+00,0.000000e+00,0.000000e+00,0.000000e+00,0.000000e+00,0.000000e+00,0.000000e+00,0.000000e+00,0.000000e+00,0.000000e+00,0.000000e+00,0.000000e+00,0.000000e+00,0.000000e+00,0.000000e+00,0.000000e+00,7.846418e-05,2.999997e-01,0.000000e+00,0.000000e+00,0.000000e+00,0.000000e+00,0.000000e+00,0.000000e+00,0.000000e+00,0.000000e+00
1.112000e+02,19,5.000000e-01,5.000000e-01,5.000000e-01,5.000000e-01,5.000000e-01,5.000000e-01,5.000000e-01,5.000000e-01,5.000000e-01,5.000000e-01,5.000000e-01,5.000000e-01,5.000000e-01,5.000000e-01,5.000000e-01,5.000000e-01,5.000000e-01,5.000000e-01,9.516467e-03,2.088551e-05,5.000000e-01,5.000000e-01,5.000000e-01,5.000000e-01,5.000000e-01,5.000000e-01,5.000000e-01,5.000000e-01,0.000000e+00,0.000000e+00,0.000000e+00,0.000000e+00,0.000000e+00,0.000000e+00,0.000000e+00,0.000000e+00,0.000000e+00,0.000000e+00,0.000000e+00,0.000000e+00,0.000000e+00,0.000000e+00,0.000000e+00,0.000000e+00,0.000000e+00,0.000000e+00,1.428661e-04,2.950291e-01,0.000000e+00,0.000000e+00,0.000000e+00,0.000000e+00,0.000000e+00,0.000000e+00,0.000000e+00,0.000000e+00
1.113000e+02,18,5.000000e-01,5.000000e-01,5.000000e-01,5.000000e-01,5.000000e-01,5.000000e-01,5.000000e-01,5.000000e-01,5.000000e-01,5.000000e-01,5.000000e-01,5.000000e-01,5.000000e-01,5.000000e-01,5.000000e-01,5.000000e-01,5.000000e-01,5.000000e-01,4.527201e-10,1.249529e-02,5.000000e-01,5.000000e-01,5.000000e-01,5.000000e-01,5.000000e-01,5.000000e-01,5.000000e-01,5.000000e-01,0.000000e+00,0.000000e+00,0.000000e+00,0.000000e+00,0.000000e+00,0.000000e+00,0.000000e+00,0.000000e+00,0.000000e+00,0.000000e+00,0.000000e+00,0.000000e+00,0.000000e+00,0.000000e+00,0.000000e+00,0.000000e+00,0.000000e+00,0.000000e+00,2.999999e-01,1.283697e-05,0.000000e+00,0.000000e+00,0.000000e+00,0.000000e+00,0.000000e+00,0.000000e+00,0.000000e+00,0.000000e+00
1.114000e+02,18,5.000000e-01,5.000000e-01,5.000000e-01,5.000000e-01,5.000000e-01,5.000000e-01,5.000000e-01,5.000000e-01,5.000000e-01,5.000000e-01,5.000000e-01,5.000000e-01,5.000000e-01,5.000000e-01,5.000000e-01,5.000000e-01,5.000000e-01,5.000000e-01,6.594086e-12,5.000000e-01,5.000000e-01,5.000000e-01,5.000000e-01,5.000000e-01,5.000000e-01,5.000000e-01,5.000000e-01,5.000000e-01,0.000000e+00,0.000000e+00,0.000000e+00,0.000000e+00,0.000000e+00,0.000000e+00,0.000000e+00,0.000000e+00,0.000000e+00,0.000000e+00,0.000000e+00,0.000000e+00,0.000000e+00,0.000000e+00,0.000000e+00,0.000000e+00,0.000000e+00,0.000000e+00,3.000000e-01,0.000000e+00,0.000000e+00,0.000000e+00,0.000000e+00,0.000000e+00,0.000000e+00,0.000000e+00,0.000000e+00,0.000000e+00
1.115000e+02,18,5.000000e-01,5.000000e-01,5.000000e-01,5.000000e-01,5.000000e-01,5.000000e-01,5.000000e-01,5.000000e-01,5.000000e-01,5.000000e-01,5.000000e-01,5.000000e-01,5.000000e-01,5.000000e-01,5.000000e-01,5.000000e-01,5.000000e-01,5.000000e-01,3.806558e-03,5.000000e-01,5.000000e-01,5.000000e-01,5.000000e-01,5.000000e-01,5.000000e-01,5.000000e-01,5.000000e-01,5.000000e-01,0.000000e+00,0.000000e+00,0.000000e+00,0.000000e+00,0.000000e+00,0.000000e+00,0.000000e+00,0.000000e+00,0.000000e+00,0.000000e+00,0.000000e+00,0.000000e+00,0.000000e+00,0.000000e+00,0.000000e+00,0.000000e+00,0.000000e+00,0.000000e+00,1.419267e-02,0.000000e+00,0.000000e+00,0.000000e+00,0.000000e+00,0.000000e+00,0.000000e+00,0.000000e+00,0.000000e+00,0.000000e+00
1.116000e+02,11,5.000000e-01,5.000000e-01,5.000000e-01,5.000000e-01,5.000000e-01,5.000000e-01,5.000000e-01,5.000000e-01,5.000000e-01,5.000000e-01,5.000000e-01,1.833260e-02,5.000000e-01,5.000000e-01,5.000000e-01,5.000000e-01,5.000000e-01,5.000000e-01,2.069167e-02,5.000000e-01,5.000000e-01,5.000000e-01,5.000000e-01,5.000000e-01,5.000000e-01,5.000000e-01,5.000000e-01,5.000000e-01,0.000000e+00,0.000000e+00,0.000000e+00,0.000000e+00,0.000000e+00,0.000000e+00,0.000000e+00,0.000000e+00,0.000000e+00,0.000000e+00,0.000000e+00,1.118453e-07,0.000000e+00,0.000000e+00,0.000000e+00,0.000000e+00,0.000000e+00,0.000000e+00,1.631846e-08,0.000000e+00,0.000000e+00,0.000000e+00,0.000000e+00,0.000000e+00,0.000000e+00,0.000000e+00,0.000000e+00,0.000000e+00
1.117000e+02,18,5.000000e-01,5.000000e-01,5.000000e-01,5.000000e-01,5.000000e-01,5.000000e-01,5.000000e-01,5.000000e-01,5.000000e-01,5.000000e-01,5.000000e-01,5.000000e-01,5.000000e-01,5.000000e-01,5.000000e-01,5.000000e-01,5.000000e-01,5.000000e-01,4.705948e-12,5.000000e-01,5.000000e-01,5.000000e-01,5.000000e-01,5.000000e-01,5.000000e-01,5.000000e-01,5.000000e-01,5.000000e-01,0.000000e+00,0.000000e+00,0.000000e+00,0.000000e+00,0.000000e+00,0.000000e+00,0.000000e+00,0.000000e+00,0.000000e+00,0.000000e+00,0.000000e+00,0.000000e+00,0.000000e+00,0.000000e+00,0.000000e+00,0.000000e+00,0.000000e+00,0.000000e+00,3.000000e-01,0.000000e+00,0.000000e+00,0.000000e+00,0.000000e+00,0.000000e+00,0.000000e+00,0.000000e+00,0.000000e+00,0.000000e+00
1.118000e+02,18,5.000000e-01,5.000000e-01,5.000000e-01,5.000000e-01,5.000000e-01,5.000000e-01,5.000000e-01,5.000000e-01,5.000000e-01,5.000000e-01,5.000000e-01,5.000000e-01,5.000000e-01,5.000000e-01,5.000000e-01,5.000000e-01,5.000000e-01,5.000000e-01,7.989254e-26,5.000000e-01,5.000000e-01,5.000000e-01,5.000000e-01,5.000000e-01,5.000000e-01,5.000000e-01,5.000000e-01,5.000000e-01,0.000000e+00,0.000000e+00,0.000000e+00,0.000000e+00,0.000000e+00,0.000000e+00,0.000000e+00,0.000000e+00,0.000000e+00,0.000000e+00,0.000000e+00,0.000000e+00,0.000000e+00,0.000000e+00,0.000000e+00,0.000000e+00,0.000000e+00,0.000000e+00,3.000000e-01,0.000000e+00,0.000000e+00,0.000000e+00,0.000000e+00,0.000000e+00,0.000000e+00,0.000000e+00,0.000000e+00,0.000000e+00
1.119000e+02,18,5.000000e-01,5.000000e-01,5.000000e-01,5.000000e-01,5.000000e-01,5.000000e-01,5.000000e-01,5.000000e-01,5.000000e-01,5.000000e-01,5.000000e-01,5.000000e-01,5.000000e-01,5.000000e-01,5.000000e-01,5.000000e-01,5.000000e-01,5.000000e-01,5.974808e-08,5.000000e-01,5.000000e-01,5.000000e-01,5.000000e-01,5.000000e-01,5.000000e-01,5.000000e-01,5.000000e-01,5.000000e-01,0.000000e+00,0.000000e+00,0.000000e+00,0.000000e+00,0.000000e+00,0.000000e+00,0.000000e+00,0.000000e+00,0.000000e+00,0.000000e+00,0.000000e+00,0.000000e+00,0.000000e+00,0.000000e+00,0.000000e+00,0.000000e+00,0.000000e+00,0.000000e+00,2.999857e-01,0.000000e+00,0.000000e+00,0.000000e+00,0.000000e+00,0.000000e+00,0.000000e+00,0.000000e+00,0.000000e+00,0.000000e+00
1.120000e+02,18,5.000000e-01,5.000000e-01,5.000000e-01,5.000000e-01,5.000000e-01,5.000000e-01,5.000000e-01,5.000000e-01,5.000000e-01,5.000000e-01,5.000000e-01,5.000000e-01,5.000000e-01,5.000000e-01,5.000000e-01,5.000000e-01,5.000000e-01,5.000000e-01,2.940757e-11,5.000000e-01,5.000000e-01,5.000000e-01,5.000000e-01,5.000000e-01,5.000000e-01,5.000000e-01,5.000000e-01,5.000000e-01,0.000000e+00,0.000000e+00,0.000000e+00,0.000000e+00,0.000000e+00,0.000000e+00,0.000000e+00,0.000000e+00,0.000000e+00,0.000000e+00,0.000000e+00,0.000000e+00,0.000000e+00,0.000000e+00,0.000000e+00,0.000000e+00,0.000000e+00,0.000000e+00,3.000000e-01,0.000000e+00,0.000000e+00,0.000000e+00,0.000000e+00,0.000000e+00,0.000000e+00,0.000000e+00,0.000000e+00,0.000000e+00
1.121000e+02,18,5.000000e-01,5.000000e-01,5.000000e-01,5.000000e-01,5.000000e-01,5.000000e-01,5.000000e-01,5.000000e-01,5.000000e-01,5.000000e-01,5.000000e-01,5.000000e-01,5.000000e-01,5.000000e-01,5.000000e-01,5.000000e-01,5.000000e-01,5.000000e-01,9.650458e-22,5.000000e-01,5.000000e-01,5.000000e-01,5.000000e-01,5.000000e-01,5.000000e-01,5.000000e-01,5.000000e-01,5.000000e-01,0.000000e+00,0.000000e+00,0.000000e+00,0.000000e+00,0.000000e+00,0.000000e+00,0.000000e+00,0.000000e+00,0.000000e+00,0.000000e+00,0.000000e+00,0.000000e+00,0.000000e+00,0.000000e+00,0.000000e+00,0.000000e+00,0.000000e+00,0.000000e+00,3.000000e-01,0.000000e+00,0.000000e+00,0.000000e+00,0.000000e+00,0.000000e+00,0.000000e+00,0.000000e+00,0.000000e+00,0.000000e+00
1.122000e+02,18,5.000000e-01,5.000000e-01,5.000000e-01,5.000000e-01,5.000000e-01,5.000000e-01,5.000000e-01,5.000000e-01,5.000000e-01,5.000000e-01,5.000000e-01,5.000000e-01,5.000000e-01,5.000000e-01,5.000000e-01,5.000000e-01,5.000000e-01,5.000000e-01,2.651601e-22,5.000000e-01,5.000000e-01,5.000000e-01,5.000000e-01,5.000000e-01,5.000000e-01,5.000000e-01,5.000000e-01,5.000000e-01,0.000000e+00,0.000000e+00,0.000000e+00,0.000000e+00,0.000000e+00,0.000000e+00,0.000000e+00,0.000000e+00,0.000000e+00,0.000000e+00,0.000000e+00,0.000000e+00,0.000000e+00,0.000000e+00,0.000000e+00,0.000000e+00,0.000000e+00,0.000000e+00,3.000000e-01,0.000000e+00,0.000000e+00,0.000000e+00,0.000000e+00,0.000000e+00,0.000000e+00,0.000000e+00,0.000000e+00,0.000000e+00
1.123000e+02,18,5.000000e-01,5.000000e-01,5.000000e-01,5.000000e-01,5.000000e-01,5.000000e-01,5.000000e-01,5.000000e-01,5.000000e-01,5.000000e-01,5.000000e-01,5.000000e-01,5.000000e-01,5.000000e-01,5.000000e-01,5.000000e-01,5.000000e-01,5.000000e-01,2.834207e-06,5.000000e-01,5.000000e-01,5.000000e-01,5.000000e-01,5.000000e-01,5.000000e-01,5.000000e-01,5.000000e-01,5.000000e-01,0.000000e+00,0.000000e+00,0.000000e+00,0.000000e+00,0.000000e+00,0.000000e+00,0.000000e+00,0.000000e+00,0.000000e+00,0.000000e+00,0.000000e+00,0.000000e+00,0.000000e+00,0.000000e+00,0.000000e+00,0.000000e+00,0.000000e+00,0.000000e+00,2.993206e-01,0.000000e+00,0.000000e+00,0.000000e+00,0.000000e+00,0.000000e+00,0.000000e+00,0.000000e+00,0.000000e+00,0.000000e+00
1.124000e+02,18,5.000000e-01,5.000000e-01,5.000000e-01,5.000000e-01,5.000000e-01,5.000000e-01,5.000000e-01,5.000000e-01,5.000000e-01,5.000000e-01,5.000000e-01,5.000000e-01,5.000000e-01,5.000000e-01,5.000000e-01,5.000000e-01,5.000000e-01,5.000000e-01,2.413545e-27,5.000000e-01,5.000000e-01,5.000000e-01,5.000000e-01,5.000000e-01,5.000000e-01,5.000000e-01,5.000000e-01,5.000000e-01,0.000000e+00,0.000000e+00,0.000000e+00,0.000000e+00,0.000000e+00,0.000000e+00,0.000000e+00,0.000000e+00,0.000000e+00,0.000000e+00,0.000000e+00,0.000000e+00,0.000000e+00,0.000000e+00,0.000000e+00,0.000000e+00,0.000000e+00,0.000000e+00,3.000000e-01,0.000000e+00,0.000000e+00,0.000000e+00,0.000000e+00,0.000000e+00,0.000000e+00,0.000000e+00,0.000000e+00,0.000000e+00
1.125000e+02,18,5.000000e-01,5.000000e-01,5.000000e-01,5.000000e-01,5.000000e-01,5.000000e-01,5.000000e-01,5.000000e-01,5.000000e-01,5.000000e-01,5.000000e-01,5.000000e-01,5.000000e-01,5.000000e-01,5.000000e-01,5.000000e-01,5.000000e-01,5.000000e-01,1.644726e-47,5.000000e-01,5.000000e-01,5.000000e-01,5.000000e-01,5.000000e-01,5.000000e-01,5.000000e-01,5.000000e-01,5.000000e-01,0.000000e+00,0.000000e+00,0.000000e+00,0.000000e+00,0.000000e+00,0.000000e+00,0.000000e+00,0.000000e+00,0.000000e+00,0.000000e+00,0.000000e+00,0.000000e+00,0.000000e+00,0.000000e+00,0.000000e+00,0.000000e+00,0.000000e+00,0.000000e+00,3.000000e-01,0.000000e+00,0.000000e+00,0.000000e+00,0.000000e+00,0.000000e+00,0.000000e+00,0.000000e+00,0.000000e+00,0.000000e+00
1.126000e+02,18,5.000000e-01,5.000000e-01,5.000000e-01,5.000000e-01,5.000000e-01,5.000000e-01,5.000000e-01,5.000000e-01,5.000000e-01,5.000000e-01,5.000000e-01,5.000000e-01,5.000000e-01,5.000000e-01,5.000000e-01,5.000000e-01,5.000000e-01,5.000000e-01,1.716763e-11,5.000000e-01,5.000000e-01,5.000000e-01,5.000000e-01,5.000000e-01,5.000000e-01,5.000000e-01,5.000000e-01,5.000000e-01,0.000000e+00,0.000000e+00,0.000000e+00,0.000000e+00,0.000000e+00,0.000000e+00,0.000000e+00,0.000000e+00,0.000000e+00,0.000000e+00,0.000000e+00,0.000000e+00,0.000000e+00,0.000000e+00,0.000000e+00,0.000000e+00,0.000000e+00,0.000000e+00,3.000000e-01,0.000000e+00,0.000000e+00,0.000000e+00,0.000000e+00,0.000000e+00,0.000000e+00,0.000000e+00,0.000000e+00,0.000000e+00
1.127000e+02,18,5.000000e-01,5.000000e-01,5.000000e-01,5.000000e-01,5.000000e-01,5.000000e-01,5.000000e-01,5.000000e-01,5.000000e-01,5.000000e-01,5.000000e-01,5.000000e-01,5.000000e-01,5.000000e-01,5.000000e-01,5.000000e-01,5.000000e-01,3.433534e-02,1.707077e-02,5.000000e-01,5.000000e-01,5.000000e-01,5.000000e-01,5.000000e-01,5.000000e-01,5.000000e-01,5.000000e-01,5.000000e-01,0.000000e+00,0.000000e+00,0.000000e+00,0.000000e+00,0.000000e+00,0.000000e+00,0.000000e+00,0.000000e+00,0.000000e+00,0.000000e+00,0.000000e+00,0.000000e+00,0.000000e+00,0.000000e+00,0.000000e+00,0.000000e+00,0.000000e+00,2.178591e-13,3.125514e-07,0.000000e+00,0.000000e+00,0.000000e+00,0.000000e+00,0.000000e+00,0.000000e+00,0.000000e+00,0.000000e+00,0.000000e+00
1.128000e+02,17,5.000000e-01,5.000000e-01,5.000000e-01,5.000000e-01,5.000000e-01,5.000000e-01,5.000000e-01,5.000000e-01,5.000000e-01,5.000000e-01,5.000000e-01,5.000000e-01,5.000000e-01,5.000000e-01,5.000000e-01,5.000000e-01,5.000000e-01,3.960292e-10,3.294127e-02,5.000000e-01,5.000000e-01,5.000000e-01,5.000000e-01,5.000000e-01,5.000000e-01,5.000000e-01,5.000000e-01,5.000000e-01,0.000000e+00,0.000000e+00,0.000000e+00,0.000000e+00,0.000000e+00,0.000000e+00,0.000000e+00,0.000000e+00,0.000000e+00,0.000000e+00,0.000000e+00,0.000000e+00,0.000000e+00,0.000000e+00,0.000000e+00,0.000000e+00,0.000000e+00,2.999999e-01,6.908807e-13,0.000000e+00,0.000000e+00,0.000000e+00,0.000000e+00,0.000000e+00,0.000000e+00,0.000000e+00,0.000000e+00,0.000000e+00
1.129000e+02,17,5.000000e-01,5.000000e-01,5.000000e-01,5.000000e-01,5.000000e-01,5.000000e-01,5.000000e-01,5.000000e-01,5.000000e-01,5.000000e-01,5.000000e-01,5.000000e-01,5.000000e-01,5.000000e-01,5.000000e-01,5.000000e-01,5.000000e-01,3.264320e-36,5.000000e-01,5.000000e-01,5.000000e-01,5.000000e-01,5.000000e-01,5.000000e-01,5.000000e-01,5.000000e-01,5.000000e-01,5.000000e-01,0.000000e+00,0.000000e+00,0.000000e+00,0.000000e+00,0.000000e+00,0.000000e+00,0.000000e+00,0.000000e+00,0.000000e+00,0.000000e+00,0.000000e+00,0.000000e+00,0.000000e+00,0.000000e+00,0.000000e+00,0.000000e+00,0.000000e+00,3.000000e-01,0.000000e+00,0.000000e+00,0.000000e+00,0.000000e+00,0.000000e+00,0.000000e+00,0.000000e+00,0.000000e+00,0.000000e+00,0.000000e+00
1.130000e+02,17,5.000000e-01,5.000000e-01,5.000000e-01,5.000000e-01,5.000000e-01,5.000000e-01,5.000000e-01,5.000000e-01,5.000000e-01,5.000000e-01,5.000000e-01,5.000000e-01,5.000000e-01,5.000000e-01,5.000000e-01,5.000000e-01,5.000000e-01,8.874275e-40,5.000000e-01,5.000000e-01,5.000000e-01,5.000000e-01,5.000000e-01,5.000000e-01,5.000000e-01,5.000000e-01,5.000000e-01,5.000000e-01,0.000000e+00,0.000000e+00,0.000000e+00,0.000000e+00,0.000000e+00,0.000000e+00,0.000000e+00,0.000000e+00,0.000000e+00,0.000000e+00,0.000000e+00,0.000000e+00,0.000000e+00,0.000000e+00,0.000000e+00,0.000000e+00,0.000000e+00,3.000000e-01,0.000000e+00,0.000000e+00,0.000000e+00,0.000000e+00,0.000000e+00,0.000000e+00,0.000000e+00,0.000000e+00,0.000000e+00,0.000000e+00
1.131000e+02,17,5.000000e-01,5.000000e-01,5.000000e-01,5.000000e-01,5.000000e-01,5.000000e-01,5.000000e-01,5.000000e-01,5.000000e-01,5.000000e-01,5.000000e-01,5.000000e-01,5.000000e-01,5.000000e-01,5.000000e-01,5.000000e-01,5.000000e-01,9.695253e-25,5.000000e-01,5.000000e-01,5.000000e-01,5.000000e-01,5.000000e-01,5.000000e-01,5.000000e-01,5.000000e-01,5.000000e-01,5.000000e-01,0.000000e+00,0.000000e+00,0.000000e+00,0.000000e+00,0.000000e+00,0.000000e+00,0.000000e+00,0.000000e+00,0.000000e+00,0.000000e+00,0.000000e+00,0.000000e+00,0.000000e+00,0.000000e+00,0.000000e+00,0.000000e+00,0.000000e+00,3.000000e-01,0.000000e+00,0.000000e+00,0.000000e+00,0.000000e+00,0.000000e+00,0.000000e+00,0.000000e+00,0.000000e+00,0.000000e+00,0.000000e+00
1.132000e+02,17,5.000000e-01,5.000000e-01,5.000000e-01,5.000000e-01,5.000000e-01,5.000000e-01,5.000000e-01,5.000000e-01,5.000000e-01,5.000000e-01,5.000000e-01,5.000000e-01,5.000000e-01,5.000000e-01,5.000000e-01,5.000000e-01,5.000000e-01,1.107796e-25,5.000000e-01,5.000000e-01,5.000000e-01,5.000000e-01,5.000000e-01,5.000000e-01,5.000000e-01,5.000000e-01,5.000000e-01,5.000000e-01,0.000000e+00,0.000000e+00,0.000000e+00,0.000000e+00,0.000000e+00,0.000000e+00,0.000000e+00,0.000000e+00,0.000000e+00,0.000000e+00,0.000000e+00,0.000000e+00,0.000000e+00,0.000000e+00,0.000000e+00,0.000000e+00,0.000000e+00,3.000000e-01,0.000000e+00,0.000000e+00,0.000000e+00,0.000000e+00,0.000000e+00,0.000000e+00,0.000000e+00,0.000000e+00,0.000000e+00,0.000000e+00
1.133000e+02,17,5.000000e-01,5.000000e-01,5.000000e-01,5.000000e-01,5.000000e-01,5.000000e-01,5.000000e-01,5.000000e-01,5.000000e-01,5.000000e-01,5.000000e-01,5.000000e-01,5.000000e-01,5.000000e-01,5.000000e-01,5.000000e-01,5.000000e-01,7.732154e-05,2.952195e-02,5.000000e-01,5.000000e-01,5.000000e-01,5.000000e-01,5.000000e-01,5.000000e-01,5.000000e-01,5.000000e-01,5.000000e-01,0.000000e+00,0.000000e+00,0.000000e+00,0.000000e+00,0.000000e+00,0.000000e+00,0.000000e+00,0.000000e+00,0.000000e+00,0.000000e+00,0.000000e+00,0.000000e+00,0.000000e+00,0.000000e+00,0.000000e+00,0.000000e+00,0.000000e+00,2.820045e-01,1.163306e-11,0.000000e+00,0.000000e+00,0.000000e+00,0.000000e+00,0.000000e+00,0.000000e+00,0.000000e+00,0.000000e+00,0.000000e+00
1.134000e+02,18,5.000000e-01,5.000000e-01,5.000000e-01,5.000000e-01,5.000000e-01,5.000000e-01,5.000000e-01,5.000000e-01,5.000000e-01,5.000000e-01,5.000000e-01,5.000000e-01,5.000000e-01,5.000000e-01,5.000000e-01,5.000000e-01,5.000000e-01,5.000000e-01,1.835176e-02,5.000000e-01,5.000000e-01,5.000000e-01,5.000000e-01,5.000000e-01,5.000000e-01,5.000000e-01,5.000000e-01,5.000000e-01,0.000000e+00,0.000000e+00,0.000000e+00,0.000000e+00,0.000000e+00,0.000000e+00,0.000000e+00,0.000000e+00,0.000000e+00,0.000000e+00,0.000000e+00,0.000000e+00,0.000000e+00,0.000000e+00,0.000000e+00,0.000000e+00,0.000000e+00,0.000000e+00,1.101123e-07,0.000000e+00,0.000000e+00,0.000000e+00,0.000000e+00,0.000000e+00,0.000000e+00,0.000000e+00,0.000000e+00,0.000000e+00
1.135000e+02,11,5.000000e-01,5.000000e-01,5.000000e-01,5.000000e-01,5.000000e-01,5.000000e-01,5.000000e-01,5.000000e-01,5.000000e-01,5.000000e-01,5.000000e-01,4.235383e-02,5.000000e-01,5.000000e-01,5.000000e-01,5.000000e-01,5.000000e-01,5.000000e-01,5.000000e-01,5.000000e-01,5.000000e-01,5.000000e-01,5.000000e-01,5.000000e-01,5.000000e-01,5.000000e-01,5.000000e-01,5.000000e-01,0.000000e+00,0.000000e+00,0.000000e+00,0.000000e+00,0.000000e+00,0.000000e+00,0.000000e+00,0.000000e+00,0.000000e+00,0.000000e+00,0.000000e+00,2.664535e-16,0.000000e+00,0.000000e+00,0.000000e+00,0.000000e+00,0.000000e+00,0.000000e+00,0.000000e+00,0.000000e+00,0.000000e+00,0.000000e+00,0.000000e+00,0.000000e+00,0.000000e+00,0.000000e+00,0.000000e+00,0.000000e+00
1.136000e+02,10,5.000000e-01,5.000000e-01,5.000000e-01,5.000000e-01,5.000000e-01,5.000000e-01,5.000000e-01,5.000000e-01,5.000000e-01,5.000000e-01,3.845951e-05,3.830300e-02,5.000000e-01,5.000000e-01,5.000000e-01,5.000000e-01,5.000000e-01,5.000000e-01,5.000000e-01,5.000000e-01,5.000000e-01,5.000000e-01,5.000000e-01,5.000000e-01,5.000000e-01,5.000000e-01,5.000000e-01,5.000000e-01,0.000000e+00,0.000000e+00,0.000000e+00,0.000000e+00,0.000000e+00,0.000000e+00,0.000000e+00,0.000000e+00,0.000000e+00,0.000000e+00,2.909101e-01,8.093526e-15,0.000000e+00,0.000000e+00,0.000000e+00,0.000000e+00,0.000000e+00,0.000000e+00,0.000000e+00,0.000000e+00,0.000000e+00,0.000000e+00,0.000000e+00,0.000000e+00,0.000000e+00,0.000000e+00,0.000000e+00,0.000000e+00
1.137000e+02,11,5.000000e-01,5.000000e-01,5.000000e-01,5.000000e-01,5.000000e-01,5.000000e-01,5.000000e-01,5.000000e-01,5.000000e-01,5.000000e-01,1.581502e-03,4.778697e-06,5.000000e-01,5.000000e-01,5.000000e-01,5.000000e-01,5.000000e-01,5.000000e-01,5.000000e-01,5.000000e-01,5.000000e-01,5.000000e-01,5.000000e-01,5.000000e-01,5.000000e-01,5.000000e-01,5.000000e-01,5.000000e-01,0.000000e+00,0.000000e+00,0.000000e+00,0.000000e+00,0.000000e+00,0.000000e+00,0.000000e+00,0.000000e+00,0.000000e+00,0.000000e+00,8.456996e-02,2.988553e-01,0.000000e+00,0.000000e+00,0.000000e+00,0.000000e+00,0.000000e+00,0.000000e+00,0.000000e+00,0.000000e+00,0.000000e+00,0.000000e+00,0.000000e+00,0.000000e+00,0.000000e+00,0.000000e+00,0.000000e+00,0.000000e+00
1.138000e+02,11,5.000000e-01,5.000000e-01,5.000000e-01,5.000000e-01,5.000000e-01,5.000000e-01,5.000000e-01,5.000000e-01,5.000000e-01,5.000000e-01,5.000000e-01,1.369570e-30,5.000000e-01,5.000000e-01,5.000000e-01,5.000000e-01,5.000000e-01,5.000000e-01,5.000000e-01,5.000000e-01,5.000000e-01,5.000000e-01,5.000000e-01,5.000000e-01,5.000000e-01,5.000000e-01,5.000000e-01,5.000000e-01,0.000000e+00,0.000000e+00,0.000000e+00,0.000000e+00,0.000000e+00,0.000000e+00,0.000000e+00,0.000000e+00,0.000000e+00,0.000000e+00,0.000000e+00,3.000000e-01,0.000000e+00,0.000000e+00,0.000000e+00,0.000000e+00,0.000000e+00,0.000000e+00,0.000000e+00,0.000000e+00,0.000000e+00,0.000000e+00,0.000000e+00,0.000000e+00,0.000000e+00,0.000000e+00,0.000000e+00,0.000000e+00
1.139000e+02,11,5.000000e-01,5.000000e-01,5.000000e-01,5.000000e-01,5.000000e-01,5.000000e-01,5.000000e-01,5.000000e-01,5.000000e-01,5.000000e-01,5.868889e-03,1.245398e-06,5.000000e-01,5.000000e-01,5.000000e-01,5.000000e-01,5.000000e-01,5.000000e-01,5.000000e-01,5.000000e-01,5.000000e-01,5.000000e-01,5.000000e-01,5.000000e-01,5.000000e-01,5.000000e-01,5.000000e-01,5.000000e-01,0.000000e+00,0.000000e+00,0.000000e+00,0.000000e+00,0.000000e+00,0.000000e+00,0.000000e+00,0.000000e+00,0.000000e+00,0.000000e+00,2.704290e-03,2.997013e-01,0.000000e+00,0.000000e+00,0.000000e+00,0.000000e+00,0.000000e+00,0.000000e+00,0.000000e+00,0.000000e+00,0.000000e+00,0.000000e+00,0.000000e+00,0.000000e+00,0.000000e+00,0.000000e+00,0.000000e+00,0.000000e+00
1.140000e+02,10,5.000000e-01,5.000000e-01,5.000000e-01,5.000000e-01,5.000000e-01,5.000000e-01,5.000000e-01,5.000000e-01,5.000000e-01,5.000000e-01,4.330578e-14,5.000000e-01,5.000000e-01,5.000000e-01,5.000000e-01,5.000000e-01,5.000000e-01,5.000000e-01,5.000000e-01,5.000000e-01,5.000000e-01,5.000000e-01,5.000000e-01,5.000000e-01,5.000000e-01,5.000000e-01,5.000000e-01,5.000000e-01,0.000000e+00,0.000000e+00,0.000000e+00,0.000000e+00,0.000000e+00,0.000000e+00,0.000000e+00,0.000000e+00,0.000000e+00,0.000000e+00,3.000000e-01,0.000000e+00,0.000000e+00,0.000000e+00,0.000000e+00,0.000000e+00,0.000000e+00,0.000000e+00,0.000000e+00,0.000000e+00,0.000000e+00,0.000000e+00,0.000000e+00,0.000000e+00,0.000000e+00,0.000000e+00,0.000000e+00,0.000000e+00
1.141000e+02,10,5.000000e-01,5.000000e-01,5.000000e-01,5.000000e-01,5.000000e-01,5.000000e-01,5.000000e-01,5.000000e-01,5.000000e-01,5.000000e-01,5.369469e-12,5.000000e-01,5.000000e-01,5.000000e-01,5.000000e-01,5.000000e-01,5.000000e-01,5.000000e-01,5.000000e-01,5.000000e-01,5.000000e-01,5.000000e-01,5.000000e-01,5.000000e-01,5.000000e-01,5.000000e-01,5.000000e-01,5.000000e-01,0.000000e+00,0.000000e+00,0.000000e+00,0.000000e+00,0.000000e+00,0.000000e+00,0.000000e+00,0.000000e+00,0.000000e+00,0.000000e+00,3.000000e-01,0.000000e+00,0.000000e+00,0.000000e+00,0.000000e+00,0.000000e+00,0.000000e+00,0.000000e+00,0.000000e+00,0.000000e+00,0.000000e+00,0.000000e+00,0.000000e+00,0.000000e+00,0.000000e+00,0.000000e+00,0.000000e+00,0.000000e+00
1.142000e+02,10,5.000000e-01,5.000000e-01,5.000000e-01,5.000000e-01,5.000000e-01,5.000000e-01,5.000000e-01,5.000000e-01,5.000000e-01,5.000000e-01,1.128492e-03,5.000000e-01,5.000000e-01,5.000000e-01,5.000000e-01,5.000000e-01,5.000000e-01,5.000000e-01,5.000000e-01,5.000000e-01,5.000000e-01,5.000000e-01,5.000000e-01,5.000000e-01,5.000000e-01,5.000000e-01,5.000000e-01,5.000000e-01,0.000000e+00,0.000000e+00,0.000000e+00,0.000000e+00,0.000000e+00,0.000000e+00,0.000000e+00,0.000000e+00,0.000000e+00,0.000000e+00,1.215686e-01,0.000000e+00,0.000000e+00,0.000000e+00,0.000000e+00,0.000000e+00,0.000000e+00,0.000000e+00,0.000000e+00,0.000000e+00,0.000000e+00,0.000000e+00,0.000000e+00,0.000000e+00,0.000000e+00,0.000000e+00,0.000000e+00,0.000000e+00
1.143000e+02,9,5.000000e-01,5.000000e-01,5.000000e-01,5.000000e-01,5.000000e-01,5.000000e-01,5.000000e-01,5.000000e-01,5.000000e-01,1.917951e-02,3.097560e-02,5.000000e-01,5.000000e-01,5.000000e-01,5.000000e-01,5.000000e-01,5.000000e-01,5.000000e-01,5.000000e-01,5.000000e-01,5.000000e-01,5.000000e-01,5.000000e-01,5.000000e-01,5.000000e-01,5.000000e-01,5.000000e-01,5.000000e-01,0.000000e+00,0.000000e+00,0.000000e+00,0.000000e+00,0.000000e+00,0.000000e+00,0.000000e+00,0.000000e+00,0.000000e+00,5.607190e-08,3.506628e-12,0.000000e+00,0.000000e+00,0.000000e+00,0.000000e+00,0.000000e+00,0.000000e+00,0.000000e+00,0.000000e+00,0.000000e+00,0.000000e+00,0.000000e+00,0.000000e+00,0.000000e+00,0.000000e+00,0.000000e+00,0.000000e+00,0.000000e+00
1.144000e+02,9,5.000000e-01,5.000000e-01,5.000000e-01,5.000000e-01,5.000000e-01,5.000000e-01,5.000000e-01,5.000000e-01,5.000000e-01,6.089139e-08,5.000000e-01,5.000000e-01,5.000000e-01,5.000000e-01,5.000000e-01,5.000000e-01,5.000000e-01,5.000000e-01,5.000000e-01,5.000000e-01,5.000000e-01,5.000000e-01,5.000000e-01,5.000000e-01,5.000000e-01,5.000000e-01,5.000000e-01,5.000000e-01,0.000000e+00,0.000000e+00,0.000000e+00,0.000000e+00,0.000000e+00,0.000000e+00,0.000000e+00,0.000000e+00,0.000000e+00,2.999854e-01,0.000000e+00,0.000000e+00,0.000000e+00,0.000000e+00,0.000000e+00,0.000000e+00,0.000000e+00,0.000000e+00,0.000000e+00,0.000000e+00,0.000000e+00,0.000000e+00,0.000000e+00,0.000000e+00,0.000000e+00,0.000000e+00,0.000000e+00,0.000000e+00
1.145000e+02,10,5.000000e-01,5.000000e-01,5.000000e-01,5.000000e-01,5.000000e-01,5.000000e-01,5.000000e-01,5.000000e-01,5.000000e-01,9.955225e-04,3.997542e-06,5.000000e-01,5.000000e-01,5.000000e-01,5.000000e-01,5.000000e-01,5.000000e-01,5.000000e-01,5.000000e-01,5.000000e-01,5.000000e-01,5.000000e-01,5.000000e-01,5.000000e-01,5.000000e-01,5.000000e-01,5.000000e-01,5.000000e-01,0.000000e+00,0.000000e+00,0.000000e+00,0.000000e+00,0.000000e+00,0.000000e+00,0.000000e+00,0.000000e+00,0.000000e+00,1.352287e-01,2.990421e-01,0.000000e+00,0.000000e+00,0.000000e+00,0.000000e+00,0.000000e+00,0.000000e+00,0.000000e+00,0.000000e+00,0.000000e+00,0.000000e+00,0.000000e+00,0.000000e+00,0.000000e+00,0.000000e+00,0.000000e+00,0.000000e+00,0.000000e+00
1.146000e+02,10,5.000000e-01,5.000000e-01,5.000000e-01,5.000000e-01,5.000000e-01,5.000000e-01,5.000000e-01,5.000000e-01,5.000000e-01,5.000000e-01,1.775246e-29,5.000000e-01,5.000000e-01,5.000000e-01,5.000000e-01,5.000000e-01,5.000000e-01,5.000000e-01,5.000000e-01,5.000000e-01,5.000000e-01,5.000000e-01,5.000000e-01,5.000000e-01,5.000000e-01,5.000000e-01,5.000000e-01,5.000000e-01,0.000000e+00,0.000000e+00,0.000000e+00,0.000000e+00,0.000000e+00,0.000000e+00,0.000000e+00,0.000000e+00,0.000000e+00,0.000000e+00,3.000000e-01,0.000000e+00,0.000000e+00,0.000000e+00,0.000000e+00,0.000000e+00,0.000000e+00,0.000000e+00,0.000000e+00,0.000000e+00,0.000000e+00,0.000000e+00,0.000000e+00,0.000000e+00,0.000000e+00,0.000000e+00,0.000000e+00,0.000000e+00
1.147000e+02,10,5.000000e-01,5.000000e-01,5.000000e-01,5.000000e-01,5.000000e-01,5.000000e-01,5.000000e-01,5.000000e-01,5.000000e-01,5.000000e-01,1.985431e-50,5.000000e-01,5.000000e-01,5.000000e-01,5.000000e-01,5.000000e-01,5.000000e-01,5.000000e-01,5.000000e-01,5.000000e-01,5.000000e-01,5.000000e-01,5.000000e-01,5.000000e-01,5.000000e-01,5.000000e-01,5.000000e-01,5.000000e-01,0.000000e+00,0.000000e+00,0.000000e+00,0.000000e+00,0.000000e+00,0.000000e+00,0.000000e+00,0.000000e+00,0.000000e+00,0.000000e+00,3.000000e-01,0.000000e+00,0.000000e+00,0.000000e+00,0.000000e+00,0.000000e+00,0.000000e+00,0.000000e+00,0.000000e+00,0.000000e+00,0.000000e+00,0.000000e+00,0.000000e+00,0.000000e+00,0.000000e+00,0.000000e+00,0.000000e+00,0.000000e+00
1.148000e+02,10,5.000000e-01,5.000000e-01,5.000000e-01,5.000000e-01,5.000000e-01,5.000000e-01,5.000000e-01,5.000000e-01,5.000000e-01,5.000000e-01,1.486370e-11,2.445733e-02,5.000000e-01,5.000000e-01,5.000000e-01,5.000000e-01,5.000000e-01,5.000000e-01,5.000000e-01,5.000000e-01,5.000000e-01,5.000000e-01,5.000000e-01,5.000000e-01,5.000000e-01,5.000000e-01,5.000000e-01,5.000000e-01,0.000000e+00,0.000000e+00,0.000000e+00,0.000000e+00,0.000000e+00,0.000000e+00,0.000000e+00,0.000000e+00,0.000000e+00,0.000000e+00,3.000000e-01,7.484058e-10,0.000000e+00,0.000000e+00,0.000000e+00,0.000000e+00,0.000000e+00,0.000000e+00,0.000000e+00,0.000000e+00,0.000000e+00,0.000000e+00,0.000000e+00,0.000000e+00,0.000000e+00,0.000000e+00,0.000000e+00,0.000000e+00
1.149000e+02,11,5.000000e-01,5.000000e-01,5.000000e-01,5.000000e-01,5.000000e-01,5.000000e-01,5.000000e-01,5.000000e-01,5.000000e-01,5.000000e-01,4.070966e-02,2.291881e-14,5.000000e-01,5.000000e-01,5.000000e-01,5.000000e-01,5.000000e-01,5.000000e-01,5.000000e-01,5.000000e-01,5.000000e-01,5.000000e-01,5.000000e-01,5.000000e-01,5.000000e-01,5.000000e-01,5.000000e-01,5.000000e-01,0.000000e+00,0.000000e+00,0.000000e+00,0.000000e+00,0.000000e+00,0.000000e+00,0.000000e+00,0.000000e+00,0.000000e+00,0.000000e+00,1.099121e-15,3.000000e-01,0.000000e+00,0.000000e+00,0.000000e+00,0.000000e+00,0.000000e+00,0.000000e+00,0.000000e+00,0.000000e+00,0.000000e+00,0.000000e+00,0.000000e+00,0.000000e+00,0.000000e+00,0.000000e+00,0.000000e+00,0.000000e+00
1.150000e+02,11,5.000000e-01,5.000000e-01,5.000000e-01,5.000000e-01,5.000000e-01,5.000000e-01,5.000000e-01,5.000000e-01,5.000000e-01,5.000000e-01,6.089507e-03,1.214540e-08,5.000000e-01,5.000000e-01,5.000000e-01,5.000000e-01,5.000000e-01,5.000000e-01,5.000000e-01,5.000000e-01,5.000000e-01,5.000000e-01,5.000000e-01,5.000000e-01,5.000000e-01,5.000000e-01,5.000000e-01,5.000000e-01,0.000000e+00,0.000000e+00,0.000000e+00,0.000000e+00,0.000000e+00,0.000000e+00,0.000000e+00,0.000000e+00,0.000000e+00,0.000000e+00,2.264340e-03,2.999971e-01,0.000000e+00,0.000000e+00,0.000000e+00,0.000000e+00,0.000000e+00,0.000000e+00,0.000000e+00,0.000000e+00,0.000000e+00,0.000000e+00,0.000000e+00,0.000000e+00,0.000000e+00,0.000000e+00,0.000000e+00,0.000000e+00
1.151000e+02,10,5.000000e-01,5.000000e-01,5.000000e-01,5.000000e-01,5.000000e-01,5.000000e-01,5.000000e-01,5.000000e-01,5.000000e-01,5.000000e-01,5.870039e-20,5.000000e-01,5.000000e-01,5.000000e-01,5.000000e-01,5.000000e-01,5.000000e-01,5.000000e-01,5.000000e-01,5.000000e-01,5.000000e-01,5.000000e-01,5.000000e-01,5.000000e-01,5.000000e-01,5.000000e-01,5.000000e-01,5.000000e-01,0.000000e+00,0.000000e+00,0.000000e+00,0.000000e+00,0.000000e+00,0.000000e+00,0.000000e+00,0.000000e+00,0.000000e+00,0.000000e+00,3.000000e-01,0.000000e+00,0.000000e+00,0.000000e+00,0.000000e+00,0.000000e+00,0.000000e+00,0.000000e+00,0.000000e+00,0.000000e+00,0.000000e+00,0.000000e+00,0.000000e+00,0.000000e+00,0.000000e+00,0.000000e+00,0.000000e+00,0.000000e+00
1.152000e+02,10,5.000000e-01,5.000000e-01,5.000000e-01,5.000000e-01,5.000000e-01,5.000000e-01,5.000000e-01,5.000000e-01,5.000000e-01,5.000000e-01,5.190343e-10,3.491375e-02,5.000000e-01,5.000000e-01,5.000000e-01,5.000000e-01,5.000000e-01,5.000000e-01,5.000000e-01,5.000000e-01,5.000000e-01,5.000000e-01,5.000000e-01,5.000000e-01,5.000000e-01,5.000000e-01,5.000000e-01,5.000000e-01,0.000000e+00,0.000000e+00,0.000000e+00,0.000000e+00,0.000000e+00,0.000000e+00,0.000000e+00,0.000000e+00,0.000000e+00,0.000000e+00,2.999999e-01,1.348921e-13,0.000000e+00,0.000000e+00,0.000000e+00,0.000000e+00,0.000000e+00,0.000000e+00,0.000000e+00,0.000000e+00,0.000000e+00,0.000000e+00,0.000000e+00,0.000000e+00,0.000000e+00,0.000000e+00,0.000000e+00,0.000000e+00
1.153000e+02,11,5.000000e-01,5.000000e-01,5.000000e-01,5.000000e-01,5.000000e-01,5.000000e-01,5.000000e-01,5.000000e-01,5.000000e-01,5.000000e-01,4.824847e-02,4.379575e-03,5.000000e-01,5.000000e-01,5.000000e-01,5.000000e-01,5.000000e-01,5.000000e-01,5.000000e-01,5.000000e-01,5.000000e-01,5.000000e-01,5.000000e-01,5.000000e-01,5.000000e-01,5.000000e-01,5.000000e-01,5.000000e-01,0.000000e+00,0.000000e+00,0.000000e+00,0.000000e+00,0.000000e+00,0.000000e+00,0.000000e+00,0.000000e+00,0.000000e+00,0.000000e+00,0.000000e+00,8.956934e-03,0.000000e+00,0.000000e+00,0.000000e+00,0.000000e+00,0.000000e+00,0.000000e+00,0.000000e+00,0.000000e+00,0.000000e+00,0.000000e+00,0.000000e+00,0.000000e+00,0.000000e+00,0.000000e+00,0.000000e+00,0.000000e+00
1.154000e+02,10,5.000000e-01,5.000000e-01,5.000000e-01,5.000000e-01,5.000000e-01,5.000000e-01,5.000000e-01,5.000000e-01,5.000000e-01,5.000000e-01,1.349590e-03,5.000000e-01,5.000000e-01,5.000000e-01,5.000000e-01,5.000000e-01,5.000000e-01,5.000000e-01,5.000000e-01,5.000000e-01,5.000000e-01,5.000000e-01,5.000000e-01,5.000000e-01,5.000000e-01,5.000000e-01,5.000000e-01,5.000000e-01,0.000000e+00,0.000000e+00,0.000000e+00,0.000000e+00,0.000000e+00,0.000000e+00,0.000000e+00,0.000000e+00,0.000000e+00,0.000000e+00,1.018378e-01,0.000000e+00,0.000000e+00,0.000000e+00,0.000000e+00,0.000000e+00,0.000000e+00,0.000000e+00,0.000000e+00,0.000000e+00,0.000000e+00,0.000000e+00,0.000000e+00,0.000000e+00,0.000000e+00,0.000000e+00,0.000000e+00,0.000000e+00
1.155000e+02,10,5.000000e-01,5.000000e-01,5.000000e-01,5.000000e-01,5.000000e-01,5.000000e-01,5.000000e-01,5.000000e-01,5.000000e-01,5.000000e-01,3.787223e-05,5.000000e-01,5.000000e-01,5.000000e-01,5.000000e-01,5.000000e-01,5.000000e-01,5.000000e-01,5.000000e-01,5.000000e-01,5.000000e-01,5.000000e-01,5.000000e-01,5.000000e-01,5.000000e-01,5.000000e-01,5.000000e-01,5.000000e-01,0.000000e+00,0.000000e+00,0.000000e+00,0.000000e+00,0.000000e+00,0.000000e+00,0.000000e+00,0.000000e+00,0.000000e+00,0.000000e+00,2.910468e-01,0.000000e+00,0.000000e+00,0.000000e+00,0.000000e+00,0.000000e+00,0.000000e+00,0.000000e+00,0.000000e+00,0.000000e+00,0.000000e+00,0.000000e+00,0.000000e+00,0.000000e+00,0.000000e+00,0.000000e+00,0.000000e+00,0.000000e+00
1.156000e+02,10,5.000000e-01,5.000000e-01,5.000000e-01,5.000000e-01,5.000000e-01,5.000000e-01,5.000000e-01,5.000000e-01,5.000000e-01,5.000000e-01,4.733444e-04,5.000000e-01,5.000000e-01,5.000000e-01,5.000000e-01,5.000000e-01,5.000000e-01,5.000000e-01,5.000000e-01,5.000000e-01,5.000000e-01,5.000000e-01,5.000000e-01,5.000000e-01,5.000000e-01,5.000000e-01,5.000000e-01,5.000000e-01,0.000000e+00,0.000000e+00,0.000000e+00,0.000000e+00,0.000000e+00,0.000000e+00,0.000000e+00,0.000000e+00,0.000000e+00,0.000000e+00,2.054119e-01,0.000000e+00,0.000000e+00,0.000000e+00,0.000000e+00,0.000000e+00,0.000000e+00,0.000000e+00,0.000000e+00,0.000000e+00,0.000000e+00,0.000000e+00,0.000000e+00,0.000000e+00,0.000000e+00,0.000000e+00,0.000000e+00,0.000000e+00
1.157000e+02,9,5.000000e-01,5.000000e-01,5.000000e-01,5.000000e-01,5.000000e-01,5.000000e-01,5.000000e-01,5.000000e-01,5.000000e-01,8.795830e-03,4.704303e-02,5.000000e-01,5.000000e-01,5.000000e-01,5.000000e-01,5.000000e-01,5.000000e-01,5.000000e-01,5.000000e-01,5.000000e-01,5.000000e-01,5.000000e-01,5.000000e-01,5.000000e-01,5.000000e-01,5.000000e-01,5.000000e-01,5.000000e-01,0.000000e+00,0.000000e+00,0.000000e+00,0.000000e+00,0.000000e+00,0.000000e+00,0.000000e+00,0.000000e+00,0.000000e+00,2.556335e-04,0.000000e+00,0.000000e+00,0.000000e+00,0.000000e+00,0.000000e+00,0.000000e+00,0.000000e+00,0.000000e+00,0.000000e+00,0.000000e+00,0.000000e+00,0.000000e+00,0.000000e+00,0.000000e+00,0.000000e+00,0.000000e+00,0.000000e+00,0.000000e+00
1.158000e+02,9,5.000000e-01,5.000000e-01,5.000000e-01,5.000000e-01,5.000000e-01,5.000000e-01,5.000000e-01,5.000000e-01,5.000000e-01,1.227081e-13,5.000000e-01,5.000000e-01,5.000000e-01,5.000000e-01,5.000000e-01,5.000000e-01,5.000000e-01,5.000000e-01,5.000000e-01,5.000000e-01,5.000000e-01,5.000000e-01,5.000000e-01,5.000000e-01,5.000000e-01,5.000000e-01,5.000000e-01,5.000000e-01,0.000000e+00,0.000000e+00,0.000000e+00,0.000000e+00,0.000000e+00,0.000000e+00,0.000000e+00,0.000000e+00,0.000000e+00,3.000000e-01,0.000000e+00,0.000000e+00,0.000000e+00,0.000000e+00,0.000000e+00,0.000000e+00,0.000000e+00,0.000000e+00,0.000000e+00,0.000000e+00,0.000000e+00,0.000000e+00,0.000000e+00,0.000000e+00,0.000000e+00,0.000000e+00,0.000000e+00,0.000000e+00
1.159000e+02,9,5.000000e-01,5.000000e-01,5.000000e-01,5.000000e-01,5.000000e-01,5.000000e-01,5.000000e-01,5.000000e-01,5.000000e-01,2.375182e-18,5.000000e-01,5.000000e-01,5.000000e-01,5.000000e-01,5.000000e-01,5.000000e-01,5.000000e-01,5.000000e-01,5.000000e-01,5.000000e-01,5.000000e-01,5.000000e-01,5.000000e-01,5.000000e-01,5.000000e-01,5.000000e-01,5.000000e-01,5.000000e-01,0.000000e+00,0.000000e+00,0.000000e+00,0.000000e+00,0.000000e+00,0.000000e+00,0.000000e+00,0.000000e+00,0.000000e+00,3.000000e-01,0.000000e+00,0.000000e+00,0.000000e+00,0.000000e+00,0.000000e+00,0.000000e+00,0.000000e+00,0.000000e+00,0.000000e+00,0.000000e+00,0.000000e+00,0.000000e+00,0.000000e+00,0.000000e+00,0.000000e+00,0.000000e+00,0.000000e+00,0.000000e+00
1.160000e+02,9,5.000000e-01,5.000000e-01,5.000000e-01,5.000000e-01,5.000000e-01,5.000000e-01,5.000000e-01,5.000000e-01,5.000000e-01,4.135110e-03,5.000000e-01,5.000000e-01,5.000000e-01,5.000000e-01,5.000000e-01,5.000000e-01,5.000000e-01,5.000000e-01,5.000000e-01,5.000000e-01,5.000000e-01,5.000000e-01,5.000000e-01,5.000000e-01,5.000000e-01,5.000000e-01,5.000000e-01,5.000000e-01,0.000000e+00,0.000000e+00,0.000000e+00,0.000000e+00,0.000000e+00,0.000000e+00,0.000000e+00,0.000000e+00,0.000000e+00,1.090080e-02,0.000000e+00,0.000000e+00,0.000000e+00,0.000000e+00,0.000000e+00,0.000000e+00,0.000000e+00,0.000000e+00,0.000000e+00,0.000000e+00,0.000000e+00,0.000000e+00,0.000000e+00,0.000000e+00,0.000000e+00,0.000000e+00,0.000000e+00,0.000000e+00
1.161000e+02,-1,5.000000e-01,5.000000e-01,5.000000e-01,5.000000e-01,5.000000e-01,5.000000e-01,5.000000e-01,5.000000e-01,5.000000e-01,5.000000e-01,5.000000e-01,5.000000e-01,5.000000e-01,5.000000e-01,5.000000e-01,5.000000e-01,5.000000e-01,5.000000e-01,5.000000e-01,5.000000e-01,5.000000e-01,5.000000e-01,5.000000e-01,5.000000e-01,5.000000e-01,5.000000e-01,5.000000e-01,5.000000e-01,0.000000e+00,0.000000e+00,0.000000e+00,0.000000e+00,0.000000e+00,0.000000e+00,0.000000e+00,0.000000e+00,0.000000e+00,0.000000e+00,0.000000e+00,0.000000e+00,0.000000e+00,0.000000e+00,0.000000e+00,0.000000e+00,0.000000e+00,0.000000e+00,0.000000e+00,0.000000e+00,0.000000e+00,0.000000e+00,0.000000e+00,0.000000e+00,0.000000e+00,0.000000e+00,0.000000e+00,0.000000e+00
1.162000e+02,2,5.000000e-01,5.000000e-01,6.790005e-05,2.244688e-02,5.000000e-01,5.000000e-01,5.000000e-01,5.000000e-01,5.000000e-01,5.000000e-01,5.000000e-01,5.000000e-01,5.000000e-01,5.000000e-01,5.000000e-01,5.000000e-01,5.000000e-01,5.000000e-01,5.000000e-01,5.000000e-01,5.000000e-01,5.000000e-01,5.000000e-01,5.000000e-01,5.000000e-01,5.000000e-01,5.000000e-01,5.000000e-01,0.000000e+00,0.000000e+00,2.841382e-01,3.885196e-09,0.000000e+00,0.000000e+00,0.000000e+00,0.000000e+00,0.000000e+00,0.000000e+00,0.000000e+00,0.000000e+00,0.000000e+00,0.000000e+00,0.000000e+00,0.000000e+00,0.000000e+00,0.000000e+00,0.000000e+00,0.000000e+00,0.000000e+00,0.000000e+00,0.000000e+00,0.000000e+00,0.000000e+00,0.000000e+00,0.000000e+00,0.000000e+00
1.163000e+02,2,5.000000e-01,5.000000e-01,2.553503e-16,5.000000e-01,5.000000e-01,5.000000e-01,5.000000e-01,5.000000e-01,5.000000e-01,5.000000e-01,5.000000e-01,5.000000e-01,5.000000e-01,5.000000e-01,5.000000e-01,5.000000e-01,5.000000e-01,5.000000e-01,5.000000e-01,5.000000e-01,5.000000e-01,5.000000e-01,5.000000e-01,5.000000e-01,5.000000e-01,5.000000e-01,5.000000e-01,5.000000e-01,0.000000e+00,0.000000e+00,3.000000e-01,0.000000e+00,0.000000e+00,0.000000e+00,0.000000e+00,0.000000e+00,0.000000e+00,0.000000e+00,0.000000e+00,0.000000e+00,0.000000e+00,0.000000e+00,0.000000e+00,0.000000e+00,0.000000e+00,0.000000e+00,0.000000e+00,0.000000e+00,0.000000e+00,0.000000e+00,0.000000e+00,0.000000e+00,0.000000e+00,0.000000e+00,0.000000e+00,0.000000e+00
1.164000e+02,2,5.000000e-01,5.000000e-01,4.692169e-17,5.000000e-01,5.000000e-01,5.000000e-01,5.000000e-01,5.000000e-01,5.000000e-01,5.000000e-01,5.000000e-01,5.000000e-01,5.000000e-01,5.000000e-01,5.000000e-01,5.000000e-01,5.000000e-01,5.000000e-01,5.000000e-01,5.000000e-01,5.000000e-01,5.000000e-01,5.000000e-01,5.000000e-01,5.000000e-01,5.000000e-01,5.000000e-01,5.000000e-01,0.000000e+00,0.000000e+00,3.000000e-01,0.000000e+00,0.000000e+00,0.000000e+00,0.000000e+00,0.000000e+00,0.000000e+00,0.000000e+00,0.000000e+00,0.000000e+00,0.000000e+00,0.000000e+00,0.000000e+00,0.000000e+00,0.000000e+00,0.000000e+00,0.000000e+00,0.000000e+00,0.000000e+00,0.000000e+00,0.000000e+00,0.000000e+00,0.000000e+00,0.000000e+00,0.000000e+00,0.000000e+00
1.165000e+02,2,5.000000e-01,5.000000e-01,2.513673e-03,5.000000e-01,5.000000e-01,5.000000e-01,5.000000e-01,5.000000e-01,5.000000e-01,5.000000e-01,5.000000e-01,5.000000e-01,5.000000e-01,5.000000e-01,5.000000e-01,5.000000e-01,5.000000e-01,5.000000e-01,5.000000e-01,5.000000e-01,5.000000e-01,5.000000e-01,5.000000e-01,5.000000e-01,5.000000e-01,5.000000e-01,5.000000e-01,5.000000e-01,0.000000e+00,0.000000e+00,4.005736e-02,0.000000e+00,0.000000e+00,0.000000e+00,0.000000e+00,0.000000e+00,0.000000e+00,0.000000e+00,0.000000e+00,0.000000e+00,0.000000e+00,0.000000e+00,0.000000e+00,0.000000e+00,0.000000e+00,0.000000e+00,0.000000e+00,0.000000e+00,0.000000e+00,0.000000e+00,0.000000e+00,0.000000e+00,0.000000e+00,0.000000e+00,0.000000e+00,0.000000e+00
1.166000e+02,9,5.000000e-01,5.000000e-01,5.000000e-01,5.000000e-01,5.000000e-01,5.000000e-01,5.000000e-01,5.000000e-01,5.000000e-01,5.749040e-04,5.000000e-01,5.000000e-01,5.000000e-01,5.000000e-01,5.000000e-01,5.000000e-01,5.000000e-01,5.000000e-01,5.000000e-01,5.000000e-01,5.000000e-01,5.000000e-01,5.000000e-01,5.000000e-01,5.000000e-01,5.000000e-01,5.000000e-01,5.000000e-01,0.000000e+00,0.000000e+00,0.000000e+00,0.000000e+00,0.000000e+00,0.000000e+00,0.000000e+00,0.000000e+00,0.000000e+00,1.893746e-01,0.000000e+00,0.000000e+00,0.000000e+00,0.000000e+00,0.000000e+00,0.000000e+00,0.000000e+00,0.000000e+00,0.000000e+00,0.000000e+00,0.000000e+00,0.000000e+00,0.000000e+00,0.000000e+00,0.000000e+00,0.000000e+00,0.000000e+00,0.000000e+00
1.167000e+02,-1,5.000000e-01,5.000000e-01,5.000000e-01,5.000000e-01,5.000000e-01,5.000000e-01,5.000000e-01,5.000000e-01,5.000000e-01,5.000000e-01,5.000000e-01,5.000000e-01,5.000000e-01,5.000000e-01,5.000000e-01,5.000000e-01,5.000000e-01,5.000000e-01,5.000000e-01,5.000000e-01,5.000000e-01,5.000000e-01,5.000000e-01,5.000000e-01,5.000000e-01,5.000000e-01,5.000000e-01,5.000000e-01,0.000000e+00,0.000000e+00,0.000000e+00,0.000000e+00,0.000000e+00,0.000000e+00,0.000000e+00,0.000000e+00,0.000000e+00,0.000000e+00,0.000000e+00,0.000000e+00,0.000000e+00,0.000000e+00,0.000000e+00,0.000000e+00,0.000000e+00,0.000000e+00,0.000000e+00,0.000000e+00,0.000000e+00,0.000000e+00,0.000000e+00,0.000000e+00,0.000000e+00,0.000000e+00,0.000000e+00,0.000000e+00
1.168000e+02,1,5.000000e-01,6.574468e-03,5.000000e-01,5.000000e-01,5.000000e-01,5.000000e-01,5.000000e-01,5.000000e-01,5.000000e-01,5.000000e-01,5.000000e-01,5.000000e-01,5.000000e-01,5.000000e-01,5.000000e-01,5.000000e-01,5.000000e-01,5.000000e-01,5.000000e-01,5.000000e-01,5.000000e-01,5.000000e-01,5.000000e-01,5.000000e-01,5.000000e-01,5.000000e-01,5.000000e-01,5.000000e-01,0.000000e+00,1.532411e-03,0.000000e+00,0.000000e+00,0.000000e+00,0.000000e+00,0.000000e+00,0.000000e+00,0.000000e+00,0.000000e+00,0.000000e+00,0.000000e+00,0.000000e+00,0.000000e+00,0.000000e+00,0.000000e+00,0.000000e+00,0.000000e+00,0.000000e+00,0.000000e+00,0.000000e+00,0.000000e+00,0.000000e+00,0.000000e+00,0.000000e+00,0.000000e+00,0.000000e+00,0.000000e+00
1.169000e+02,1,5.000000e-01,2.755092e-02,5.000000e-01,5.000000e-01,5.000000e-01,5.000000e-01,5.000000e-01,5.000000e-01,5.000000e-01,5.000000e-01,5.000000e-01,5.000000e-01,5.000000e-01,5.000000e-01,5.000000e-01,5.000000e-01,5.000000e-01,5.000000e-01,5.000000e-01,5.000000e-01,5.000000e-01,5.000000e-01,5.000000e-01,5.000000e-01,5.000000e-01,5.000000e-01,5.000000e-01,5.000000e-01,0.000000e+00,5.896816e-11,0.000000e+00,0.000000e+00,0.000000e+00,0.000000e+00,0.000000e+00,0.000000e+00,0.000000e+00,0.000000e+00,0.000000e+00,0.000000e+00,0.000000e+00,0.000000e+00,0.000000e+00,0.000000e+00,0.000000e+00,0.000000e+00,0.000000e+00,0.000000e+00,0.000000e+00,0.000000e+00,0.000000e+00,0.000000e+00,0.000000e+00,0.000000e+00,0.000000e+00,0.000000e+00
1.170000e+02,8,5.000000e-01,5.000000e-01,5.000000e-01,5.000000e-01,5.000000e-01,5.000000e-01,5.000000e-01,5.000000e-01,1.955903e-08,5.000000e-01,5.000000e-01,5.000000e-01,5.000000e-01,5.000000e-01,5.000000e-01,5.000000e-01,5.000000e-01,5.000000e-01,5.000000e-01,5.000000e-01,5.000000e-01,5.000000e-01,5.000000e-01,5.000000e-01,5.000000e-01,5.000000e-01,5.000000e-01,5.000000e-01,0.000000e+00,0.000000e+00,0.000000e+00,0.000000e+00,0.000000e+00,0.000000e+00,0.000000e+00,0.000000e+00,2.999953e-01,0.000000e+00,0.000000e+00,0.000000e+00,0.000000e+00,0.000000e+00,0.000000e+00,0.000000e+00,0.000000e+00,0.000000e+00,0.000000e+00,0.000000e+00,0.000000e+00,0.000000e+00,0.000000e+00,0.000000e+00,0.000000e+00,0.000000e+00,0.000000e+00,0.000000e+00
1.171000e+02,8,5.000000e-01,5.000000e-01,5.000000e-01,5.000000e-01,5.000000e-01,5.000000e-01,5.000000e-01,5.000000e-01,5.075846e-03,5.000000e-01,5.000000e-01,5.000000e-01,5.000000e-01,5.000000e-01,5.000000e-01,5.000000e-01,5.000000e-01,5.000000e-01,5.000000e-01,5.000000e-01,5.000000e-01,5.000000e-01,5.000000e-01,5.000000e-01,5.000000e-01,5.000000e-01,5.000000e-01,5.000000e-01,0.000000e+00,0.000000e+00,0.000000e+00,0.000000e+00,0.000000e+00,0.000000e+00,0.000000e+00,0.000000e+00,5.118008e-03,0.000000e+00,0.000000e+00,0.000000e+00,0.000000e+00,0.000000e+00,0.000000e+00,0.000000e+00,0.000000e+00,0.000000e+00,0.000000e+00,0.000000e+00,0.000000e+00,0.000000e+00,0.000000e+00,0.000000e+00,0.000000e+00,0.000000e+00,0.000000e+00,0.000000e+00
1.172000e+02,-1,5.000000e-01,5.000000e-01,5.000000e-01,5.000000e-01,5.000000e-01,5.000000e-01,5.000000e-01,5.000000e-01,5.000000e-01,5.000000e-01,5.000000e-01,5.000000e-01,5.000000e-01,5.000000e-01,5.000000e-01,5.000000e-01,5.000000e-01,5.000000e-01,5.000000e-01,5.000000e-01,5.000000e-01,5.000000e-01,5.000000e-01,5.000000e-01,5.000000e-01,5.000000e-01,5.000000e-01,5.000000e-01,0.000000e+00,0.000000e+00,0.000000e+00,0.000000e+00,0.000000e+00,0.000000e+00,0.000000e+00,0.000000e+00,0.000000e+00,0.000000e+00,0.000000e+00,0.000000e+00,0.000000e+00,0.000000e+00,0.000000e+00,0.000000e+00,0.000000e+00,0.000000e+00,0.000000e+00,0.000000e+00,0.000000e+00,0.000000e+00,0.000000e+00,0.000000e+00,0.000000e+00,0.000000e+00,0.000000e+00,0.000000e+00
1.173000e+02,7,5.000000e-01,5.000000e-01,5.000000e-01,5.000000e-01,5.000000e-01,5.000000e-01,5.000000e-01,3.334222e-03,2.482837e-02,5.000000e-01,5.000000e-01,5.000000e-01,5.000000e-01,5.000000e-01,5.000000e-01,5.000000e-01,5.000000e-01,5.000000e-01,5.000000e-01,5.000000e-01,5.000000e-01,5.000000e-01,5.000000e-01,5.000000e-01,5.000000e-01,5.000000e-01,5.000000e-01,5.000000e-01,0.000000e+00,0.000000e+00,0.000000e+00,0.000000e+00,0.000000e+00,0.000000e+00,0.000000e+00,2.073760e-02,5.520381e-10,0.000000e+00,0.000000e+00,0.000000e+00,0.000000e+00,0.000000e+00,0.000000e+00,0.000000e+00,0.000000e+00,0.000000e+00,0.000000e+00,0.000000e+00,0.000000e+00,0.000000e+00,0.000000e+00,0.000000e+00,0.000000e+00,0.000000e+00,0.000000e+00,0.000000e+00
1.174000e+02,7,5.000000e-01,5.000000e-01,5.000000e-01,5.000000e-01,5.000000e-01,5.000000e-01,5.000000e-01,1.422195e-14,5.000000e-01,5.000000e-01,5.000000e-01,5.000000e-01,5.000000e-01,5.000000e-01,5.000000e-01,5.000000e-01,5.000000e-01,5.000000e-01,5.000000e-01,5.000000e-01,5.000000e-01,5.000000e-01,5.000000e-01,5.000000e-01,5.000000e-01,5.000000e-01,5.000000e-01,5.000000e-01,0.000000e+00,0.000000e+00,0.000000e+00,0.000000e+00,0.000000e+00,0.000000e+00,0.000000e+00,3.000000e-01,0.000000e+00,0.000000e+00,0.000000e+00,0.000000e+00,0.000000e+00,0.000000e+00,0.000000e+00,0.000000e+00,0.000000e+00,0.000000e+00,0.000000e+00,0.000000e+00,0.000000e+00,0.000000e+00,0.000000e+00,0.000000e+00,0.000000e+00,0.000000e+00,0.000000e+00,0.000000e+00
1.175000e+02,7,5.000000e-01,5.000000e-01,5.000000e-01,5.000000e-01,5.000000e-01,5.000000e-01,5.000000e-01,1.673381e-53,5.000000e-01,5.000000e-01,5.000000e-01,5.000000e-01,5.000000e-01,5.000000e-01,5.000000e-01,5.000000e-01,5.000000e-01,5.000000e-01,5.000000e-01,5.000000e-01,5.000000e-01,5.000000e-01,5.000000e-01,5.000000e-01,5.000000e-01,5.000000e-01,5.000000e-01,5.000000e-01,0.000000e+00,0.000000e+00,0.000000e+00,0.000000e+00,0.000000e+00,0.000000e+00,0.000000e+00,3.000000e-01,0.000000e+00,0.000000e+00,0.000000e+00,0.000000e+00,0.000000e+00,0.000000e+00,0.000000e+00,0.000000e+00,0.000000e+00,0.000000e+00,0.000000e+00,0.000000e+00,0.000000e+00,0.000000e+00,0.000000e+00,0.000000e+00,0.000000e+00,0.000000e+00,0.000000e+00,0.000000e+00
1.176000e+02,7,5.000000e-01,5.000000e-01,5.000000e-01,5.000000e-01,5.000000e-01,5.000000e-01,5.000000e-01,4.396027e-27,5.000000e-01,5.000000e-01,5.000000e-01,5.000000e-01,5.000000e-01,5.000000e-01,5.000000e-01,5.000000e-01,5.000000e-01,5.000000e-01,5.000000e-01,5.000000e-01,5.000000e-01,5.000000e-01,5.000000e-01,5.000000e-01,5.000000e-01,5.000000e-01,5.000000e-01,5.000000e-01,0.000000e+00,0.000000e+00,0.000000e+00,0.000000e+00,0.000000e+00,0.000000e+00,0.000000e+00,3.000000e-01,0.000000e+00,0.000000e+00,0.000000e+00,0.000000e+00,0.000000e+00,0.000000e+00,0.000000e+00,0.000000e+00,0.000000e+00,0.000000e+00,0.000000e+00,0.000000e+00,0.000000e+00,0.000000e+00,0.000000e+00,0.000000e+00,0.000000e+00,0.000000e+00,0.000000e+00,0.000000e+00
1.177000e+02,7,5.000000e-01,5.000000e-01,5.000000e-01,5.000000e-01,5.000000e-01,5.000000e-01,5.000000e-01,1.979980e-04,5.000000e-01,5.000000e-01,5.000000e-01,5.000000e-01,5.000000e-01,5.000000e-01,5.000000e-01,5.000000e-01,5.000000e-01,5.000000e-01,5.000000e-01,5.000000e-01,5.000000e-01,5.000000e-01,5.000000e-01,5.000000e-01,5.000000e-01,5.000000e-01,5.000000e-01,5.000000e-01,0.000000e+00,0.000000e+00,0.000000e+00,0.000000e+00,0.000000e+00,0.000000e+00,0.000000e+00,2.560489e-01,0.000000e+00,0.000000e+00,0.000000e+00,0.000000e+00,0.000000e+00,0.000000e+00,0.000000e+00,0.000000e+00,0.000000e+00,0.000000e+00,0.000000e+00,0.000000e+00,0.000000e+00,0.000000e+00,0.000000e+00,0.000000e+00,0.000000e+00,0.000000e+00,0.000000e+00,0.000000e+00
1.178000e+02,8,5.000000e-01,5.000000e-01,5.000000e-01,5.000000e-01,5.000000e-01,5.000000e-01,5.000000e-01,5.000000e-01,2.101415e-03,5.000000e-01,5.000000e-01,5.000000e-01,5.000000e-01,5.000000e-01,5.000000e-01,5.000000e-01,5.000000e-01,5.000000e-01,5.000000e-01,5.000000e-01,5.000000e-01,5.000000e-01,5.000000e-01,5.000000e-01,5.000000e-01,5.000000e-01,5.000000e-01,5.000000e-01,0.000000e+00,0.000000e+00,0.000000e+00,0.000000e+00,0.000000e+00,0.000000e+00,0.000000e+00,0.000000e+00,5.575024e-02,0.000000e+00,0.000000e+00,0.000000e+00,0.000000e+00,0.000000e+00,0.000000e+00,0.000000e+00,0.000000e+00,0.000000e+00,0.000000e+00,0.000000e+00,0.000000e+00,0.000000e+00,0.000000e+00,0.000000e+00,0.000000e+00,0.000000e+00,0.000000e+00,0.000000e+00
1.179000e+02,8,5.000000e-01,5.000000e-01,5.000000e-01,5.000000e-01,5.000000e-01,5.000000e-01,5.000000e-01,5.000000e-01,9.924573e-21,5.000000e-01,5.000000e-01,5.000000e-01,5.000000e-01,5.000000e-01,5.000000e-01,5.000000e-01,5.000000e-01,5.000000e-01,5.000000e-01,5.000000e-01,5.000000e-01,5.000000e-01,5.000000e-01,5.000000e-01,5.000000e-01,5.000000e-01,5.000000e-01,5.000000e-01,0.000000e+00,0.000000e+00,0.000000e+00,0.000000e+00,0.000000e+00,0.000000e+00,0.000000e+00,0.000000e+00,3.000000e-01,0.000000e+00,0.000000e+00,0.000000e+00,0.000000e+00,0.000000e+00,0.000000e+00,0.000000e+00,0.000000e+00,0.000000e+00,0.000000e+00,0.000000e+00,0.000000e+00,0.000000e+00,0.000000e+00,0.000000e+00,0.000000e+00,0.000000e+00,0.000000e+00,0.000000e+00
1.180000e+02,8,5.000000e-01,5.000000e-01,5.000000e-01,5.000000e-01,5.000000e-01,5.000000e-01,5.000000e-01,5.000000e-01,1.111746e-10,5.000000e-01,5.000000e-01,5.000000e-01,5.000000e-01,5.000000e-01,5.000000e-01,5.000000e-01,5.000000e-01,5.000000e-01,5.000000e-01,5.000000e-01,5.000000e-01,5.000000e-01,5.000000e-01,5.000000e-01,5.000000e-01,5.000000e-01,5.000000e-01,5.000000e-01,0.000000e+00,0.000000e+00,0.000000e+00,0.000000e+00,0.000000e+00,0.000000e+00,0.000000e+00,0.000000e+00,3.000000e-01,0.000000e+00,0.000000e+00,0.000000e+00,0.000000e+00,0.000000e+00,0.000000e+00,0.000000e+00,0.000000e+00,0.000000e+00,0.000000e+00,0.000000e+00,0.000000e+00,0.000000e+00,0.000000e+00,0.000000e+00,0.000000e+00,0.000000e+00,0.000000e+00,0.000000e+00
1.181000e+02,1,5.000000e-01,2.277709e-02,5.000000e-01,5.000000e-01,5.000000e-01,5.000000e-01,5.000000e-01,5.000000e-01,5.000000e-01,5.000000e-01,5.000000e-01,5.000000e-01,5.000000e-01,5.000000e-01,5.000000e-01,5.000000e-01,5.000000e-01,5.000000e-01,5.000000e-01,5.000000e-01,5.000000e-01,5.000000e-01,5.000000e-01,5.000000e-01,5.000000e-01,5.000000e-01,5.000000e-01,5.000000e-01,0.000000e+00,2.965058e-09,0.000000e+00,0.000000e+00,0.000000e+00,0.000000e+00,0.000000e+00,0.000000e+00,0.000000e+00,0.000000e+00,0.000000e+00,0.000000e+00,0.000000e+00,0.000000e+00,0.000000e+00,0.000000e+00,0.000000e+00,0.000000e+00,0.000000e+00,0.000000e+00,0.000000e+00,0.000000e+00,0.000000e+00,0.000000e+00,0.000000e+00,0.000000e+00,0.000000e+00,0.000000e+00
1.182000e+02,1,5.000000e-01,3.474449e-08,5.000000e-01,5.000000e-01,5.000000e-01,5.000000e-01,5.000000e-01,5.000000e-01,5.000000e-01,5.000000e-01,5.000000e-01,5.000000e-01,5.000000e-01,5.000000e-01,5.000000e-01,5.000000e-01,5.000000e-01,5.000000e-01,5.000000e-01,5.000000e-01,5.000000e-01,5.000000e-01,5.000000e-01,5.000000e-01,5.000000e-01,5.000000e-01,5.000000e-01,5.000000e-01,0.000000e+00,2.999917e-01,0.000000e+00,0.000000e+00,0.000000e+00,0.000000e+00,0.000000e+00,0.000000e+00,0.000000e+00,0.000000e+00,0.000000e+00,0.000000e+00,0.000000e+00,0.000000e+00,0.000000e+00,0.000000e+00,0.000000e+00,0.000000e+00,0.000000e+00,0.000000e+00,0.000000e+00,0.000000e+00,0.000000e+00,0.000000e+00,0.000000e+00,0.000000e+00,0.000000e+00,0.000000e+00
1.183000e+02,1,5.000000e-01,2.931961e-13,5.000000e-01,5.000000e-01,5.000000e-01,5.000000e-01,5.000000e-01,5.000000e-01,5.000000e-01,5.000000e-01,5.000000e-01,5.000000e-01,5.000000e-01,5.000000e-01,5.000000e-01,5.000000e-01,5.000000e-01,5.000000e-01,5.000000e-01,5.000000e-01,5.000000e-01,5.000000e-01,5.000000e-01,5.000000e-01,5.000000e-01,5.000000e-01,5.000000e-01,5.000000e-01,0.000000e+00,3.000000e-01,0.000000e+00,0.000000e+00,0.000000e+00,0.000000e+00,0.000000e+00,0.000000e+00,0.000000e+00,0.000000e+00,0.000000e+00,0.000000e+00,0.000000e+00,0.000000e+00,0.000000e+00,0.000000e+00,0.000000e+00,0.000000e+00,0.000000e+00,0.000000e+00,0.000000e+00,0.000000e+00,0.000000e+00,0.000000e+00,0.000000e+00,0.000000e+00,0.000000e+00,0.000000e+00
1.184000e+02,1,5.000000e-01,1.275190e-02,1.684514e-02,5.000000e-01,5.000000e-01,5.000000e-01,5.000000e-01,5.000000e-01,5.000000e-01,5.000000e-01,5.000000e-01,5.000000e-01,5.000000e-01,5.000000e-01,5.000000e-01,5.000000e-01,5.000000e-01,5.000000e-01,5.000000e-01,5.000000e-01,5.000000e-01,5.000000e-01,5.000000e-01,5.000000e-01,5.000000e-01,5.000000e-01,5.000000e-01,5.000000e-01,0.000000e+00,1.042715e-05,3.755491e-07,0.000000e+00,0.000000e+00,0.000000e+00,0.000000e+00,0.000000e+00,0.000000e+00,0.000000e+00,0.000000e+00,0.000000e+00,0.000000e+00,0.000000e+00,0.000000e+00,0.000000e+00,0.000000e+00,0.000000e+00,0.000000e+00,0.000000e+00,0.000000e+00,0.000000e+00,0.000000e+00,0.000000e+00,0.000000e+00,0.000000e+00,0.000000e+00,0.000000e+00
1.185000e+02,2,5.000000e-01,5.000000e-01,9.198756e-04,5.000000e-01,5.000000e-01,5.000000e-01,5.000000e-01,5.000000e-01,5.000000e-01,5.000000e-01,5.000000e-01,5.000000e-01,5.000000e-01,5.000000e-01,5.000000e-01,5.000000e-01,5.000000e-01,5.000000e-01,5.000000e-01,5.000000e-01,5.000000e-01,5.000000e-01,5.000000e-01,5.000000e-01,5.000000e-01,5.000000e-01,5.000000e-01,5.000000e-01,0.000000e+00,0.000000e+00,1.436735e-01,0.000000e+00,0.000000e+00,0.000000e+00,0.000000e+00,0.000000e+00,0.000000e+00,0.000000e+00,0.000000e+00,0.000000e+00,0.000000e+00,0.000000e+00,0.000000e+00,0.000000e+00,0.000000e+00,0.000000e+00,0.000000e+00,0.000000e+00,0.000000e+00,0.000000e+00,0.000000e+00,0.000000e+00,0.000000e+00,0.000000e+00,0.000000e+00,0.000000e+00
1.186000e+02,9,5.000000e-01,5.000000e-01,4.443276e-02,5.000000e-01,5.000000e-01,5.000000e-01,5.000000e-01,5.000000e-01,5.000000e-01,4.697392e-03,5.000000e-01,5.000000e-01,5.000000e-01,5.000000e-01,5.000000e-01,5.000000e-01,5.000000e-01,5.000000e-01,5.000000e-01,5.000000e-01,5.000000e-01,5.000000e-01,5.000000e-01,5.000000e-01,5.000000e-01,5.000000e-01,5.000000e-01,5.000000e-01,0.000000e+00,0.000000e+00,3.330669e-17,0.000000e+00,0.000000e+00,0.000000e+00,0.000000e+00,0.000000e+00,0.000000e+00,6.938012e-03,0.000000e+00,0.000000e+00,0.000000e+00,0.000000e+00,0.000000e+00,0.000000e+00,0.000000e+00,0.000000e+00,0.000000e+00,0.000000e+00,0.000000e+00,0.000000e+00,0.000000e+00,0.000000e+00,0.000000e+00,0.000000e+00,0.000000e+00,0.000000e+00
1.187000e+02,9,5.000000e-01,5.000000e-01,5.000000e-01,5.000000e-01,5.000000e-01,5.000000e-01,5.000000e-01,5.000000e-01,5.000000e-01,1.687242e-04,5.000000e-01,5.000000e-01,5.000000e-01,5.000000e-01,5.000000e-01,5.000000e-01,5.000000e-01,5.000000e-01,5.000000e-01,5.000000e-01,5.000000e-01,5.000000e-01,5.000000e-01,5.000000e-01,5.000000e-01,5.000000e-01,5.000000e-01,5.000000e-01,0.000000e+00,0.000000e+00,0.000000e+00,0.000000e+00,0.000000e+00,0.000000e+00,0.000000e+00,0.000000e+00,0.000000e+00,2.621172e-01,0.000000e+00,0.000000e+00,0.000000e+00,0.000000e+00,0.000000e+00,0.000000e+00,0.000000e+00,0.000000e+00,0.000000e+00,0.000000e+00,0.000000e+00,0.000000e+00,0.000000e+00,0.000000e+00,0.000000e+00,0.000000e+00,0.000000e+00,0.000000e+00
1.188000e+02,2,5.000000e-01,5.000000e-01,2.897462e-02,5.000000e-01,5.000000e-01,5.000000e-01,5.000000e-01,5.000000e-01,5.000000e-01,5.000000e-01,5.000000e-01,5.000000e-01,5.000000e-01,5.000000e-01,5.000000e-01,5.000000e-01,5.000000e-01,5.000000e-01,5.000000e-01,5.000000e-01,5.000000e-01,5.000000e-01,5.000000e-01,5.000000e-01,5.000000e-01,5.000000e-01,5.000000e-01,5.000000e-01,0.000000e+00,0.000000e+00,1.826366e-11,0.000000e+00,0.000000e+00,0.000000e+00,0.000000e+00,0.000000e+00,0.000000e+00,0.000000e+00,0.000000e+00,0.000000e+00,0.000000e+00,0.000000e+00,0.000000e+00,0.000000e+00,0.000000e+00,0.000000e+00,0.000000e+00,0.000000e+00,0.000000e+00,0.000000e+00,0.000000e+00,0.000000e+00,0.000000e+00,0.000000e+00,0.000000e+00,0.000000e+00
1.189000e+02,3,5.000000e-01,5.000000e-01,2.837028e-02,2.111508e-02,5.000000e-01,5.000000e-01,5.000000e-01,5.000000e-01,5.000000e-01,5.000000e-01,5.000000e-01,5.000000e-01,5.000000e-01,5.000000e-01,5.000000e-01,5.000000e-01,5.000000e-01,5.000000e-01,5.000000e-01,5.000000e-01,5.000000e-01,5.000000e-01,5.000000e-01,5.000000e-01,5.000000e-01,5.000000e-01,5.000000e-01,5.000000e-01,0.000000e+00,0.000000e+00,3.004383e-11,1.154600e-08,0.000000e+00,0.000000e+00,0.000000e+00,0.000000e+00,0.000000e+00,0.000000e+00,0.000000e+00,0.000000e+00,0.000000e+00,0.000000e+00,0.000000e+00,0.000000e+00,0.000000e+00,0.000000e+00,0.000000e+00,0.000000e+00,0.000000e+00,0.000000e+00,0.000000e+00,0.000000e+00,0.000000e+00,0.000000e+00,0.000000e+00,0.000000e+00
1.190000e+02,-1,5.000000e-01,5.000000e-01,5.000000e-01,5.000000e-01,5.000000e-01,5.000000e-01,5.000000e-01,5.000000e-01,5.000000e-01,5.000000e-01,5.000000e-01,5.000000e-01,5.000000e-01,5.000000e-01,5.000000e-01,5.000000e-01,5.000000e-01,5.000000e-01,5.000000e-01,5.000000e-01,5.000000e-01,5.000000e-01,5.000000e-01,5.000000e-01,5.000000e-01,5.000000e-01,5.000000e-01,5.000000e-01,0.000000e+00,0.000000e+00,0.000000e+00,0.000000e+00,0.000000e+00,0.000000e+00,0.000000e+00,0.000000e+00,0.000000e+00,0.000000e+00,0.000000e+00,0.000000e+00,0.000000e+00,0.000000e+00,0.000000e+00,0.000000e+00,0.000000e+00,0.000000e+00,0.000000e+00,0.000000e+00,0.000000e+00,0.000000e+00,0.000000e+00,0.000000e+00,0.000000e+00,0.000000e+00,0.000000e+00,0.000000e+00
1.191000e+02,10,5.000000e-01,5.000000e-01,5.000000e-01,5.000000e-01,5.000000e-01,5.000000e-01,5.000000e-01,5.000000e-01,5.000000e-01,5.000000e-01,8.115099e-03,5.000000e-01,5.000000e-01,5.000000e-01,5.000000e-01,5.000000e-01,5.000000e-01,5.000000e-01,5.000000e-01,5.000000e-01,5.000000e-01,5.000000e-01,5.000000e-01,5.000000e-01,5.000000e-01,5.000000e-01,5.000000e-01,5.000000e-01,0.000000e+00,0.000000e+00,0.000000e+00,0.000000e+00,0.000000e+00,0.000000e+00,0.000000e+00,0.000000e+00,0.000000e+00,0.000000e+00,4.427357e-04,0.000000e+00,0.000000e+00,0.000000e+00,0.000000e+00,0.000000e+00,0.000000e+00,0.000000e+00,0.000000e+00,0.000000e+00,0.000000e+00,0.000000e+00,0.000000e+00,0.000000e+00,0.000000e+00,0.000000e+00,0.000000e+00,0.000000e+00
1.192000e+02,3,5.000000e-01,5.000000e-01,5.000000e-01,3.251526e-04,5.000000e-01,5.000000e-01,5.000000e-01,5.000000e-01,5.000000e-01,5.000000e-01,5.000000e-01,5.000000e-01,5.000000e-01,5.000000e-01,5.000000e-01,5.000000e-01,5.000000e-01,5.000000e-01,5.000000e-01,5.000000e-01,5.000000e-01,5.000000e-01,5.000000e-01,5.000000e-01,5.000000e-01,5.000000e-01,5.000000e-01,5.000000e-01,0.000000e+00,0.000000e+00,0.000000e+00,2.312775e-01,0.000000e+00,0.000000e+00,0.000000e+00,0.000000e+00,0.000000e+00,0.000000e+00,0.000000e+00,0.000000e+00,0.000000e+00,0.000000e+00,0.000000e+00,0.000000e+00,0.000000e+00,0.000000e+00,0.000000e+00,0.000000e+00,0.000000e+00,0.000000e+00,0.000000e+00,0.000000e+00,0.000000e+00,0.000000e+00,0.000000e+00,0.000000e+00
1.193000e+02,3,5.000000e-01,5.000000e-01,1.169312e-02,3.294419e-06,5.000000e-01,5.000000e-01,5.000000e-01,5.000000e-01,5.000000e-01,5.000000e-01,5.000000e-01,5.000000e-01,5.000000e-01,5.000000e-01,5.000000e-01,5.000000e-01,5.000000e-01,5.000000e-01,5.000000e-01,5.000000e-01,5.000000e-01,5.000000e-01,5.000000e-01,5.000000e-01,5.000000e-01,5.000000e-01,5.000000e-01,5.000000e-01,0.000000e+00,0.000000e+00,2.457963e-05,2.992104e-01,0.000000e+00,0.000000e+00,0.000000e+00,0.000000e+00,0.000000e+00,0.000000e+00,0.000000e+00,0.000000e+00,0.000000e+00,0.000000e+00,0.000000e+00,0.000000e+00,0.000000e+00,0.000000e+00,0.000000e+00,0.000000e+00,0.000000e+00,0.000000e+00,0.000000e+00,0.000000e+00,0.000000e+00,0.000000e+00,0.000000e+00,0.000000e+00
1.194000e+02,2,5.000000e-01,5.000000e-01,2.412943e-14,3.845975e-02,5.000000e-01,5.000000e-01,5.000000e-01,5.000000e-01,5.000000e-01,5.000000e-01,5.000000e-01,5.000000e-01,5.000000e-01,5.000000e-01,5.000000e-01,5.000000e-01,5.000000e-01,5.000000e-01,5.000000e-01,5.000000e-01,5.000000e-01,5.000000e-01,5.000000e-01,5.000000e-01,5.000000e-01,5.000000e-01,5.000000e-01,5.000000e-01,0.000000e+00,0.000000e+00,3.000000e-01,7.094325e-15,0.000000e+00,0.000000e+00,0.000000e+00,0.000000e+00,0.000000e+00,0.000000e+00,0.000000e+00,0.000000e+00,0.000000e+00,0.000000e+00,0.000000e+00,0.000000e+00,0.000000e+00,0.000000e+00,0.000000e+00,0.000000e+00,0.000000e+00,0.000000e+00,0.000000e+00,0.000000e+00,0.000000e+00,0.000000e+00,0.000000e+00,0.000000e+00
1.195000e+02,2,5.000000e-01,5.000000e-01,3.287136e-07,9.519460e-03,5.000000e-01,5.000000e-01,5.000000e-01,5.000000e-01,5.000000e-01,5.000000e-01,5.000000e-01,5.000000e-01,5.000000e-01,5.000000e-01,5.000000e-01,5.000000e-01,5.000000e-01,5.000000e-01,5.000000e-01,5.000000e-01,5.000000e-01,5.000000e-01,5.000000e-01,5.000000e-01,5.000000e-01,5.000000e-01,5.000000e-01,5.000000e-01,0.000000e+00,0.000000e+00,2.999211e-01,1.425211e-04,0.000000e+00,0.000000e+00,0.000000e+00,0.000000e+00,0.000000e+00,0.000000e+00,0.000000e+00,0.000000e+00,0.000000e+00,0.000000e+00,0.000000e+00,0.000000e+00,0.000000e+00,0.000000e+00,0.000000e+00,0.000000e+00,0.000000e+00,0.000000e+00,0.000000e+00,0.000000e+00,0.000000e+00,0.000000e+00,0.000000e+00,0.000000e+00
1.196000e+02,3,5.000000e-01,5.000000e-01,5.000000e-01,6.441708e-08,5.000000e-01,5.000000e-01,5.000000e-01,5.000000e-01,5.000000e-01,5.000000e-01,5.000000e-01,5.000000e-01,5.000000e-01,5.000000e-01,5.000000e-01,5.000000e-01,5.000000e-01,5.000000e-01,5.000000e-01,5.000000e-01,5.000000e-01,5.000000e-01,5.000000e-01,5.000000e-01,5.000000e-01,5.000000e-01,5.000000e-01,5.000000e-01,0.000000e+00,0.000000e+00,0.000000e+00,2.999845e-01,0.000000e+00,0.000000e+00,0.000000e+00,0.000000e+00,0.000000e+00,0.000000e+00,0.000000e+00,0.000000e+00,0.000000e+00,0.000000e+00,0.000000e+00,0.000000e+00,0.000000e+00,0.000000e+00,0.000000e+00,0.000000e+00,0.000000e+00,0.000000e+00,0.000000e+00,0.000000e+00,0.000000e+00,0.000000e+00,0.000000e+00,0.000000e+00
1.197000e+02,3,5.000000e-01,5.000000e-01,5.000000e-01,2.261635e-03,5.000000e-01,5.000000e-01,5.000000e-01,5.000000e-01,5.000000e-01,5.000000e-01,5.000000e-01,5.000000e-01,5.000000e-01,5.000000e-01,5.000000e-01,5.000000e-01,5.000000e-01,5.000000e-01,5.000000e-01,5.000000e-01,5.000000e-01,5.000000e-01,5.000000e-01,5.000000e-01,5.000000e-01,5.000000e-01,5.000000e-01,5.000000e-01,0.000000e+00,0.000000e+00,0.000000e+00,4.902966e-02,0.000000e+00,0.000000e+00,0.000000e+00,0.000000e+00,0.000000e+00,0.000000e+00,0.000000e+00,0.000000e+00,0.000000e+00,0.000000e+00,0.000000e+00,0.000000e+00,0.000000e+00,0.000000e+00,0.000000e+00,0.000000e+00,0.000000e+00,0.000000e+00,0.000000e+00,0.000000e+00,0.000000e+00,0.000000e+00,0.000000e+00,0.000000e+00
1.198000e+02,10,5.000000e-01,5.000000e-01,5.000000e-01,5.000000e-01,5.000000e-01,5.000000e-01,5.000000e-01,5.000000e-01,5.000000e-01,5.000000e-01,4.766339e-07,5.000000e-01,5.000000e-01,5.000000e-01,5.000000e-01,5.000000e-01,5.000000e-01,5.000000e-01,5.000000e-01,5.000000e-01,5.000000e-01,5.000000e-01,5.000000e-01,5.000000e-01,5.000000e-01,5.000000e-01,5.000000e-01,5.000000e-01,0.000000e+00,0.000000e+00,0.000000e+00,0.000000e+00,0.000000e+00,0.000000e+00,0.000000e+00,0.000000e+00,0.000000e+00,0.000000e+00,2.998856e-01,0.000000e+00,0.000000e+00,0.000000e+00,0.000000e+00,0.000000e+00,0.000000e+00,0.000000e+00,0.000000e+00,0.000000e+00,0.000000e+00,0.000000e+00,0.000000e+00,0.000000e+00,0.000000e+00,0.000000e+00,0.000000e+00,0.000000e+00
1.199000e+02,10,5.000000e-01,5.000000e-01,5.000000e-01,5.000000e-01,5.000000e-01,5.000000e-01,5.000000e-01,5.000000e-01,5.000000e-01,5.000000e-01,1.534987e-04,5.000000e-01,5.000000e-01,5.000000e-01,5.000000e-01,5.000000e-01,5.000000e-01,5.000000e-01,5.000000e-01,5.000000e-01,5.000000e-01,5.000000e-01,5.000000e-01,5.000000e-01,5.000000e-01,5.000000e-01,5.000000e-01,5.000000e-01,0.000000e+00,0.000000e+00,0.000000e+00,0.000000e+00,0.000000e+00,0.000000e+00,0.000000e+00,0.000000e+00,0.000000e+00,0.000000e+00,2.653299e-01,0.000000e+00,0.000000e+00,0.000000e+00,0.000000e+00,0.000000e+00,0.000000e+00,0.000000e+00,0.000000e+00,0.000000e+00,0.000000e+00,0.000000e+00,0.000000e+00,0.000000e+00,0.000000e+00,0.000000e+00,0.000000e+00,0.000000e+00
