time_s,ue_x,ue_y,serving_AP,SNR_AP0_dB,SNR_AP1_dB,SNR_AP2_dB,SNR_AP3_dB,SNR_AP4_dB,SNR_AP5_dB
0.000000,5.000000,8.000000,-1,0.000000,0.000000,0.000000,0.000000,0.000000,0.000000
0.100000,4.997722,7.700009,-1,0.000000,0.000000,0.000000,0.000000,0.000000,0.000000
0.200000,4.995443,7.400017,-1,0.000000,0.000000,0.000000,0.000000,0.000000,0.000000
0.300000,4.993165,7.100026,-1,0.000000,0.000000,0.000000,0.000000,0.000000,0.000000
0.400000,4.990886,6.800035,-1,0.000000,0.000000,0.000000,0.000000,0.000000,0.000000
0.500000,4.988608,6.500043,-1,0.000000,0.000000,0.000000,0.000000,0.000000,0.000000
0.600000,4.721012,6.635661,-1,0.000000,0.000000,0.000000,0.000000,0.000000,0.000000
0.700000,4.453415,6.771279,-1,0.000000,0.000000,0.000000,0.000000,0.000000,0.000000
0.800000,4.185819,6.906897,-1,0.000000,0.000000,0.000000,0.000000,0.000000,0.000000
0.900000,3.918223,7.042515,-1,0.000000,0.000000,0.000000,0.000000,0.000000,0.000000
1.000000,3.650626,7.178133,-1,0.000000,0.000000,0.000000,0.000000,0.000000,0.000000
1.100000,3.457686,6.948407,-1,0.000000,0.000000,0.000000,0.000000,0.000000,0.000000
1.200000,3.264745,6.718681,-1,0.000000,0.000000,0.000000,0.000000,0.000000,0.000000
1.300000,3.071804,6.488956,-1,0.000000,0.000000,0.000000,0.000000,0.000000,0.000000
1.400000,2.878864,6.259230,-1,0.000000,0.000000,0.000000,0.000000,0.000000,0.000000
1.500000,2.685923,6.029504,-1,0.000000,0.000000,0.000000,0.000000,0.000000,0.000000
1.600000,2.656108,5.730990,-1,0.000000,0.000000,0.000000,0.000000,0.000000,0.000000
1.700000,2.626292,5.432475,-1,0.000000,0.000000,0.000000,0.000000,0.000000,0.000000
1.800000,2.596477,5.133960,-1,0.000000,0.000000,0.000000,0.000000,0.000000,0.000000
1.900000,2.566662,4.835445,-1,0.000000,0.000000,0.000000,0.000000,0.000000,0.000000
2.000000,2.536847,4.536931,-1,0.000000,0.000000,0.000000,0.000000,0.000000,0.000000
2.100000,2.835243,4.505951,-1,0.000000,0.000000,0.000000,0.000000,0.000000,0.000000
2.200000,3.133639,4.474971,-1,0.000000,0.000000,0.000000,0.000000,0.000000,0.000000
2.300000,3.432035,4.443991,-1,0.000000,0.000000,0.000000,0.000000,0.000000,0.000000
2.400000,3.730431,4.413011,-1,0.000000,0.000000,0.000000,0.000000,0.000000,0.000000
2.500000,4.028827,4.382031,-1,0.000000,0.000000,0.000000,0.000000,0.000000,0.000000
2.600000,3.884157,4.644844,-1,0.000000,0.000000,0.000000,0.000000,0.000000,0.000000
2.700000,3.739487,4.907657,-1,0.000000,0.000000,0.000000,0.000000,0.000000,0.000000
2.800000,3.594817,5.170469,-1,0.000000,0.000000,0.000000,0.000000,0.000000,0.000000
2.900000,3.450147,5.433282,-1,0.000000,0.000000,0.000000,0.000000,0.000000,0.000000
3.000000,3.305477,5.696095,-1,0.000000,0.000000,0.000000,0.000000,0.000000,0.000000
3.100000,3.027184,5.584055,-1,0.000000,0.000000,0.000000,0.000000,0.000000,0.000000
3.200000,2.748890,5.472016,-1,0.000000,0.000000,0.000000,0.000000,0.000000,0.000000
3.300000,2.470597,5.359976,-1,0.000000,0.000000,0.000000,0.000000,0.000000,0.000000
3.400000,2.192304,5.247936,-1,0.000000,0.000000,0.000000,0.000000,0.000000,0.000000
3.500000,1.914011,5.135896,-1,0.000000,0.000000,0.000000,0.000000,0.000000,0.000000
3.600000,2.155985,4.958559,-1,0.000000,0.000000,0.000000,0.000000,0.000000,0.000000
3.700000,2.397959,4.781222,-1,0.000000,0.000000,0.000000,0.000000,0.000000,0.000000
3.800000,2.639933,4.603884,-1,0.000000,0.000000,0.000000,0.000000,0.000000,0.000000
3.900000,2.881907,4.426547,-1,0.000000,0.000000,0.000000,0.000000,0.000000,0.000000
4.000000,3.123881,4.249210,-1,0.000000,0.000000,0.000000,0.000000,0.000000,0.000000
4.100000,2.979470,3.986255,-1,0.000000,0.000000,0.000000,0.000000,0.000000,0.000000
4.200000,2.835058,3.723300,-1,0.000000,0.000000,0.000000,0.000000,0.000000,0.000000
4.300000,2.690646,3.460345,0,18.610495,0.000000,0.000000,0.000000,0.000000,0.000000
4.400000,2.546234,3.197390,0,21.507839,0.000000,0.000000,0.000000,0.000000,0.000000
4.500000,2.401822,2.934435,0,23.171666,0.000000,0.000000,0.000000,0.000000,0.000000
4.600000,2.413617,3.234203,0,21.145090,0.000000,0.000000,0.000000,0.000000,0.000000
4.700000,2.425411,3.533971,0,17.959381,0.000000,0.000000,0.000000,0.000000,0.000000
4.800000,2.437205,3.833740,-1,0.000000,0.000000,0.000000,0.000000,0.000000,0.000000
4.900000,2.448999,4.133508,-1,0.000000,0.000000,0.000000,0.000000,0.000000,0.000000
5.000000,2.460794,4.433276,-1,0.000000,0.000000,0.000000,0.000000,0.000000,0.000000
5.100000,2.679011,4.227409,-1,0.000000,0.000000,0.000000,0.000000,0.000000,0.000000
5.200000,2.897228,4.021542,-1,0.000000,0.000000,0.000000,0.000000,0.000000,0.000000
5.300000,3.115446,3.815675,-1,0.000000,0.000000,0.000000,0.000000,0.000000,0.000000
5.400000,3.333663,3.609808,-1,0.000000,0.000000,0.000000,0.000000,0.000000,0.000000
5.500000,3.551880,3.403941,-1,0.000000,0.000000,0.000000,0.000000,0.000000,0.000000
5.600000,3.650688,3.687202,-1,0.000000,0.000000,0.000000,0.000000,0.000000,0.000000
5.700000,3.749496,3.970464,-1,0.000000,0.000000,0.000000,0.000000,0.000000,0.000000
5.800000,3.848303,4.253725,-1,0.000000,0.000000,0.000000,0.000000,0.000000,0.000000
5.900000,3.947111,4.536987,-1,0.000000,0.000000,0.000000,0.000000,0.000000,0.000000
6.000000,4.045919,4.820248,-1,0.000000,0.000000,0.000000,0.000000,0.000000,0.000000
6.100000,3.877867,5.068760,-1,0.000000,0.000000,0.000000,0.000000,0.000000,0.000000
6.200000,3.709814,5.317273,-1,0.000000,0.000000,0.000000,0.000000,0.000000,0.000000
6.300000,3.541762,5.565785,-1,0.000000,0.000000,0.000000,0.000000,0.000000,0.000000
6.400000,3.373709,5.814298,-1,0.000000,0.000000,0.000000,0.000000,0.000000,0.000000
6.500000,3.205657,6.062810,-1,0.000000,0.000000,0.000000,0.000000,0.000000,0.000000
6.600000,3.486722,5.957916,-1,0.000000,0.000000,0.000000,0.000000,0.000000,0.000000
6.700000,3.767786,5.853022,-1,0.000000,0.000000,0.000000,0.000000,0.000000,0.000000
6.800000,4.048850,5.748128,-1,0.000000,0.000000,0.000000,0.000000,0.000000,0.000000
6.900000,4.329915,5.643234,-1,0.000000,0.000000,0.000000,0.000000,0.000000,0.000000
7.000000,4.610979,5.538339,-1,0.000000,0.000000,0.000000,0.000000,0.000000,0.000000
7.100000,4.868470,5.384395,-1,0.000000,0.000000,0.000000,0.000000,0.000000,0.000000
7.200000,5.125960,5.230451,-1,0.000000,0.000000,0.000000,0.000000,0.000000,0.000000
7.300000,5.383450,5.076507,-1,0.000000,0.000000,0.000000,0.000000,0.000000,0.000000
7.400000,5.640940,4.922563,-1,0.000000,0.000000,0.000000,0.000000,0.000000,0.000000
7.500000,5.898431,4.768620,-1,0.000000,0.000000,0.000000,0.000000,0.000000,0.000000
7.600000,6.126704,4.963277,-1,0.000000,0.000000,0.000000,0.000000,0.000000,0.000000
7.700000,6.354977,5.157934,-1,0.000000,0.000000,0.000000,0.000000,0.000000,0.000000
7.800000,6.583250,5.352591,-1,0.000000,0.000000,0.000000,0.000000,0.000000,0.000000
7.900000,6.811523,5.547249,-1,0.000000,0.000000,0.000000,0.000000,0.000000,0.000000
8.000000,7.039796,5.741906,-1,0.000000,0.000000,0.000000,0.000000,0.000000,0.000000
8.100000,6.814659,5.543630,-1,0.000000,0.000000,0.000000,0.000000,0.000000,0.000000
8.200000,6.589522,5.345354,-1,0.000000,0.000000,0.000000,0.000000,0.000000,0.000000
8.300000,6.364385,5.147078,-1,0.000000,0.000000,0.000000,0.000000,0.000000,0.000000
8.400000,6.139248,4.948802,-1,0.000000,0.000000,0.000000,0.000000,0.000000,0.000000
8.500000,5.914111,4.750526,-1,0.000000,0.000000,0.000000,0.000000,0.000000,0.000000
8.600000,6.202384,4.833586,-1,0.000000,0.000000,0.000000,0.000000,0.000000,0.000000
8.700000,6.490656,4.916646,-1,0.000000,0.000000,0.000000,0.000000,0.000000,0.000000
8.800000,6.778929,4.999706,-1,0.000000,0.000000,0.000000,0.000000,0.000000,0.000000
8.900000,7.067201,5.082766,-1,0.000000,0.000000,0.000000,0.000000,0.000000,0.000000
9.000000,7.355474,5.165826,-1,0.000000,0.000000,0.000000,0.000000,0.000000,0.000000
9.100000,7.648200,5.100165,-1,0.000000,0.000000,0.000000,0.000000,0.000000,0.000000
9.200000,7.940926,5.034504,-1,0.000000,0.000000,0.000000,0.000000,0.000000,0.000000
9.300000,8.233652,4.968842,-1,0.000000,0.000000,0.000000,0.000000,0.000000,0.000000
9.400000,8.526378,4.903181,-1,0.000000,0.000000,0.000000,0.000000,0.000000,0.000000
9.500000,8.819104,4.837519,-1,0.000000,0.000000,0.000000,0.000000,0.000000,0.000000
9.600000,8.544731,4.716196,-1,0.000000,0.000000,0.000000,0.000000,0.000000,0.000000
9.700000,8.270358,4.594872,-1,0.000000,0.000000,0.000000,0.000000,0.000000,0.000000
9.800000,7.995985,4.473548,-1,0.000000,0.000000,0.000000,0.000000,0.000000,0.000000
9.900000,7.721612,4.352224,-1,0.000000,0.000000,0.000000,0.000000,0.000000,0.000000
10.000000,7.447239,4.230901,-1,0.000000,0.000000,0.000000,0.000000,0.000000,0.000000
10.100000,7.742847,4.179756,-1,0.000000,0.000000,0.000000,0.000000,0.000000,0.000000
10.200000,8.038456,4.128612,-1,0.000000,0.000000,0.000000,0.000000,0.000000,0.000000
10.300000,8.334064,4.077468,-1,0.000000,0.000000,0.000000,0.000000,0.000000,0.000000
10.400000,8.629672,4.026323,-1,0.000000,0.000000,0.000000,0.000000,0.000000,0.000000
10.500000,8.925280,3.975179,-1,0.000000,0.000000,0.000000,0.000000,0.000000,0.000000
10.600000,8.890052,4.273103,-1,0.000000,0.000000,0.000000,0.000000,0.000000,0.000000
10.700000,8.854823,4.571028,-1,0.000000,0.000000,0.000000,0.000000,0.000000,0.000000
10.800000,8.819594,4.868952,-1,0.000000,0.000000,0.000000,0.000000,0.000000,0.000000
10.900000,8.784365,5.166876,-1,0.000000,0.000000,0.000000,0.000000,0.000000,0.000000
11.000000,8.749136,5.464801,-1,0.000000,0.000000,0.000000,0.000000,0.000000,0.000000
11.100000,8.543767,5.683487,-1,0.000000,0.000000,0.000000,0.000000,0.000000,0.000000
11.200000,8.338399,5.902174,-1,0.000000,0.000000,0.000000,0.000000,0.000000,0.000000
11.300000,8.133030,6.120860,-1,0.000000,0.000000,0.000000,0.000000,0.000000,0.000000
11.400000,7.927662,6.339546,-1,0.000000,0.000000,0.000000,0.000000,0.000000,0.000000
11.500000,7.722293,6.558233,-1,0.000000,0.000000,0.000000,0.000000,0.000000,0.000000
11.600000,7.675705,6.261872,-1,0.000000,0.000000,0.000000,0.000000,0.000000,0.000000
11.700000,7.629117,5.965512,-1,0.000000,0.000000,0.000000,0.000000,0.000000,0.000000
11.800000,7.582530,5.669151,-1,0.000000,0.000000,0.000000,0.000000,0.000000,0.000000
11.900000,7.535942,5.372791,-1,0.000000,0.000000,0.000000,0.000000,0.000000,0.000000
12.000000,7.489354,5.076430,-1,0.000000,0.000000,0.000000,0.000000,0.000000,0.000000
12.100000,7.363660,4.804031,-1,0.000000,0.000000,0.000000,0.000000,0.000000,0.000000
12.200000,7.237966,4.531633,-1,0.000000,0.000000,0.000000,0.000000,0.000000,0.000000
12.300000,7.112273,4.259234,-1,0.000000,0.000000,0.000000,0.000000,0.000000,0.000000
12.400000,6.986579,3.986835,-1,0.000000,0.000000,0.000000,0.000000,0.000000,0.000000
12.500000,6.860885,3.714436,-1,0.000000,0.000000,0.000000,0.000000,0.000000,0.000000
12.600000,6.602947,3.561244,-1,0.000000,0.000000,0.000000,0.000000,0.000000,0.000000
12.700000,6.345009,3.408052,-1,0.000000,0.000000,0.000000,0.000000,0.000000,0.000000
12.800000,6.087070,3.254860,-1,0.000000,0.000000,0.000000,0.000000,0.000000,0.000000
12.900000,5.829132,3.101668,-1,0.000000,0.000000,0.000000,0.000000,0.000000,0.000000
13.000000,5.571193,2.948476,-1,0.000000,0.000000,0.000000,0.000000,0.000000,0.000000
13.100000,5.695124,2.675271,-1,0.000000,0.000000,0.000000,0.000000,0.000000,0.000000
13.200000,5.819056,2.402066,-1,0.000000,0.000000,0.000000,0.000000,0.000000,0.000000
13.300000,5.942987,2.128861,-1,0.000000,0.000000,0.000000,0.000000,0.000000,0.000000
13.400000,6.066918,1.855655,-1,0.000000,0.000000,0.000000,0.000000,0.000000,0.000000
13.500000,6.190849,1.582450,-1,0.000000,0.000000,0.000000,0.000000,0.000000,0.000000
13.600000,6.111720,1.293074,-1,0.000000,0.000000,0.000000,0.000000,0.000000,0.000000
13.700000,6.032591,1.003698,-1,0.000000,0.000000,0.000000,0.000000,0.000000,0.000000
13.800000,5.953462,0.714321,-1,0.000000,0.000000,0.000000,0.000000,0.000000,0.000000
13.900000,5.874334,0.424945,-1,0.000000,0.000000,0.000000,0.000000,0.000000,0.000000
14.000000,5.795205,0.135569,-1,0.000000,0.000000,0.000000,0.000000,0.000000,0.000000
14.100000,6.033358,0.318005,-1,0.000000,0.000000,0.000000,0.000000,0.000000,0.000000
14.200000,6.271511,0.500442,-1,0.000000,0.000000,0.000000,0.000000,0.000000,0.000000
14.300000,6.509664,0.682879,-1,0.000000,0.000000,0.000000,0.000000,0.000000,0.000000
14.400000,6.747817,0.865315,-1,0.000000,0.000000,0.000000,0.000000,0.000000,0.000000
14.500000,6.985970,1.047752,-1,0.000000,0.000000,0.000000,0.000000,0.000000,0.000000
14.600000,7.262894,0.932369,-1,0.000000,0.000000,0.000000,0.000000,0.000000,0.000000
14.700000,7.539818,0.816987,-1,0.000000,0.000000,0.000000,0.000000,0.000000,0.000000
14.800000,7.816742,0.701604,-1,0.000000,0.000000,0.000000,0.000000,0.000000,0.000000
14.900000,8.093666,0.586221,-1,0.000000,0.000000,0.000000,0.000000,0.000000,0.000000
15.000000,8.370590,0.470839,-1,0.000000,0.000000,0.000000,0.000000,0.000000,0.000000
15.100000,8.557007,0.705888,-1,0.000000,0.000000,0.000000,0.000000,0.000000,0.000000
15.200000,8.743425,0.940938,-1,0.000000,0.000000,0.000000,0.000000,0.000000,0.000000
15.300000,8.929843,1.175988,-1,0.000000,0.000000,0.000000,0.000000,0.000000,0.000000
15.400000,9.116261,1.411038,-1,0.000000,0.000000,0.000000,0.000000,0.000000,0.000000
15.500000,9.302679,1.646087,-1,0.000000,0.000000,0.000000,0.000000,0.000000,0.000000
15.600000,9.602535,1.655359,-1,0.000000,0.000000,0.000000,0.000000,0.000000,0.000000
15.700000,9.902392,1.664631,-1,0.000000,0.000000,0.000000,0.000000,0.000000,0.000000
15.800000,9.797751,1.673903,-1,0.000000,0.000000,0.000000,0.000000,0.000000,0.000000
15.900000,9.497894,1.683175,-1,0.000000,0.000000,0.000000,0.000000,0.000000,0.000000
16.000000,9.198038,1.692446,-1,0.000000,0.000000,0.000000,0.000000,0.000000,0.000000
16.100000,9.104777,1.977582,-1,0.000000,0.000000,0.000000,0.000000,0.000000,0.000000
16.200000,9.011516,2.262718,-1,0.000000,0.000000,0.000000,0.000000,0.000000,0.000000
16.300000,8.918256,2.547854,-1,0.000000,0.000000,0.000000,0.000000,0.000000,0.000000
16.400000,8.824995,2.832990,-1,0.000000,0.000000,0.000000,0.000000,0.000000,0.000000
16.500000,8.731734,3.118126,-1,0.000000,0.000000,0.000000,0.000000,0.000000,0.000000
16.600000,8.854229,2.844273,-1,0.000000,0.000000,0.000000,0.000000,0.000000,0.000000
16.700000,8.976723,2.570421,-1,0.000000,0.000000,0.000000,0.000000,0.000000,0.000000
16.800000,9.099218,2.296569,-1,0.000000,0.000000,0.000000,0.000000,0.000000,0.000000
16.900000,9.221712,2.022716,-1,0.000000,0.000000,0.000000,0.000000,0.000000,0.000000
17.000000,9.344207,1.748864,-1,0.000000,0.000000,0.000000,0.000000,0.000000,0.000000
17.100000,9.410538,2.041439,-1,0.000000,0.000000,0.000000,0.000000,0.000000,0.000000
17.200000,9.476870,2.334014,-1,0.000000,0.000000,0.000000,0.000000,0.000000,0.000000
17.300000,9.543201,2.626589,-1,0.000000,0.000000,0.000000,0.000000,0.000000,0.000000
17.400000,9.609533,2.919164,-1,0.000000,0.000000,0.000000,0.000000,0.000000,0.000000
17.500000,9.675864,3.211739,-1,0.000000,0.000000,0.000000,0.000000,0.000000,0.000000
17.600000,9.689116,2.912032,-1,0.000000,0.000000,0.000000,0.000000,0.000000,0.000000
17.700000,9.702367,2.612325,-1,0.000000,0.000000,0.000000,0.000000,0.000000,0.000000
17.800000,9.715618,2.312617,-1,0.000000,0.000000,0.000000,0.000000,0.000000,0.000000
17.900000,9.728870,2.012910,-1,0.000000,0.000000,0.000000,0.000000,0.000000,0.000000
18.000000,9.742121,1.713203,-1,0.000000,0.000000,0.000000,0.000000,0.000000,0.000000
18.100000,9.904521,1.965446,-1,0.000000,0.000000,0.000000,0.000000,0.000000,0.000000
18.200000,9.933079,2.217688,-1,0.000000,0.000000,0.000000,0.000000,0.000000,0.000000
18.300000,9.770679,2.469930,-1,0.000000,0.000000,0.000000,0.000000,0.000000,0.000000
18.400000,9.608279,2.722173,-1,0.000000,0.000000,0.000000,0.000000,0.000000,0.000000
18.500000,9.445879,2.974415,-1,0.000000,0.000000,0.000000,0.000000,0.000000,0.000000
18.600000,9.290902,2.717546,-1,0.000000,0.000000,0.000000,0.000000,0.000000,0.000000
18.700000,9.135924,2.460676,-1,0.000000,0.000000,0.000000,0.000000,0.000000,0.000000
18.800000,8.980947,2.203806,-1,0.000000,0.000000,0.000000,0.000000,0.000000,0.000000
18.900000,8.825970,1.946937,-1,0.000000,0.000000,0.000000,0.000000,0.000000,0.000000
19.000000,8.670992,1.690067,-1,0.000000,0.000000,0.000000,0.000000,0.000000,0.000000
19.100000,8.826803,1.946432,-1,0.000000,0.000000,0.000000,0.000000,0.000000,0.000000
19.200000,8.982614,2.202797,-1,0.000000,0.000000,0.000000,0.000000,0.000000,0.000000
19.300000,9.138425,2.459162,-1,0.000000,0.000000,0.000000,0.000000,0.000000,0.000000
19.400000,9.294236,2.715526,-1,0.000000,0.000000,0.000000,0.000000,0.000000,0.000000
19.500000,9.450048,2.971891,-1,0.000000,0.000000,0.000000,0.000000,0.000000,0.000000
19.600000,9.684123,2.784252,-1,0.000000,0.000000,0.000000,0.000000,0.000000,0.000000
19.700000,9.918199,2.596612,-1,0.000000,0.000000,0.000000,0.000000,0.000000,0.000000
19.800000,9.847726,2.408972,-1,0.000000,0.000000,0.000000,0.000000,0.000000,0.000000
19.900000,9.613650,2.221333,-1,0.000000,0.000000,0.000000,0.000000,0.000000,0.000000
20.000000,9.379574,2.033693,-1,0.000000,0.000000,0.000000,0.000000,0.000000,0.000000
20.100000,9.395782,1.734131,-1,0.000000,0.000000,0.000000,0.000000,0.000000,0.000000
20.200000,9.411989,1.434570,-1,0.000000,0.000000,0.000000,0.000000,0.000000,0.000000
20.300000,9.428196,1.135008,-1,0.000000,0.000000,0.000000,0.000000,0.000000,0.000000
20.400000,9.444403,0.835446,-1,0.000000,0.000000,0.000000,0.000000,0.000000,0.000000
20.500000,9.460610,0.535884,-1,0.000000,0.000000,0.000000,0.000000,0.000000,0.000000
20.600000,9.197820,0.680595,-1,0.000000,0.000000,0.000000,0.000000,0.000000,0.000000
20.700000,8.935030,0.825306,-1,0.000000,0.000000,0.000000,0.000000,0.000000,0.000000
20.800000,8.672240,0.970017,-1,0.000000,0.000000,0.000000,0.000000,0.000000,0.000000
20.900000,8.409450,1.114729,-1,0.000000,0.000000,0.000000,0.000000,0.000000,0.000000
21.000000,8.146659,1.259440,-1,0.000000,0.000000,0.000000,0.000000,0.000000,0.000000
21.100000,8.440332,1.198151,-1,0.000000,0.000000,0.000000,0.000000,0.000000,0.000000
21.200000,8.734005,1.136862,-1,0.000000,0.000000,0.000000,0.000000,0.000000,0.000000
21.300000,9.027678,1.075573,-1,0.000000,0.000000,0.000000,0.000000,0.000000,0.000000
21.400000,9.321350,1.014284,-1,0.000000,0.000000,0.000000,0.000000,0.000000,0.000000
21.500000,9.615023,0.952996,-1,0.000000,0.000000,0.000000,0.000000,0.000000,0.000000
21.600000,9.903404,1.035678,-1,0.000000,0.000000,0.000000,0.000000,0.000000,0.000000
21.700000,9.808215,1.118360,-1,0.000000,0.000000,0.000000,0.000000,0.000000,0.000000
21.800000,9.519833,1.201042,-1,0.000000,0.000000,0.000000,0.000000,0.000000,0.000000
21.900000,9.231452,1.283724,-1,0.000000,0.000000,0.000000,0.000000,0.000000,0.000000
22.000000,8.943071,1.366406,-1,0.000000,0.000000,0.000000,0.000000,0.000000,0.000000
22.100000,8.695050,1.535182,-1,0.000000,0.000000,0.000000,0.000000,0.000000,0.000000
22.200000,8.447028,1.703958,-1,0.000000,0.000000,0.000000,0.000000,0.000000,0.000000
22.300000,8.199007,1.872734,-1,0.000000,0.000000,0.000000,0.000000,0.000000,0.000000
22.400000,7.950985,2.041510,1,0.000000,19.134063,0.000000,0.000000,0.000000,0.000000
22.500000,7.702964,2.210286,1,0.000000,21.783095,0.000000,0.000000,0.000000,0.000000
22.600000,7.441259,2.356950,1,0.000000,23.019390,0.000000,0.000000,0.000000,0.000000
22.700000,7.179553,2.503614,1,0.000000,22.768774,0.000000,0.000000,0.000000,0.000000
22.800000,6.917848,2.650278,1,0.000000,21.069497,0.000000,0.000000,0.000000,0.000000
22.900000,6.656143,2.796942,1,0.000000,18.162072,0.000000,0.000000,0.000000,0.000000
23.000000,6.394437,2.943606,-1,0.000000,0.000000,0.000000,0.000000,0.000000,0.000000
23.100000,6.665953,3.071197,1,0.000000,17.254400,0.000000,0.000000,0.000000,0.000000
23.200000,6.937468,3.198789,1,0.000000,19.094580,0.000000,0.000000,0.000000,0.000000
23.300000,7.208983,3.326380,1,0.000000,19.684262,0.000000,0.000000,0.000000,0.000000
23.400000,7.480498,3.453971,1,0.000000,18.943889,0.000000,0.000000,0.000000,0.000000
23.500000,7.752013,3.581562,1,0.000000,16.972767,0.000000,0.000000,0.000000,0.000000
23.600000,7.916236,3.330503,1,0.000000,18.989796,0.000000,0.000000,0.000000,0.000000
23.700000,8.080459,3.079444,1,0.000000,19.778606,0.000000,0.000000,0.000000,0.000000
23.800000,8.244683,2.828385,1,0.000000,19.233268,0.000000,0.000000,0.000000,0.000000
23.900000,8.408906,2.577325,1,0.000000,17.427711,0.000000,0.000000,0.000000,0.000000
24.000000,8.573129,2.326266,-1,0.000000,0.000000,0.000000,0.000000,0.000000,0.000000
24.100000,8.858224,2.419652,-1,0.000000,0.000000,0.000000,0.000000,0.000000,0.000000
24.200000,9.143319,2.513038,-1,0.000000,0.000000,0.000000,0.000000,0.000000,0.000000
24.300000,9.428413,2.606424,-1,0.000000,0.000000,0.000000,0.000000,0.000000,0.000000
24.400000,9.713508,2.699810,-1,0.000000,0.000000,0.000000,0.000000,0.000000,0.000000
24.500000,9.998603,2.793196,-1,0.000000,0.000000,0.000000,0.000000,0.000000,0.000000
24.600000,9.778480,2.993964,-1,0.000000,0.000000,0.000000,0.000000,0.000000,0.000000
24.700000,9.555563,3.194733,-1,0.000000,0.000000,0.000000,0.000000,0.000000,0.000000
24.800000,9.332647,3.395502,-1,0.000000,0.000000,0.000000,0.000000,0.000000,0.000000
24.900000,9.109730,3.596271,-1,0.000000,0.000000,0.000000,0.000000,0.000000,0.000000
25.000000,8.886813,3.797040,-1,0.000000,0.000000,0.000000,0.000000,0.000000,0.000000
25.100000,8.878076,3.497167,-1,0.000000,0.000000,0.000000,0.000000,0.000000,0.000000
25.200000,8.869339,3.197294,-1,0.000000,0.000000,0.000000,0.000000,0.000000,0.000000
25.300000,8.860602,2.897421,-1,0.000000,0.000000,0.000000,0.000000,0.000000,0.000000
25.400000,8.851865,2.597549,-1,0.000000,0.000000,0.000000,0.000000,0.000000,0.000000
25.500000,8.843128,2.297676,-1,0.000000,0.000000,0.000000,0.000000,0.000000,0.000000
25.600000,8.989373,2.559616,-1,0.000000,0.000000,0.000000,0.000000,0.000000,0.000000
25.700000,9.135618,2.821555,-1,0.000000,0.000000,0.000000,0.000000,0.000000,0.000000
25.800000,9.281863,3.083495,-1,0.000000,0.000000,0.000000,0.000000,0.000000,0.000000
25.900000,9.428108,3.345435,-1,0.000000,0.000000,0.000000,0.000000,0.000000,0.000000
26.000000,9.574352,3.607374,-1,0.000000,0.000000,0.000000,0.000000,0.000000,0.000000
26.100000,9.870394,3.558798,-1,0.000000,0.000000,0.000000,0.000000,0.000000,0.000000
26.200000,9.833565,3.510222,-1,0.000000,0.000000,0.000000,0.000000,0.000000,0.000000
26.300000,9.537524,3.461646,-1,0.000000,0.000000,0.000000,0.000000,0.000000,0.000000
26.400000,9.241483,3.413069,-1,0.000000,0.000000,0.000000,0.000000,0.000000,0.000000
26.500000,8.945442,3.364493,-1,0.000000,0.000000,0.000000,0.000000,0.000000,0.000000
26.600000,8.774245,3.118136,-1,0.000000,0.000000,0.000000,0.000000,0.000000,0.000000
26.700000,8.603048,2.871779,-1,0.000000,0.000000,0.000000,0.000000,0.000000,0.000000
26.800000,8.431852,2.625422,1,0.000000,17.180631,0.000000,0.000000,0.000000,0.000000
26.900000,8.260655,2.379066,1,0.000000,18.646227,0.000000,0.000000,0.000000,0.000000
27.000000,8.089458,2.132709,1,0.000000,18.854122,0.000000,0.000000,0.000000,0.000000
27.100000,8.195115,1.851930,-1,0.000000,0.000000,0.000000,0.000000,0.000000,0.000000
27.200000,8.300772,1.571151,-1,0.000000,0.000000,0.000000,0.000000,0.000000,0.000000
27.300000,8.406429,1.290373,-1,0.000000,0.000000,0.000000,0.000000,0.000000,0.000000
27.400000,8.512085,1.009594,-1,0.000000,0.000000,0.000000,0.000000,0.000000,0.000000
27.500000,8.617742,0.728816,-1,0.000000,0.000000,0.000000,0.000000,0.000000,0.000000
27.600000,8.474790,0.992567,-1,0.000000,0.000000,0.000000,0.000000,0.000000,0.000000
27.700000,8.331838,1.256318,-1,0.000000,0.000000,0.000000,0.000000,0.000000,0.000000
27.800000,8.188886,1.520069,-1,0.000000,0.000000,0.000000,0.000000,0.000000,0.000000
27.900000,8.045934,1.783820,-1,0.000000,0.000000,0.000000,0.000000,0.000000,0.000000
28.000000,7.902982,2.047572,1,0.000000,19.492272,0.000000,0.000000,0.000000,0.000000
28.100000,7.679587,2.247809,1,0.000000,22.121819,0.000000,0.000000,0.000000,0.000000
28.200000,7.456192,2.448046,1,0.000000,23.440675,0.000000,0.000000,0.000000,0.000000
28.300000,7.232798,2.648283,1,0.000000,23.253088,0.000000,0.000000,0.000000,0.000000
28.400000,7.009403,2.848519,1,0.000000,21.588142,0.000000,0.000000,0.000000,0.000000
28.500000,6.786009,3.048756,1,0.000000,18.686141,0.000000,0.000000,0.000000,0.000000
28.600000,6.670688,3.325706,-1,0.000000,0.000000,0.000000,0.000000,0.000000,0.000000
28.700000,6.555368,3.602656,-1,0.000000,0.000000,0.000000,0.000000,0.000000,0.000000
28.800000,6.440047,3.879606,-1,0.000000,0.000000,0.000000,0.000000,0.000000,0.000000
28.900000,6.324727,4.156556,-1,0.000000,0.000000,0.000000,0.000000,0.000000,0.000000
29.000000,6.209406,4.433505,-1,0.000000,0.000000,0.000000,0.000000,0.000000,0.000000
29.100000,6.077649,4.163987,-1,0.000000,0.000000,0.000000,0.000000,0.000000,0.000000
29.200000,5.945891,3.894469,-1,0.000000,0.000000,0.000000,0.000000,0.000000,0.000000
29.300000,5.814134,3.624951,-1,0.000000,0.000000,0.000000,0.000000,0.000000,0.000000
29.400000,5.682376,3.355433,-1,0.000000,0.000000,0.000000,0.000000,0.000000,0.000000
29.500000,5.550619,3.085915,-1,0.000000,0.000000,0.000000,0.000000,0.000000,0.000000
29.600000,5.782937,3.275727,-1,0.000000,0.000000,0.000000,0.000000,0.000000,0.000000
29.700000,6.015255,3.465538,-1,0.000000,0.000000,0.000000,0.000000,0.000000,0.000000
29.800000,6.247573,3.655349,-1,0.000000,0.000000,0.000000,0.000000,0.000000,0.000000
29.900000,6.479891,3.845160,-1,0.000000,0.000000,0.000000,0.000000,0.000000,0.000000
30.000000,6.712209,4.034972,-1,0.000000,0.000000,0.000000,0.000000,0.000000,0.000000
30.100000,6.412945,4.013975,-1,0.000000,0.000000,0.000000,0.000000,0.000000,0.000000
30.200000,6.113680,3.992979,-1,0.000000,0.000000,0.000000,0.000000,0.000000,0.000000
30.300000,5.814416,3.971983,-1,0.000000,0.000000,0.000000,0.000000,0.000000,0.000000
30.400000,5.515152,3.950987,-1,0.000000,0.000000,0.000000,0.000000,0.000000,0.000000
30.500000,5.215887,3.929991,-1,0.000000,0.000000,0.000000,0.000000,0.000000,0.000000
30.600000,4.970377,3.757582,-1,0.000000,0.000000,0.000000,0.000000,0.000000,0.000000
30.700000,4.724867,3.585174,-1,0.000000,0.000000,0.000000,0.000000,0.000000,0.000000
30.800000,4.479356,3.412765,-1,0.000000,0.000000,0.000000,0.000000,0.000000,0.000000
30.900000,4.233846,3.240357,-1,0.000000,0.000000,0.000000,0.000000,0.000000,0.000000
31.000000,3.988335,3.067949,-1,0.000000,0.000000,0.000000,0.000000,0.000000,0.000000
31.100000,4.237392,3.235194,-1,0.000000,0.000000,0.000000,0.000000,0.000000,0.000000
31.200000,4.486448,3.402439,-1,0.000000,0.000000,0.000000,0.000000,0.000000,0.000000
31.300000,4.735504,3.569685,-1,0.000000,0.000000,0.000000,0.000000,0.000000,0.000000
31.400000,4.984560,3.736930,-1,0.000000,0.000000,0.000000,0.000000,0.000000,0.000000
31.500000,5.233616,3.904176,-1,0.000000,0.000000,0.000000,0.000000,0.000000,0.000000
31.600000,5.196000,4.201808,-1,0.000000,0.000000,0.000000,0.000000,0.000000,0.000000
31.700000,5.158383,4.499440,-1,0.000000,0.000000,0.000000,0.000000,0.000000,0.000000
31.800000,5.120766,4.797073,-1,0.000000,0.000000,0.000000,0.000000,0.000000,0.000000
31.900000,5.083150,5.094705,-1,0.000000,0.000000,0.000000,0.000000,0.000000,0.000000
32.000000,5.045533,5.392337,-1,0.000000,0.000000,0.000000,0.000000,0.000000,0.000000
32.100000,5.277275,5.582851,-1,0.000000,0.000000,0.000000,0.000000,0.000000,0.000000
32.200000,5.509017,5.773366,-1,0.000000,0.000000,0.000000,0.000000,0.000000,0.000000
32.300000,5.740759,5.963880,-1,0.000000,0.000000,0.000000,0.000000,0.000000,0.000000
32.400000,5.972501,6.154394,-1,0.000000,0.000000,0.000000,0.000000,0.000000,0.000000
32.500000,6.204243,6.344908,-1,0.000000,0.000000,0.000000,0.000000,0.000000,0.000000
32.600000,6.227295,6.045795,-1,0.000000,0.000000,0.000000,0.000000,0.000000,0.000000
32.700000,6.250347,5.746682,-1,0.000000,0.000000,0.000000,0.000000,0.000000,0.000000
32.800000,6.273398,5.447569,-1,0.000000,0.000000,0.000000,0.000000,0.000000,0.000000
32.900000,6.296450,5.148456,-1,0.000000,0.000000,0.000000,0.000000,0.000000,0.000000
33.000000,6.319502,4.849343,-1,0.000000,0.000000,0.000000,0.000000,0.000000,0.000000
33.100000,6.363756,5.146061,-1,0.000000,0.000000,0.000000,0.000000,0.000000,0.000000
33.200000,6.408011,5.442779,-1,0.000000,0.000000,0.000000,0.000000,0.000000,0.000000
33.300000,6.452265,5.739497,-1,0.000000,0.000000,0.000000,0.000000,0.000000,0.000000
33.400000,6.496520,6.036215,-1,0.000000,0.000000,0.000000,0.000000,0.000000,0.000000
33.500000,6.540774,6.332933,-1,0.000000,0.000000,0.000000,0.000000,0.000000,0.000000
33.600000,6.291210,6.499419,-1,0.000000,0.000000,0.000000,0.000000,0.000000,0.000000
33.700000,6.041646,6.665905,-1,0.000000,0.000000,0.000000,0.000000,0.000000,0.000000
33.800000,5.792081,6.832391,-1,0.000000,0.000000,0.000000,0.000000,0.000000,0.000000
33.900000,5.542517,6.998878,-1,0.000000,0.000000,0.000000,0.000000,0.000000,0.000000
34.000000,5.292953,7.165364,-1,0.000000,0.000000,0.000000,0.000000,0.000000,0.000000
34.100000,5.476814,6.928309,-1,0.000000,0.000000,0.000000,0.000000,0.000000,0.000000
34.200000,5.660676,6.691254,-1,0.000000,0.000000,0.000000,0.000000,0.000000,0.000000
34.300000,5.844537,6.454200,-1,0.000000,0.000000,0.000000,0.000000,0.000000,0.000000
34.400000,6.028399,6.217145,-1,0.000000,0.000000,0.000000,0.000000,0.000000,0.000000
34.500000,6.212260,5.980090,-1,0.000000,0.000000,0.000000,0.000000,0.000000,0.000000
34.600000,6.506056,5.919392,-1,0.000000,0.000000,0.000000,0.000000,0.000000,0.000000
34.700000,6.799851,5.858694,-1,0.000000,0.000000,0.000000,0.000000,0.000000,0.000000
34.800000,7.093646,5.797995,-1,0.000000,0.000000,0.000000,0.000000,0.000000,0.000000
34.900000,7.387442,5.737297,-1,0.000000,0.000000,0.000000,0.000000,0.000000,0.000000
35.000000,7.681237,5.676599,-1,0.000000,0.000000,0.000000,0.000000,0.000000,0.000000
35.100000,7.381315,5.683422,-1,0.000000,0.000000,0.000000,0.000000,0.000000,0.000000
35.200000,7.081392,5.690245,-1,0.000000,0.000000,0.000000,0.000000,0.000000,0.000000
35.300000,6.781470,5.697069,-1,0.000000,0.000000,0.000000,0.000000,0.000000,0.000000
35.400000,6.481548,5.703892,-1,0.000000,0.000000,0.000000,0.000000,0.000000,0.000000
35.500000,6.181625,5.710715,-1,0.000000,0.000000,0.000000,0.000000,0.000000,0.000000
35.600000,6.411543,5.903427,-1,0.000000,0.000000,0.000000,0.000000,0.000000,0.000000
35.700000,6.641460,6.096140,-1,0.000000,0.000000,0.000000,0.000000,0.000000,0.000000
35.800000,6.871377,6.288852,-1,0.000000,0.000000,0.000000,0.000000,0.000000,0.000000
35.900000,7.101295,6.481564,-1,0.000000,0.000000,0.000000,0.000000,0.000000,0.000000
36.000000,7.331212,6.674276,-1,0.000000,0.000000,0.000000,0.000000,0.000000,0.000000
36.100000,7.478415,6.935679,-1,0.000000,0.000000,0.000000,0.000000,0.000000,0.000000
36.200000,7.625619,7.197081,3,0.000000,0.000000,0.000000,18.652365,0.000000,0.000000
36.300000,7.772822,7.458483,3,0.000000,0.000000,0.000000,20.846467,0.000000,0.000000
36.400000,7.920025,7.719886,3,0.000000,0.000000,0.000000,21.739555,0.000000,0.000000
36.500000,8.067228,7.981288,3,0.000000,0.000000,0.000000,21.203930,0.000000,0.000000
36.600000,7.995662,7.689949,3,0.000000,0.000000,0.000000,21.048745,0.000000,0.000000
36.700000,7.924095,7.398611,3,0.000000,0.000000,0.000000,19.523092,0.000000,0.000000
36.800000,7.852529,7.107272,3,0.000000,0.000000,0.000000,16.832578,0.000000,0.000000
36.900000,7.780962,6.815933,-1,0.000000,0.000000,0.000000,0.000000,0.000000,0.000000
37.000000,7.709396,6.524595,-1,0.000000,0.000000,0.000000,0.000000,0.000000,0.000000
37.100000,7.562131,6.785963,-1,0.000000,0.000000,0.000000,0.000000,0.000000,0.000000
37.200000,7.414867,7.047331,3,0.000000,0.000000,0.000000,16.875946,0.000000,0.000000
37.300000,7.267603,7.308699,3,0.000000,0.000000,0.000000,19.594712,0.000000,0.000000
37.400000,7.120338,7.570067,3,0.000000,0.000000,0.000000,21.149615,0.000000,0.000000
37.500000,6.973074,7.831435,3,0.000000,0.000000,0.000000,21.330773,0.000000,0.000000
37.600000,6.777745,7.603736,3,0.000000,0.000000,0.000000,18.521336,0.000000,0.000000
37.700000,6.582417,7.376037,-1,0.000000,0.000000,0.000000,0.000000,0.000000,0.000000
37.800000,6.387088,7.148338,-1,0.000000,0.000000,0.000000,0.000000,0.000000,0.000000
37.900000,6.191760,6.920639,-1,0.000000,0.000000,0.000000,0.000000,0.000000,0.000000
38.000000,5.996431,6.692941,-1,0.000000,0.000000,0.000000,0.000000,0.000000,0.000000
38.100000,6.012065,6.393348,-1,0.000000,0.000000,0.000000,0.000000,0.000000,0.000000
38.200000,6.027700,6.093756,-1,0.000000,0.000000,0.000000,0.000000,0.000000,0.000000
38.300000,6.043334,5.794164,-1,0.000000,0.000000,0.000000,0.000000,0.000000,0.000000
38.400000,6.058968,5.494571,-1,0.000000,0.000000,0.000000,0.000000,0.000000,0.000000
38.500000,6.074602,5.194979,-1,0.000000,0.000000,0.000000,0.000000,0.000000,0.000000
38.600000,5.824454,5.029372,-1,0.000000,0.000000,0.000000,0.000000,0.000000,0.000000
38.700000,5.574305,4.863765,-1,0.000000,0.000000,0.000000,0.000000,0.000000,0.000000
38.800000,5.324157,4.698157,-1,0.000000,0.000000,0.000000,0.000000,0.000000,0.000000
38.900000,5.074008,4.532550,-1,0.000000,0.000000,0.000000,0.000000,0.000000,0.000000
39.000000,4.823860,4.366943,-1,0.000000,0.000000,0.000000,0.000000,0.000000,0.000000
39.100000,4.554243,4.235388,-1,0.000000,0.000000,0.000000,0.000000,0.000000,0.000000
39.200000,4.284626,4.103833,-1,0.000000,0.000000,0.000000,0.000000,0.000000,0.000000
39.300000,4.015009,3.972278,-1,0.000000,0.000000,0.000000,0.000000,0.000000,0.000000
39.400000,3.745392,3.840723,-1,0.000000,0.000000,0.000000,0.000000,0.000000,0.000000
39.500000,3.475775,3.709168,-1,0.000000,0.000000,0.000000,0.000000,0.000000,0.000000
39.600000,3.301173,3.465213,-1,0.000000,0.000000,0.000000,0.000000,0.000000,0.000000
39.700000,3.126570,3.221259,0,18.367591,0.000000,0.000000,0.000000,0.000000,0.000000
39.800000,2.951968,2.977304,0,21.372793,0.000000,0.000000,0.000000,0.000000,0.000000
39.900000,2.777365,2.733349,0,23.171336,0.000000,0.000000,0.000000,0.000000,0.000000
40.000000,2.602762,2.489394,0,23.506811,0.000000,0.000000,0.000000,0.000000,0.000000
40.100000,2.640103,2.787061,0,23.574246,0.000000,0.000000,0.000000,0.000000,0.000000
40.200000,2.677445,3.084728,0,22.133496,0.000000,0.000000,0.000000,0.000000,0.000000
40.300000,2.714786,3.382395,0,19.397898,0.000000,0.000000,0.000000,0.000000,0.000000
40.400000,2.752127,3.680062,-1,0.000000,0.000000,0.000000,0.000000,0.000000,0.000000
40.500000,2.789468,3.977729,-1,0.000000,0.000000,0.000000,0.000000,0.000000,0.000000
40.600000,2.969206,4.217925,-1,0.000000,0.000000,0.000000,0.000000,0.000000,0.000000
40.700000,3.148945,4.458121,-1,0.000000,0.000000,0.000000,0.000000,0.000000,0.000000
40.800000,3.328683,4.698317,-1,0.000000,0.000000,0.000000,0.000000,0.000000,0.000000
40.900000,3.508422,4.938513,-1,0.000000,0.000000,0.000000,0.000000,0.000000,0.000000
41.000000,3.688160,5.178709,-1,0.000000,0.000000,0.000000,0.000000,0.000000,0.000000
41.100000,3.494511,5.407837,-1,0.000000,0.000000,0.000000,0.000000,0.000000,0.000000
41.200000,3.300861,5.636966,-1,0.000000,0.000000,0.000000,0.000000,0.000000,0.000000
41.300000,3.107212,5.866094,-1,0.000000,0.000000,0.000000,0.000000,0.000000,0.000000
41.400000,2.913562,6.095223,-1,0.000000,0.000000,0.000000,0.000000,0.000000,0.000000
41.500000,2.719913,6.324351,-1,0.000000,0.000000,0.000000,0.000000,0.000000,0.000000
41.600000,2.714500,6.024400,-1,0.000000,0.000000,0.000000,0.000000,0.000000,0.000000
41.700000,2.709087,5.724449,-1,0.000000,0.000000,0.000000,0.000000,0.000000,0.000000
41.800000,2.703674,5.424498,-1,0.000000,0.000000,0.000000,0.000000,0.000000,0.000000
41.900000,2.698261,5.124547,-1,0.000000,0.000000,0.000000,0.000000,0.000000,0.000000
42.000000,2.692849,4.824595,-1,0.000000,0.000000,0.000000,0.000000,0.000000,0.000000
42.100000,2.568968,4.551367,-1,0.000000,0.000000,0.000000,0.000000,0.000000,0.000000
42.200000,2.445088,4.278139,-1,0.000000,0.000000,0.000000,0.000000,0.000000,0.000000
42.300000,2.321208,4.004911,-1,0.000000,0.000000,0.000000,0.000000,0.000000,0.000000
42.400000,2.197327,3.731682,-1,0.000000,0.000000,0.000000,0.000000,0.000000,0.000000
42.500000,2.073447,3.458454,0,17.602289,0.000000,0.000000,0.000000,0.000000,0.000000
42.600000,2.285728,3.246471,0,20.734351,0.000000,0.000000,0.000000,0.000000,0.000000
42.700000,2.498009,3.034488,0,22.718543,0.000000,0.000000,0.000000,0.000000,0.000000
42.800000,2.710290,2.822505,0,23.280506,0.000000,0.000000,0.000000,0.000000,0.000000
42.900000,2.922570,2.610522,0,22.334466,0.000000,0.000000,0.000000,0.000000,0.000000
43.000000,3.134851,2.398539,0,20.022698,0.000000,0.000000,0.000000,0.000000,0.000000
43.100000,2.859386,2.279717,0,21.547103,0.000000,0.000000,0.000000,0.000000,0.000000
43.200000,2.583920,2.160895,0,21.675571,0.000000,0.000000,0.000000,0.000000,0.000000
43.300000,2.308454,2.042074,0,20.389314,0.000000,0.000000,0.000000,0.000000,0.000000
43.400000,2.032988,1.923252,0,17.868205,0.000000,0.000000,0.000000,0.000000,0.000000
43.500000,1.757522,1.804430,-1,0.000000,0.000000,0.000000,0.000000,0.000000,0.000000
43.600000,1.985136,1.609002,-1,0.000000,0.000000,0.000000,0.000000,0.000000,0.000000
43.700000,2.212749,1.413574,-1,0.000000,0.000000,0.000000,0.000000,0.000000,0.000000
43.800000,2.440363,1.218146,-1,0.000000,0.000000,0.000000,0.000000,0.000000,0.000000
43.900000,2.667976,1.022718,-1,0.000000,0.000000,0.000000,0.000000,0.000000,0.000000
44.000000,2.895590,0.827290,-1,0.000000,0.000000,0.000000,0.000000,0.000000,0.000000
44.100000,3.183966,0.909987,-1,0.000000,0.000000,0.000000,0.000000,0.000000,0.000000
44.200000,3.472343,0.992684,-1,0.000000,0.000000,0.000000,0.000000,0.000000,0.000000
44.300000,3.760720,1.075381,-1,0.000000,0.000000,0.000000,0.000000,0.000000,0.000000
44.400000,4.049097,1.158078,-1,0.000000,0.000000,0.000000,0.000000,0.000000,0.000000
44.500000,4.337474,1.240775,-1,0.000000,0.000000,0.000000,0.000000,0.000000,0.000000
44.600000,4.159612,0.999186,-1,0.000000,0.000000,0.000000,0.000000,0.000000,0.000000
44.700000,3.981750,0.757598,-1,0.000000,0.000000,0.000000,0.000000,0.000000,0.000000
44.800000,3.803888,0.516009,-1,0.000000,0.000000,0.000000,0.000000,0.000000,0.000000
44.900000,3.626026,0.274420,-1,0.000000,0.000000,0.000000,0.000000,0.000000,0.000000
45.000000,3.448164,0.032831,-1,0.000000,0.000000,0.000000,0.000000,0.000000,0.000000
45.100000,3.226636,0.169469,-1,0.000000,0.000000,0.000000,0.000000,0.000000,0.000000
45.200000,3.005108,0.371769,-1,0.000000,0.000000,0.000000,0.000000,0.000000,0.000000
45.300000,2.783580,0.574069,-1,0.000000,0.000000,0.000000,0.000000,0.000000,0.000000
45.400000,2.562052,0.776370,-1,0.000000,0.000000,0.000000,0.000000,0.000000,0.000000
45.500000,2.340525,0.978670,-1,0.000000,0.000000,0.000000,0.000000,0.000000,0.000000
45.600000,2.046228,0.920452,-1,0.000000,0.000000,0.000000,0.000000,0.000000,0.000000
45.700000,1.751931,0.862235,-1,0.000000,0.000000,0.000000,0.000000,0.000000,0.000000
45.800000,1.457634,0.804017,-1,0.000000,0.000000,0.000000,0.000000,0.000000,0.000000
45.900000,1.163337,0.745800,-1,0.000000,0.000000,0.000000,0.000000,0.000000,0.000000
46.000000,0.869040,0.687582,-1,0.000000,0.000000,0.000000,0.000000,0.000000,0.000000
46.100000,0.773714,0.972034,-1,0.000000,0.000000,0.000000,0.000000,0.000000,0.000000
46.200000,0.678388,1.256486,-1,0.000000,0.000000,0.000000,0.000000,0.000000,0.000000
46.300000,0.583062,1.540938,-1,0.000000,0.000000,0.000000,0.000000,0.000000,0.000000
46.400000,0.487736,1.825390,-1,0.000000,0.000000,0.000000,0.000000,0.000000,0.000000
46.500000,0.392410,2.109842,-1,0.000000,0.000000,0.000000,0.000000,0.000000,0.000000
46.600000,0.163337,1.916128,-1,0.000000,0.000000,0.000000,0.000000,0.000000,0.000000
46.700000,0.065736,1.722413,-1,0.000000,0.000000,0.000000,0.000000,0.000000,0.000000
46.800000,0.294809,1.528698,-1,0.000000,0.000000,0.000000,0.000000,0.000000,0.000000
46.900000,0.523883,1.334983,-1,0.000000,0.000000,0.000000,0.000000,0.000000,0.000000
47.000000,0.752956,1.141268,-1,0.000000,0.000000,0.000000,0.000000,0.000000,0.000000
47.100000,0.613078,1.406663,-1,0.000000,0.000000,0.000000,0.000000,0.000000,0.000000
47.200000,0.473201,1.672057,-1,0.000000,0.000000,0.000000,0.000000,0.000000,0.000000
47.300000,0.333324,1.937452,-1,0.000000,0.000000,0.000000,0.000000,0.000000,0.000000
47.400000,0.193446,2.202847,-1,0.000000,0.000000,0.000000,0.000000,0.000000,0.000000
47.500000,0.053569,2.468241,-1,0.000000,0.000000,0.000000,0.000000,0.000000,0.000000
47.600000,0.047816,2.750591,-1,0.000000,0.000000,0.000000,0.000000,0.000000,0.000000
47.700000,0.149201,3.032940,-1,0.000000,0.000000,0.000000,0.000000,0.000000,0.000000
47.800000,0.250585,3.315289,-1,0.000000,0.000000,0.000000,0.000000,0.000000,0.000000
47.900000,0.351970,3.597638,-1,0.000000,0.000000,0.000000,0.000000,0.000000,0.000000
48.000000,0.453355,3.879988,-1,0.000000,0.000000,0.000000,0.000000,0.000000,0.000000
48.100000,0.734735,3.984032,-1,0.000000,0.000000,0.000000,0.000000,0.000000,0.000000
48.200000,1.016116,4.088075,-1,0.000000,0.000000,0.000000,0.000000,0.000000,0.000000
48.300000,1.297496,4.192119,-1,0.000000,0.000000,0.000000,0.000000,0.000000,0.000000
48.400000,1.578876,4.296163,-1,0.000000,0.000000,0.000000,0.000000,0.000000,0.000000
48.500000,1.860256,4.400207,-1,0.000000,0.000000,0.000000,0.000000,0.000000,0.000000
48.600000,1.797528,4.693576,-1,0.000000,0.000000,0.000000,0.000000,0.000000,0.000000
48.700000,1.734800,4.986944,-1,0.000000,0.000000,0.000000,0.000000,0.000000,0.000000
48.800000,1.672072,5.280313,-1,0.000000,0.000000,0.000000,0.000000,0.000000,0.000000
48.900000,1.609344,5.573682,-1,0.000000,0.000000,0.000000,0.000000,0.000000,0.000000
49.000000,1.546616,5.867050,-1,0.000000,0.000000,0.000000,0.000000,0.000000,0.000000
49.100000,1.379195,5.618113,-1,0.000000,0.000000,0.000000,0.000000,0.000000,0.000000
49.200000,1.211773,5.369175,-1,0.000000,0.000000,0.000000,0.000000,0.000000,0.000000
49.300000,1.044351,5.120237,-1,0.000000,0.000000,0.000000,0.000000,0.000000,0.000000
49.400000,0.876930,4.871299,-1,0.000000,0.000000,0.000000,0.000000,0.000000,0.000000
49.500000,0.709508,4.622361,-1,0.000000,0.000000,0.000000,0.000000,0.000000,0.000000
49.600000,0.463810,4.794502,-1,0.000000,0.000000,0.000000,0.000000,0.000000,0.000000
49.700000,0.218111,4.966642,-1,0.000000,0.000000,0.000000,0.000000,0.000000,0.000000
49.800000,0.027587,5.138782,-1,0.000000,0.000000,0.000000,0.000000,0.000000,0.000000
49.900000,0.273286,5.310922,-1,0.000000,0.000000,0.000000,0.000000,0.000000,0.000000
50.000000,0.518984,5.483062,-1,0.000000,0.000000,0.000000,0.000000,0.000000,0.000000
50.100000,0.704967,5.718456,-1,0.000000,0.000000,0.000000,0.000000,0.000000,0.000000
50.200000,0.890950,5.953850,-1,0.000000,0.000000,0.000000,0.000000,0.000000,0.000000
50.300000,1.076933,6.189244,-1,0.000000,0.000000,0.000000,0.000000,0.000000,0.000000
50.400000,1.262916,6.424639,-1,0.000000,0.000000,0.000000,0.000000,0.000000,0.000000
50.500000,1.448898,6.660033,-1,0.000000,0.000000,0.000000,0.000000,0.000000,0.000000
50.600000,1.153214,6.710734,-1,0.000000,0.000000,0.000000,0.000000,0.000000,0.000000
50.700000,0.857529,6.761435,-1,0.000000,0.000000,0.000000,0.000000,0.000000,0.000000
50.800000,0.561845,6.812137,-1,0.000000,0.000000,0.000000,0.000000,0.000000,0.000000
50.900000,0.266160,6.862838,-1,0.000000,0.000000,0.000000,0.000000,0.000000,0.000000
51.000000,0.029524,6.913540,-1,0.000000,0.000000,0.000000,0.000000,0.000000,0.000000
51.100000,0.278963,6.746865,-1,0.000000,0.000000,0.000000,0.000000,0.000000,0.000000
51.200000,0.528402,6.580191,-1,0.000000,0.000000,0.000000,0.000000,0.000000,0.000000
51.300000,0.777841,6.413517,-1,0.000000,0.000000,0.000000,0.000000,0.000000,0.000000
51.400000,1.027279,6.246843,-1,0.000000,0.000000,0.000000,0.000000,0.000000,0.000000
51.500000,1.276718,6.080168,-1,0.000000,0.000000,0.000000,0.000000,0.000000,0.000000
51.600000,1.490896,5.870102,-1,0.000000,0.000000,0.000000,0.000000,0.000000,0.000000
51.700000,1.705074,5.660036,-1,0.000000,0.000000,0.000000,0.000000,0.000000,0.000000
51.800000,1.919252,5.449970,-1,0.000000,0.000000,0.000000,0.000000,0.000000,0.000000
51.900000,2.133430,5.239903,-1,0.000000,0.000000,0.000000,0.000000,0.000000,0.000000
52.000000,2.347608,5.029837,-1,0.000000,0.000000,0.000000,0.000000,0.000000,0.000000
52.100000,2.647523,5.022707,-1,0.000000,0.000000,0.000000,0.000000,0.000000,0.000000
52.200000,2.947438,5.015577,-1,0.000000,0.000000,0.000000,0.000000,0.000000,0.000000
52.300000,3.247354,5.008448,-1,0.000000,0.000000,0.000000,0.000000,0.000000,0.000000
52.400000,3.547269,5.001318,-1,0.000000,0.000000,0.000000,0.000000,0.000000,0.000000
52.500000,3.847184,4.994188,-1,0.000000,0.000000,0.000000,0.000000,0.000000,0.000000
52.600000,3.762343,5.281941,-1,0.000000,0.000000,0.000000,0.000000,0.000000,0.000000
52.700000,3.677503,5.569695,-1,0.000000,0.000000,0.000000,0.000000,0.000000,0.000000
52.800000,3.592662,5.857448,-1,0.000000,0.000000,0.000000,0.000000,0.000000,0.000000
52.900000,3.507821,6.145202,-1,0.000000,0.000000,0.000000,0.000000,0.000000,0.000000
53.000000,3.422981,6.432955,-1,0.000000,0.000000,0.000000,0.000000,0.000000,0.000000
53.100000,3.609252,6.668121,-1,0.000000,0.000000,0.000000,0.000000,0.000000,0.000000
53.200000,3.795524,6.903286,-1,0.000000,0.000000,0.000000,0.000000,0.000000,0.000000
53.300000,3.981796,7.138452,-1,0.000000,0.000000,0.000000,0.000000,0.000000,0.000000
53.400000,4.168068,7.373617,-1,0.000000,0.000000,0.000000,0.000000,0.000000,0.000000
53.500000,4.354339,7.608783,-1,0.000000,0.000000,0.000000,0.000000,0.000000,0.000000
53.600000,4.060980,7.671554,-1,0.000000,0.000000,0.000000,0.000000,0.000000,0.000000
53.700000,3.767620,7.734325,-1,0.000000,0.000000,0.000000,0.000000,0.000000,0.000000
53.800000,3.474261,7.797096,-1,0.000000,0.000000,0.000000,0.000000,0.000000,0.000000
53.900000,3.180901,7.859867,2,0.000000,0.000000,19.959679,0.000000,0.000000,0.000000
54.000000,2.887542,7.922638,2,0.000000,0.000000,22.545163,0.000000,0.000000,0.000000
54.100000,2.602209,7.829980,2,0.000000,0.000000,23.529370,0.000000,0.000000,0.000000
54.200000,2.316877,7.737323,2,0.000000,0.000000,22.992809,0.000000,0.000000,0.000000
54.300000,2.031544,7.644666,2,0.000000,0.000000,21.018137,0.000000,0.000000,0.000000
54.400000,1.746212,7.552008,2,0.000000,0.000000,17.881335,0.000000,0.000000,0.000000
54.500000,1.460880,7.459351,-1,0.000000,0.000000,0.000000,0.000000,0.000000,0.000000
54.600000,1.694761,7.647232,2,0.000000,0.000000,17.853562,0.000000,0.000000,0.000000
54.700000,1.928643,7.835113,2,0.000000,0.000000,20.956073,0.000000,0.000000,0.000000
54.800000,2.162525,8.022994,2,0.000000,0.000000,22.893009,0.000000,0.000000,0.000000
54.900000,2.396407,8.210876,2,0.000000,0.000000,23.393826,0.000000,0.000000,0.000000
55.000000,2.630288,8.398757,2,0.000000,0.000000,22.381641,0.000000,0.000000,0.000000
55.100000,2.895415,8.258372,2,0.000000,0.000000,21.996379,0.000000,0.000000,0.000000
55.200000,3.160541,8.117987,2,0.000000,0.000000,20.210222,0.000000,0.000000,0.000000
55.300000,3.425668,7.977602,2,0.000000,0.000000,17.267557,0.000000,0.000000,0.000000
55.400000,3.690794,7.837217,-1,0.000000,0.000000,0.000000,0.000000,0.000000,0.000000
55.500000,3.955921,7.696832,-1,0.000000,0.000000,0.000000,0.000000,0.000000,0.000000
55.600000,4.173732,7.903129,-1,0.000000,0.000000,0.000000,0.000000,0.000000,0.000000
55.700000,4.391542,8.109426,-1,0.000000,0.000000,0.000000,0.000000,0.000000,0.000000
55.800000,4.609353,8.315723,-1,0.000000,0.000000,0.000000,0.000000,0.000000,0.000000
55.900000,4.827164,8.522020,-1,0.000000,0.000000,0.000000,0.000000,0.000000,0.000000
56.000000,5.044975,8.728317,-1,0.000000,0.000000,0.000000,0.000000,0.000000,0.000000
56.100000,5.307588,8.873349,-1,0.000000,0.000000,0.000000,0.000000,0.000000,0.000000
56.200000,5.570201,9.018382,-1,0.000000,0.000000,0.000000,0.000000,0.000000,0.000000
56.300000,5.832814,9.163414,-1,0.000000,0.000000,0.000000,0.000000,0.000000,0.000000
56.400000,6.095427,9.308446,-1,0.000000,0.000000,0.000000,0.000000,0.000000,0.000000
56.500000,6.358040,9.453478,-1,0.000000,0.000000,0.000000,0.000000,0.000000,0.000000
56.600000,6.104357,9.613618,-1,0.000000,0.000000,0.000000,0.000000,0.000000,0.000000
56.700000,5.850674,9.773758,-1,0.000000,0.000000,0.000000,0.000000,0.000000,0.000000
56.800000,5.596991,9.933898,-1,0.000000,0.000000,0.000000,0.000000,0.000000,0.000000
56.900000,5.343307,10.094037,-1,0.000000,0.000000,0.000000,0.000000,0.000000,0.000000
57.000000,5.089624,10.254177,-1,0.000000,0.000000,0.000000,0.000000,0.000000,0.000000
57.100000,5.320536,10.445696,-1,0.000000,0.000000,0.000000,0.000000,0.000000,0.000000
57.200000,5.551449,10.637215,-1,0.000000,0.000000,0.000000,0.000000,0.000000,0.000000
57.300000,5.782362,10.828733,-1,0.000000,0.000000,0.000000,0.000000,0.000000,0.000000
57.400000,6.013274,11.020252,-1,0.000000,0.000000,0.000000,0.000000,0.000000,0.000000
57.500000,6.244187,11.211771,-1,0.000000,0.000000,0.000000,0.000000,0.000000,0.000000
57.600000,6.148983,11.496264,-1,0.000000,0.000000,0.000000,0.000000,0.000000,0.000000
57.700000,6.053779,11.780757,-1,0.000000,0.000000,0.000000,0.000000,0.000000,0.000000
57.800000,5.958575,12.065250,-1,0.000000,0.000000,0.000000,0.000000,0.000000,0.000000
57.900000,5.863371,12.349742,-1,0.000000,0.000000,0.000000,0.000000,0.000000,0.000000
58.000000,5.768167,12.634235,-1,0.000000,0.000000,0.000000,0.000000,0.000000,0.000000
58.100000,6.040734,12.508907,-1,0.000000,0.000000,0.000000,0.000000,0.000000,0.000000
58.200000,6.313301,12.383579,-1,0.000000,0.000000,0.000000,0.000000,0.000000,0.000000
58.300000,6.585869,12.258251,-1,0.000000,0.000000,0.000000,0.000000,0.000000,0.000000
58.400000,6.858436,12.132923,-1,0.000000,0.000000,0.000000,0.000000,0.000000,0.000000
58.500000,7.131003,12.007594,-1,0.000000,0.000000,0.000000,0.000000,0.000000,0.000000
58.600000,7.063517,12.299905,-1,0.000000,0.000000,0.000000,0.000000,0.000000,0.000000
58.700000,6.996032,12.592216,5,0.000000,0.000000,0.000000,0.000000,0.000000,17.641464
58.800000,6.928547,12.884527,5,0.000000,0.000000,0.000000,0.000000,0.000000,19.623951
58.900000,6.861061,13.176838,5,0.000000,0.000000,0.000000,0.000000,0.000000,20.343899
59.000000,6.793576,13.469149,5,0.000000,0.000000,0.000000,0.000000,0.000000,19.702450
59.100000,6.608606,13.705340,5,0.000000,0.000000,0.000000,0.000000,0.000000,16.753406
59.200000,6.423636,13.941531,-1,0.000000,0.000000,0.000000,0.000000,0.000000,0.000000
59.300000,6.238666,14.177722,-1,0.000000,0.000000,0.000000,0.000000,0.000000,0.000000
59.400000,6.053696,14.413912,-1,0.000000,0.000000,0.000000,0.000000,0.000000,0.000000
59.500000,5.868726,14.650103,-1,0.000000,0.000000,0.000000,0.000000,0.000000,0.000000
59.600000,5.921711,14.354819,-1,0.000000,0.000000,0.000000,0.000000,0.000000,0.000000
59.700000,5.974697,14.059536,-1,0.000000,0.000000,0.000000,0.000000,0.000000,0.000000
59.800000,6.027683,13.764252,-1,0.000000,0.000000,0.000000,0.000000,0.000000,0.000000
59.900000,6.080669,13.468968,-1,0.000000,0.000000,0.000000,0.000000,0.000000,0.000000
60.000000,6.133655,13.173684,-1,0.000000,0.000000,0.000000,0.000000,0.000000,0.000000
60.100000,6.038255,13.458112,-1,0.000000,0.000000,0.000000,0.000000,0.000000,0.000000
60.200000,5.942855,13.742539,-1,0.000000,0.000000,0.000000,0.000000,0.000000,0.000000
60.300000,5.847455,14.026966,-1,0.000000,0.000000,0.000000,0.000000,0.000000,0.000000
60.400000,5.752055,14.311393,-1,0.000000,0.000000,0.000000,0.000000,0.000000,0.000000
60.500000,5.656655,14.595821,-1,0.000000,0.000000,0.000000,0.000000,0.000000,0.000000
60.600000,5.746080,14.309459,-1,0.000000,0.000000,0.000000,0.000000,0.000000,0.000000
60.700000,5.835505,14.023097,-1,0.000000,0.000000,0.000000,0.000000,0.000000,0.000000
60.800000,5.924930,13.736735,-1,0.000000,0.000000,0.000000,0.000000,0.000000,0.000000
60.900000,6.014355,13.450373,-1,0.000000,0.000000,0.000000,0.000000,0.000000,0.000000
61.000000,6.103780,13.164011,-1,0.000000,0.000000,0.000000,0.000000,0.000000,0.000000
61.100000,6.185051,13.452792,-1,0.000000,0.000000,0.000000,0.000000,0.000000,0.000000
61.200000,6.266323,13.741574,-1,0.000000,0.000000,0.000000,0.000000,0.000000,0.000000
61.300000,6.347595,14.030356,-1,0.000000,0.000000,0.000000,0.000000,0.000000,0.000000
61.400000,6.428867,14.319138,-1,0.000000,0.000000,0.000000,0.000000,0.000000,0.000000
61.500000,6.510138,14.607919,-1,0.000000,0.000000,0.000000,0.000000,0.000000,0.000000
61.600000,6.381570,14.878973,-1,0.000000,0.000000,0.000000,0.000000,0.000000,0.000000
61.700000,6.253001,15.150027,-1,0.000000,0.000000,0.000000,0.000000,0.000000,0.000000
61.800000,6.124432,15.421081,-1,0.000000,0.000000,0.000000,0.000000,0.000000,0.000000
61.900000,5.995864,15.692134,-1,0.000000,0.000000,0.000000,0.000000,0.000000,0.000000
62.000000,5.867295,15.963188,-1,0.000000,0.000000,0.000000,0.000000,0.000000,0.000000
62.100000,5.655931,15.823914,-1,0.000000,0.000000,0.000000,0.000000,0.000000,0.000000
62.200000,5.444568,15.611017,-1,0.000000,0.000000,0.000000,0.000000,0.000000,0.000000
62.300000,5.233204,15.398119,-1,0.000000,0.000000,0.000000,0.000000,0.000000,0.000000
62.400000,5.021840,15.185222,-1,0.000000,0.000000,0.000000,0.000000,0.000000,0.000000
62.500000,4.810477,14.972324,-1,0.000000,0.000000,0.000000,0.000000,0.000000,0.000000
62.600000,4.510571,14.964810,-1,0.000000,0.000000,0.000000,0.000000,0.000000,0.000000
62.700000,4.210665,14.957296,-1,0.000000,0.000000,0.000000,0.000000,0.000000,0.000000
62.800000,3.910759,14.949782,-1,0.000000,0.000000,0.000000,0.000000,0.000000,0.000000
62.900000,3.610853,14.942268,-1,0.000000,0.000000,0.000000,0.000000,0.000000,0.000000
63.000000,3.310947,14.934754,-1,0.000000,0.000000,0.000000,0.000000,0.000000,0.000000
63.100000,3.473348,14.682512,-1,0.000000,0.000000,0.000000,0.000000,0.000000,0.000000
63.200000,3.635748,14.430270,-1,0.000000,0.000000,0.000000,0.000000,0.000000,0.000000
63.300000,3.798148,14.178028,-1,0.000000,0.000000,0.000000,0.000000,0.000000,0.000000
63.400000,3.960548,13.925785,-1,0.000000,0.000000,0.000000,0.000000,0.000000,0.000000
63.500000,4.122949,13.673543,-1,0.000000,0.000000,0.000000,0.000000,0.000000,0.000000
63.600000,4.002148,13.398939,-1,0.000000,0.000000,0.000000,0.000000,0.000000,0.000000
63.700000,3.881347,13.124335,-1,0.000000,0.000000,0.000000,0.000000,0.000000,0.000000
63.800000,3.760547,12.849732,-1,0.000000,0.000000,0.000000,0.000000,0.000000,0.000000
63.900000,3.639746,12.575128,-1,0.000000,0.000000,0.000000,0.000000,0.000000,0.000000
64.000000,3.518946,12.300524,-1,0.000000,0.000000,0.000000,0.000000,0.000000,0.000000
64.100000,3.376354,12.564470,-1,0.000000,0.000000,0.000000,0.000000,0.000000,0.000000
64.200000,3.233762,12.828416,4,0.000000,0.000000,0.000000,0.000000,17.710333,0.000000
64.300000,3.091169,13.092362,4,0.000000,0.000000,0.000000,0.000000,20.537377,0.000000
64.400000,2.948577,13.356308,4,0.000000,0.000000,0.000000,0.000000,22.170338,0.000000
64.500000,2.805985,13.620254,4,0.000000,0.000000,0.000000,0.000000,22.381899,0.000000
64.600000,2.580886,13.421936,4,0.000000,0.000000,0.000000,0.000000,23.744204,0.000000
64.700000,2.355786,13.223617,4,0.000000,0.000000,0.000000,0.000000,23.585314,0.000000
64.800000,2.130687,13.025299,4,0.000000,0.000000,0.000000,0.000000,21.930134,0.000000
64.900000,1.905587,12.826980,4,0.000000,0.000000,0.000000,0.000000,19.020541,0.000000
65.000000,1.680488,12.628662,-1,0.000000,0.000000,0.000000,0.000000,0.000000,0.000000
65.100000,1.551148,12.899349,-1,0.000000,0.000000,0.000000,0.000000,0.000000,0.000000
65.200000,1.421808,13.170035,-1,0.000000,0.000000,0.000000,0.000000,0.000000,0.000000
65.300000,1.292468,13.440722,-1,0.000000,0.000000,0.000000,0.000000,0.000000,0.000000
65.400000,1.163129,13.711408,-1,0.000000,0.000000,0.000000,0.000000,0.000000,0.000000
65.500000,1.033789,13.982095,-1,0.000000,0.000000,0.000000,0.000000,0.000000,0.000000
65.600000,1.098262,14.275085,-1,0.000000,0.000000,0.000000,0.000000,0.000000,0.000000
65.700000,1.162736,14.568075,-1,0.000000,0.000000,0.000000,0.000000,0.000000,0.000000
65.800000,1.227209,14.861065,-1,0.000000,0.000000,0.000000,0.000000,0.000000,0.000000
65.900000,1.291683,15.154055,-1,0.000000,0.000000,0.000000,0.000000,0.000000,0.000000
66.000000,1.356156,15.447045,-1,0.000000,0.000000,0.000000,0.000000,0.000000,0.000000
66.100000,1.139668,15.239361,-1,0.000000,0.000000,0.000000,0.000000,0.000000,0.000000
66.200000,0.923179,15.031676,-1,0.000000,0.000000,0.000000,0.000000,0.000000,0.000000
66.300000,0.706691,14.823992,-1,0.000000,0.000000,0.000000,0.000000,0.000000,0.000000
66.400000,0.490203,14.616308,-1,0.000000,0.000000,0.000000,0.000000,0.000000,0.000000
66.500000,0.273714,14.408623,-1,0.000000,0.000000,0.000000,0.000000,0.000000,0.000000
66.600000,0.108177,14.158428,-1,0.000000,0.000000,0.000000,0.000000,0.000000,0.000000
66.700000,0.057359,13.908233,-1,0.000000,0.000000,0.000000,0.000000,0.000000,0.000000
66.800000,0.222896,13.658038,-1,0.000000,0.000000,0.000000,0.000000,0.000000,0.000000
66.900000,0.388433,13.407843,-1,0.000000,0.000000,0.000000,0.000000,0.000000,0.000000
67.000000,0.553970,13.157648,-1,0.000000,0.000000,0.000000,0.000000,0.000000,0.000000
67.100000,0.360183,13.386660,-1,0.000000,0.000000,0.000000,0.000000,0.000000,0.000000
67.200000,0.166396,13.615673,-1,0.000000,0.000000,0.000000,0.000000,0.000000,0.000000
67.300000,0.027391,13.844685,-1,0.000000,0.000000,0.000000,0.000000,0.000000,0.000000
67.400000,0.221178,14.073697,-1,0.000000,0.000000,0.000000,0.000000,0.000000,0.000000
67.500000,0.414965,14.302709,-1,0.000000,0.000000,0.000000,0.000000,0.000000,0.000000
67.600000,0.601724,14.067930,-1,0.000000,0.000000,0.000000,0.000000,0.000000,0.000000
67.700000,0.788483,13.833151,-1,0.000000,0.000000,0.000000,0.000000,0.000000,0.000000
67.800000,0.975242,13.598373,-1,0.000000,0.000000,0.000000,0.000000,0.000000,0.000000
67.900000,1.162001,13.363594,-1,0.000000,0.000000,0.000000,0.000000,0.000000,0.000000
68.000000,1.348760,13.128815,-1,0.000000,0.000000,0.000000,0.000000,0.000000,0.000000
68.100000,1.065047,13.031310,-1,0.000000,0.000000,0.000000,0.000000,0.000000,0.000000
68.200000,0.781335,12.933805,-1,0.000000,0.000000,0.000000,0.000000,0.000000,0.000000
68.300000,0.497622,12.836300,-1,0.000000,0.000000,0.000000,0.000000,0.000000,0.000000
68.400000,0.213910,12.738795,-1,0.000000,0.000000,0.000000,0.000000,0.000000,0.000000
68.500000,0.069803,12.641290,-1,0.000000,0.000000,0.000000,0.000000,0.000000,0.000000
68.600000,0.183640,12.480771,-1,0.000000,0.000000,0.000000,0.000000,0.000000,0.000000
68.700000,0.437084,12.320251,-1,0.000000,0.000000,0.000000,0.000000,0.000000,0.000000
68.800000,0.690527,12.159731,-1,0.000000,0.000000,0.000000,0.000000,0.000000,0.000000
68.900000,0.943970,11.999212,-1,0.000000,0.000000,0.000000,0.000000,0.000000,0.000000
69.000000,1.197413,11.838692,-1,0.000000,0.000000,0.000000,0.000000,0.000000,0.000000
69.100000,1.039184,12.093572,-1,0.000000,0.000000,0.000000,0.000000,0.000000,0.000000
69.200000,0.880956,12.348451,-1,0.000000,0.000000,0.000000,0.000000,0.000000,0.000000
69.300000,0.722727,12.603331,-1,0.000000,0.000000,0.000000,0.000000,0.000000,0.000000
69.400000,0.564498,12.858211,-1,0.000000,0.000000,0.000000,0.000000,0.000000,0.000000
69.500000,0.406270,13.113091,-1,0.000000,0.000000,0.000000,0.000000,0.000000,0.000000
69.600000,0.665965,13.263285,-1,0.000000,0.000000,0.000000,0.000000,0.000000,0.000000
69.700000,0.925660,13.413480,-1,0.000000,0.000000,0.000000,0.000000,0.000000,0.000000
69.800000,1.185355,13.563675,-1,0.000000,0.000000,0.000000,0.000000,0.000000,0.000000
69.900000,1.445050,13.713870,-1,0.000000,0.000000,0.000000,0.000000,0.000000,0.000000
70.000000,1.704745,13.864065,4,0.000000,0.000000,0.000000,0.000000,16.880824,0.000000
70.100000,1.408694,13.912578,-1,0.000000,0.000000,0.000000,0.000000,0.000000,0.000000
70.200000,1.112642,13.961091,-1,0.000000,0.000000,0.000000,0.000000,0.000000,0.000000
70.300000,0.816591,14.009604,-1,0.000000,0.000000,0.000000,0.000000,0.000000,0.000000
70.400000,0.520539,14.058117,-1,0.000000,0.000000,0.000000,0.000000,0.000000,0.000000
70.500000,0.224488,14.106630,-1,0.000000,0.000000,0.000000,0.000000,0.000000,0.000000
70.600000,0.021905,14.277775,-1,0.000000,0.000000,0.000000,0.000000,0.000000,0.000000
70.700000,0.268298,14.448919,-1,0.000000,0.000000,0.000000,0.000000,0.000000,0.000000
70.800000,0.514691,14.620064,-1,0.000000,0.000000,0.000000,0.000000,0.000000,0.000000
70.900000,0.761084,14.791208,-1,0.000000,0.000000,0.000000,0.000000,0.000000,0.000000
71.000000,1.007477,14.962353,-1,0.000000,0.000000,0.000000,0.000000,0.000000,0.000000
71.100000,1.084513,14.672413,-1,0.000000,0.000000,0.000000,0.000000,0.000000,0.000000
71.200000,1.161550,14.382472,-1,0.000000,0.000000,0.000000,0.000000,0.000000,0.000000
71.300000,1.238586,14.092532,-1,0.000000,0.000000,0.000000,0.000000,0.000000,0.000000
71.400000,1.315622,13.802591,-1,0.000000,0.000000,0.000000,0.000000,0.000000,0.000000
71.500000,1.392658,13.512651,-1,0.000000,0.000000,0.000000,0.000000,0.000000,0.000000
71.600000,1.337551,13.807546,-1,0.000000,0.000000,0.000000,0.000000,0.000000,0.000000
71.700000,1.282445,14.102442,-1,0.000000,0.000000,0.000000,0.000000,0.000000,0.000000
71.800000,1.227338,14.397337,-1,0.000000,0.000000,0.000000,0.000000,0.000000,0.000000
71.900000,1.172232,14.692232,-1,0.000000,0.000000,0.000000,0.000000,0.000000,0.000000
72.000000,1.117125,14.987128,-1,0.000000,0.000000,0.000000,0.000000,0.000000,0.000000
72.100000,1.298092,14.747856,-1,0.000000,0.000000,0.000000,0.000000,0.000000,0.000000
72.200000,1.479059,14.508584,-1,0.000000,0.000000,0.000000,0.000000,0.000000,0.000000
72.300000,1.660026,14.269313,-1,0.000000,0.000000,0.000000,0.000000,0.000000,0.000000
72.400000,1.840993,14.030041,4,0.000000,0.000000,0.000000,0.000000,16.843040,0.000000
72.500000,2.021960,13.790769,4,0.000000,0.000000,0.000000,0.000000,20.305368,0.000000
72.600000,1.956520,13.497994,4,0.000000,0.000000,0.000000,0.000000,21.200884,0.000000
72.700000,1.891079,13.205218,4,0.000000,0.000000,0.000000,0.000000,20.694690,0.000000
72.800000,1.825638,12.912443,4,0.000000,0.000000,0.000000,0.000000,18.858910,0.000000
72.900000,1.760197,12.619667,-1,0.000000,0.000000,0.000000,0.000000,0.000000,0.000000
73.000000,1.694757,12.326892,-1,0.000000,0.000000,0.000000,0.000000,0.000000,0.000000
73.100000,1.903013,12.110954,-1,0.000000,0.000000,0.000000,0.000000,0.000000,0.000000
73.200000,2.111270,11.895015,-1,0.000000,0.000000,0.000000,0.000000,0.000000,0.000000
73.300000,2.319526,11.679077,-1,0.000000,0.000000,0.000000,0.000000,0.000000,0.000000
73.400000,2.527782,11.463139,-1,0.000000,0.000000,0.000000,0.000000,0.000000,0.000000
73.500000,2.736039,11.247201,-1,0.000000,0.000000,0.000000,0.000000,0.000000,0.000000
73.600000,3.031702,11.298028,-1,0.000000,0.000000,0.000000,0.000000,0.000000,0.000000
73.700000,3.327365,11.348855,-1,0.000000,0.000000,0.000000,0.000000,0.000000,0.000000
73.800000,3.623028,11.399682,-1,0.000000,0.000000,0.000000,0.000000,0.000000,0.000000
73.900000,3.918691,11.450509,-1,0.000000,0.000000,0.000000,0.000000,0.000000,0.000000
74.000000,4.214354,11.501335,-1,0.000000,0.000000,0.000000,0.000000,0.000000,0.000000
74.100000,4.280357,11.793985,-1,0.000000,0.000000,0.000000,0.000000,0.000000,0.000000
74.200000,4.346360,12.086634,-1,0.000000,0.000000,0.000000,0.000000,0.000000,0.000000
74.300000,4.412363,12.379283,-1,0.000000,0.000000,0.000000,0.000000,0.000000,0.000000
74.400000,4.478367,12.671932,-1,0.000000,0.000000,0.000000,0.000000,0.000000,0.000000
74.500000,4.544370,12.964582,-1,0.000000,0.000000,0.000000,0.000000,0.000000,0.000000
74.600000,4.506143,12.667027,-1,0.000000,0.000000,0.000000,0.000000,0.000000,0.000000
74.700000,4.467917,12.369472,-1,0.000000,0.000000,0.000000,0.000000,0.000000,0.000000
74.800000,4.429691,12.071918,-1,0.000000,0.000000,0.000000,0.000000,0.000000,0.000000
74.900000,4.391464,11.774363,-1,0.000000,0.000000,0.000000,0.000000,0.000000,0.000000
75.000000,4.353238,11.476809,-1,0.000000,0.000000,0.000000,0.000000,0.000000,0.000000
75.100000,4.186687,11.726330,-1,0.000000,0.000000,0.000000,0.000000,0.000000,0.000000
75.200000,4.020137,11.975851,-1,0.000000,0.000000,0.000000,0.000000,0.000000,0.000000
75.300000,3.853586,12.225373,-1,0.000000,0.000000,0.000000,0.000000,0.000000,0.000000
75.400000,3.687036,12.474894,-1,0.000000,0.000000,0.000000,0.000000,0.000000,0.000000
75.500000,3.520485,12.724416,-1,0.000000,0.000000,0.000000,0.000000,0.000000,0.000000
75.600000,3.556434,13.022254,-1,0.000000,0.000000,0.000000,0.000000,0.000000,0.000000
75.700000,3.592383,13.320092,-1,0.000000,0.000000,0.000000,0.000000,0.000000,0.000000
75.800000,3.628332,13.617931,-1,0.000000,0.000000,0.000000,0.000000,0.000000,0.000000
75.900000,3.664281,13.915769,-1,0.000000,0.000000,0.000000,0.000000,0.000000,0.000000
76.000000,3.700230,14.213607,-1,0.000000,0.000000,0.000000,0.000000,0.000000,0.000000
76.100000,3.930926,14.405388,-1,0.000000,0.000000,0.000000,0.000000,0.000000,0.000000
76.200000,4.161621,14.597168,-1,0.000000,0.000000,0.000000,0.000000,0.000000,0.000000
76.300000,4.392316,14.788949,-1,0.000000,0.000000,0.000000,0.000000,0.000000,0.000000
76.400000,4.623011,14.980729,-1,0.000000,0.000000,0.000000,0.000000,0.000000,0.000000
76.500000,4.853706,15.172510,-1,0.000000,0.000000,0.000000,0.000000,0.000000,0.000000
76.600000,4.889075,15.470417,-1,0.000000,0.000000,0.000000,0.000000,0.000000,0.000000
76.700000,4.924444,15.768325,-1,0.000000,0.000000,0.000000,0.000000,0.000000,0.000000
76.800000,4.959813,15.933767,-1,0.000000,0.000000,0.000000,0.000000,0.000000,0.000000
76.900000,4.995182,15.635859,-1,0.000000,0.000000,0.000000,0.000000,0.000000,0.000000
77.000000,5.030551,15.337952,-1,0.000000,0.000000,0.000000,0.000000,0.000000,0.000000
77.100000,5.329148,15.308969,-1,0.000000,0.000000,0.000000,0.000000,0.000000,0.000000
77.200000,5.627745,15.279986,-1,0.000000,0.000000,0.000000,0.000000,0.000000,0.000000
77.300000,5.926341,15.251004,-1,0.000000,0.000000,0.000000,0.000000,0.000000,0.000000
77.400000,6.224938,15.222021,-1,0.000000,0.000000,0.000000,0.000000,0.000000,0.000000
77.500000,6.523535,15.193039,-1,0.000000,0.000000,0.000000,0.000000,0.000000,0.000000
77.600000,6.783079,15.042583,-1,0.000000,0.000000,0.000000,0.000000,0.000000,0.000000
77.700000,7.042623,14.892127,-1,0.000000,0.000000,0.000000,0.000000,0.000000,0.000000
77.800000,7.302167,14.741672,-1,0.000000,0.000000,0.000000,0.000000,0.000000,0.000000
77.900000,7.561711,14.591216,-1,0.000000,0.000000,0.000000,0.000000,0.000000,0.000000
78.000000,7.821255,14.440760,-1,0.000000,0.000000,0.000000,0.000000,0.000000,0.000000
78.100000,7.552299,14.307860,5,0.000000,0.000000,0.000000,0.000000,0.000000,16.622560
78.200000,7.283343,14.174959,5,0.000000,0.000000,0.000000,0.000000,0.000000,17.977021
78.300000,7.014386,14.042058,5,0.000000,0.000000,0.000000,0.000000,0.000000,18.098070
78.400000,6.745430,13.909157,5,0.000000,0.000000,0.000000,0.000000,0.000000,16.970024
78.500000,6.476474,13.776257,-1,0.000000,0.000000,0.000000,0.000000,0.000000,0.000000
78.600000,6.612966,14.043408,-1,0.000000,0.000000,0.000000,0.000000,0.000000,0.000000
78.700000,6.749458,14.310560,-1,0.000000,0.000000,0.000000,0.000000,0.000000,0.000000
78.800000,6.885950,14.577711,-1,0.000000,0.000000,0.000000,0.000000,0.000000,0.000000
78.900000,7.022442,14.844863,-1,0.000000,0.000000,0.000000,0.000000,0.000000,0.000000
79.000000,7.158934,15.112014,-1,0.000000,0.000000,0.000000,0.000000,0.000000,0.000000
79.100000,6.983279,15.355212,-1,0.000000,0.000000,0.000000,0.000000,0.000000,0.000000
79.200000,6.807623,15.598410,-1,0.000000,0.000000,0.000000,0.000000,0.000000,0.000000
79.300000,6.631968,15.841607,-1,0.000000,0.000000,0.000000,0.000000,0.000000,0.000000
79.400000,6.456312,15.915195,-1,0.000000,0.000000,0.000000,0.000000,0.000000,0.000000
79.500000,6.280656,15.671997,-1,0.000000,0.000000,0.000000,0.000000,0.000000,0.000000
79.600000,6.555708,15.552220,-1,0.000000,0.000000,0.000000,0.000000,0.000000,0.000000
79.700000,6.830760,15.432443,-1,0.000000,0.000000,0.000000,0.000000,0.000000,0.000000
79.800000,7.105811,15.312666,-1,0.000000,0.000000,0.000000,0.000000,0.000000,0.000000
79.900000,7.380863,15.192888,-1,0.000000,0.000000,0.000000,0.000000,0.000000,0.000000
80.000000,7.655915,15.073111,-1,0.000000,0.000000,0.000000,0.000000,0.000000,0.000000
80.100000,7.761282,15.353998,-1,0.000000,0.000000,0.000000,0.000000,0.000000,0.000000
80.200000,7.866649,15.634886,-1,0.000000,0.000000,0.000000,0.000000,0.000000,0.000000
80.300000,7.972016,15.915773,-1,0.000000,0.000000,0.000000,0.000000,0.000000,0.000000
80.400000,8.077383,15.803339,-1,0.000000,0.000000,0.000000,0.000000,0.000000,0.000000
80.500000,8.182751,15.522452,-1,0.000000,0.000000,0.000000,0.000000,0.000000,0.000000
80.600000,8.342989,15.268831,-1,0.000000,0.000000,0.000000,0.000000,0.000000,0.000000
80.700000,8.503227,15.015210,-1,0.000000,0.000000,0.000000,0.000000,0.000000,0.000000
80.800000,8.663465,14.761588,-1,0.000000,0.000000,0.000000,0.000000,0.000000,0.000000
80.900000,8.823704,14.507967,-1,0.000000,0.000000,0.000000,0.000000,0.000000,0.000000
81.000000,8.983942,14.254346,-1,0.000000,0.000000,0.000000,0.000000,0.000000,0.000000
81.100000,9.282559,14.283125,-1,0.000000,0.000000,0.000000,0.000000,0.000000,0.000000
81.200000,9.581175,14.311904,-1,0.000000,0.000000,0.000000,0.000000,0.000000,0.000000
81.300000,9.879791,14.340682,-1,0.000000,0.000000,0.000000,0.000000,0.000000,0.000000
81.400000,9.821592,14.369461,-1,0.000000,0.000000,0.000000,0.000000,0.000000,0.000000
81.500000,9.522976,14.398240,-1,0.000000,0.000000,0.000000,0.000000,0.000000,0.000000
81.600000,9.236659,14.487808,-1,0.000000,0.000000,0.000000,0.000000,0.000000,0.000000
81.700000,8.950342,14.577377,-1,0.000000,0.000000,0.000000,0.000000,0.000000,0.000000
81.800000,8.664024,14.666946,-1,0.000000,0.000000,0.000000,0.000000,0.000000,0.000000
81.900000,8.377707,14.756514,-1,0.000000,0.000000,0.000000,0.000000,0.000000,0.000000
82.000000,8.091390,14.846083,-1,0.000000,0.000000,0.000000,0.000000,0.000000,0.000000
82.100000,8.096942,14.546134,-1,0.000000,0.000000,0.000000,0.000000,0.000000,0.000000
82.200000,8.102493,14.246185,-1,0.000000,0.000000,0.000000,0.000000,0.000000,0.000000
82.300000,8.108045,13.946237,5,0.000000,0.000000,0.000000,0.000000,0.000000,18.046819
82.400000,8.113596,13.646288,5,0.000000,0.000000,0.000000,0.000000,0.000000,20.026391
82.500000,8.119147,13.346339,5,0.000000,0.000000,0.000000,0.000000,0.000000,20.723276
82.600000,7.935104,13.109426,5,0.000000,0.000000,0.000000,0.000000,0.000000,21.864012
82.700000,7.751061,12.872512,5,0.000000,0.000000,0.000000,0.000000,0.000000,21.575087
82.800000,7.567017,12.635599,5,0.000000,0.000000,0.000000,0.000000,0.000000,19.898870
82.900000,7.382974,12.398685,5,0.000000,0.000000,0.000000,0.000000,0.000000,17.063114
83.000000,7.198930,12.161772,-1,0.000000,0.000000,0.000000,0.000000,0.000000,0.000000
83.100000,7.203096,11.861801,-1,0.000000,0.000000,0.000000,0.000000,0.000000,0.000000
83.200000,7.207262,11.561830,-1,0.000000,0.000000,0.000000,0.000000,0.000000,0.000000
83.300000,7.211427,11.261859,-1,0.000000,0.000000,0.000000,0.000000,0.000000,0.000000
83.400000,7.215593,10.961887,-1,0.000000,0.000000,0.000000,0.000000,0.000000,0.000000
83.500000,7.219759,10.661916,-1,0.000000,0.000000,0.000000,0.000000,0.000000,0.000000
83.600000,7.043211,10.419366,-1,0.000000,0.000000,0.000000,0.000000,0.000000,0.000000
83.700000,6.866663,10.176815,-1,0.000000,0.000000,0.000000,0.000000,0.000000,0.000000
83.800000,6.690115,9.934264,-1,0.000000,0.000000,0.000000,0.000000,0.000000,0.000000
83.900000,6.513567,9.691714,-1,0.000000,0.000000,0.000000,0.000000,0.000000,0.000000
84.000000,6.337019,9.449163,-1,0.000000,0.000000,0.000000,0.000000,0.000000,0.000000
84.100000,6.431639,9.164476,-1,0.000000,0.000000,0.000000,0.000000,0.000000,0.000000
84.200000,6.526259,8.879788,-1,0.000000,0.000000,0.000000,0.000000,0.000000,0.000000
84.300000,6.620880,8.595101,-1,0.000000,0.000000,0.000000,0.000000,0.000000,0.000000
84.400000,6.715500,8.310413,3,0.000000,0.000000,0.000000,18.284691,0.000000,0.000000
84.500000,6.810121,8.025726,3,0.000000,0.000000,0.000000,20.010087,0.000000,0.000000
84.600000,6.733380,7.735707,3,0.000000,0.000000,0.000000,18.673294,0.000000,0.000000
84.700000,6.656640,7.445688,-1,0.000000,0.000000,0.000000,0.000000,0.000000,0.000000
84.800000,6.579899,7.155669,-1,0.000000,0.000000,0.000000,0.000000,0.000000,0.000000
84.900000,6.503159,6.865651,-1,0.000000,0.000000,0.000000,0.000000,0.000000,0.000000
85.000000,6.426418,6.575632,-1,0.000000,0.000000,0.000000,0.000000,0.000000,0.000000
85.100000,6.709002,6.474902,-1,0.000000,0.000000,0.000000,0.000000,0.000000,0.000000
85.200000,6.991585,6.374173,-1,0.000000,0.000000,0.000000,0.000000,0.000000,0.000000
85.300000,7.274169,6.273443,-1,0.000000,0.000000,0.000000,0.000000,0.000000,0.000000
85.400000,7.556753,6.172713,-1,0.000000,0.000000,0.000000,0.000000,0.000000,0.000000
85.500000,7.839336,6.071984,-1,0.000000,0.000000,0.000000,0.000000,0.000000,0.000000
85.600000,7.550374,5.991358,-1,0.000000,0.000000,0.000000,0.000000,0.000000,0.000000
85.700000,7.261411,5.910733,-1,0.000000,0.000000,0.000000,0.000000,0.000000,0.000000
85.800000,6.972448,5.830108,-1,0.000000,0.000000,0.000000,0.000000,0.000000,0.000000
85.900000,6.683485,5.749482,-1,0.000000,0.000000,0.000000,0.000000,0.000000,0.000000
86.000000,6.394522,5.668857,-1,0.000000,0.000000,0.000000,0.000000,0.000000,0.000000
86.100000,6.177250,5.875721,-1,0.000000,0.000000,0.000000,0.000000,0.000000,0.000000
86.200000,5.959978,6.082585,-1,0.000000,0.000000,0.000000,0.000000,0.000000,0.000000
86.300000,5.742705,6.289449,-1,0.000000,0.000000,0.000000,0.000000,0.000000,0.000000
86.400000,5.525433,6.496313,-1,0.000000,0.000000,0.000000,0.000000,0.000000,0.000000
86.500000,5.308161,6.703177,-1,0.000000,0.000000,0.000000,0.000000,0.000000,0.000000
86.600000,5.019091,6.783419,-1,0.000000,0.000000,0.000000,0.000000,0.000000,0.000000
86.700000,4.730021,6.863660,-1,0.000000,0.000000,0.000000,0.000000,0.000000,0.000000
86.800000,4.440952,6.943902,-1,0.000000,0.000000,0.000000,0.000000,0.000000,0.000000
86.900000,4.151882,7.024143,-1,0.000000,0.000000,0.000000,0.000000,0.000000,0.000000
87.000000,3.862812,7.104385,-1,0.000000,0.000000,0.000000,0.000000,0.000000,0.000000
87.100000,3.620899,6.926963,-1,0.000000,0.000000,0.000000,0.000000,0.000000,0.000000
87.200000,3.378987,6.749542,-1,0.000000,0.000000,0.000000,0.000000,0.000000,0.000000
87.300000,3.137074,6.572121,-1,0.000000,0.000000,0.000000,0.000000,0.000000,0.000000
87.400000,2.895162,6.394700,-1,0.000000,0.000000,0.000000,0.000000,0.000000,0.000000
87.500000,2.653249,6.217279,-1,0.000000,0.000000,0.000000,0.000000,0.000000,0.000000
87.600000,2.422030,6.026131,-1,0.000000,0.000000,0.000000,0.000000,0.000000,0.000000
87.700000,2.190810,5.834983,-1,0.000000,0.000000,0.000000,0.000000,0.000000,0.000000
87.800000,1.959591,5.643835,-1,0.000000,0.000000,0.000000,0.000000,0.000000,0.000000
87.900000,1.728371,5.452686,-1,0.000000,0.000000,0.000000,0.000000,0.000000,0.000000
88.000000,1.497152,5.261538,-1,0.000000,0.000000,0.000000,0.000000,0.000000,0.000000
88.100000,1.458192,5.558998,-1,0.000000,0.000000,0.000000,0.000000,0.000000,0.000000
88.200000,1.419232,5.856457,-1,0.000000,0.000000,0.000000,0.000000,0.000000,0.000000
88.300000,1.380272,6.153917,-1,0.000000,0.000000,0.000000,0.000000,0.000000,0.000000
88.400000,1.341312,6.451376,-1,0.000000,0.000000,0.000000,0.000000,0.000000,0.000000
88.500000,1.302353,6.748836,-1,0.000000,0.000000,0.000000,0.000000,0.000000,0.000000
88.600000,1.565864,6.605441,-1,0.000000,0.000000,0.000000,0.000000,0.000000,0.000000
88.700000,1.829374,6.462047,-1,0.000000,0.000000,0.000000,0.000000,0.000000,0.000000
88.800000,2.092885,6.318652,-1,0.000000,0.000000,0.000000,0.000000,0.000000,0.000000
88.900000,2.356396,6.175258,-1,0.000000,0.000000,0.000000,0.000000,0.000000,0.000000
89.000000,2.619907,6.031863,-1,0.000000,0.000000,0.000000,0.000000,0.000000,0.000000
89.100000,2.895786,6.149724,-1,0.000000,0.000000,0.000000,0.000000,0.000000,0.000000
89.200000,3.171664,6.267584,-1,0.000000,0.000000,0.000000,0.000000,0.000000,0.000000
89.300000,3.447543,6.385444,-1,0.000000,0.000000,0.000000,0.000000,0.000000,0.000000
89.400000,3.723421,6.503305,-1,0.000000,0.000000,0.000000,0.000000,0.000000,0.000000
89.500000,3.999300,6.621165,-1,0.000000,0.000000,0.000000,0.000000,0.000000,0.000000
89.600000,4.091118,6.335562,-1,0.000000,0.000000,0.000000,0.000000,0.000000,0.000000
89.700000,4.182936,6.049958,-1,0.000000,0.000000,0.000000,0.000000,0.000000,0.000000
89.800000,4.274754,5.764354,-1,0.000000,0.000000,0.000000,0.000000,0.000000,0.000000
89.900000,4.366572,5.478751,-1,0.000000,0.000000,0.000000,0.000000,0.000000,0.000000
90.000000,4.458390,5.193147,-1,0.000000,0.000000,0.000000,0.000000,0.000000,0.000000
90.100000,4.180477,5.306125,-1,0.000000,0.000000,0.000000,0.000000,0.000000,0.000000
90.200000,3.902563,5.419102,-1,0.000000,0.000000,0.000000,0.000000,0.000000,0.000000
90.300000,3.624649,5.532079,-1,0.000000,0.000000,0.000000,0.000000,0.000000,0.000000
90.400000,3.346735,5.645057,-1,0.000000,0.000000,0.000000,0.000000,0.000000,0.000000
90.500000,3.068821,5.758034,-1,0.000000,0.000000,0.000000,0.000000,0.000000,0.000000
90.600000,3.345843,5.642886,-1,0.000000,0.000000,0.000000,0.000000,0.000000,0.000000
90.700000,3.622864,5.527738,-1,0.000000,0.000000,0.000000,0.000000,0.000000,0.000000
90.800000,3.899886,5.412590,-1,0.000000,0.000000,0.000000,0.000000,0.000000,0.000000
90.900000,4.176907,5.297442,-1,0.000000,0.000000,0.000000,0.000000,0.000000,0.000000
91.000000,4.453929,5.182294,-1,0.000000,0.000000,0.000000,0.000000,0.000000,0.000000
91.100000,4.203808,5.016645,-1,0.000000,0.000000,0.000000,0.000000,0.000000,0.000000
91.200000,3.953687,4.850997,-1,0.000000,0.000000,0.000000,0.000000,0.000000,0.000000
91.300000,3.703566,4.685348,-1,0.000000,0.000000,0.000000,0.000000,0.000000,0.000000
91.400000,3.453445,4.519699,-1,0.000000,0.000000,0.000000,0.000000,0.000000,0.000000
91.500000,3.203324,4.354050,-1,0.000000,0.000000,0.000000,0.000000,0.000000,0.000000
91.600000,3.461274,4.200877,-1,0.000000,0.000000,0.000000,0.000000,0.000000,0.000000
91.700000,3.719224,4.047705,-1,0.000000,0.000000,0.000000,0.000000,0.000000,0.000000
91.800000,3.977174,3.894532,-1,0.000000,0.000000,0.000000,0.000000,0.000000,0.000000
91.900000,4.235123,3.741359,-1,0.000000,0.000000,0.000000,0.000000,0.000000,0.000000
92.000000,4.493073,3.588186,-1,0.000000,0.000000,0.000000,0.000000,0.000000,0.000000
92.100000,4.731526,3.770231,-1,0.000000,0.000000,0.000000,0.000000,0.000000,0.000000
92.200000,4.969978,3.952276,-1,0.000000,0.000000,0.000000,0.000000,0.000000,0.000000
92.300000,5.208431,4.134321,-1,0.000000,0.000000,0.000000,0.000000,0.000000,0.000000
92.400000,5.446883,4.316366,-1,0.000000,0.000000,0.000000,0.000000,0.000000,0.000000
92.500000,5.685336,4.498411,-1,0.000000,0.000000,0.000000,0.000000,0.000000,0.000000
92.600000,5.416433,4.631419,-1,0.000000,0.000000,0.000000,0.000000,0.000000,0.000000
92.700000,5.147530,4.764428,-1,0.000000,0.000000,0.000000,0.000000,0.000000,0.000000
92.800000,4.878627,4.897436,-1,0.000000,0.000000,0.000000,0.000000,0.000000,0.000000
92.900000,4.609724,5.030445,-1,0.000000,0.000000,0.000000,0.000000,0.000000,0.000000
93.000000,4.340822,5.163453,-1,0.000000,0.000000,0.000000,0.000000,0.000000,0.000000
93.100000,4.392556,5.458959,-1,0.000000,0.000000,0.000000,0.000000,0.000000,0.000000
93.200000,4.444290,5.754464,-1,0.000000,0.000000,0.000000,0.000000,0.000000,0.000000
93.300000,4.496024,6.049970,-1,0.000000,0.000000,0.000000,0.000000,0.000000,0.000000
93.400000,4.547759,6.345475,-1,0.000000,0.000000,0.000000,0.000000,0.000000,0.000000
93.500000,4.599493,6.640981,-1,0.000000,0.000000,0.000000,0.000000,0.000000,0.000000
93.600000,4.574709,6.342007,-1,0.000000,0.000000,0.000000,0.000000,0.000000,0.000000
93.700000,4.549925,6.043032,-1,0.000000,0.000000,0.000000,0.000000,0.000000,0.000000
93.800000,4.525141,5.744058,-1,0.000000,0.000000,0.000000,0.000000,0.000000,0.000000
93.900000,4.500357,5.445083,-1,0.000000,0.000000,0.000000,0.000000,0.000000,0.000000
94.000000,4.475573,5.146109,-1,0.000000,0.000000,0.000000,0.000000,0.000000,0.000000
94.100000,4.453738,5.445313,-1,0.000000,0.000000,0.000000,0.000000,0.000000,0.000000
94.200000,4.431903,5.744517,-1,0.000000,0.000000,0.000000,0.000000,0.000000,0.000000
94.300000,4.410067,6.043721,-1,0.000000,0.000000,0.000000,0.000000,0.000000,0.000000
94.400000,4.388232,6.342926,-1,0.000000,0.000000,0.000000,0.000000,0.000000,0.000000
94.500000,4.366397,6.642130,-1,0.000000,0.000000,0.000000,0.000000,0.000000,0.000000
94.600000,4.564230,6.416604,-1,0.000000,0.000000,0.000000,0.000000,0.000000,0.000000
94.700000,4.762063,6.191078,-1,0.000000,0.000000,0.000000,0.000000,0.000000,0.000000
94.800000,4.959896,5.965552,-1,0.000000,0.000000,0.000000,0.000000,0.000000,0.000000
94.900000,5.157729,5.740026,-1,0.000000,0.000000,0.000000,0.000000,0.000000,0.000000
95.000000,5.355563,5.514500,-1,0.000000,0.000000,0.000000,0.000000,0.000000,0.000000
95.100000,5.079097,5.630977,-1,0.000000,0.000000,0.000000,0.000000,0.000000,0.000000
95.200000,4.802632,5.747454,-1,0.000000,0.000000,0.000000,0.000000,0.000000,0.000000
95.300000,4.526167,5.863932,-1,0.000000,0.000000,0.000000,0.000000,0.000000,0.000000
95.400000,4.249702,5.980409,-1,0.000000,0.000000,0.000000,0.000000,0.000000,0.000000
95.500000,3.973236,6.096886,-1,0.000000,0.000000,0.000000,0.000000,0.000000,0.000000
95.600000,3.735327,5.914132,-1,0.000000,0.000000,0.000000,0.000000,0.000000,0.000000
95.700000,3.497417,5.731379,-1,0.000000,0.000000,0.000000,0.000000,0.000000,0.000000
95.800000,3.259507,5.548625,-1,0.000000,0.000000,0.000000,0.000000,0.000000,0.000000
95.900000,3.021598,5.365871,-1,0.000000,0.000000,0.000000,0.000000,0.000000,0.000000
96.000000,2.783688,5.183117,-1,0.000000,0.000000,0.000000,0.000000,0.000000,0.000000
96.100000,2.844413,5.476907,-1,0.000000,0.000000,0.000000,0.000000,0.000000,0.000000
96.200000,2.905139,5.770697,-1,0.000000,0.000000,0.000000,0.000000,0.000000,0.000000
96.300000,2.965864,6.064486,-1,0.000000,0.000000,0.000000,0.000000,0.000000,0.000000
96.400000,3.026590,6.358276,-1,0.000000,0.000000,0.000000,0.000000,0.000000,0.000000
96.500000,3.087315,6.652066,-1,0.000000,0.000000,0.000000,0.000000,0.000000,0.000000
96.600000,2.926899,6.905575,-1,0.000000,0.000000,0.000000,0.000000,0.000000,0.000000
96.700000,2.766484,7.159084,2,0.000000,0.000000,17.816456,0.000000,0.000000,0.000000
96.800000,2.606068,7.412593,2,0.000000,0.000000,20.935259,0.000000,0.000000,0.000000
96.900000,2.445652,7.666102,2,0.000000,0.000000,22.892813,0.000000,0.000000,0.000000
97.000000,2.285237,7.919611,2,0.000000,0.000000,23.416143,0.000000,0.000000,0.000000
97.100000,2.018677,8.057255,2,0.000000,0.000000,21.900401,0.000000,0.000000,0.000000
97.200000,1.752117,8.194899,2,0.000000,0.000000,19.111296,0.000000,0.000000,0.000000
97.300000,1.485557,8.332543,-1,0.000000,0.000000,0.000000,0.000000,0.000000,0.000000
97.400000,1.218998,8.470187,-1,0.000000,0.000000,0.000000,0.000000,0.000000,0.000000
97.500000,0.952438,8.607831,-1,0.000000,0.000000,0.000000,0.000000,0.000000,0.000000
97.600000,1.252033,8.592255,-1,0.000000,0.000000,0.000000,0.000000,0.000000,0.000000
97.700000,1.551628,8.576678,-1,0.000000,0.000000,0.000000,0.000000,0.000000,0.000000
97.800000,1.851224,8.561102,2,0.000000,0.000000,18.114792,0.000000,0.000000,0.000000
97.900000,2.150819,8.545526,2,0.000000,0.000000,20.445198,0.000000,0.000000,0.000000
98.000000,2.450415,8.529950,2,0.000000,0.000000,21.511826,0.000000,0.000000,0.000000
98.100000,2.671511,8.732722,2,0.000000,0.000000,19.339503,0.000000,0.000000,0.000000
98.200000,2.892607,8.935493,-1,0.000000,0.000000,0.000000,0.000000,0.000000,0.000000
98.300000,3.113704,9.138265,-1,0.000000,0.000000,0.000000,0.000000,0.000000,0.000000
98.400000,3.334800,9.341037,-1,0.000000,0.000000,0.000000,0.000000,0.000000,0.000000
98.500000,3.555896,9.543809,-1,0.000000,0.000000,0.000000,0.000000,0.000000,0.000000
98.600000,3.471820,9.831787,-1,0.000000,0.000000,0.000000,0.000000,0.000000,0.000000
98.700000,3.387744,10.119765,-1,0.000000,0.000000,0.000000,0.000000,0.000000,0.000000
98.800000,3.303669,10.407742,-1,0.000000,0.000000,0.000000,0.000000,0.000000,0.000000
98.900000,3.219593,10.695720,-1,0.000000,0.000000,0.000000,0.000000,0.000000,0.000000
99.000000,3.135517,10.983698,-1,0.000000,0.000000,0.000000,0.000000,0.000000,0.000000
99.100000,3.405218,10.852317,-1,0.000000,0.000000,0.000000,0.000000,0.000000,0.000000
99.200000,3.674920,10.720935,-1,0.000000,0.000000,0.000000,0.000000,0.000000,0.000000
99.300000,3.944621,10.589553,-1,0.000000,0.000000,0.000000,0.000000,0.000000,0.000000
99.400000,4.214323,10.458172,-1,0.000000,0.000000,0.000000,0.000000,0.000000,0.000000
99.500000,4.484024,10.326790,-1,0.000000,0.000000,0.000000,0.000000,0.000000,0.000000
99.600000,4.348267,10.594316,-1,0.000000,0.000000,0.000000,0.000000,0.000000,0.000000
99.700000,4.212509,10.861841,-1,0.000000,0.000000,0.000000,0.000000,0.000000,0.000000
99.800000,4.076752,11.129367,-1,0.000000,0.000000,0.000000,0.000000,0.000000,0.000000
99.900000,3.940994,11.396892,-1,0.000000,0.000000,0.000000,0.000000,0.000000,0.000000
100.000000,3.805237,11.664418,-1,0.000000,0.000000,0.000000,0.000000,0.000000,0.000000
100.100000,3.608155,11.438235,-1,0.000000,0.000000,0.000000,0.000000,0.000000,0.000000
100.200000,3.411073,11.212053,-1,0.000000,0.000000,0.000000,0.000000,0.000000,0.000000
100.300000,3.213990,10.985870,-1,0.000000,0.000000,0.000000,0.000000,0.000000,0.000000
100.400000,3.016908,10.759687,-1,0.000000,0.000000,0.000000,0.000000,0.000000,0.000000
100.500000,2.819826,10.533505,-1,0.000000,0.000000,0.000000,0.000000,0.000000,0.000000
100.600000,2.915699,10.249236,-1,0.000000,0.000000,0.000000,0.000000,0.000000,0.000000
100.700000,3.011572,9.964968,-1,0.000000,0.000000,0.000000,0.000000,0.000000,0.000000
100.800000,3.107445,9.680700,-1,0.000000,0.000000,0.000000,0.000000,0.000000,0.000000
100.900000,3.203317,9.396432,-1,0.000000,0.000000,0.000000,0.000000,0.000000,0.000000
101.000000,3.299190,9.112164,-1,0.000000,0.000000,0.000000,0.000000,0.000000,0.000000
101.100000,3.036212,8.967794,-1,0.000000,0.000000,0.000000,0.000000,0.000000,0.000000
101.200000,2.773234,8.823424,2,0.000000,0.000000,17.995254,0.000000,0.000000,0.000000
101.300000,2.510257,8.679054,2,0.000000,0.000000,20.126653,0.000000,0.000000,0.000000
101.400000,2.247279,8.534684,2,0.000000,0.000000,20.986458,0.000000,0.000000,0.000000
101.500000,1.984301,8.390314,2,0.000000,0.000000,20.454688,0.000000,0.000000,0.000000
101.600000,1.803104,8.151217,2,0.000000,0.000000,19.769510,0.000000,0.000000,0.000000
101.700000,1.621907,7.912119,2,0.000000,0.000000,17.812140,0.000000,0.000000,0.000000
101.800000,1.440710,7.673022,-1,0.000000,0.000000,0.000000,0.000000,0.000000,0.000000
101.900000,1.259513,7.433924,-1,0.000000,0.000000,0.000000,0.000000,0.000000,0.000000
102.000000,1.078316,7.194826,-1,0.000000,0.000000,0.000000,0.000000,0.000000,0.000000
102.100000,0.817155,7.047196,-1,0.000000,0.000000,0.000000,0.000000,0.000000,0.000000
102.200000,0.555993,6.899565,-1,0.000000,0.000000,0.000000,0.000000,0.000000,0.000000
102.300000,0.294832,6.751935,-1,0.000000,0.000000,0.000000,0.000000,0.000000,0.000000
102.400000,0.033671,6.604304,-1,0.000000,0.000000,0.000000,0.000000,0.000000,0.000000
102.500000,0.227490,6.456674,-1,0.000000,0.000000,0.000000,0.000000,0.000000,0.000000
102.600000,0.277062,6.752550,-1,0.000000,0.000000,0.000000,0.000000,0.000000,0.000000
102.700000,0.326633,7.048426,-1,0.000000,0.000000,0.000000,0.000000,0.000000,0.000000
102.800000,0.376205,7.344302,-1,0.000000,0.000000,0.000000,0.000000,0.000000,0.000000
102.900000,0.425776,7.640178,-1,0.000000,0.000000,0.000000,0.000000,0.000000,0.000000
103.000000,0.475348,7.936054,-1,0.000000,0.000000,0.000000,0.000000,0.000000,0.000000
103.100000,0.655223,7.695961,-1,0.000000,0.000000,0.000000,0.000000,0.000000,0.000000
103.200000,0.835098,7.455867,-1,0.000000,0.000000,0.000000,0.000000,0.000000,0.000000
103.300000,1.014973,7.215774,-1,0.000000,0.000000,0.000000,0.000000,0.000000,0.000000
103.400000,1.194849,6.975680,-1,0.000000,0.000000,0.000000,0.000000,0.000000,0.000000
103.500000,1.374724,6.735587,-1,0.000000,0.000000,0.000000,0.000000,0.000000,0.000000
103.600000,1.616712,6.912905,-1,0.000000,0.000000,0.000000,0.000000,0.000000,0.000000
103.700000,1.858700,7.090223,-1,0.000000,0.000000,0.000000,0.000000,0.000000,0.000000
103.800000,2.100689,7.267541,2,0.000000,0.000000,18.397698,0.000000,0.000000,0.000000
103.900000,2.342677,7.444859,2,0.000000,0.000000,21.118541,0.000000,0.000000,0.000000
104.000000,2.584665,7.622177,2,0.000000,0.000000,22.597000,0.000000,0.000000,0.000000
104.100000,2.438908,7.884389,2,0.000000,0.000000,23.720841,0.000000,0.000000,0.000000
104.200000,2.293152,8.146601,2,0.000000,0.000000,23.316472,0.000000,0.000000,0.000000
104.300000,2.147395,8.408812,2,0.000000,0.000000,21.446841,0.000000,0.000000,0.000000
104.400000,2.001638,8.671024,2,0.000000,0.000000,18.378474,0.000000,0.000000,0.000000
104.500000,1.855882,8.933236,-1,0.000000,0.000000,0.000000,0.000000,0.000000,0.000000
104.600000,1.749060,9.213573,-1,0.000000,0.000000,0.000000,0.000000,0.000000,0.000000
104.700000,1.642238,9.493911,-1,0.000000,0.000000,0.000000,0.000000,0.000000,0.000000
104.800000,1.535416,9.774248,-1,0.000000,0.000000,0.000000,0.000000,0.000000,0.000000
104.900000,1.428594,10.054585,-1,0.000000,0.000000,0.000000,0.000000,0.000000,0.000000
105.000000,1.321772,10.334923,-1,0.000000,0.000000,0.000000,0.000000,0.000000,0.000000
105.100000,1.326101,10.634892,-1,0.000000,0.000000,0.000000,0.000000,0.000000,0.000000
105.200000,1.330431,10.934860,-1,0.000000,0.000000,0.000000,0.000000,0.000000,0.000000
105.300000,1.334761,11.234829,-1,0.000000,0.000000,0.000000,0.000000,0.000000,0.000000
105.400000,1.339090,11.534798,-1,0.000000,0.000000,0.000000,0.000000,0.000000,0.000000
105.500000,1.343420,11.834767,-1,0.000000,0.000000,0.000000,0.000000,0.000000,0.000000
105.600000,1.059088,11.930450,-1,0.000000,0.000000,0.000000,0.000000,0.000000,0.000000
105.700000,0.774756,12.026133,-1,0.000000,0.000000,0.000000,0.000000,0.000000,0.000000
105.800000,0.490424,12.121816,-1,0.000000,0.000000,0.000000,0.000000,0.000000,0.000000
105.900000,0.206092,12.217499,-1,0.000000,0.000000,0.000000,0.000000,0.000000,0.000000
106.000000,0.078240,12.313183,-1,0.000000,0.000000,0.000000,0.000000,0.000000,0.000000
106.100000,0.236366,12.058239,-1,0.000000,0.000000,0.000000,0.000000,0.000000,0.000000
106.200000,0.394492,11.803296,-1,0.000000,0.000000,0.000000,0.000000,0.000000,0.000000
106.300000,0.552618,11.548352,-1,0.000000,0.000000,0.000000,0.000000,0.000000,0.000000
106.400000,0.710744,11.293409,-1,0.000000,0.000000,0.000000,0.000000,0.000000,0.000000
106.500000,0.868870,11.038466,-1,0.000000,0.000000,0.000000,0.000000,0.000000,0.000000
106.600000,1.136281,11.174449,-1,0.000000,0.000000,0.000000,0.000000,0.000000,0.000000
106.700000,1.403692,11.310432,-1,0.000000,0.000000,0.000000,0.000000,0.000000,0.000000
106.800000,1.671103,11.446416,-1,0.000000,0.000000,0.000000,0.000000,0.000000,0.000000
106.900000,1.938513,11.582399,-1,0.000000,0.000000,0.000000,0.000000,0.000000,0.000000
107.000000,2.205924,11.718383,-1,0.000000,0.000000,0.000000,0.000000,0.000000,0.000000
107.100000,1.909946,11.767344,-1,0.000000,0.000000,0.000000,0.000000,0.000000,0.000000
107.200000,1.613969,11.816306,-1,0.000000,0.000000,0.000000,0.000000,0.000000,0.000000
107.300000,1.317991,11.865267,-1,0.000000,0.000000,0.000000,0.000000,0.000000,0.000000
107.400000,1.022014,11.914229,-1,0.000000,0.000000,0.000000,0.000000,0.000000,0.000000
107.500000,0.726036,11.963190,-1,0.000000,0.000000,0.000000,0.000000,0.000000,0.000000
107.600000,0.598570,12.234764,-1,0.000000,0.000000,0.000000,0.000000,0.000000,0.000000
107.700000,0.471104,12.506338,-1,0.000000,0.000000,0.000000,0.000000,0.000000,0.000000
107.800000,0.343638,12.777912,-1,0.000000,0.000000,0.000000,0.000000,0.000000,0.000000
107.900000,0.216172,13.049486,-1,0.000000,0.000000,0.000000,0.000000,0.000000,0.000000
108.000000,0.088705,13.321060,-1,0.000000,0.000000,0.000000,0.000000,0.000000,0.000000
108.100000,0.252903,13.069984,-1,0.000000,0.000000,0.000000,0.000000,0.000000,0.000000
108.200000,0.417100,12.818908,-1,0.000000,0.000000,0.000000,0.000000,0.000000,0.000000
108.300000,0.581298,12.567832,-1,0.000000,0.000000,0.000000,0.000000,0.000000,0.000000
108.400000,0.745495,12.316756,-1,0.000000,0.000000,0.000000,0.000000,0.000000,0.000000
108.500000,0.909693,12.065680,-1,0.000000,0.000000,0.000000,0.000000,0.000000,0.000000
108.600000,0.618889,12.139392,-1,0.000000,0.000000,0.000000,0.000000,0.000000,0.000000
108.700000,0.328086,12.213105,-1,0.000000,0.000000,0.000000,0.000000,0.000000,0.000000
108.800000,0.037283,12.286817,-1,0.000000,0.000000,0.000000,0.000000,0.000000,0.000000
108.900000,0.253520,12.360530,-1,0.000000,0.000000,0.000000,0.000000,0.000000,0.000000
109.000000,0.544323,12.434242,-1,0.000000,0.000000,0.000000,0.000000,0.000000,0.000000
109.100000,0.802304,12.587362,-1,0.000000,0.000000,0.000000,0.000000,0.000000,0.000000
109.200000,1.060285,12.740483,-1,0.000000,0.000000,0.000000,0.000000,0.000000,0.000000
109.300000,1.318266,12.893603,-1,0.000000,0.000000,0.000000,0.000000,0.000000,0.000000
109.400000,1.576247,13.046723,4,0.000000,0.000000,0.000000,0.000000,16.736618,0.000000
109.500000,1.834228,13.199844,4,0.000000,0.000000,0.000000,0.000000,20.127774,0.000000
109.600000,2.089012,13.358227,4,0.000000,0.000000,0.000000,0.000000,22.434791,0.000000
109.700000,2.343796,13.516610,4,0.000000,0.000000,0.000000,0.000000,23.370030,0.000000
109.800000,2.598580,13.674992,4,0.000000,0.000000,0.000000,0.000000,22.792345,0.000000
109.900000,2.853364,13.833375,4,0.000000,0.000000,0.000000,0.000000,20.790128,0.000000
110.000000,3.108148,13.991758,4,0.000000,0.000000,0.000000,0.000000,17.640569,0.000000
110.100000,2.940024,13.743294,4,0.000000,0.000000,0.000000,0.000000,20.893138,0.000000
110.200000,2.771901,13.494830,4,0.000000,0.000000,0.000000,0.000000,23.014035,0.000000
110.300000,2.603777,13.246365,4,0.000000,0.000000,0.000000,0.000000,23.710181,0.000000
110.400000,2.435654,12.997901,4,0.000000,0.000000,0.000000,0.000000,22.874264,0.000000
110.500000,2.267530,12.749437,4,0.000000,0.000000,0.000000,0.000000,20.634453,0.000000
110.600000,2.553268,12.658037,4,0.000000,0.000000,0.000000,0.000000,20.144562,0.000000
110.700000,2.839006,12.566637,4,0.000000,0.000000,0.000000,0.000000,18.349140,0.000000
110.800000,3.124743,12.475237,-1,0.000000,0.000000,0.000000,0.000000,0.000000,0.000000
110.900000,3.410481,12.383836,-1,0.000000,0.000000,0.000000,0.000000,0.000000,0.000000
111.000000,3.696219,12.292436,-1,0.000000,0.000000,0.000000,0.000000,0.000000,0.000000
111.100000,3.556334,12.557827,-1,0.000000,0.000000,0.000000,0.000000,0.000000,0.000000
111.200000,3.416449,12.823218,-1,0.000000,0.000000,0.000000,0.000000,0.000000,0.000000
111.300000,3.276564,13.088608,4,0.000000,0.000000,0.000000,0.000000,18.634475,0.000000
111.400000,3.136679,13.353999,4,0.000000,0.000000,0.000000,0.000000,20.550962,0.000000
111.500000,2.996794,13.619389,4,0.000000,0.000000,0.000000,0.000000,21.152403,0.000000
111.600000,2.987841,13.319523,4,0.000000,0.000000,0.000000,0.000000,21.874282,0.000000
111.700000,2.978888,13.019657,4,0.000000,0.000000,0.000000,0.000000,21.159532,0.000000
111.800000,2.969936,12.719790,4,0.000000,0.000000,0.000000,0.000000,19.111586,0.000000
111.900000,2.960983,12.419924,-1,0.000000,0.000000,0.000000,0.000000,0.000000,0.000000
112.000000,2.952031,12.120057,-1,0.000000,0.000000,0.000000,0.000000,0.000000,0.000000
112.100000,3.082706,12.390102,-1,0.000000,0.000000,0.000000,0.000000,0.000000,0.000000
112.200000,3.213380,12.660147,-1,0.000000,0.000000,0.000000,0.000000,0.000000,0.000000
112.300000,3.344055,12.930191,4,0.000000,0.000000,0.000000,0.000000,17.147103,0.000000
112.400000,3.474730,13.200236,-1,0.000000,0.000000,0.000000,0.000000,0.000000,0.000000
112.500000,3.605405,13.470281,-1,0.000000,0.000000,0.000000,0.000000,0.000000,0.000000
112.600000,3.425918,13.710665,-1,0.000000,0.000000,0.000000,0.000000,0.000000,0.000000
112.700000,3.246432,13.951049,4,0.000000,0.000000,0.000000,0.000000,16.714617,0.000000
112.800000,3.066945,14.191433,-1,0.000000,0.000000,0.000000,0.000000,0.000000,0.000000
112.900000,2.887459,14.431818,-1,0.000000,0.000000,0.000000,0.000000,0.000000,0.000000
113.000000,2.707972,14.672202,-1,0.000000,0.000000,0.000000,0.000000,0.000000,0.000000
113.100000,3.001340,14.734937,-1,0.000000,0.000000,0.000000,0.000000,0.000000,0.000000
113.200000,3.294707,14.797672,-1,0.000000,0.000000,0.000000,0.000000,0.000000,0.000000
113.300000,3.588074,14.860407,-1,0.000000,0.000000,0.000000,0.000000,0.000000,0.000000
113.400000,3.881441,14.923142,-1,0.000000,0.000000,0.000000,0.000000,0.000000,0.000000
113.500000,4.174809,14.985876,-1,0.000000,0.000000,0.000000,0.000000,0.000000,0.000000
113.600000,3.948968,14.788402,-1,0.000000,0.000000,0.000000,0.000000,0.000000,0.000000
113.700000,3.723128,14.590928,-1,0.000000,0.000000,0.000000,0.000000,0.000000,0.000000
113.800000,3.497287,14.393454,-1,0.000000,0.000000,0.000000,0.000000,0.000000,0.000000
113.900000,3.271447,14.195980,-1,0.000000,0.000000,0.000000,0.000000,0.000000,0.000000
114.000000,3.045606,13.998505,4,0.000000,0.000000,0.000000,0.000000,18.083735,0.000000
114.100000,3.329155,13.900525,-1,0.000000,0.000000,0.000000,0.000000,0.000000,0.000000
114.200000,3.612704,13.802545,-1,0.000000,0.000000,0.000000,0.000000,0.000000,0.000000
114.300000,3.896253,13.704565,-1,0.000000,0.000000,0.000000,0.000000,0.000000,0.000000
114.400000,4.179801,13.606585,-1,0.000000,0.000000,0.000000,0.000000,0.000000,0.000000
114.500000,4.463350,13.508605,-1,0.000000,0.000000,0.000000,0.000000,0.000000,0.000000
114.600000,4.425320,13.806185,-1,0.000000,0.000000,0.000000,0.000000,0.000000,0.000000
114.700000,4.387290,14.103765,-1,0.000000,0.000000,0.000000,0.000000,0.000000,0.000000
114.800000,4.349260,14.401344,-1,0.000000,0.000000,0.000000,0.000000,0.000000,0.000000
114.900000,4.311231,14.698924,-1,0.000000,0.000000,0.000000,0.000000,0.000000,0.000000
115.000000,4.273201,14.996504,-1,0.000000,0.000000,0.000000,0.000000,0.000000,0.000000
115.100000,4.493524,15.200116,-1,0.000000,0.000000,0.000000,0.000000,0.000000,0.000000
115.200000,4.713847,15.403727,-1,0.000000,0.000000,0.000000,0.000000,0.000000,0.000000
115.300000,4.934170,15.607339,-1,0.000000,0.000000,0.000000,0.000000,0.000000,0.000000
115.400000,5.154493,15.810951,-1,0.000000,0.000000,0.000000,0.000000,0.000000,0.000000
115.500000,5.374817,15.985438,-1,0.000000,0.000000,0.000000,0.000000,0.000000,0.000000
115.600000,5.126417,15.817218,-1,0.000000,0.000000,0.000000,0.000000,0.000000,0.000000
115.700000,4.878018,15.648998,-1,0.000000,0.000000,0.000000,0.000000,0.000000,0.000000
115.800000,4.629619,15.480779,-1,0.000000,0.000000,0.000000,0.000000,0.000000,0.000000
115.900000,4.381220,15.312559,-1,0.000000,0.000000,0.000000,0.000000,0.000000,0.000000
116.000000,4.132821,15.144339,-1,0.000000,0.000000,0.000000,0.000000,0.000000,0.000000
116.100000,4.146858,15.444011,-1,0.000000,0.000000,0.000000,0.000000,0.000000,0.000000
116.200000,4.160895,15.743682,-1,0.000000,0.000000,0.000000,0.000000,0.000000,0.000000
116.300000,4.174932,15.956646,-1,0.000000,0.000000,0.000000,0.000000,0.000000,0.000000
116.400000,4.188969,15.656975,-1,0.000000,0.000000,0.000000,0.000000,0.000000,0.000000
116.500000,4.203006,15.357303,-1,0.000000,0.000000,0.000000,0.000000,0.000000,0.000000
116.600000,3.906505,15.311618,-1,0.000000,0.000000,0.000000,0.000000,0.000000,0.000000
116.700000,3.610004,15.265932,-1,0.000000,0.000000,0.000000,0.000000,0.000000,0.000000
116.800000,3.313503,15.220246,-1,0.000000,0.000000,0.000000,0.000000,0.000000,0.000000
116.900000,3.017002,15.174560,-1,0.000000,0.000000,0.000000,0.000000,0.000000,0.000000
117.000000,2.720501,15.128874,-1,0.000000,0.000000,0.000000,0.000000,0.000000,0.000000
117.100000,2.421976,15.099159,-1,0.000000,0.000000,0.000000,0.000000,0.000000,0.000000
117.200000,2.123452,15.069443,-1,0.000000,0.000000,0.000000,0.000000,0.000000,0.000000
117.300000,1.824927,15.039727,-1,0.000000,0.000000,0.000000,0.000000,0.000000,0.000000
117.400000,1.526402,15.010012,-1,0.000000,0.000000,0.000000,0.000000,0.000000,0.000000
117.500000,1.227878,14.980296,-1,0.000000,0.000000,0.000000,0.000000,0.000000,0.000000
117.600000,0.939531,15.063098,-1,0.000000,0.000000,0.000000,0.000000,0.000000,0.000000
117.700000,0.651184,15.145900,-1,0.000000,0.000000,0.000000,0.000000,0.000000,0.000000
117.800000,0.362838,15.228703,-1,0.000000,0.000000,0.000000,0.000000,0.000000,0.000000
117.900000,0.074491,15.311505,-1,0.000000,0.000000,0.000000,0.000000,0.000000,0.000000
118.000000,0.213856,15.394307,-1,0.000000,0.000000,0.000000,0.000000,0.000000,0.000000
118.100000,0.032191,15.222665,-1,0.000000,0.000000,0.000000,0.000000,0.000000,0.000000
118.200000,0.278239,15.051024,-1,0.000000,0.000000,0.000000,0.000000,0.000000,0.000000
118.300000,0.524286,14.879382,-1,0.000000,0.000000,0.000000,0.000000,0.000000,0.000000
118.400000,0.770333,14.707741,-1,0.000000,0.000000,0.000000,0.000000,0.000000,0.000000
118.500000,1.016380,14.536099,-1,0.000000,0.000000,0.000000,0.000000,0.000000,0.000000
118.600000,1.304414,14.452216,-1,0.000000,0.000000,0.000000,0.000000,0.000000,0.000000
118.700000,1.592448,14.368332,-1,0.000000,0.000000,0.000000,0.000000,0.000000,0.000000
118.800000,1.880482,14.284448,-1,0.000000,0.000000,0.000000,0.000000,0.000000,0.000000
118.900000,2.168516,14.200564,4,0.000000,0.000000,0.000000,0.000000,17.235944,0.000000
119.000000,2.456549,14.116681,4,0.000000,0.000000,0.000000,0.000000,18.978201,0.000000
119.100000,2.202569,14.276349,-1,0.000000,0.000000,0.000000,0.000000,0.000000,0.000000
119.200000,1.948588,14.436017,-1,0.000000,0.000000,0.000000,0.000000,0.000000,0.000000
119.300000,1.694608,14.595685,-1,0.000000,0.000000,0.000000,0.000000,0.000000,0.000000
119.400000,1.440627,14.755353,-1,0.000000,0.000000,0.000000,0.000000,0.000000,0.000000
119.500000,1.186647,14.915021,-1,0.000000,0.000000,0.000000,0.000000,0.000000,0.000000
119.600000,1.245182,15.209255,-1,0.000000,0.000000,0.000000,0.000000,0.000000,0.000000
119.700000,1.303717,15.503489,-1,0.000000,0.000000,0.000000,0.000000,0.000000,0.000000
119.800000,1.362252,15.797723,-1,0.000000,0.000000,0.000000,0.000000,0.000000,0.000000
119.900000,1.420788,15.908043,-1,0.000000,0.000000,0.000000,0.000000,0.000000,0.000000
